seed,L1-1 cover_total_m,L1-2 corr_length_km,L1-3 relief_m,L2-1 intensity_per_1e4km2,L2-3 basalt_multiplier,L5-2 rho_quartzite,L5-2 rho_shale,L5-2 rho_limestone,L5-2 rho_pandurra,L5-2 k_cover,L5-2 res_cover,C3-1 p_reduced,C3-2 belt_length_km,C4-1 reach_km,C4-2 body_intensity_per_1e4km2,L5-4 basement_sd,L5-4 basement_logk_sd,n_basalt,basalt_frac,n_iron,reduced_frac,zone_km2,n_ore,Mt_total,Mt_max,ore_depth_median,basement_sd_realized,g_n_per_1e4km2,g_amp_median,g_amp_p90,g_width_median_km,g_residual_sd,m_n_per_1e4km2,m_amp_median,m_amp_p90,m_width_median_km,m_residual_sd
1000,502.4850082912719,26.428185010195232,70.64126959833808,3.6259835403574305,9.988903435540895,2.6805372220905923,2.2241863316030694,2.2949287060407704,2.368559665636132,46.77320890213518,6.936629362653407,0.2936028277846875,33.54374112695496,2.9643661788941564,52.18725698268268,0.08029223711802433,0.9344196198507656,3,0.007808340727595386,4,0.29364093463472346,3082.0,16,18.843897241726726,2.446048754087562,262.8980110848061,0.08150900703774625,1.9813750743015652,19.646117062848667,31.27202490810298,55.50891548444353,12.21803806807906,12.60239445494644,1222.8438080004992,3292.9325835880054,8.3958843160681,781.2640263419463
1001,534.4082249994829,10.255908937059518,28.15343653228945,8.863120516329,2.295376782552842,2.6131928388017993,2.592058489799478,2.5825766055904698,2.4373488976950743,30.947173077102423,4.29781982224413,0.1992187754604995,54.87934751704329,3.1463152294249195,195.98782758683674,0.0836563337209727,0.5888759329924502,15,0.046081041112097015,9,0.1992309967465247,2639.0,43,84.07674954053334,10.799117371772152,284.13417389885063,0.0801271446629973,3.9627501486031305,16.84861921598961,33.38651357804678,22.009185928686794,12.328357660763489,12.60239445494644,186.93136284600106,3332.443967882992,6.231468273342625,579.0967529862103
1002,453.28740581909057,17.76906732679669,112.14184756022867,5.115935352839292,6.731230175592124,2.6928851452998264,2.2739566008533574,2.3829768697362606,2.3663845823311385,19.190070068108398,1.2479939941686924,0.24091382902081104,82.72076224549325,4.133137278138835,57.77361660393593,0.07725575181483041,0.5662554530093331,2,0.01230405205560485,5,0.2409346347234546,2767.0,21,26.253446208035022,6.246760564932544,240.8259389663491,0.07524752727418133,4.623208506703652,5.634029183415056,29.849454994180388,7.817640190446719,11.3608455680238,20.793950850661624,149.34227276764733,1409.770258110327,5.863230142835039,594.1622932258597
1003,385.7150788940217,15.115748635330883,74.2018990783277,7.286332459873482,13.785918648493306,2.6217034735465674,2.17035015469755,2.553598747813632,2.5255512691959296,24.52029656403858,2.2094375690458445,0.3628077756289142,32.01761931751109,1.0715166569682368,235.05749327851558,0.0372086298824117,0.8857577851995626,11,0.030227743271221533,2,0.36279207335107955,1648.0,39,88.20152028943862,8.431221261717585,180.19953491004284,0.03760408721751488,4.623208506703652,6.581012850086873,16.966600437722647,15.347615963921077,6.4317427745940545,8.191556395715185,406.15440066851284,4152.371117350468,6.383076486422923,968.9465260808528
1004,320.30815845925025,12.330249461962088,20.7716047947887,5.0452370955779,11.55145468258579,2.6641750237551616,2.207354323114944,2.220252898972055,2.4225123113527016,92.31662766297741,218.13628293449983,0.2682019086068407,69.40139948220697,2.8234195414852903,227.4059177175693,0.07643933411743564,0.594328991658235,9,0.045666962437148774,2,0.2682046731736173,2132.0,42,62.677788293958145,8.767182152786571,165.63530686135852,0.07063812921106956,1.9813750743015652,18.747626547131503,24.98219731032387,51.064611891383386,10.733167528421584,15.122873345935728,358.8393480842284,3052.23934118422,6.176948903932384,599.1623723999431
1005,348.7767105737628,44.71311789977599,43.09260425516557,7.108464388963989,15.19147631724947,2.694459202800036,2.1852937596144937,2.5338943527222897,2.352404835943803,27.993856735469905,726.8983127055619,0.15166348735903276,67.53288301505285,2.743620086523731,109.21254568020345,0.06580602033489466,0.5516210203913601,12,0.040875480627033424,1,0.15167110322389826,1210.0,9,12.061303104831305,4.511376071443671,151.09634029605195,0.06523951557163597,1.9813750743015652,25.217329381066552,32.60136781509312,52.01570947860099,11.61891398586305,13.232514177693762,373.5905440679633,2793.774313450479,8.884866446580956,463.59109247722216
1006,437.92250175048855,26.301528051002208,44.67469491137633,3.900579557564585,14.596087554817569,2.686291143099387,2.485932752873002,2.241509676643214,2.499502755879019,62.364703481270915,1.147872961862391,0.4465090944011111,41.95475532179962,3.191437889847964,113.47036660518654,0.059225504213975995,0.7960342919367414,7,0.006388642413487134,2,0.44649511978704526,4694.0,67,128.3959670197269,11.22172449404463,204.1136893032137,0.05945214569629545,5.283666864804174,4.569643653722155,12.882372730721826,9.41655871677369,7.469268809482475,13.862633900441084,842.7504337347402,3773.854541220624,9.330962215595044,837.2782940794466
1007,344.92872811131,37.1831163362743,96.4392769377986,3.5727619586211876,11.009919489783389,2.681644353901304,2.342438004222668,2.6044872785229507,2.4629636300708846,93.88424276124962,314.7699846555175,0.39780249224653946,53.477089278023335,1.0289494571395903,55.31864007501145,0.05256620771570977,0.9114044012842477,2,0.0027210884353741495,3,0.39781129843241647,1139.0,8,9.81988345133095,4.69087349263464,148.70858420143585,0.05099976980142262,3.3022917905026086,5.202384767277634,20.61046845341236,11.562445770562215,9.39014185905321,10.712035286704474,1103.6536674709146,3745.8058489650816,14.317526556719258,881.9083510407227
1008,378.53846216911654,37.008210414487685,32.614924382136266,9.870155636390885,17.714200660434525,2.6188970406500296,2.1998439678000814,2.4097585077735526,2.3477067024109446,28.288718792059477,451.9117905403451,0.47182441071151426,47.75944407034839,9.714844383001445,180.058305958638,0.09214066051836307,0.6899774408094463,26,0.0756580893226856,5,0.47181307305530906,7429.0,122,216.8713826064844,8.888164335236446,178.8207860353993,0.08627455971934873,3.3022917905026086,12.575385704356169,23.558219339949787,19.738573927438622,10.288592204586283,14.492753623188406,345.03391100407805,2157.746568392393,8.214724333230155,675.3189034724447
1009,339.77516171870377,16.924045713522183,7.477719310979736,4.250611347410606,15.039379832116124,2.693196196568441,2.128542523958244,2.5779927641296436,2.419915772556457,18.979604687716943,78.42177276415832,0.3103207511053376,88.0739125039334,2.7414801221840586,91.27281849533603,0.08803368597916546,0.9383651115237444,4,0.013842058562555456,3,0.3103223898254954,2053.0,19,24.766489790608947,5.566493655434509,164.72676117538288,0.08479033391798473,1.3209167162010436,28.093632337135304,35.908050909472095,55.522898822319874,14.472946182048494,11.342155009451794,1123.0205534672891,4292.945462166477,6.721593580028619,1033.1366833418188
1010,353.2472990365503,23.68711313188477,137.6515099670191,9.851726791110424,15.429932165476808,2.6261140463200463,2.5367665695504016,2.2200731296267544,2.355017047262357,49.333137958557046,349.56696001183644,0.2729421574374582,143.3856808475477,2.4209366299873167,123.60162409878636,0.08649367485184811,0.9673300299896725,11,0.04483880508725229,6,0.27293700088731143,1470.0,14,17.957495403930277,6.00657253006966,144.30469750462288,0.08767306189698978,1.9813750743015652,32.24088429691834,38.02005051747771,54.71184670318091,15.485136362837382,8.821676118462507,1244.8294905401162,3093.537956252515,10.241044645458341,778.9643077611398
1011,419.4436941226528,24.75974993003876,31.890020198098462,2.656311846573338,2.747741614627537,2.603098163644091,2.284367399274256,2.4446377100330374,2.4779675438870212,10.051397378191503,346.5696645450306,0.2478876248082063,39.144819213077334,2.554870475680137,108.31575609237287,0.04422216206664295,0.8365575126888001,5,0.011416740609287193,1,0.2479148181011535,2363.0,19,39.71806212447193,7.8805514362025395,236.88418097638527,0.046216375246546725,0.6604583581005218,16.868063937910016,16.868063937910016,93.56025796273889,8.228503557491518,10.712035286704474,479.63462980938,2322.7216339098736,8.214724333230155,742.857847190707
1012,427.21216914472365,35.127611127764546,35.76546293305135,8.88320542773631,9.39334902866506,2.673260565391815,2.203353768400026,2.364389056554494,2.427510590579583,78.19699898161096,28.974003833344433,0.4639627929973601,46.223660063607795,2.5970784472915978,78.85771780176069,0.04343047916354214,0.6687046298034537,10,0.024253179532682637,10,0.4639455782312925,3157.0,21,25.369745877130192,3.3199988224185586,206.71245192362053,0.04427463963310906,2.641833432402087,8.363422728933518,19.209914988664018,30.788006997955662,6.316840956386082,10.712035286704474,253.81046125368243,3606.2072468701226,5.641895835477563,761.0434268415208
1013,598.0725203571658,11.355448228078748,100.89893869451538,5.58054805906645,13.105929393539064,2.6495967944806793,2.1414971257208824,2.695574020149606,2.3709324220995645,64.04046242031225,338.6797072559725,0.1617188203963501,71.12235646313754,1.2736144373667324,62.197926828555424,0.0922222292937564,0.7566742178953356,9,0.0259094942324756,3,0.16172729961549837,701.0,3,2.567269388821066,1.9333138938536132,366.04793656767566,0.09208094226025094,1.9813750743015652,31.328877981770987,34.18897355775886,50.525689378711114,15.290546367553501,8.191556395715185,373.4218742462143,3074.956639111089,9.440697438826296,742.8434480415387
1014,472.43340056797996,25.667782045115686,134.694721047756,9.940645123337525,9.693693308845226,2.6758358060432923,2.332527467011725,2.3692812217642243,2.4282635003140265,39.711602728954865,3.5610222950919974,0.4637614186123732,92.28645026438616,3.6973259676498755,221.44391625885945,0.0735482092367345,0.9515320694966819,21,0.061461106181603074,6,0.463768115942029,2498.0,52,73.07443930939317,9.05929432617419,233.34307206652454,0.06752242578125806,3.9627501486031305,10.7774200610537,23.403935493248774,29.656639776914943,10.941223301579925,10.712035286704474,902.7235393283183,4009.2361337041425,7.48482063701911,920.1651124422411
1015,445.9660273319204,26.565757428647714,96.19576797266687,2.7434824358314582,1.5183212446194088,2.6256660482964618,2.164068733418532,2.6712562869468752,2.4085645227718517,50.055447976591516,114.46666800782509,0.2997051975181575,70.14549788161325,1.9172516786401888,148.87066344160309,0.09167259778956936,0.9570131186157398,6,0.019994084590357883,2,0.2997338065661047,1102.0,19,38.05410145749534,9.306836641180785,207.40403124524892,0.08642754882567802,1.3209167162010436,32.753416387918264,39.892566997749334,68.02427762144809,14.759177855925321,9.45179584120983,1077.1582304204153,3858.717185119771,8.884866446580956,937.0354974101774
1016,399.7970588492649,20.39059134470729,53.043593082709165,6.637661356969516,8.054343238527263,2.6354615599018545,2.105891666702946,2.568576684545598,2.4703756112720536,76.26329871472316,468.43852318727505,0.32947998905784587,121.33581063787064,3.7328644505887754,61.76322959915599,0.08387256199522289,0.7250434602650013,12,0.04868382135462881,5,0.3294883170659568,2349.0,17,44.97128983377727,9.69081879471527,171.6734583164189,0.0811050674884718,1.9813750743015652,22.908979924976006,28.99461665867699,40.77806819142028,12.206391693612254,12.60239445494644,748.8581413166562,2633.65362463688,7.608458605389319,646.5053177365874
1017,641.4231140085967,37.5047559065993,145.8869088115652,6.796973861906826,2.1664740480936886,2.6302284074960633,2.54604771287399,2.60260739637515,2.478328547892106,63.80876910341684,44.032825004960166,0.4055442321096393,41.92811948529048,1.6232847693095742,69.58882083983038,0.04701725231750975,0.6171308138832972,10,0.007690032534753032,2,0.40556048506359066,1600.0,15,30.531147553776066,7.108536292513493,308.5113494620448,0.04683988509179719,3.9627501486031305,3.563096677058697,13.001487670075882,8.510862168418697,7.948490321446362,16.38311279143037,179.77510209282605,1479.274612172946,5.399946217895956,600.9715743133092
1018,527.8914072160412,20.7970984217847,130.727083162954,8.515107100389198,9.980111453376102,2.680410705596284,2.4374965038419094,2.241305490952071,2.4584408707383822,21.033456856894137,12.27598254929584,0.33495120896858827,78.04731301794357,5.246412077530351,52.01658445099884,0.05636263637810186,0.6831922285076403,19,0.047737355811889974,7,0.3349896480331263,4050.0,16,27.09716318591584,8.020870148120267,278.5684786626465,0.05981501072816988,3.3022917905026086,13.001892300423245,26.547052918945155,46.08430926701898,9.708737683086188,10.081915563957152,504.2248725288671,3606.007002281606,7.66929261362899,632.2601502899429
1019,395.92440051230705,18.914229761424227,70.03262463763211,8.63001558293143,4.608505076420464,2.667436466481558,2.3325119139247326,2.3443971256975105,2.509082534860427,84.5248313494741,2.1186773305453643,0.32976001044423653,78.11580724817439,5.0955617148243375,277.40795101640833,0.04755468493015122,0.6067719384859893,15,0.04998521147589471,4,0.3297840875480627,4165.0,103,166.13425508833234,7.797727294240087,200.06745101459646,0.04680433322150743,1.3209167162010436,16.933351414325777,17.338162215709104,59.45529524537359,7.471658025110571,17.643352236925015,214.75986388546863,2319.3841386820072,5.744012079776255,555.26020811378
1020,522.5450850485513,15.78630584461237,11.353916745797592,7.6557362280456465,2.5090920772616365,2.6874406539020654,2.4746524320884498,2.2142961749586476,2.4288134758153017,41.30481526418685,157.29452215006876,0.47834299440720485,143.34634207599336,2.544108361789688,51.19380585257334,0.0453066708301785,0.9246753019839112,16,0.04897959183673469,2,0.47832002366163856,1999.0,9,9.888295293692392,4.413543677931218,224.69296120216026,0.04477593501751689,2.641833432402087,8.406966430222456,15.93340837184952,26.088295556573854,6.562259800190089,11.342155009451794,386.7351390951452,3462.208822136259,7.223001330138923,929.8843666607696
1021,451.03584988519304,11.389711203880164,148.71950634626083,2.9031765333751833,3.9690893731203762,2.678342351326784,2.129509298409776,2.417560283939817,2.3963788405983157,33.54923845938924,7.0140488065995354,0.2084889809922899,54.229965115937055,1.0233413825148143,230.3328417721046,0.08232300301108203,0.5895184859393852,5,0.010884353741496598,0,0.2085181898846495,997.0,19,27.71050816784127,8.862361334067971,243.31856205869764,0.07953713879206595,1.9813750743015652,3.279713283786937,19.515435494007164,4.370193722368317,10.728215410033522,12.60239445494644,325.7431061398506,2771.179879808132,10.698789337367778,502.8597201011385
1022,320.18432589851056,43.84759361256366,88.47216596692623,7.16853589021338,9.739835869449267,2.639124704080452,2.5370730598042814,2.630696304600865,2.4200724894988817,14.528126439366021,137.18939241766537,0.43260474628178225,79.12036322721256,3.147175560547173,109.92550775919541,0.03019348362976469,0.7252573999512464,18,0.07110322389825495,6,0.4325939071280686,2597.0,24,30.654759526016843,7.429882442291586,151.27144494069097,0.029956742650586843,5.283666864804174,4.07987116168174,10.327825720286938,10.192100639401325,4.3345171258387,8.821676118462507,196.0561320420782,3931.6614088540737,5.346951950376542,727.6470557337018
1023,438.6041780029842,42.9730365511961,136.44029267555436,7.977787057674937,14.992739469390523,2.6373645044166314,2.1808261561475297,2.3533421941409562,2.4173583889882266,56.055189937841604,215.12687579376183,0.3710067233597134,35.964043991240544,7.918286083979885,65.24504477692075,0.08516924842817608,0.5055132750015233,17,0.04986690328305235,5,0.3710144927536232,5751.0,35,60.851901665192976,6.23800402197661,203.21499026916737,0.08423714282078307,2.641833432402087,20.1732762701953,46.665422914903054,33.01182199058083,14.899685386494339,11.342155009451794,261.76965923074283,1019.1274488232602,5.570852133634128,432.7243090833845
1024,432.86168919079944,15.155869766150566,55.546772122243546,9.08039725338963,11.603384853455516,2.684218495934352,2.310500992695389,2.6929496679187874,2.4781099698169706,33.387091812438435,21.227589525670922,0.2813012450241305,77.5994489126409,8.89980367629978,145.92425380241573,0.06541536563448141,0.8852803641078758,15,0.05968648328896776,1,0.2813368825791186,4684.0,61,103.17222721999234,7.169759165246284,225.66416337496008,0.06284575294154812,3.3022917905026086,9.297461995093531,15.353171284722356,11.340070282773887,7.726374388330465,12.60239445494644,749.9907612254517,2857.0711923915687,9.804515878395133,839.8949480287973
1025,607.3910783109504,27.520566627958292,24.321742285888497,4.061828504569898,5.566757456935459,2.622758517772061,2.521239109230946,2.447017554356649,2.335329790684158,52.744123000280865,3.4066474467338113,0.42797098858808547,133.1664059293786,1.6343066900898853,160.43994706739207,0.0815309016723984,0.9856369641613505,8,0.019698314108251996,3,0.4279798876072168,972.0,25,37.06437631708385,6.501901587950932,294.2564693936329,0.08037777748205252,3.3022917905026086,21.076210556682376,33.99492294622859,36.84119100528216,10.752536574940526,6.931316950220542,1766.1041419860358,3589.0954754955787,9.83698151873187,995.7841669776511
1026,379.75801856653595,26.059682310628375,29.185520421140264,2.2844481315489302,10.69157173115957,2.676441083605788,2.319081405996175,2.66860070517221,2.4927539422519516,49.80542951908084,6.13558555371295,0.1800467938889323,35.10757505939891,13.380102521610507,97.25512551733189,0.09126822127315595,0.6980996168942747,3,0.009050576752440106,0,0.1800650695060633,3044.0,46,100.01947838594185,9.574093287631221,209.6729940376498,0.08808636597226427,2.641833432402087,13.331340391144375,30.027504905502216,12.94428607899333,12.489757520306268,11.342155009451794,531.4184973010524,2715.9132804170126,9.947907151225468,744.2649977898319
1027,329.7910946388919,24.712856240957453,84.77430916640895,2.092127104052639,16.398962912712385,2.6508964131512838,2.437206359081987,2.458207275779988,2.4349626840040375,17.19672105578711,42.97814000683559,0.3546924514148504,112.66616161390316,8.161994304592259,289.7355376045268,0.06397152387171051,0.9553334964153227,2,0.006211180124223602,1,0.35468796214137827,4113.0,105,200.43570480213165,9.899397658654692,162.84313757964475,0.06425481278870032,1.9813750743015652,16.872076122371713,33.047029765148224,29.489364337912,12.055220073960605,10.712035286704474,1980.2667402225436,3767.0441555461,9.440697438826296,859.8989494004448
1028,605.6598775144412,18.612894479540046,101.29682435444498,3.451028880358608,15.246412163464395,2.6488847338922095,2.2327761125615817,2.2734484724462254,2.3111893935368992,25.173524365070772,6.6069020232337,0.21347823051996695,41.58203374468263,3.4109427558719165,247.2341258571181,0.09076941602247095,0.5645880895044697,8,0.040106477373558116,1,0.21348713398402838,2967.0,67,101.85474502446391,7.090200100110609,316.76586104643667,0.0907324461771443,3.3022917905026086,25.069201780187196,46.25694053666821,32.52786592561707,12.557998621042906,13.232514177693762,197.23997900354016,1779.2150605387462,7.136496464611085,397.65128931846334
1029,612.8720677142693,37.601716005183604,7.379480424967822,3.4721271188315264,7.265094585808771,2.6764095097626543,2.53536518558352,2.30144911979716,2.4300560493282415,14.44488385452801,545.158177575567,0.21649389553948706,86.41240488918237,2.3808914121212528,116.02172157298317,0.08014061717288942,0.5930739773492626,1,0.0002957704821058858,4,0.21650399290150843,1507.0,18,27.167438135406723,8.406927690685587,331.8182422735215,0.08007355552662059,2.641833432402087,14.227867197059275,27.051597061174842,33.097990526462375,10.104900347953368,12.60239445494644,183.61150908615227,2191.815037367631,7.135938816894747,508.5407427926927
1030,402.9026617295174,10.413699128259614,121.92286935841068,6.600217022272886,17.843838203067346,2.653491978269594,2.469815756448887,2.34566614211912,2.4250468905893077,58.88705001000691,20.183651450232766,0.2900363475216696,131.7886095851759,10.97528075018181,91.2016950014389,0.08865100816387625,0.9568733041468566,12,0.03288967761017451,5,0.29003253475303165,4903.0,49,63.09145613209431,5.655590290661865,222.556262291425,0.08029504616675459,2.641833432402087,18.47991987947529,21.606779203261542,42.003094192957874,10.796226019472398,11.342155009451794,2106.100576146565,3309.2739965318437,15.251017847919938,723.0613239367274
1031,562.3984200609032,46.170455399310406,99.32320070092273,7.425449203330535,4.373854239053404,2.622210025011586,2.1780094093038267,2.343176117186386,2.3966102872281367,12.227996003179637,13.799047619706968,0.3984579856832973,135.6811565027011,3.897895904566002,107.167899295069,0.08786626121716784,0.7854279841906979,11,0.04389233954451346,5,0.3984619934930494,1759.0,14,15.387763496702572,4.4979175265359705,291.58033926818825,0.08258506722880825,1.9813750743015652,14.63177107787147,24.99759040637342,16.96325844612841,14.790186331584305,11.342155009451794,572.8435771498341,2327.884462743317,12.178478077519038,637.8979543932302
1032,627.2090022031763,14.589539103214927,149.47374682320358,7.707268715998934,11.224759251516279,2.650154329185743,2.332363037639698,2.2231976701093243,2.359843324574481,88.60480035354739,35.852767391960064,0.4506820174783588,34.21691093879555,8.393960933890607,275.2416169697207,0.05793997816349426,0.5607302349736214,12,0.027861579414374445,2,0.45069506063294884,7485.0,199,298.46159941480755,10.491724734369209,316.7944553630501,0.06128263646265036,1.3209167162010436,14.810436954449074,23.941243627064033,44.91362662926008,10.201615891186707,11.342155009451794,383.51655359448534,2350.9418845182586,8.175789311654242,525.3596223169617
1033,609.848344495822,40.75670538010232,138.09926234618302,7.005421957156707,10.440248360797593,2.654207993561531,2.3873310182019662,2.290633811036754,2.4401072468874747,10.999631466717315,44.885177636927615,0.42919920197851835,131.99394790923935,5.8491746014299135,51.53637745437164,0.07688902432084221,0.9378839808036054,11,0.05116829340431825,6,0.4292221236320615,3455.0,18,34.05778903512079,6.037631530095874,279.77622954453614,0.07708611707709022,3.3022917905026086,21.058558065138246,25.409860821139226,36.2840142384516,11.534031267911004,11.342155009451794,1444.2112450185998,3502.561091059251,9.293095905892294,840.4886758172497
1034,663.0914690629438,12.960071736262105,11.636416097965324,9.365794462872854,15.342101222018098,2.6907907323831277,2.577061306559123,2.345641568541742,2.496669868801312,12.616313939965266,137.8278555026996,0.4465323346991572,36.467345752355754,1.9235122446036592,135.3435297574176,0.03918710961339484,0.7919877318428212,19,0.05412599822537711,9,0.4465542738834664,2230.0,19,40.87466084861294,8.388490705520704,331.3198785730605,0.03895631668592189,3.9627501486031305,9.399681295105802,13.542307887625551,27.241203060056367,6.176654812552652,11.342155009451794,268.02495068180565,3378.970248989056,7.897008444983222,728.0034562741422
1035,431.961666557231,18.43750289409079,118.40945771628827,9.547608314802389,9.848023536995914,2.675993422521966,2.257770927843696,2.3293053227805385,2.414914940734564,11.000051434100868,334.4968163574763,0.3495206050295966,49.90416185746597,4.503540569557207,221.29227774234892,0.09299234999969143,0.5212872096387033,9,0.027624963028689737,5,0.3495415557527359,4496.0,96,155.60790223097206,9.131297422590919,213.1630953366257,0.08980534787836204,3.3022917905026086,8.397110429445105,24.702601375987108,6.076507779746499,10.79097486006474,18.90359168241966,214.36705976696825,1394.1141212894565,8.884577503135159,421.15689655516826
1036,422.92035070744686,36.29279837450065,74.50258955304761,2.3298621311727086,5.586784212678097,2.6541672305649118,2.3627400994557317,2.5396736185937963,2.537316384635379,11.080457846760059,9.299604568742986,0.41509240013891424,149.0175199313184,3.1889226076185255,264.9591150282499,0.08033365365158039,0.6945905403918248,5,0.020763087843833187,2,0.4150842945874002,1763.0,46,92.58661041739106,9.473707933210198,206.25859696309288,0.07687356182385059,0.6604583581005218,33.48673679358062,33.48673679358062,97.26994940333316,12.972541887144674,10.712035286704474,938.0142786308871,3735.302921897911,8.214724333230155,750.3726053884773
1037,432.81669798511,16.444583974317222,91.35460813542007,5.637642237346025,10.848763668341649,2.6436601726177584,2.5096371474043244,2.659262787625278,2.429120365793605,26.323612830119565,4.591439622300966,0.4112447572448037,88.98547848606268,5.232605559237833,100.94241135533062,0.03381284950134407,0.9108789333744783,6,0.02052647145814848,3,0.41123927832002366,4139.0,36,63.93171091153689,9.89828951024151,215.27496290051948,0.03461243526876697,2.641833432402087,5.9527669439906035,12.53971421850423,16.88690742556443,6.4071715001128435,9.45179584120983,1399.3850774104963,3955.7055468991507,6.180387232371033,1000.3326336799392
1038,434.36476425882495,11.718264968329768,59.05924039870419,5.05780692691181,10.473178073837145,2.6590027049890694,2.3030470177605067,2.2734561262948834,2.4682240064771825,16.647775158326425,2.518608921132806,0.32683577634712624,32.0426950114928,1.183083046309716,57.297557534257734,0.09450087951245822,0.9122503070368685,11,0.017272996154983733,2,0.3268263827270039,1743.0,9,13.02627987425558,4.744438767420067,235.825056059295,0.08878000951995625,1.9813750743015652,14.87485783074973,29.894759088094737,23.42576026046658,13.454435472055591,9.45179584120983,661.7225849755072,3732.702976244704,10.823032759612019,895.7858691138512
1039,624.263011035972,21.67403290749644,83.08416263560933,8.094725041102913,12.877918333165393,2.633208365983543,2.41026803333502,2.26779854632782,2.579734613432017,39.51943377362691,6.967774358021905,0.34054498233970076,66.1965012377495,12.278590642362078,182.1342091719157,0.06995700747756817,0.7795877951220396,18,0.030286897367642708,3,0.34055013309671694,5735.0,95,133.4995990585711,10.231711888279127,344.49346362689414,0.06373916825979123,1.3209167162010436,12.150916471955064,19.518661493280565,49.62925836237505,10.48269934157197,11.342155009451794,487.0866576923528,3220.5855995132993,6.274006422208547,756.9776276745441
1040,610.5665903600147,35.191494393537006,106.74947310528684,7.458814257906858,4.524541901360562,2.6588243568039513,2.2985458977891593,2.645373993639015,2.448563555846096,11.576293341272006,1.3077842230306451,0.42913195938956417,82.71682990427956,2.4464052853873093,66.40585380592223,0.06617119921081502,0.7277227339937908,12,0.032061520260278024,2,0.42916296953564037,1708.0,9,9.441981721107897,3.5889380259805206,296.33866258696645,0.06386480245140283,1.3209167162010436,23.832635801846322,26.42786183802111,62.83749175833678,8.843266534062472,17.643352236925015,151.26135487571753,2605.815788537096,7.265773138482519,613.984345397766
1041,635.5093899249124,19.08635732738722,132.5782782807507,5.546342407219801,12.280301857470246,2.6727056889391974,2.4831527340411643,2.3116869019451816,2.4442192804609792,48.129954776446475,16.839901716397552,0.20438284575722243,32.24580772477211,5.405070025037201,99.8651390215966,0.0541330573564852,0.6270981134843981,8,0.009997042295178941,6,0.2043774031351671,3355.0,40,76.06869050127793,11.017359878195078,333.79748736260854,0.05312864244933683,2.641833432402087,12.68859356645255,24.18961763355372,29.366814356960763,8.646144967493463,11.972274732199118,553.629138024299,2523.3857312471155,8.593479713983122,572.8791301881763
1042,445.09296863891666,18.203826511490032,86.400549351293,7.976735138271756,4.138324972396921,2.6231658970789056,2.5446874394228063,2.6478205214376818,2.372572388583742,25.35400145983534,353.2661317519583,0.3868155766180111,141.39410719218665,10.629409066891498,166.64023765791268,0.07525644919558896,0.6523851965603067,15,0.04992605737947353,3,0.3868086364980775,6392.0,116,150.964732306069,10.626396862171866,229.2491756439249,0.07181087803203733,0.6604583581005218,31.56578692320315,31.56578692320315,92.60961922681713,13.112910316857324,12.60239445494644,282.41256378541186,2774.2441109546753,7.088197654504575,582.3935892957205
1043,378.5643086898428,11.785276586530626,59.732225507206486,8.927028998787883,3.4187421295710294,2.6204592363924593,2.5153853560450887,2.4525387222535198,2.436485824598551,16.673771904894892,5.6450722692315205,0.26461020144769865,71.54752344237981,1.5863844302370111,150.5928848995001,0.09160034246957482,0.7909116809363246,20,0.060810411120970125,5,0.2645962732919255,1352.0,20,27.34399273361457,5.5927153428383765,194.11096829079065,0.08514367216664574,1.9813750743015652,15.088618795078286,35.88023920024531,31.1686023528956,15.661722011633575,17.643352236925015,327.6148913469669,3077.3965056095935,7.567527424113484,762.7241363016764
1044,324.32966915973736,39.81466851118488,4.809004906531145,9.395804830101527,14.249547335448167,2.644481956855791,2.337959369326032,2.4858190053752454,2.4444141223105214,42.58422323286726,247.07423339238377,0.36100619683248636,53.17169623379903,2.619225723043504,103.53073602789775,0.06777819975056333,0.9976757188047103,16,0.03921916592724046,6,0.36101745045844424,2341.0,23,36.54114818251597,8.24528091483956,157.40051047742742,0.06557159743681609,3.3022917905026086,3.816395054775611,25.71649233272164,8.368283871884005,11.40600377101993,13.232514177693762,201.1670598706231,3214.9892168517563,5.170882945826411,931.6471256877755
1045,616.966570114919,16.268829781407902,107.91454514630459,6.473605834058547,13.827367181504686,2.6350938749584576,2.4661569882074983,2.2090852920305064,2.5398221073095586,53.52308402662998,53.664996171007694,0.2803950362701783,87.82712981669114,1.4602479987048984,59.68618960277714,0.081456373904936,0.8527174466542244,7,0.01816030760130139,7,0.2803904170363798,1221.0,7,2.7437606114043183,0.7696697188318976,319.30296410241203,0.0791239866031788,1.3209167162010436,24.62427899133114,30.30099477841484,56.78926472326846,12.535290125069729,10.081915563957152,1204.0798426343174,3642.7774549201163,10.309785208884298,871.0812867215842
1046,350.7696389981849,37.022646678923685,98.24562977024604,5.747923062035185,6.309206456723005,2.6262294227219187,2.383882436577736,2.3684506617456647,2.4768513129112257,71.23441472015895,8.88379122037213,0.15720368755522424,57.03365770739443,13.814313230741822,73.54194651925386,0.08235246048100224,0.9757321408155959,7,0.011771665187814256,5,0.1572315882874889,2658.0,22,46.83717998558833,8.891735089647899,187.25683949834325,0.08244323995415885,3.3022917905026086,3.3918333665022207,31.993183595947336,6.180387232371033,13.511913387492966,17.013232514177695,613.007502746726,3572.744235821947,7.046725639945928,904.3628440644839
1047,513.6771176633126,19.819302122951314,49.38273611324085,6.5705633125146115,14.3214638791633,2.676702814775368,2.518446626471004,2.6449606111235275,2.3569132243997752,24.24601264192814,955.3544965195662,0.4475045524598076,67.95188218892248,4.676601958155758,118.46471873425463,0.08090125997430926,0.6235222886354153,11,0.014788524105294291,2,0.4475007394262053,4846.0,52,83.42629181159593,8.54915028919369,258.0570925405315,0.07723880980849383,1.3209167162010436,26.353433817791686,26.871955347105043,64.12978916606427,12.348095638114401,13.232514177693762,410.30572044862294,2274.60015139115,7.48482063701911,482.5787514060804
1048,574.8741356361722,12.100445943798967,141.2265811268606,3.74592993428653,13.19138690711249,2.6096922074688926,2.5320849140816937,2.6448651369389826,2.4090775436048752,93.43748829045195,137.08522144954642,0.25791219864674253,93.37032570872778,12.243732505397386,129.4721174698757,0.05339660530389807,0.6919858551865888,11,0.0246081041112097,2,0.25791186039633246,4360.0,52,96.34166845659146,6.93346860813634,304.88958193045556,0.05327168416977564,2.641833432402087,10.091024415044137,15.252237697602412,17.27693049219758,6.980713825447892,9.45179584120983,258.1863197063462,3039.448336008392,6.4820448144285745,654.3701769397229
1049,410.3610238058083,24.118246966665183,116.65608794374339,7.83700864461779,8.22101062585499,2.663552201679656,2.3359747126845076,2.6145609776704357,2.4612951684920774,26.281093764858987,80.14423232514046,0.165549508710155,47.05507789516368,8.056002391986409,81.08411674566085,0.06942664256338328,0.934025101414331,12,0.035433303756285124,4,0.16557231588287488,2797.0,29,52.615671994489325,11.305026070083972,224.21066309346952,0.06461824158057015,3.9627501486031305,11.56782802976408,25.470515288495346,17.412648787518737,10.875617974587096,9.45179584120983,1385.6618138556494,3811.0934652403744,9.166995688475081,887.2878825266828
1050,494.83503558207724,16.152083622812793,149.40508489498447,2.6819843030017863,5.988639191360489,2.6216287909549654,2.5181820863172195,2.3652460191772007,2.462536924693308,66.72402115916424,6.680772335050526,0.34264205901264133,103.09848114736022,2.0913825826296515,256.33389902408845,0.09286566454670371,0.7600272396317856,8,0.02443064182194617,1,0.34267968056787934,1636.0,47,72.6098417123106,7.045998793780376,243.441258349221,0.08247545107016115,1.3209167162010436,19.433933693223015,31.04418941133594,53.08447728477491,15.091421932264044,11.342155009451794,626.782759878548,3465.25808524354,10.245197588721123,769.0828959169366
1051,589.8792292464353,13.770334128561844,29.227428845884845,3.510183009260933,13.174169517358099,2.656671722116695,2.251743584128037,2.2145896732805506,2.45294304309171,11.120707405233302,39.119403310628904,0.15174461795035588,106.3319210552136,5.525470640370712,295.8330408827074,0.05899981719506075,0.7521821542784309,8,0.013427979887607217,2,0.1517894114167406,2387.0,73,114.30915898405225,7.993056404083916,287.32721001067955,0.05719196175613919,3.9627501486031305,3.8261925595380575,21.52940707609102,11.141813340279995,10.123276838050522,12.60239445494644,644.5911868268968,2802.4535921155525,8.481546191534667,678.8748571152087
1052,418.5919261991327,21.711909024123035,62.45484097039983,9.466753631749263,16.16968832119027,2.6404698768808674,2.3104997904750872,2.3111631123554064,2.436929891938352,15.172152650677884,1.359382730718488,0.2157309467259114,114.05192789213241,3.0762608773224263,50.97416570927223,0.05182640009352853,0.8210392398217596,18,0.04939367051168293,4,0.21573498964803312,1845.0,7,7.817351511747985,3.3669958624646497,212.53929207832775,0.05112583647562924,1.9813750743015652,10.9738660266351,21.51653705984045,58.913928734621436,8.085524059063019,12.60239445494644,714.6545531070477,3911.077675005886,8.21143104965908,885.897910855338
1053,615.8567566126286,16.368506211690125,124.25860663041031,3.1073868744783937,14.607224514625612,2.6799026421930567,2.586591003449743,2.5093003011492474,2.47434645098086,32.454836347291526,1.1798609550629404,0.16499501257602667,53.1134904542457,2.206596148411278,190.24321610454322,0.07539250644988293,0.9739967295831996,2,0.004791481810115351,2,0.1650399290150843,1479.0,42,49.13814268134024,6.816064302303938,333.61575458591426,0.0728997342662974,1.9813750743015652,26.564035232956886,34.99596353162335,42.580431088739246,9.868052876160467,11.342155009451794,207.70669699349844,3388.97346660391,4.911654718753844,861.2254426294909
1054,329.2278030122936,36.55773224226802,72.1737579280182,7.857869669813612,7.770294049422055,2.631975104385511,2.292704503517098,2.6978096568210095,2.4579639830857656,70.8557927672036,218.467566559258,0.4781772843521994,35.2602186816408,3.299858077649888,147.84674469365473,0.060686843806669576,0.5219287539472712,6,0.014965986394557823,6,0.4782017154687962,4891.0,66,86.7234236766326,7.9330190070043365,150.9925795772047,0.06153410590181803,1.3209167162010436,19.62425851957256,23.810689144894983,65.72552251308562,11.27701986960855,7.561436672967864,131.51917210544923,765.5406471513123,4.6341366448425365,366.60102214641
1055,599.1711782595037,11.561106369579164,87.5035498156022,5.207225430093878,1.0117185026703224,2.6469138677906976,2.147707942306304,2.5721102123751214,2.4884197580014105,32.94739440790703,534.8481973664757,0.18742193544249547,97.36350209654134,11.189409649894637,124.25348371155357,0.08027720790184685,0.7695892358726725,12,0.028985507246376812,3,0.18745933155871045,3169.0,50,70.944538336811,8.238155506289077,314.37615990311986,0.07441689786560601,3.9627501486031305,5.21817977752227,32.70711350606544,19.534720651087635,12.87232546878919,13.862633900441084,257.91640237055947,950.1524170041731,6.370548162007461,708.2724259037657
1056,642.6237451971488,12.181643583611386,69.08558803924686,6.677530659400398,13.677958105829134,2.645671590003437,2.3655044984193925,2.3035661162538776,2.534171588784235,42.55430118794463,1.8285884900396177,0.37457106556698994,147.30570849278132,1.6656913133637956,81.728418461634,0.09954619522749238,0.9831192049333359,9,0.016030760130139012,3,0.3745637385388938,1370.0,12,20.7324483113247,6.85879633448083,316.15107882934285,0.10057904170966893,2.641833432402087,22.09302639199622,46.69692252732622,41.05106796213719,16.759283940379547,15.122873345935728,525.9301825232374,3392.5559180730106,9.126810231466923,755.7740884777577
1057,459.6783203690145,21.986025062412615,49.031287025961554,3.3862958850219247,7.385881786598512,2.6909134292036185,2.4813267837230075,2.3293815937037183,2.4430270590881684,25.12220589990735,14.333575510387783,0.4334836299418291,108.57543774242534,1.17260530685302,142.71511961925117,0.05191700244603424,0.8688373355242094,5,0.01129843241644484,8,0.43348121857438626,839.0,10,13.56352511687953,3.0903859034683148,218.41695794883418,0.053309510182474824,3.3022917905026086,8.421204251696864,17.190335344374013,43.056204862184465,7.947263241440339,11.342155009451794,215.9668571482369,3830.877774627121,4.145218595386486,922.1639962826058
1058,335.3037715114853,12.899787679818502,71.23139446346252,8.319378199749307,9.257677117014792,2.6913532804877254,2.2092094084307567,2.637055518045231,2.4920215453299184,38.57539468833146,189.93708124876943,0.22104720316451676,39.04459793375863,5.426170926917159,188.02077972144787,0.04092687336210678,0.781236412980534,11,0.03277136941733215,4,0.22105885832593908,3676.0,68,99.19799946640275,10.593499831453073,175.0690650092847,0.04006290973083852,3.9627501486031305,4.763953364535696,12.969604341883258,12.689039859481765,6.313212769495076,13.862633900441084,619.520468749222,3815.396545731911,7.608458605389319,735.7157797132206
1059,477.75179578330517,16.899700263450658,64.93167386548532,4.510010398940903,11.023223760936666,2.685784301678945,2.3116587670634887,2.321460963540981,2.42732969946715,33.63855456471744,2.938880834094961,0.42119446276805117,113.7644113191982,12.38083515476093,60.74669783625706,0.09554874287762116,0.914244222677548,6,0.02922212363206152,1,0.4211771665187814,6923.0,48,80.18138961286085,7.252559732794769,241.87928069889568,0.08732090886636816,2.641833432402087,14.255516785043362,25.6332734366976,25.03510029466454,14.189106173056425,10.081915563957152,675.1013195451867,3809.7637364874086,8.620878834997129,944.0763297758232
1060,664.5765037628806,11.49975294270188,138.75970345493224,5.551785190846888,4.965258373479004,2.6869702928285633,2.2395296079467544,2.549330842164465,2.5013711441461464,69.04601485419782,797.6235542612194,0.4318811113359291,35.336877604859616,2.5467237881097393,73.75342295669948,0.09604430442938225,0.7660303345687762,9,0.03643892339544513,1,0.4318840579710145,3722.0,32,24.564558413899995,4.181297481280041,324.6909669938483,0.09243723028531624,1.9813750743015652,10.294305311758569,24.99594263292306,14.183506197980657,12.410110777744928,16.38311279143037,493.77577484654194,3232.3694474052836,7.265773138482519,713.7706572975153
1061,535.4416522455705,24.21971992048062,44.635076889730676,3.9931810462733823,4.135798551634276,2.6748364252374506,2.4995081587784522,2.4439048787846422,2.440567889016811,94.56785420555144,1.8039635517741663,0.415750400630451,46.71003268999993,6.597499143389671,63.35595634327321,0.09091958459820004,0.5624047718997551,8,0.016622301094350783,3,0.4157349896480331,5889.0,40,49.761632104780716,5.329105631670726,285.85912410244487,0.08420011498340627,2.641833432402087,24.999911042499917,32.606627681549625,41.446631288999505,14.657827066896758,11.972274732199118,231.97100641952662,1684.9677635312294,8.058239062071396,558.7358052517593
1062,548.625449293178,13.23859253273914,114.64306323294664,4.842011057696384,16.40090834682286,2.630685786795962,2.101965177847395,2.3142243514589307,2.449311953589971,46.81144053850608,103.69913008244177,0.19560472013031754,60.67270316663559,3.029320413632232,141.72273767756448,0.09160479115106954,0.7372428223981582,3,0.011949127477077787,7,0.19562259686483288,2307.0,47,89.19441567031234,9.241014669770081,271.3793703961763,0.08866166473543483,1.9813750743015652,35.458378123807975,35.79115870970261,61.047294349871244,15.98082320175864,11.972274732199118,485.85651315641394,3065.8350807651523,7.653039857325812,702.8449267701542
1063,656.766598757464,36.43508256302849,44.77565109676052,9.62278783784133,8.725736398110097,2.6207150075849257,2.4614752399236606,2.5478144682687978,2.3998177010974793,91.7972480251939,28.974003036112826,0.2058910537832313,52.773185790380445,13.25332454788524,92.01582129250201,0.08002057321185545,0.7297064160108989,14,0.04897959183673469,7,0.2059154096421177,3476.0,24,27.214824116200028,5.3366007234390915,349.8038803461239,0.07196775894555424,3.3022917905026086,10.95793318920082,25.025341720293614,25.70625067405882,12.81517863659757,12.60239445494644,287.9850321384595,1367.0700758387318,7.817215998781819,613.03124701673
1064,410.3223620689533,20.023841941376403,21.392557682411606,2.492253102029009,2.9988286337855605,2.6714851677769422,2.5374348715402704,2.5599274956477513,2.5111960403573126,93.97258134077988,90.93333020914405,0.2605019997910062,91.06414097431815,8.311238593344742,128.56548087741572,0.03162685364858982,0.8458141264033643,3,0.018870156758355516,1,0.26051464063886426,4300.0,61,106.80636366526325,6.220126828772897,214.15113598902434,0.0324507012104638,5.283666864804174,5.890209593054179,10.895409621857038,18.215815112879252,4.216450712858625,10.712035286704474,1038.9812724908268,2994.036405092743,7.978845608028654,850.4278323865666
1065,669.2267540593905,13.872947454571602,126.87278317695755,7.63138396835585,9.30428523757773,2.6236818283769994,2.3717783149354568,2.600797068802748,2.4429455473487334,51.46317131880336,14.224603373421496,0.48056968908018105,30.403349252885914,3.5354177380391354,255.31421393171814,0.054330269420330875,0.8100475874751216,12,0.013013901212658977,7,0.4805678793256433,5726.0,145,214.28431428562405,8.658372199157665,324.7551956885797,0.055781399400041835,1.9813750743015652,19.325868076775535,20.653453365098777,55.70354360828036,9.11915290609241,9.45179584120983,508.8170251927387,3050.894672368773,8.214724333230155,741.4160885254715
1066,465.55155268991075,29.062400205691297,4.028043122339025,4.90638578628355,14.494771540193613,2.6466835795294474,2.514997148068601,2.4763040991555796,2.396797023138519,22.935666109404433,18.8866058882936,0.445572017686346,116.53994725001836,5.140561539035905,279.20554206536065,0.045958128076894394,0.768681299714107,6,0.03797692990239574,2,0.4455486542443064,3557.0,107,160.9768241482699,8.921516303732396,212.92614963533322,0.045892448455884575,2.641833432402087,12.11993858597207,17.21428542606398,43.43474892895546,6.495744168165561,18.27347195967234,180.2427563826259,2083.2041768391455,5.970821321441846,788.5726748480723
1067,642.5404936511626,46.33963138530328,0.7591485823680022,6.584344289399748,10.046797995476581,2.6840286211771835,2.1970974465547872,2.4254628508534553,2.4376704736554373,35.25944756488016,14.378161179966689,0.38244458446426755,49.199549976201546,3.486869240856019,50.93688747158389,0.08053131511198142,0.9118688353071376,13,0.03241644483880509,4,0.3824312333629104,3855.0,17,32.91277169359136,8.864888847518321,340.4945976912805,0.07877659058129266,5.283666864804174,7.044676535290776,24.146504154161434,6.770275002573076,11.159516723270375,8.821676118462507,939.8904929575202,3900.8473069533543,12.55231925744239,937.9700259691618
1068,604.9475597910543,34.39913656872028,25.24059025887836,6.123054199781807,5.209882146868351,2.662706365259737,2.3223791850067705,2.5842747755339586,2.342032625307957,14.214362380712807,79.8100367209975,0.35503170606258205,58.12010461787859,6.163519948073758,64.57047276005251,0.08136445421499822,0.5259002988241386,8,0.034545992309967466,5,0.35504288671990536,4704.0,22,38.62899725764613,8.264624022630931,281.5906277858983,0.07818074482040163,2.641833432402087,3.5521448004603946,27.968088027291067,4.056302020438936,12.482575481748164,10.081915563957152,329.3559850065414,1534.7481316785988,9.270517263235469,440.0892650571302
1069,668.2168826598745,44.12277222337025,23.75790582593404,3.989421353819906,15.041557260657818,2.636256211233647,2.4565153065431837,2.2769351946359997,2.4194269498113594,51.71904619144159,743.593263434675,0.1568317469031909,38.272705664483716,1.3321869660666796,152.96463972817034,0.0714081429211418,0.6761765447602264,12,0.01685891748003549,1,0.15687666370896183,950.0,13,20.582579746755936,5.109865560849829,392.37084291827824,0.07311306604470252,2.641833432402087,17.240125418446226,33.419094698032694,36.90796070868619,10.764808626411288,10.712035286704474,209.91060758744533,2890.007882862921,6.282549314314218,529.3303840083145
1070,398.30619560452925,48.158762589459656,14.6063188203718,7.105299508154804,12.81331081761911,2.6405439420689265,2.1278669507177836,2.294335026371859,2.568241286542946,86.15975745389945,679.3035013745507,0.43741087619458596,31.492573846238777,8.255604519651932,82.74667617044014,0.06256970409468786,0.6446011167515389,8,0.016563146997929608,5,0.43738538893818396,7145.0,68,104.0421002690803,7.588444949684134,206.18955765002912,0.06224132177141861,3.3022917905026086,15.89504186730773,21.616092074213952,38.810338589372,10.04194722077379,10.712035286704474,249.27156965974973,2814.2173936044665,6.383076486422923,711.1813924088938
1071,404.4802729791022,40.786534083946414,34.872384779128964,9.615716343617663,6.471621880541606,2.65391254384587,2.5151085586237136,2.2178448623867837,2.429642287884628,39.120207309239575,66.75196467486712,0.3922140471875136,39.4183366083668,2.6146338526963118,59.26456025594002,0.09189019927644751,0.8055953785022452,17,0.05010351966873706,8,0.3921916592724046,3023.0,15,27.701763114828545,9.283164030882107,204.98572152972713,0.0915353491459694,3.9627501486031305,13.452844932032722,26.8404997554534,24.833509931885015,11.03864722192599,14.492753623188406,489.7402307116992,2859.4915859078155,7.399277020331919,697.9418795233114
1072,501.56349850468746,30.05575564843089,133.06541305304094,5.49585308171912,9.997357497256843,2.673140744237638,2.499668420099525,2.6223421023367974,2.4935430849262348,23.93502220733732,28.5376596548813,0.3431627392559552,38.82884010714391,5.637907128650789,183.96237041511029,0.08761321539783322,0.529989133811771,6,0.024489795918367346,0,0.34315291333924874,4781.0,89,153.42320677617008,9.955445275929025,253.07851766427305,0.08662699295973007,4.623208506703652,5.887691835787789,24.8436538198575,5.292567428401227,13.387421029875691,11.342155009451794,419.5379570294677,2533.1430140321036,8.908518903552356,388.95218838451177
1073,433.55472599483954,44.36012996641251,90.00604539804425,6.716797988274428,8.306010211758668,2.6355715883202615,2.396116345629979,2.245103499272674,2.397836195494423,12.099567381440012,4.814959223615872,0.31337905953875245,54.5907504164875,2.779620505407701,207.4047457130708,0.0835243671642036,0.6864821086107452,8,0.03200236616385685,5,0.31339840283939663,2576.0,56,76.13608242125237,5.8885715163855625,208.83713685504156,0.08129000163311789,1.3209167162010436,35.61083373398482,38.854868862309864,58.62834889827201,12.555927610551239,13.862633900441084,807.5477459664614,3661.470844146019,11.428880128204813,648.2980063979061
1074,669.9582412614641,17.72930277146441,148.14096291660474,8.679593932783419,9.684704864703352,2.634646354568459,2.353293386735339,2.3127854985819845,2.4327791575854834,35.85302012975417,3.2241166339101714,0.48968475756698626,73.02787740901042,1.5564655415648578,68.37277789100189,0.04722927035898705,0.877339983662542,18,0.0707482993197279,3,0.48967761017450456,1447.0,8,7.768884578001524,3.689726822791003,322.8113080206174,0.04752285236864243,3.3022917905026086,9.075340484932656,16.059494954092024,18.01877032173579,6.970639069986458,10.081915563957152,1106.5891062597689,3977.611590084187,7.091611052278506,917.8236937620904
1075,595.5734367678365,47.89884500338728,19.571918592636123,4.072632183058235,4.44749559625623,2.6894000705037784,2.130961707841694,2.365175680482501,2.440993086910932,53.43257481211873,18.896599201009487,0.4455386392105444,35.379700179015344,1.588918490749167,122.23411151158251,0.05517697036248663,0.8068909350427519,14,0.056669624371487724,4,0.4455486542443064,2024.0,28,48.1422505123204,5.319619935926748,293.9674066755715,0.05653920614476934,1.3209167162010436,21.392400972245618,26.793398361185673,62.77774098568961,10.215199473236737,13.232514177693762,444.5450276101904,3386.08736208301,7.978845608028654,664.0509007355283
1076,449.40734218912246,14.214464793079193,126.41810327389331,6.0888443711114055,13.203070568712374,2.6179603144367993,2.4722005245590988,2.5137844371186766,2.5078421079833086,12.722143999287193,93.62478547005406,0.3805226218354242,120.11161714160286,1.961069238427558,161.41167408989108,0.04140945536069465,0.5811613761269326,8,0.014137829044661343,3,0.38053830227743274,1163.0,13,22.35491330225947,9.445542988600993,242.97462709294393,0.04044811410014,4.623208506703652,9.215042552255312,13.382022634347475,16.195287778099022,5.811128003858109,10.712035286704474,224.078043456497,1832.3286976556026,6.770275002573076,385.3849892462138
1077,643.1354443714664,10.931237604118534,34.71152426393023,7.669455307673669,17.55017770633224,2.691139096074798,2.143207463027654,2.432103067567657,2.5382684856605597,41.4002395488525,40.58120643625466,0.29178959030778817,74.81365509444495,4.788686894532094,59.47547359733469,0.04515225462056586,0.8706235282518618,14,0.023010943507837917,10,0.29180715764566695,4087.0,18,18.04522423758849,5.0939073233089385,334.29867694733696,0.04334735577986819,2.641833432402087,9.504670146757572,14.13778842453294,17.535307626995618,6.582728143787564,14.492753623188406,282.9535421495276,2332.654650282677,7.735777827895049,774.6994335833061
1078,633.1197711364675,12.876074047250352,17.297436633331266,5.063581648584961,8.897415263120386,2.6741035737260748,2.318004472110709,2.57904852694233,2.465244879461608,14.038717445847572,4.79218706106747,0.36033745454655103,49.40475805177164,1.3613800129245304,169.72709802765002,0.08853498680110711,0.9294149560762015,9,0.0163265306122449,2,0.3603667553978113,1315.0,11,38.647011540304575,12.053166506754724,302.2804260975163,0.08398304345359783,1.9813750743015652,18.692459170294526,23.8175149188,62.2963412437101,12.961871625312607,17.013232514177695,341.33229687547134,3528.488929543932,6.955796338302048,877.3944261379171
1079,649.6034983791828,44.85854800028857,144.82171267427543,4.527455006269749,10.42743499502106,2.659620863828117,2.325790130211299,2.540236621367343,2.459400428844099,89.95625391225352,234.257911398001,0.4262734580928236,51.99013934085277,1.7940955568933754,265.61640434517716,0.04242054460989318,0.8718490481962169,9,0.022478556640047324,2,0.4262644188110027,1242.0,42,41.01085500896839,4.1587950690054525,310.3624250643874,0.04185895049682519,1.9813750743015652,13.406262641148729,15.472201861325104,54.80485458451878,6.127617262484775,11.342155009451794,445.0008098187707,1531.464570767303,5.29119966281621,798.1698482616251
1080,637.400549075827,39.602559005485304,83.77347613006123,5.795388440104254,17.966686793095842,2.6947656655646117,2.109292118224431,2.654385051681379,2.4543331094909417,31.183446288480038,87.50134722382226,0.38846044478014186,31.790993451535062,3.9273124157885726,120.04985047575761,0.09411802930362043,0.8270565890388677,9,0.02863058266784975,2,0.38846495119787045,4360.0,42,79.25267609977656,9.053490281259261,309.8448891944623,0.09426972346678192,2.641833432402087,12.226200393423966,29.386056542713423,28.95616854058249,12.129561177907567,8.821676118462507,522.0607323863942,3809.6917729736665,7.714178025961568,830.2828451041447
1081,475.8606906333375,44.67985645038728,50.33844092501104,3.8876058000475338,16.69524148558496,2.660139559496765,2.4540093357350075,2.6422444289254314,2.5423319278832044,32.21337248500146,32.729722103228575,0.39135713020934054,104.60411521657382,2.3268038160076663,73.45461915054815,0.05638319569803894,0.57989120472923,4,0.002425317953268264,0,0.39136350192250813,1505.0,8,8.060711239557108,1.780643031762413,241.04330679095895,0.055949606756651865,3.3022917905026086,15.802372386821705,19.865065116824432,35.10692067532608,7.515890449350463,11.972274732199118,362.99559830590573,2811.337848827664,8.884866446580956,451.2810389516201
1082,563.1048346117441,17.469673460639168,55.89903450278694,8.231292316726343,8.762877515138712,2.697367751577368,2.237068062269327,2.3340919567778484,2.3817125095945673,82.0293347902385,9.501835942362789,0.45968825587275175,35.55357056559081,9.244709732339448,138.1908455309679,0.0875253578237729,0.9808373033077955,17,0.06021887015675836,8,0.4596864832889678,7727.0,105,159.73669088820407,8.880458224367334,299.564898000269,0.08167206848681141,3.9627501486031305,17.73842803992357,33.29265596873915,23.163569943907625,12.18328672679751,8.821676118462507,1165.091907391727,3401.449594961519,11.370082458096222,862.5604692672741
1083,461.38540818410263,37.09279777174425,8.216990204245251,2.7044724150667445,11.095720025649225,2.6376570314300736,2.3333123078526916,2.393537664076835,2.3914444507658574,16.735653048393118,16.673232752092503,0.4704851858972061,36.05193875318332,3.751976920993819,98.025931664777,0.05652276048762604,0.9798481819771618,5,0.01254066844128956,0,0.47051168293404316,5031.0,49,88.83675425338147,7.8430955466793035,226.38761526753686,0.0557766236774243,5.283666864804174,6.538394105144507,14.142223030976316,7.398776714225281,8.69291773210614,9.45179584120983,2673.12535905193,3876.480540984049,16.312788383647018,981.164133672331
1084,614.671621587264,10.88065186605191,103.55030066099292,2.2873322802476928,12.1160960885312,2.696222346254994,2.5002346685508,2.49798311527673,2.499192392330438,93.7000753567992,240.47735180442825,0.45771686619066065,85.32430136599666,7.63066518133775,155.80822410504584,0.05863830592029458,0.8597536651243234,5,0.030582667849748595,3,0.4577343981070689,7329.0,119,148.98635725556943,6.975909887189677,301.26122557707225,0.05850720456470423,2.641833432402087,11.900998222950651,15.654516279451496,23.00645670232985,8.600566392127872,11.342155009451794,951.2314972587644,3576.554101532984,9.126810231466923,796.8748629442518
1085,618.093732294295,20.877372389196744,106.93701464890948,6.083754648778464,11.784958683385028,2.6671798950076075,2.126824850870228,2.3269172006557666,2.422553866947128,87.83026219939191,10.492253957746518,0.3084629823435837,74.45000045796687,4.915439320960922,57.09250508532078,0.058430323922878794,0.5541922416714395,15,0.035847382431233366,1,0.3084886128364389,3582.0,26,51.516197164778475,5.9944070849656255,308.691551337094,0.06051925883043004,1.3209167162010436,20.558603808236114,29.92241306484018,49.75270583126283,10.903140640903558,13.862633900441084,235.35542850718372,3277.405161415509,6.530784728454058,503.79048845387
1086,611.8952364482545,12.72156299558917,119.38526936377123,9.870766525648797,11.131634350340358,2.6694915554848673,2.2934666284649508,2.361213346360159,2.4946967938765923,14.868843207710388,32.67923617049007,0.35125283652357475,71.91309556183425,8.073624752153135,258.20201076692405,0.031729311741270146,0.9463312232790255,20,0.048802129547471165,5,0.35125702454895,5892.0,155,228.65478179840642,12.071440971668661,322.4955149128471,0.03179033153673139,1.9813750743015652,9.740864243051112,11.882993859739445,37.61075822422045,5.26045932495347,11.972274732199118,342.5604480853449,3747.4883826513887,9.507891862878783,892.8334016907887
1087,489.9067553095702,11.178112181516473,63.7047631415404,2.3791850363769056,10.069153411161345,2.6728806532657643,2.3553885258086424,2.3126550618852124,2.494751236600521,23.158345086698798,8.573160466774144,0.3793274802463185,77.31966254366966,7.4913133583009275,178.89438424380475,0.08544594313384603,0.8008251931552548,6,0.02230109435078379,0,0.37935522034900915,6166.0,111,157.74660591450595,8.154829577820168,242.611635522158,0.08281604975107908,3.3022917905026086,18.372835127747262,24.663767189182813,20.342144725641095,10.016307146233128,13.862633900441084,340.97871028087627,3075.827737988363,6.714901063184426,775.809098344277
1088,518.7535296667983,10.646744503655153,130.28406300169334,4.571779169586683,15.082513139976916,2.6583259402280963,2.5512173156454905,2.489106077540307,2.449280102439342,45.68485089924937,19.54060691623692,0.1833841520145549,97.52767470477667,2.1912992410422505,68.35648825914677,0.048619331267445824,0.8524794884733058,8,0.026678497485950903,2,0.18337769890564923,1676.0,9,14.452531309162177,4.789803173002195,284.8529399501352,0.048239549365876946,2.641833432402087,10.374718018455404,21.45741588401292,26.291493394525286,7.267084974052037,11.972274732199118,964.5933967482731,3779.7691222382186,7.817640190446719,887.540587513792
1089,354.162773544322,35.92043835517241,89.5782648739124,3.360223851611118,14.949017753310452,2.644967012025028,2.5043879226201042,2.688678796112024,2.4550590904386884,25.951569966696706,3.940886834072047,0.438190080778153,44.42669091070189,12.351933729385726,269.30266101722697,0.0508333491990231,0.9793257643242353,5,0.008695652173913044,3,0.43821354628808046,7212.0,211,362.10493152431224,10.77174124872086,173.91797411522006,0.05084916128741685,3.3022917905026086,13.487792890673797,19.125125544319843,44.25203294542162,8.196618067758635,10.081915563957152,315.2461152361492,2796.9872537601204,4.708229383204319,797.7280112175268
1090,556.9323068882653,13.174983237729364,50.01816040216626,7.484865080603698,2.8442583430378514,2.6802694027453877,2.598569735230052,2.45671397765157,2.5145033106867434,19.495028035349314,102.78923734155305,0.15940193510994738,64.47733456027419,1.6109574223709828,129.57336639893794,0.06175907286616301,0.9296335668639295,16,0.05974563738538894,7,0.15942028985507245,988.0,14,27.42586938873679,7.291096147485744,265.2084081527862,0.060473479929969966,2.641833432402087,16.309497701862643,24.023102338418635,37.36850923826011,10.28929153974856,9.45179584120983,426.0275164297142,3795.355547962839,9.440697438826296,916.0320597089391
1091,346.93355214115127,12.818890191251505,80.62462295625762,2.595692970136998,15.068652171938547,2.6682942119207747,2.3781122142303803,2.4665137096301124,2.440054831342837,10.207065956912091,15.393213163297753,0.41076468602484006,49.13309187104033,1.6831764569844379,141.6669153447997,0.06485401875301836,0.9794791552192904,4,0.009109730848861283,2,0.41076604554865426,1986.0,27,34.87025947700719,4.601886825496817,162.51992950536675,0.06524538944368574,1.3209167162010436,22.29634918713436,26.84475209902305,67.69249944166194,10.448109894793616,13.862633900441084,862.5147471045672,3488.7276335462484,7.66929261362899,862.2477409107847
1092,327.0763447530357,18.614379439510625,56.257918367319604,9.9066408368932,10.227424809667443,2.681827637550251,2.135060284760071,2.5139650153494024,2.465608433864818,39.7450338380863,8.066780498397623,0.2897803799507245,71.60158651605228,1.1122271674004056,55.079416170893246,0.07971055100470377,0.9078418924551371,24,0.07654540076900325,8,0.2897959183673469,841.0,1,0.837352573521545,0.837352573521545,209.22596983779985,0.07823524978357725,2.641833432402087,21.103860884151814,35.85295334182577,24.931634066272736,13.593863719942394,7.561436672967864,1525.1617174113271,4068.2012990069547,7.955881360616463,863.873950197036
1093,581.5432769533065,23.841425118451042,115.0129844261896,6.788374855676805,6.918127332711496,2.6963752758760444,2.235320798497517,2.4605877610074014,2.390328868934324,24.334638152236117,208.31201977283607,0.3188555993646568,64.55022311246019,1.9214159220148568,73.35563406913786,0.08184355192319837,0.9652813186907319,15,0.028512274475007395,6,0.3188405797101449,1193.0,10,20.713484423742248,10.52229609954056,290.3092593673406,0.0800699019053575,2.641833432402087,16.362611667557005,28.860338299186097,35.43882087629388,13.168883773903145,14.492753623188406,315.71744866261815,3352.9473540543127,6.4820448144285745,843.9572092505163
1094,575.9351837494332,14.19901594343066,25.708222161589863,8.937805417175941,1.6750443803761703,2.6111484780638783,2.2142396518746357,2.2882619662443098,2.4280204813394524,44.90295248039539,115.05946547853863,0.42322162457498325,145.41452676939406,5.05923576497027,79.30464157771742,0.05443304559749536,0.9000076128478467,16,0.025495415557527358,4,0.42324755989352264,4418.0,36,48.37673370291229,5.566952329309494,272.59590016862546,0.05558127818392245,3.3022917905026086,8.591040214472653,19.54945976721323,30.570538527078803,8.27517322610436,12.60239445494644,461.0950333261492,3541.46617161575,8.480881792933562,801.5731190428883
1095,481.0750850545976,16.181407801903497,47.158081978965605,2.1998562415282104,12.01922554704452,2.629918682979842,2.1507256669458648,2.470739522052704,2.4947425927398115,79.62504042166823,5.976138342807769,0.3537495553937996,61.62899143470051,1.2264920746863037,59.17920264079353,0.06766512824951157,0.7721020248410049,7,0.015025140490979,2,0.35374149659863946,1111.0,7,8.112124371200208,1.9846672809911416,234.9924685286495,0.06829037078693093,1.9813750743015652,26.481299754973453,32.746427283194926,42.83384390833222,11.119547005767812,12.60239445494644,435.20316546478114,2255.720104392482,8.471209440937844,716.1263409941391
1096,656.799104114222,42.1786889053,36.41982365590256,9.803552343278476,11.56930591700363,2.6954415352484276,2.481885870154373,2.2815439489489933,2.4915128764220915,13.756416441628982,1.7871326581397828,0.46423148103697887,85.93815198795266,1.3849877536123463,51.33683799538448,0.09181841754252512,0.8495226970749165,9,0.025436261461106183,5,0.4642413487133984,759.0,1,1.1186516362898804,1.1186516362898804,231.01035183178564,0.08208381967074532,1.3209167162010436,16.07919778929313,26.095517416600998,50.90218370235454,11.811202762151256,8.191556395715185,460.3755521562882,3232.6738165352767,14.317526556719258,873.8958122327813
1097,481.4537705033554,23.03708755889525,36.72101348579088,2.6492624757395884,17.97043939068934,2.628896043070396,2.102191465788888,2.43315551952438,2.4268132770384256,26.05800208440232,44.81297279896438,0.4678829605014767,39.146944980944106,9.56193557326722,62.27771696075496,0.09797366127431892,0.5328945453620141,6,0.023543330375628512,1,0.46790890269151136,7824.0,61,108.98352510405168,9.287258330906969,244.0795739715724,0.09352821488305349,1.9813750743015652,21.763099164137227,28.055498965382274,24.849973424463737,11.403902661583475,14.492753623188406,193.1266948676252,2613.6126967399896,4.918490759365935,457.7266402702999
1098,501.4273444299961,18.274373181988928,137.1165924837486,6.2625510214650575,13.279161062469232,2.6820730274622084,2.1011027085710565,2.2899083400725027,2.4521691190596857,14.6457470694839,2.908647189904044,0.42073170605879984,59.44066028082399,1.2198805237138848,51.322190535771306,0.08548392258505985,0.5904094757099958,10,0.024726412304052054,3,0.4207630878438332,1087.0,6,8.190235780281828,4.541530569161413,197.7081263351903,0.07859338001957852,1.9813750743015652,24.093851096618067,27.014878968261044,49.5588446374018,11.376677005425508,15.752993068683049,349.1695885848051,1404.6583354978836,8.667244841319219,370.54686080633877
1099,340.27861781557226,24.126864459678995,84.92314097817967,7.257217382952908,10.747443612792857,2.6923353326541766,2.477141015271329,2.493159588674935,2.4214834235985623,38.45964401058996,22.645419963839164,0.3851920659923337,109.6621839181298,9.395132964773696,186.63926926738472,0.07763013510019778,0.965748809340238,14,0.03590653652765454,3,0.3852114758947057,6091.0,125,143.891517487723,7.3569336861257275,156.01850408687142,0.0796038746368406,1.9813750743015652,33.504761537036885,34.929445906407146,61.41120037505823,14.299572824457265,10.712035286704474,1672.049411395576,3583.205287725379,9.574614729634384,1016.8540177975723
1100,387.7436501866371,14.32104910518744,109.327762062237,2.0417873904610007,4.5944179053269405,2.649842182119099,2.4482426489630833,2.660797601003394,2.4476090811427573,19.650266622571543,1.4576682716155385,0.36616012511724494,137.88692685373,1.4070494349276101,60.244773400186475,0.08518835289514652,0.8124494105533591,2,0.01230405205560485,0,0.3661638568470867,1075.0,4,0.991653303593402,0.41806131170540217,189.27600323542094,0.0841072380657212,2.641833432402087,19.158862329468,29.67063242439691,48.00295229489989,11.708542648334543,9.45179584120983,387.4067961928862,4317.866451966537,5.4115163798060095,956.1039560583655
1101,630.8556608845754,11.209913105075618,122.24371466311632,9.164759963642595,9.10153220359294,2.6666745420398867,2.431592865096439,2.5350933431536187,2.4302536031639925,12.156406016522554,2.2024663035550307,0.33417475048653095,38.39966213618996,1.1922413501079343,64.88360540818539,0.03374608035244896,0.6915631171025758,16,0.07932564330079858,5,0.3341614906832298,1550.0,7,17.535080383521098,8.930327039895936,308.4527803223759,0.0354879793886313,3.9627501486031305,5.413702228156042,14.464648770244285,15.160295281269205,5.797340254721425,10.712035286704474,460.8358932900284,2072.2238117841325,9.706684619910241,602.8862947573872
1102,510.2291314985621,10.883340259212138,122.96116680286009,4.434589778898249,8.491215510183862,2.6711699837735483,2.2914989429168946,2.3896121820604246,2.4585062830382953,75.35757339422646,702.4509024396658,0.3480632317091544,73.67509926390922,6.829412830602553,237.80886045637146,0.07069111837500064,0.9128754682806897,3,0.010943507837917775,2,0.34806270334220646,5571.0,125,191.52532564304846,11.358783627089041,275.194428593264,0.06776670952337822,3.9627501486031305,10.303862140540563,21.02806761630709,20.503277416348887,10.261697786118635,15.122873345935728,278.0367493706058,1906.5057599626632,4.918490759365935,952.731849062388
1103,399.9975095544347,33.132003176212805,87.3186905017857,3.4109966215314866,15.383648436648114,2.6330127702155828,2.2902055500681353,2.581189030312968,2.434085795302303,18.844442929072535,97.67098456548963,0.20657086504612598,45.113196691655695,6.403650025785603,133.16225898116244,0.03317181752195255,0.5528085346801348,4,0.021532091097308487,0,0.20656610470275066,3207.0,36,71.0293676861744,8.63144353607255,216.92433443032195,0.031593489487199554,2.641833432402087,7.040857280921973,9.28540858685157,19.91283976542587,4.521191893839117,13.232514177693762,392.8839558885603,2768.5115863917104,11.396070970426017,459.73159741146276
1104,345.30769101952336,10.203939815351205,98.28546539087317,7.945986012331913,9.326672507656808,2.691261131497614,2.4864006620961585,2.4993120998678484,2.531035272290658,36.54761722871744,147.7120848826652,0.3700600427363623,75.2945078452012,2.5517972747785596,107.91919786609058,0.05623601646593787,0.9069370675876589,10,0.0225377107364685,4,0.37006802721088433,2818.0,42,65.97025621961957,9.788201616874288,172.74581399931697,0.05648247542176359,3.9627501486031305,10.059264258023369,19.768774423440043,28.51304548487063,9.150507933709598,14.492753623188406,679.5685921374561,3709.44253531205,9.706684619910241,830.3219234674843
1105,548.4482927846087,23.433037994355153,71.64683966116895,5.291983526314478,14.048665927614065,2.680859298529142,2.4797193699116327,2.456395733520469,2.3467660678834417,10.337890706385936,262.055722246117,0.49927151041152695,130.37723081046644,5.213395445115611,110.85421341375842,0.051497366978678065,0.6442951247879757,15,0.04584442472641231,1,0.49926057379473526,4100.0,46,75.15385211350649,6.278377154633041,270.1672080917991,0.05396842615704199,1.9813750743015652,15.257785229629974,19.94742404125655,45.247863904654565,9.378246416268157,13.862633900441084,349.1886377858699,3410.4949194968976,7.397274779952024,607.5775302101027
1106,594.2191461854534,42.83522782422941,27.124663120201788,5.153437145909793,11.218821897162552,2.6857064913410564,2.3742599370093638,2.6343146553117496,2.4887054095096404,66.09545659610464,8.614785959097311,0.29595923223444476,92.36855397673388,10.888049264054144,58.891630054001325,0.09011663870151672,0.9965828118307047,6,0.022182786157941437,1,0.2959479443951494,4216.0,24,37.951500196005156,4.951154481236561,304.19638637092436,0.0889277387426653,2.641833432402087,29.465175227440916,31.008429152348153,41.30094689735854,12.32499948647337,9.45179584120983,436.30231451548013,3242.9019186633636,6.4820448144285745,839.0655474998487
1107,576.5478277669035,22.636924194211144,25.31109747028551,6.99540667451829,15.652884417591768,2.6863448004128165,2.320077621326449,2.563278718453932,2.4374667776272996,12.647710441463454,5.097337813046603,0.24926457306346905,47.00161685927755,10.291211395161678,199.03594367013324,0.08498345186852196,0.9755453493786694,9,0.024253179532682637,6,0.2492753623188406,4214.0,74,118.18706928959574,10.612204107024246,288.69601127996043,0.07995984483004098,5.283666864804174,4.7411963875429,16.47867098391564,7.48025691288475,10.182852457053068,13.232514177693762,813.4988834269909,3972.1563313124875,8.812923024107548,935.7514202429259
1108,470.86447905124703,26.591657640994942,29.076317395713332,7.342172028449248,12.205799608290336,2.6631487747740015,2.178518596076683,2.636848281297865,2.435091874257369,14.75858986876157,527.515663945169,0.4984025602353812,82.91903088611494,5.712615400753393,183.88749539765078,0.07207444013969772,0.7287371788206451,12,0.03158828748890861,3,0.4983732623484176,5219.0,95,158.99697331706835,8.46988100588718,223.62697915647544,0.07512411816787837,2.641833432402087,22.77175786501456,41.70804871707556,34.78281714269292,12.651121328963571,9.45179584120983,198.46010496124057,3179.9484952675866,7.978845608028654,664.5400297097925
1109,473.42513609444256,14.260574560662208,4.48692188495492,8.024932460185447,2.3771561754528907,2.6283074845983387,2.3502184095313057,2.40142131281557,2.4145688804057315,56.61305357172538,42.30344856606871,0.34109171176611575,55.25043678900652,2.0522900992113886,163.24513203685294,0.06624434242156518,0.8919947530336234,8,0.022774327122153208,7,0.34108251996450756,2302.0,29,35.95899246127691,4.152465185194574,229.59549048926007,0.06497447688013816,1.9813750743015652,21.28522064805769,23.686694612676984,48.15152345422449,11.104474946354474,10.081915563957152,570.6475606970969,3045.5353369619306,6.672853666003136,874.9813031631963
1110,490.68256642797,24.55606609621743,77.97326614865828,2.047422656728168,13.857674822366555,2.6055896930911815,2.4183443614965414,2.480777720159625,2.4518161272429557,11.261405713965946,9.377969404440483,0.27025361690354144,105.01199251004897,10.408923550055762,208.86877563102985,0.09680542818363473,0.6418696199392185,4,0.017391304347826087,1,0.2702750665483585,4291.0,95,178.43641556205205,9.821239905728817,253.32502020116016,0.09126743798620084,1.3209167162010436,26.520576636825066,31.142622239041646,62.45286519314254,14.622291434651304,15.752993068683049,213.79210800108518,1563.4992452196063,6.180387232371033,506.81107534803635
1111,620.7705237702273,28.778527369027486,72.2677399335747,7.2903412833808545,10.061559845259636,2.6756088829461895,2.3861879632264267,2.417211494034996,2.409583250307476,97.86426655518476,141.97907149000181,0.495502494361297,52.69499872493732,1.9095047890321561,152.90528263110522,0.08030889466180638,0.6182705256008862,12,0.035965690624075716,8,0.49547471162377993,1601.0,33,68.83476172731865,11.464630007054895,304.17538063363446,0.08402871561123025,3.3022917905026086,28.10656450333218,36.41197780165389,25.95272084319679,13.377287650421003,8.821676118462507,293.2117940661451,3475.142661259195,7.681004942050002,641.7966087468412
1112,525.6846542104445,23.79041645869494,129.57828367877192,6.557050402023238,7.163518381793613,2.6726093190274303,2.1411504172698153,2.35351927839032,2.460899135910973,25.351246204884028,252.62260087990583,0.15421899174180856,67.53121437031557,3.0902220307042763,97.57785897877098,0.06907443075304276,0.5006382230314674,9,0.027506654835847383,6,0.15421472937000888,1763.0,16,24.11600574074259,6.104716984112245,272.6667442226419,0.07029981192675246,1.9813750743015652,24.220312678317338,29.81087934754976,46.60629424571522,12.440715220802698,13.232514177693762,164.87893685651147,1990.3772836866203,6.076507779746499,407.11514677888414
1113,660.757344984291,10.820169238843889,134.74740630535499,7.483705643669847,8.863962524922725,2.6508726429175486,2.2091252375458175,2.477476244517346,2.397929773952509,24.39863378287465,1.7021514295319227,0.27740426072802116,79.90651164083975,3.705056851735757,68.25633393704511,0.08697161768774479,0.8720222111431166,10,0.022064477965099083,5,0.2774327122153209,3334.0,23,43.54831268717992,7.728902801893882,356.32352205853937,0.08694432598561526,2.641833432402087,18.389724959294636,27.951249432251736,50.12654443223474,11.237093407528482,11.972274732199118,582.2969680181443,3511.034566534354,5.170882945826411,810.6193384898477
1114,376.79306405656763,35.92453720865809,75.19345404153262,8.246757564410245,14.43354260639276,2.64308031976345,2.3567618354152544,2.6283691354203262,2.3710626395921635,19.129375233560324,337.97958196245827,0.2541781466812958,52.986771129216734,11.437575967851588,161.4126904695561,0.04639271230140697,0.9122650208728329,18,0.04649511978704525,9,0.2541851523217983,4296.0,78,111.20007562265175,8.573519142573145,191.66043232064666,0.0472229602663976,1.3209167162010436,12.927783379794771,14.634355510751373,56.29717052722755,7.200398169830309,11.342155009451794,682.8279182896191,3490.953186216812,6.166576017115567,892.9139568642853
1115,401.02613981039576,28.521150377128148,51.253819450042975,2.073013523870917,12.773577998838533,2.6941956719201827,2.3432842828607447,2.5856561671710727,2.427705105121523,53.431014600494095,24.18044343536115,0.35584279047035494,94.03924586053695,8.098384480498682,144.58536253111546,0.0600238989774987,0.7774312834909273,3,0.010884353741496598,2,0.35587104406980186,5256.0,70,89.86990015752914,9.35145203024958,189.4621707422512,0.060117049349621005,1.3209167162010436,22.847637067689362,27.70776862993528,61.265676761739904,9.577620392967946,13.232514177693762,722.191794169082,3361.7103022021724,9.440697438826296,830.539228020735
1116,647.6311541605967,25.878834726518637,80.31797247641745,9.501346306126496,13.60321596167393,2.67510914741441,2.223694940439245,2.4648760865337507,2.4629174953985378,13.89236063140502,2.255421862000723,0.29758061883013753,69.65855651801284,1.913305250099222,122.0153478433021,0.05050571459291339,0.7205927236526517,18,0.030878438331854483,5,0.2976042590949423,1128.0,12,12.674158925414117,3.4606987040258095,303.12997742545,0.05182276370225427,2.641833432402087,15.711614106706666,17.624366282034547,39.902794132855846,8.404490480549436,10.712035286704474,247.6738817405823,2837.107257545124,6.4820448144285745,676.5167865976656
1117,551.3926899051743,32.522336890464736,32.325184312353116,4.316204033133309,13.657223597150585,2.638421589894606,2.1320647917573123,2.3213395529536522,2.5023739750520266,11.444954776704613,759.0087907882511,0.4613602935415886,46.14072899258422,4.442788302948206,263.9475062547653,0.08218124958067945,0.6733271137904888,9,0.029695356403430937,5,0.4613427979887607,5018.0,120,155.1433904777309,10.5772735845548,270.4279054830773,0.07788760483615553,1.3209167162010436,25.20707298618786,29.883953122859456,69.14771044069408,13.605513939999293,14.492753623188406,175.19134112945684,2519.5375292463395,6.770275002573076,519.7442406316342
1118,452.4654921838285,39.93428709616334,1.3953945277236701,2.0762785460587114,3.1090591745943095,2.612096088428117,2.2141659242907767,2.4862260795683264,2.4214873329927937,68.32376383883026,1.3530933899094417,0.4138874730818439,39.33152313235761,13.040439207225809,67.46954460732942,0.05005355942504911,0.8738802725651662,5,0.027565808932268558,2,0.4139012126589766,6803.0,45,73.18992199749557,11.297683955852818,211.7143975919618,0.0506636081258477,4.623208506703652,5.563445692224505,15.39852124040143,7.225151993843567,8.034287169171913,8.191556395715185,1119.477174612594,4174.611734952686,7.312732791431452,924.363772425391
1119,571.2059005682034,33.76335969295743,136.30336991633783,2.7777541322297,16.740156855068683,2.610095406025668,2.5458369684128908,2.687290055894537,2.5179725463125755,11.424980792853736,2.655251305203774,0.2691180681660867,109.8107963983455,11.836321579835904,243.54804011057809,0.06704136888336942,0.5145584675936266,3,0.013191363501922508,0,0.2691511387163561,4398.0,123,209.99492471033173,12.869414759246059,295.0150560407285,0.0678424586069467,3.3022917905026086,19.188292086314107,28.218059459108403,44.951431095068635,10.836435289644315,11.972274732199118,193.08793636426614,686.655521642664,6.579524642479541,461.405792409696
1120,421.40090457227006,26.200099957328128,85.15749610704162,7.6309424295745725,1.8346545332692266,2.681248088290676,2.1700236444860916,2.486849621922053,2.431512135835158,11.669569072363295,18.270107992471466,0.35667707815478766,79.05983820446124,5.136685302433338,110.30331867402991,0.07943525966136591,0.7870777278847785,8,0.029340431824903875,6,0.3566992014196983,4239.0,50,74.33923833393419,7.369330665033021,200.2807605262032,0.07510141298237416,2.641833432402087,12.603093566236804,23.14122046344052,28.816902915295003,11.906247548107913,14.492753623188406,651.6196891280172,2999.7080559515266,5.970821321441846,670.6300292222337
1121,364.16790238492734,29.650105172424173,145.88048841996522,5.409910499046929,8.97377873653242,2.6958904150551684,2.277451727284241,2.5448572534987144,2.465550891108962,14.45909359491767,14.74668031830352,0.2928167692855414,88.32628941424461,9.743324315955656,174.82843619607598,0.09162476755543925,0.674146031665082,8,0.029044661342797987,5,0.29281277728482696,4467.0,83,123.60661151121613,8.933533935240364,182.1172155330196,0.08769877885913047,3.3022917905026086,21.199608454276035,37.39489958334428,45.34624421875849,16.276607635629684,11.972274732199118,526.5921555292385,3894.711135286598,7.312732791431452,747.2496280224323
1122,669.0192601634825,21.117759827603045,109.48827081015625,2.633799761832737,13.644979507376652,2.6346143740309627,2.1827256882797488,2.3229658992893634,2.4825552803563884,75.1005694193364,385.229873578201,0.3865911214074971,56.66889491877381,6.318645970989033,110.29505259347025,0.09424743612117177,0.9792936541374236,9,0.030168589174800354,1,0.3865720201123928,5502.0,49,66.36204548084712,5.859972786143082,312.8138549974685,0.09711010511914085,2.641833432402087,26.853489799328592,33.917439278646775,49.50992859019029,15.592117812116886,13.862633900441084,506.76739491390197,3316.4835535049774,6.955796338302048,859.2853860905733
1123,453.2267637344648,16.254581191440348,22.00590093696021,5.710550324884179,4.417550851295928,2.6840770280501034,2.5446007286506416,2.333745945055627,2.3853700600604575,28.58016358400543,28.111932089185604,0.43750896057242594,34.879697720668496,9.457610239080807,218.00242074409005,0.03135611290522407,0.7074018864460934,17,0.06506950606329488,5,0.4375036971310263,7394.0,171,282.96617978264015,9.0420580025172,229.22806956404338,0.03094055712586671,4.623208506703652,4.968377225345506,12.49596463550273,8.740387444736633,5.5802616378511525,14.492753623188406,551.388845469016,3496.53789949344,10.02925341359355,677.9309024729273
1124,383.0146018015875,20.274396598937404,5.217102184673977,5.798106618342742,4.0277669850491105,2.6855805592416484,2.3796995916703,2.4662318637678924,2.4713696858687246,30.51208848006436,355.3243102403671,0.2767843931964995,32.050092488041905,8.91100648930965,208.63508922185088,0.046315948194162224,0.9572597946622177,12,0.04123040520556048,3,0.276782017154688,4668.0,101,147.65110966364273,8.391618203040869,189.16926932974442,0.045912928213593156,2.641833432402087,10.665308120124747,20.53508089633959,30.815439786699798,8.096487835192947,10.081915563957152,640.6084654422607,3563.3316578080467,8.595330753130963,920.811132888433
1125,661.273486767647,14.799493690883141,90.20055481009531,9.044949838479031,2.421293486936486,2.693352406142523,2.4495392540281045,2.635913887614518,2.45271023593065,20.686924988007387,2.1299709235258524,0.4161997157574753,102.29192994564275,1.3206861944760822,52.93411102626755,0.08035736603929657,0.6920260100816391,11,0.031824903874593316,3,0.41620822241940253,994.0,6,11.399508159440366,8.429717911186167,262.84754298990606,0.08331093681018206,1.9813750743015652,29.786980319713365,30.652061748577715,57.28122124032024,14.177008974988807,11.342155009451794,430.5162098980422,2515.561569972743,9.970592309450115,531.6950856291907
1126,397.2424508897881,33.73718808009052,88.84064908489336,7.6583294934713155,8.18194383570723,2.6906187408794073,2.154838684533745,2.308822163862865,2.485743004326441,20.78812197318286,6.554950643015112,0.2388359285589107,82.45003067374384,2.7967915996662667,281.4806964435573,0.0334636929500763,0.8590787159946565,18,0.03430937592428276,6,0.2388642413487134,1481.0,36,57.43747096998731,10.002801790414381,193.35862654318427,0.034399625005871265,3.3022917905026086,9.63903285692449,15.840050735457968,12.565098628628435,6.655550497353155,9.45179584120983,1314.3243730758604,3945.542115089711,13.398760233979036,878.7425347380707
1127,609.1706551996258,24.86366179666145,11.402549592997651,6.458185743634757,10.426596555479696,2.6392759889046227,2.280697967098655,2.612149362803601,2.397304814479151,68.02018179446257,15.562813260205644,0.3362054997625633,88.70926951810799,4.309327392960125,186.4150636530513,0.051610095489376964,0.6386971391189298,13,0.04803312629399586,1,0.336231884057971,3127.0,62,87.25029578536973,10.886311293979462,307.22229917159643,0.05184313350811366,1.9813750743015652,18.375813593084395,21.39167472478543,31.634890266315733,9.283988869045178,15.122873345935728,237.8807964628595,2154.8459572996653,7.225151993843567,543.9754765758805
1128,636.4151764252365,19.713828866750646,22.060540978578103,2.1866889180330915,13.245357804190322,2.6268499717067306,2.320715108221236,2.451686095911872,2.412389170434189,11.654360441827533,600.0487095811241,0.18132897099728285,101.85279345584959,9.927067871414186,104.46776828753056,0.09933256176172595,0.7580663246939431,2,0.011180124223602485,2,0.1813664596273292,2958.0,29,35.356158201115235,4.623502797743957,340.0307021924316,0.09594719609162104,2.641833432402087,31.00860561855306,42.766268794814515,38.58948343372788,13.00845378410214,11.342155009451794,374.17944031466794,3030.7650450360857,9.362019972601669,724.1948336273576
1129,489.7428450560245,32.66814252753487,77.65159278178136,8.80999198600011,15.732882164049313,2.6706170774843803,2.442827270239634,2.669723246450033,2.437894590363456,13.200273916182065,4.172918117041607,0.33366367270546904,42.53007008577172,3.4461961547405044,290.21440151632925,0.08647234819710356,0.8962077302742923,11,0.05075421472937001,6,0.3336882579118604,3421.0,89,125.80767022570053,7.950111097185765,236.9916420408855,0.08330470682293843,2.641833432402087,12.011719781360886,24.70787431895078,26.559576609469566,11.932368723542023,10.081915563957152,1068.324391460147,3760.510476720071,7.953106252707287,836.3081245035346
1130,399.3055203165118,19.00054218261978,92.61025648175692,7.570603922477045,5.018572701485128,2.660406469841468,2.109169157737694,2.3073715835042123,2.4699116613450234,16.560899811581002,9.231690417986053,0.3529143185638591,34.87881344325572,2.336995225939614,145.6437138819098,0.0745847925980721,0.7645105983375884,16,0.03969239869860988,3,0.35291333924874296,3210.0,48,59.70600761418765,5.687517993043273,200.9738544826567,0.0737051631511288,2.641833432402087,24.65115166040448,33.645493039478566,46.179348379404274,12.339262476837328,14.492753623188406,535.449492889485,3926.0616179039107,6.180387232371033,821.8453483481968
1131,545.7113731885909,10.32621786381962,81.16384517239203,2.4136049576358785,9.683210701817647,2.6358132769421547,2.3942936634735315,2.403731468709511,2.378455790949647,11.246371989979092,909.4975991285149,0.4867226189024074,43.47502311977044,6.8095868782402516,103.69317355604576,0.0466707996349517,0.74735703950936,4,0.01567583555161195,1,0.4867199053534457,7659.0,73,99.93354286314346,7.073831287361262,271.6392730499651,0.04550893442348082,1.9813750743015652,14.40470695011493,15.60291625868804,42.129513709047444,7.106104644889836,11.972274732199118,358.44892852752196,3300.199973015087,8.812923024107548,733.0489036614795
1132,346.86278667266504,11.273013000187442,55.365536044020985,9.992488808352224,1.801946154985505,2.6059936175132146,2.2487794839011093,2.3424609525647795,2.4263706300208185,63.09341951762697,253.3556639571237,0.44878111564708856,91.51575981768582,3.9941022302138296,87.3161356146017,0.03910379179063471,0.6520942863841312,13,0.01963916001183082,10,0.4488021295474712,4281.0,29,46.88805233897481,7.477288385103687,161.3109397327638,0.04000017274324207,1.9813750743015652,11.842059809955323,17.271926151758834,60.334002506031624,6.728491487582628,11.342155009451794,413.366904693778,1935.299775828924,9.16673261302142,646.3724999182773
1133,468.4634028368628,49.91267838245829,122.7674998387432,6.765974928553797,3.4623915195551986,2.6089356582061853,2.5325313163118635,2.621247805555523,2.437082040844003,73.14322244872723,66.8796922733484,0.18592318292546034,141.86539530320835,1.8501394639008255,222.51836424632643,0.0811878361903364,0.6716750570088534,15,0.031233362910381545,6,0.18592132505175984,593.0,10,20.415017982720116,7.81658600880687,236.1805950572604,0.08098192828746215,0.6604583581005218,34.10300641737251,34.10300641737251,94.97172702917375,13.84248691488684,13.862633900441084,237.68344424280173,1670.7709310516718,6.3822970643713965,539.4420596233696
1134,502.87343501484173,17.42312454732268,10.502591105654696,5.58182838809541,16.931446387110952,2.6234686902743016,2.1808555557602225,2.306577786017688,2.4839530939808494,31.559697676222385,46.53745976357065,0.16326859529983984,75.62274639311225,3.486524367718314,159.3635393167733,0.046795677814368164,0.7262708932973831,10,0.02608695652173913,6,0.16326530612244897,1843.0,36,61.27378012098592,10.565644514951018,255.98460699007336,0.04938015866062543,1.3209167162010436,14.550285211134426,15.552206303523828,55.78040897435412,8.023762407680314,13.232514177693762,328.09510730644575,3216.228286916686,6.955796338302048,680.0035021945353
1135,571.4315865243484,24.15349240434763,67.09084323457756,6.649777685448961,15.689300697159116,2.6311246841800484,2.3898049657803777,2.453294869222639,2.3526724472534752,13.82962311692503,36.65691213158333,0.1715002612888284,87.78948433549373,2.45840172611469,55.040796573496905,0.08273222439918484,0.7802291590989199,12,0.04194025436261461,1,0.1715468796214138,1016.0,4,4.787312980005865,2.2620918455550365,268.2189002028632,0.083395499783441,3.3022917905026086,15.434659324955671,36.714604026202196,11.340070282773887,12.26850299845573,13.862633900441084,385.03817931729384,3575.9871374875365,7.088197654504575,796.5203764334651
1136,661.0866104340945,12.924093005873242,123.60103757263303,7.980248124301407,6.824095639344961,2.608403746998786,2.3899619397983343,2.323090916860277,2.4411658068785007,46.277244126296154,22.0032092191811,0.2764068313088843,66.78369397446546,2.216767789067184,83.71532698345486,0.031307650756945,0.6913698177554641,13,0.05270629991126886,4,0.2764270925761609,2087.0,19,23.448381525052525,5.737370012627375,311.5977067686228,0.03210823793032847,3.9627501486031305,3.8462033809522618,9.66783991088286,9.430270110738945,5.865419589869598,13.232514177693762,347.2704362444048,1920.944963463763,6.180387232371033,575.8539705856081
1137,373.66342902309435,36.845019933497355,92.31261545509744,6.55606281624302,4.32296532375223,2.63246081162512,2.229608788261836,2.465860286676135,2.436168797346429,21.156953594161426,289.97394297309046,0.21010356579690095,34.44239238507424,3.9021286485032696,156.9728017724765,0.036056821146299364,0.5484081718391463,13,0.028157349896480333,5,0.2101153504880213,2733.0,40,53.84450072412485,10.512862298060947,192.19419537644012,0.03448222511961192,1.3209167162010436,10.0061130396539,16.2532444358696,42.85664476304646,5.590758818086408,15.752993068683049,373.4145388007628,2652.3211481544754,7.399277020331919,563.6583759370923
1138,513.6566120940136,25.440240754266554,133.3604223599363,3.3058968087968115,5.819763069692066,2.6952514794932494,2.466354652441998,2.5058714692390054,2.5034653888096416,15.52038847533522,891.8929074100016,0.3534316413981336,59.84656635416156,1.5240518598273898,115.68358886168619,0.04469446854563873,0.8732222660347326,7,0.0362614611061816,4,0.3534457261165336,1251.0,14,41.359561605994244,11.112895994858857,241.82908879700875,0.04399188219067616,2.641833432402087,11.784057111312002,17.199816773044816,42.47471734404584,7.953089080695767,7.561436672967864,441.4321046519766,2617.909499378299,9.146477870667455,743.1725324598974
1139,551.638057054694,13.673488053026203,143.85386585905528,3.176834412504249,15.96977541383576,2.689905846622862,2.4763217406718607,2.2481288763637592,2.3685229594663757,14.18536724881684,4.367963380561475,0.34823201084479466,64.51388910333813,4.709280838642133,278.7141380725015,0.07649738541950843,0.7325764092016933,2,0.010943507837917775,1,0.34824016563147,4602.0,135,198.0120444369236,9.751041130889769,264.63481757026653,0.07659654904565397,1.9813750743015652,28.09207448815845,29.430113102097078,60.984692424996375,13.832455355647497,13.232514177693762,589.7629741625035,2680.4729872360595,7.978845608028654,640.7392470415073
1140,366.3814567639149,15.630270722955867,18.191108809813745,5.405820202437735,8.762596254942487,2.6678084893433596,2.5961043252613822,2.6695896976196187,2.384871264040825,64.43984162805437,39.95693858064979,0.45981033650392633,64.06987670107694,6.105742304355722,140.4062960372638,0.09802927841189167,0.7925088505029463,8,0.016030760130139012,5,0.45980479148181014,6407.0,103,164.98966308643475,11.564548893417593,184.08665844525567,0.09080345815122197,3.3022917905026086,26.398068839461047,32.677540190376455,43.59984679204272,15.1213815705076,16.38311279143037,380.52598608208405,3723.0679252991113,7.4843372931962,811.9412726174132
1141,382.2076997770907,21.868310573750517,128.41368193027657,8.263361302638263,2.8907711763484825,2.679677092048508,2.213198273949313,2.252009779028782,2.446954148143171,26.359162389880908,185.0894296838453,0.4173852984878511,142.4909723243079,3.0367205049986024,74.53874408749228,0.08505816166751756,0.5641064494573227,11,0.017923691215616683,6,0.41739130434782606,2536.0,12,14.70241403404164,5.435953198857905,179.73829558873567,0.08062355288304826,2.641833432402087,18.100187541752124,37.70600231776929,31.17838285842148,14.743957196872383,17.643352236925015,74.41494797274126,2949.405286404495,4.911654718753844,515.6306183237785
1142,336.57430125139854,13.633861856296727,42.150534853430166,6.569719393629257,13.49922512385079,2.605687410247983,2.187270273285198,2.6636906193995866,2.4740265055743267,54.536218440802514,266.5169933690795,0.22241937434031528,64.06478157616473,2.2005011676636728,117.56189072965957,0.09899452636612707,0.5287197455502348,12,0.027802425317953267,4,0.22241940254362613,1687.0,24,38.27186264669817,8.382030258918391,167.22312543674514,0.0974901389245104,3.9627501486031305,5.859423971397234,24.041469668400428,6.279276297087536,13.625789793618573,10.712035286704474,320.4347377395477,2739.304384644308,7.735777827895049,529.0961267977888
1143,612.3356088708035,16.93918979177506,9.558040870743723,3.688969694795267,8.576313711361648,2.6015690033674024,2.598781585961412,2.6748471573960906,2.440258624135331,42.771947851476206,2.0191155803181875,0.34973152743234026,77.06335223043938,11.125014272606393,172.2008055830231,0.06246343628252012,0.556382055381532,6,0.022478556640047324,0,0.3497190180419994,5902.0,98,170.2114537652903,11.773760207321274,306.3564005543186,0.06436683217917946,0.6604583581005218,28.292582449392953,28.292582449392953,97.6292539758828,10.3815953666217,11.972274732199118,202.02990762429854,1084.1060355474285,7.978845608028654,443.33645999367036
1144,582.2080638329957,17.789177717047234,126.81661202816802,8.337268101170014,2.5507921539440743,2.647875809153237,2.104503267906999,2.2203154030493977,2.4364486744090614,45.25613451056656,110.83712832816992,0.3582963896316234,63.183612185107904,2.962033447568828,103.88291703097063,0.060697010275726465,0.9505397941631062,13,0.025791186039633245,9,0.3582963620230701,2643.0,29,51.50485545601199,8.182097246489565,289.26808769065605,0.05753271822267244,3.9627501486031305,12.577671302593455,29.39870266956644,22.348933397700026,8.757801457601124,14.492753623188406,520.9450476567274,3676.641554084934,8.51907589177983,888.451308020719
1145,473.790604112904,13.19793429458378,95.24843251108433,4.873282316008493,14.520713544901437,2.6741301185096815,2.256487454145247,2.257810688799715,2.456502171663734,35.33516898183198,4.247770480606214,0.21110798575657003,32.069426326153526,4.139254281798566,235.82324158621006,0.07605382142812672,0.6663528724812917,6,0.010411120970127181,5,0.2111209701271813,3352.0,89,128.2829443622478,10.0772126060242,246.77381497696842,0.07179537757280545,1.9813750743015652,2.5469945736438913,22.324957484594044,5.292567428401227,12.894006339744497,11.972274732199118,590.4990230928314,3510.9547157119528,9.901487006738307,648.664947724642
1146,465.4924578321726,46.21666953980009,37.930617588318555,2.4646615222437713,16.260155120674753,2.651599565960328,2.1128820089707516,2.2202167773961463,2.4659748561170485,14.644401787470509,82.91248376756936,0.49335900019258716,99.14445606032758,3.228975649625555,53.18519296361741,0.06490383928772954,0.9200886447592065,3,0.026205264714581483,2,0.4933451641526176,2728.0,19,42.79181099420095,9.694047548957808,221.79074751114217,0.06634174116811534,1.9813750743015652,5.749127439948134,19.46418142780458,11.170383851240114,11.186342006614433,10.712035286704474,1040.3807619254505,3688.541438423939,9.640875829802336,789.2256645040794
1147,535.1492822913422,31.053878206848985,94.19332127741588,4.129663609576606,11.31905795835018,2.6916175969092544,2.536437831028688,2.259944015757987,2.434311082614542,46.54963890918811,345.13300814086625,0.37812072530749297,56.056245000540144,4.212900716879607,78.12740612397765,0.05904944794091149,0.9037222507681543,9,0.041407867494824016,3,0.37811298432416446,3963.0,32,40.69088362957244,5.4487674032931865,249.21554015452233,0.059375836736300126,3.9627501486031305,7.878691988476875,17.587185492460407,15.903244202951496,7.115787093221889,13.232514177693762,500.78265319267007,3349.00258911309,6.6755811781245455,838.5663134834781
1148,654.0742222517077,22.84200195526942,32.52585923376953,8.652853198470563,2.25207615198621,2.6689834757064284,2.284989422911398,2.346254635348591,2.448550586333053,13.107997487939794,64.65237134796686,0.429078570404375,57.30481304614757,2.948428727133622,76.58254799266591,0.04185809641120178,0.7709673923844562,11,0.037917775805974566,5,0.42910381543921916,3012.0,26,45.337856249666366,7.680002149051263,324.30265342570135,0.04194671611735953,1.3209167162010436,16.208859420194994,17.774572960267136,60.1361144307386,7.635332029663021,10.712035286704474,433.0983701671373,3121.598563770309,6.4820448144285745,663.7284884041809
1149,527.1687208228216,37.177946712504,123.5985764648181,8.611775571211986,6.477772039121924,2.609724568839817,2.2100268658357995,2.357979793593797,2.4631428399014776,33.66248874908018,1.6814727780848373,0.2345947747246429,35.35901035154625,1.946474721970858,73.93608693000319,0.0929699869167016,0.9396815158988346,10,0.030582667849748595,5,0.23460514640638863,1533.0,12,21.493584940119163,7.862452084328422,310.3023049425425,0.08849431667342605,2.641833432402087,6.494355861272508,22.486764110267544,8.227579655632871,13.301282230085752,9.45179584120983,592.9537514512275,3618.379073744599,7.735777827895049,890.3188476033711
1150,484.46549860285967,26.38238609042816,144.46888482515237,6.419046394031138,6.614286227490027,2.6469426593468897,2.2282532590990396,2.5212428967173084,2.356421213530988,39.597241972692316,1.0866126799423965,0.33470859965670896,88.92790378434863,4.5505343754041165,176.88113661533296,0.03794328381041506,0.677816316312233,14,0.04625850340136054,6,0.3346938775510204,3149.0,58,96.24625921566884,7.105911526644038,249.00662725042298,0.036930144618524445,3.9627501486031305,5.222539912719975,13.638135392432503,7.270141938249985,6.804276554022775,13.232514177693762,324.53807100870785,3651.245991571268,8.51907589177983,649.1770285034904
1151,583.1180728998927,12.59873442505846,90.06020784105957,5.105586763316114,16.499682172629512,2.6337144304078564,2.4431038613841944,2.5630919110846504,2.4515667341757084,11.790945330395369,5.055555610096941,0.15728933447705273,126.86282203432842,9.654968863192916,82.21123477143126,0.08647036452718795,0.7966833118292214,6,0.025140490979000295,3,0.15729074238391008,2659.0,26,33.08695515223198,4.769437122930423,272.5982085230515,0.08607381239126313,1.9813750743015652,14.141842065020732,36.86277437096548,18.29923496393627,11.254431897400238,9.45179584120983,555.8492752871007,3474.061986184811,8.444016491289505,792.0208003199429
1152,400.5586457581329,13.903592152882643,33.200088851783306,2.7713004429823522,10.308468782313534,2.636515381940974,2.3772313471112816,2.5491847287345153,2.4760609746492928,50.8502795566748,203.7286259868815,0.15248501703540562,30.507983171249368,9.006806897007205,231.51919224032343,0.09596943751786507,0.9410372719382064,6,0.005737947352854185,2,0.15249926057379473,2578.0,52,89.17340829673438,10.359555570929789,219.73822081045998,0.08463889390742735,3.3022917905026086,6.631707374184832,36.954736530315245,6.180387232371033,14.530672846836469,10.712035286704474,561.1196374999131,3563.431077713639,8.291859587312052,924.4706853487389
1153,382.8456383722414,34.26967326214429,130.51339104792504,6.311884085090132,7.0652249714674,2.6245484545716886,2.266866958270737,2.514497395272198,2.350169278768048,11.543673809500225,218.71518669080976,0.46194467319175037,47.65032310174941,1.3491412672446668,59.436045792637955,0.08865812757649769,0.6081279250308556,8,0.015498373262348418,2,0.4619343389529725,1063.0,5,10.695459144171215,5.195841451663109,187.6280193036721,0.08531486857992014,2.641833432402087,8.350428887177129,33.81642227295894,6.769583408855208,16.324866170491344,10.081915563957152,336.5631533082311,2455.058795424328,7.653839504433601,566.7908950644749
1154,480.2162603407315,10.447244774503854,48.63823988708263,4.934516889774897,17.40959254015248,2.6201809058784797,2.585640566168655,2.3613063631034223,2.5280954064501717,13.646616276347208,793.9490547796843,0.4046710239834752,101.98367947067119,10.75091389240682,54.27080754984143,0.0505828602723406,0.8286286066625385,10,0.026027802425317954,5,0.404673173617273,6673.0,32,64.32176205472499,12.608260055334688,236.80475440345182,0.05328671393280353,1.3209167162010436,20.19276869006953,20.724152413047477,62.93740648389564,8.604021132767045,17.013232514177695,311.34960727133875,2430.5119994284196,6.282549314314218,749.1867095369022
1155,461.8922767345075,36.376198381248365,61.15791855188278,9.557918129764722,1.742283215627259,2.6412376976891174,2.3823541408122937,2.3966139442716967,2.50333678276753,34.310886589211556,1.1508575065234283,0.18033564906396513,66.06976660490396,14.981364628094124,65.0228714011316,0.06491988561024373,0.9813381304613881,19,0.0375628512274475,3,0.18036083998816918,3049.0,19,22.637174728901243,5.0186512039643425,247.48906156136906,0.0660718274530544,1.9813750743015652,17.929021390632776,18.91316667628833,63.61096818291911,9.114913919750588,7.561436672967864,914.8396558528261,4152.591100816683,10.927469853440815,1000.2598115577655
1156,611.0613956834022,10.738993455421534,111.70880939389711,4.138765907134962,13.251778992216124,2.6092669046733232,2.402511008261825,2.2062018967295236,2.423906883555032,22.5375016316912,4.562492336705176,0.16882469815724602,43.929934914968776,1.9087280471776102,184.2825910330288,0.07118138371793298,0.5797404595570705,4,0.015498373262348418,3,0.16882579118603963,1364.0,36,67.15919908795269,8.198855720583818,326.2761342104516,0.06934986294358733,2.641833432402087,15.584744343338127,28.641924390876177,25.25710500041906,12.712774529873304,15.122873345935728,328.94406586026435,1954.307399917795,7.149842502437647,382.1147017532555
1157,572.0701669528057,38.960458958820794,98.95318116244246,4.744457327255578,12.70049485350128,2.6121305833848787,2.5103163384395426,2.5741551041588377,2.3470807122167527,27.742810886417903,32.175000135247444,0.48455477555405846,42.787818252036374,2.0379318521404897,131.25268320051003,0.07687374153144266,0.5582965846743336,8,0.0375628512274475,8,0.4845312037858622,2817.0,39,55.60796896103571,6.209764578207227,283.49963325661093,0.07810386498272964,1.9813750743015652,15.849195769314049,29.957534145261494,26.123866405607867,12.773175374918846,13.232514177693762,260.34307154380156,2693.586007585315,7.978845608028654,563.7302955175423
1158,344.28505394761885,23.187742218518956,93.39741721957073,2.777499112107982,6.9155646562544835,2.699405117001629,2.5243395444540693,2.4899404367462066,2.4193503225227095,13.390350419912027,22.72042355128996,0.18663933873438385,30.5112687889686,2.06479518974168,126.80359056926653,0.08306719527628317,0.912715167200862,2,0.01230405205560485,2,0.18663117420881395,2066.0,29,59.507866856055074,8.703484379702958,187.2657534199655,0.07658922426060129,1.3209167162010436,29.85167043013874,35.48970901098922,64.98528101838184,14.448449138037644,5.040957781978576,1805.262594848484,4219.4542424479005,18.083354279085576,937.0470032755751
1159,623.9924588846035,29.634901774379955,93.0722844818731,7.223963618329882,9.566653436626547,2.6991181026232978,2.410653612276828,2.3775511193371104,2.3316887372916635,58.69082609624969,151.49148576746254,0.27040540040022765,96.52132143292927,3.752482047979416,125.26137487787693,0.03520584857744781,0.5722309597487789,15,0.04448388050872523,8,0.27039337474120084,2074.0,32,40.19353441381029,5.107435944449593,303.1486326484295,0.03458004114375494,2.641833432402087,8.267923375505703,16.14960153818713,35.457151875086744,5.86801329758794,17.643352236925015,245.1664857032938,2226.8002445647467,7.394768160968448,482.4009109995263
1160,375.3610185922215,22.42144576998478,123.18787504960044,7.241119064157176,8.168555170487314,2.6967940465140248,2.4554718464812004,2.424904236443637,2.426773289978162,85.80156155470152,739.4189575111046,0.40144116434246213,89.83823484582305,5.322430319399788,157.27758734665753,0.07490401629276243,0.5847278801330817,10,0.02738834664300503,4,0.40141969831410823,4159.0,72,130.86100469341847,9.714802853993435,184.3962932100685,0.07016819967081894,3.9627501486031305,13.161103920722374,23.925700765858686,12.635781895007426,12.472209876854743,10.081915563957152,378.8475853532531,2206.108291894583,10.834852875531007,532.1009076602518
1161,573.9556236540301,30.16187446647316,123.64213601579098,4.557672831479645,8.987220089964822,2.662793823859576,2.419490474030653,2.5526255098653277,2.4594914180098617,10.23423532266382,181.3979506770751,0.30974453084262155,95.99773380484477,3.7985963154917055,237.36335746955217,0.05935726551547693,0.9461364615454186,8,0.009997042295178941,5,0.30973084886128366,2211.0,56,77.81325372360153,9.840769109372879,301.4407154753251,0.06308921509436251,1.3209167162010436,25.286074456916477,31.299210241234608,61.807879448065975,11.188003882234003,13.862633900441084,501.99386621819866,3680.890486678362,5.955491438982145,870.5602376111516
1162,463.37106843982974,10.212969703968858,44.77220442188423,3.937356870355516,15.397052838891625,2.638827346295702,2.430545859729229,2.5414411001018387,2.365667666026094,20.197222392075197,53.07041272965494,0.21960750686834896,43.70139350601722,1.739392518300304,142.736920676469,0.08584787668309013,0.6633538856434089,7,0.01774622892635315,3,0.21963916001183081,1586.0,19,30.05634495580842,8.37020643594558,243.9051125901155,0.08549289720532506,1.3209167162010436,27.368348867492713,35.41620687349059,54.900844296203886,15.46323077528334,11.342155009451794,247.91175218225894,2943.7227756781404,9.150082166946682,596.2096382532092
1163,410.7308889131386,42.33738372798266,106.45246332525574,5.927201031441925,12.91408640661684,2.609037834016617,2.212452677527362,2.2949368943594877,2.5146790660047666,14.831718472558606,23.37010148120813,0.41836801052805417,57.000400975621204,4.097367118707984,220.98748398342434,0.07662021852611045,0.9486055556479756,8,0.024548950014788525,5,0.4183969239869861,3416.0,56,89.44436818871667,8.293273622067478,194.57781403998828,0.07331093331944306,2.641833432402087,17.592912453779483,29.905676317555468,38.88926781798052,12.912888370600763,11.342155009451794,1444.4890957323455,4324.91745508674,7.968840718972243,916.0570630604028
1164,568.6908728816155,27.09579388621393,130.1578462220443,3.5482743476970873,7.200943020081216,2.6541769059405045,2.1375970231788948,2.6880769838190326,2.3940158665317166,84.5196319448293,2.7437560146286533,0.33560036974451196,75.42459568853177,9.309992635729419,67.68447439198013,0.06305091274918244,0.9557327685431635,6,0.025436261461106183,1,0.3355811889973381,5418.0,35,50.96945820230668,8.391832199931265,293.24759996772025,0.06449454330989592,2.641833432402087,8.108989002052626,16.829676960145676,16.7917686321362,9.38938067023341,9.45179584120983,1320.8694205994052,3736.103597121443,10.341765891652821,828.3371932517712
1165,566.473872346236,22.46292848730496,139.00564829908245,3.3110011675609314,3.256524074033948,2.6877169943298918,2.359857087792005,2.2306990719939064,2.4079959714734573,71.38021460694846,188.55843897717781,0.23848755962720847,30.75275908105644,5.766915166446505,252.1093112053609,0.05119008147956946,0.6290839432694468,2,0.016563146997929608,2,0.23850931677018633,3963.0,97,129.7049228377109,6.963700317223092,298.4523365046801,0.0530867101672428,5.944125222904695,3.450014940096813,14.962996563734896,7.399277020331919,8.140303276825493,15.122873345935728,272.4323446882266,2207.1633498349006,9.058888003735053,546.6151367984394
1166,649.6760792302149,28.46468199701734,73.02564778323462,6.364337885684514,16.834357450521463,2.666612161718522,2.1017037990678267,2.6275664521059756,2.4440637385680475,33.33053412560427,312.0875198603771,0.42232997923183746,54.42350253302483,2.611599978586589,128.11735870877735,0.040034430684169627,0.6812675862811554,16,0.03578822833481218,3,0.422360248447205,2324.0,29,49.66604014224907,7.1727914325886575,329.5328592679356,0.04028485747528622,6.604583581005217,6.812462509834173,14.69618556284957,14.603288951478758,5.616041340776391,12.60239445494644,209.92464341410982,2516.1398571690243,7.312732791431452,568.9314238554094
1167,562.7485261823283,16.650220004051228,65.99092057613159,3.9309091323107506,8.818376682845253,2.66659769673282,2.28490348814914,2.5569957018745946,2.4249312769164177,12.116965132714354,90.2783364622861,0.3265617593438811,112.9920302519736,4.998562635187577,108.0316114431299,0.09704118652081724,0.8644993472146383,2,0.0044365572315882874,1,0.32658976634131914,3488.0,34,49.2004205944395,6.961558131659484,242.70855590559688,0.08201383987288563,3.3022917905026086,16.477778546774054,28.366227397103927,30.52886088189566,11.720821805111115,10.081915563957152,564.6110682500727,3576.5451431331485,8.848894735344253,727.4480941865835
1168,472.1832302166018,23.395851666802496,121.50401435308324,5.9033131710480635,7.271391650702528,2.6972704727398584,2.547737564386986,2.4105319497978672,2.5379649288861423,67.4985184535445,36.12567820146457,0.40265712395181275,135.01209702310499,2.3440806408318315,229.05095695870347,0.06732083955105742,0.9702600977175677,18,0.04324164448388051,4,0.402661934338953,1586.0,36,62.558316734538444,7.996840318989658,225.79959839449896,0.064598890144363,1.3209167162010436,13.690230348255385,19.27683795364719,51.495624807870506,9.189754672719962,8.821676118462507,731.3757986119024,3399.5573272381102,8.399883361738976,939.3000251470152
1169,381.21810372403314,49.055081922313185,139.58259244703757,5.9397951308241845,15.528276075388984,2.6182725975213414,2.374484349087448,2.2222069375245335,2.34946759104619,72.73195068872253,2.7887489731046293,0.4339277458655163,32.759905328940256,2.0969682467353907,61.343958316359576,0.08357994609102298,0.7855940941269086,7,0.026027802425317954,3,0.4339544513457557,3243.0,17,30.188362509853704,5.105658906846039,181.5145724937341,0.08373571244505426,3.3022917905026086,18.701376732869914,30.401899467788546,41.55132756797165,12.490315773347966,8.191556395715185,458.8757773583666,2844.238370334202,9.640875829802336,803.2733610878471
1170,387.6398678471628,22.651388028723087,65.72160612916795,4.620189655154125,17.30812408596078,2.636631957276737,2.449544698717808,2.52901951136615,2.44565330225279,39.35722800939966,29.778678727461426,0.4600876447919565,69.80844171187907,2.9002091946952393,64.75264446062903,0.049062434853428316,0.6005570440456223,6,0.0129547471162378,2,0.460100561963916,2808.0,20,35.07672659694919,7.27460726205352,167.54748693391304,0.049008087599910294,2.641833432402087,9.639396736867138,16.6500292718529,29.394220996436356,8.713973805280537,16.38311279143037,321.58791529035796,3008.104127931466,7.436137146253067,552.5162951598086
1171,545.0100528059872,26.470821056679814,103.32423942966557,5.947160059165522,9.981676086379522,2.6863530002020695,2.378500466905952,2.6935801233698693,2.4756712165559183,16.21144313237414,5.117003733464542,0.2346031105004492,46.39020539959197,4.9524135846919375,216.73844177669724,0.05957737269110476,0.7815312339511762,8,0.006921029281277728,4,0.23460514640638863,2948.0,60,85.00109759598683,9.00929697052586,273.7928408418693,0.06257469344327209,1.3209167162010436,19.773936512962926,22.927831660720475,61.82370416372518,10.293055702062315,10.712035286704474,539.6622774193926,2787.915162265668,10.217907939900583,661.556007070917
1172,631.5724221555406,17.699352761504972,54.42098802442879,2.07801372313304,8.697409775118858,2.6794167928333126,2.3209259333084282,2.4715569544434164,2.3733224796836887,16.930129491257098,13.144346838521647,0.482498127625823,103.37252326227619,6.3141546871525005,134.27044179453344,0.03049989616888402,0.5207642858916548,5,0.024903874593315587,2,0.48251996450754214,5295.0,76,110.24863954563519,7.710274119181653,312.5036009219305,0.030972458409841867,4.623208506703652,4.745241369865795,9.640397795824278,15.430353037616328,3.590233258252997,14.492753623188406,180.9330974968548,1988.0876440979544,6.770275002573076,517.258063428834
1173,537.6349951824642,22.226848651074587,66.87773619788568,2.3782209651986763,4.934794794680732,2.696806074540763,2.2650586493649634,2.3888615075933646,2.3971828301708276,47.0413373882814,6.335605465902354,0.24911032471365258,33.064759935305844,9.620550159502304,203.0527204025318,0.09094654333949925,0.6702986616158557,5,0.012836438923395446,1,0.24909790002957705,4211.0,91,149.37633371650236,8.997107700688703,281.28386675565577,0.08831368857168449,1.9813750743015652,30.509311057372155,36.43122630333102,52.57568878883127,15.13509708157215,9.45179584120983,439.7414518507687,3473.606094235088,9.965574970333758,678.3667821117367
1174,501.0987621055079,25.78043694067059,99.93349936577773,7.944303680779549,7.179078012318569,2.691599565169761,2.579042624912764,2.271270230816487,2.4398954485271163,15.55658753335519,1.6381907339535369,0.23413061513561229,98.1900712827041,12.413541574247885,167.9720746915733,0.09873474060560873,0.6942268563444185,14,0.04111209701271813,3,0.23413191363501923,3958.0,55,100.81214195686393,8.04652078939203,263.68572975359405,0.0919613566723207,1.3209167162010436,33.22418785185984,39.553313328544476,67.58618421819189,15.414011997061364,8.191556395715185,400.28422754400594,2637.3035676009904,8.740387444736633,681.13847096463
1175,570.4484606302361,16.331889629310496,70.62117096608553,6.092297069727798,16.664871669001776,2.646075127881476,2.355082878930565,2.3995191586423426,2.5194591732843614,16.272443711685135,3.1597637121441577,0.2712613124656077,41.717623250385174,2.5280925361101323,190.6659555955488,0.08713766103810425,0.8217084871968723,5,0.004614019520851819,2,0.2712806861875185,2537.0,45,87.2383792529077,7.399882153844017,276.07688212401456,0.08432503682079195,3.3022917905026086,5.534309439205493,29.36084739875742,8.95623198216277,13.255216406717823,13.862633900441084,337.5987420857922,3242.3526192930162,7.689061314180286,680.2351701399296
1176,601.3478001761086,11.725548326670499,43.180052226816116,2.1283738348567844,1.0480822434670358,2.6007395244162805,2.3745577064429746,2.5691389435532255,2.471117836836655,14.544286286606152,2.026051739808616,0.34765203538543443,41.943654709132105,1.879004981085336,157.0297662297255,0.09498826205296418,0.7408296112333279,4,0.0075125702454895,2,0.3476486246672582,1987.0,42,69.90646166051964,6.972125378820319,286.2297672706685,0.08567659184223224,1.3209167162010436,21.17293221983924,30.053176061178377,50.47207586975211,13.66468685647721,12.60239445494644,231.5964219983226,2688.2755957478125,6.664637477130073,634.8941358734909
1177,384.67893958615696,24.666774449941016,34.148670689479275,2.1109099368699793,7.379991716601315,2.67484502406331,2.1938447676501385,2.5033970975629516,2.419072082582226,27.955644845158957,557.020782283986,0.30879593821349727,127.40550927147741,1.6837995311358154,251.10026337614323,0.07142155881665779,0.9039467320246396,2,0.017923691215616683,1,0.3087843833185448,898.0,23,34.89425362368559,8.213449328904575,171.7861477775155,0.06828244404311248,2.641833432402087,13.943660436006013,32.88451014668727,21.633343360200076,9.847095415172141,13.862633900441084,489.6222137110418,3206.3969403933825,6.281731859396978,810.9324405575009
1178,346.3629788392162,14.896862359090203,139.95135918324948,4.890989675211493,12.072967731409422,2.604396114182791,2.1956911580745224,2.6547538039649954,2.500683718613404,15.292668303704657,52.86103872154553,0.42326024199097345,48.9425365509792,3.6967531297907223,105.40186414079947,0.07366979757278949,0.6495599321692006,7,0.028098195800059154,1,0.42324755989352264,4412.0,46,81.64800260043042,11.537457029535176,179.0791892394373,0.07068848636735717,2.641833432402087,13.150693285206883,27.221128498337343,25.3046176328084,11.407605926796533,15.122873345935728,326.7669525714415,1878.8815585213727,6.909729427939872,716.390065423046
1179,423.8633569845373,21.74166734853865,20.09138664618791,5.470872539457895,3.8957331393140575,2.69162308991027,2.437115507959119,2.294214638181761,2.4698966896986123,15.081022682790005,24.439131614723212,0.20982553859348838,37.87481019462569,3.9877355374543013,174.9169457879164,0.08099073406491486,0.9656545738112626,14,0.05193729665779355,2,0.2098195800059154,2849.0,45,62.92429591991373,8.802332550656265,204.36575422953783,0.07876676232162534,1.9813750743015652,35.481668107752,41.438840004675335,53.98560287612603,13.48684520347478,12.60239445494644,1174.4900254804568,3959.1635193082757,6.627552910302043,998.6382856908341
1180,522.6355633480156,37.49195962185161,56.27549842229975,7.093652385972653,5.292014476413372,2.672316053548971,2.4277931862952715,2.2827475666453396,2.5304707049242787,10.337920288360204,151.66416811964703,0.2602346370616906,40.7241935054354,5.790192257844847,281.50938616319905,0.0976476564942298,0.7069267936004103,8,0.033362910381543924,3,0.26027802425317953,3659.0,93,144.04897380604402,10.840586010170634,270.51450636435845,0.09446274930186327,1.9813750743015652,21.060714336881155,28.49561595819648,32.54743156102575,14.798196560518505,11.972274732199118,870.0590322450355,3353.9436476996066,10.998079684646791,614.307679543725
1181,443.04308191624483,34.989413769478375,18.72285192575992,6.874464106054635,11.368003129653077,2.620655911405389,2.1254652626021895,2.4185672023708737,2.5236155243308174,94.51533495382182,3.451901283356485,0.44894544342135423,73.20851800157082,1.0200293349732505,276.22781930444756,0.03836859488635248,0.5039641699122687,21,0.04856551316178646,5,0.44892043774031354,743.0,19,17.38505403512447,3.851222081833741,207.22434454799662,0.03774405399573504,5.283666864804174,7.4050215578982055,11.772270324816583,17.601745053627766,4.933023476051956,17.643352236925015,211.7044538643325,1034.13900887575,6.770275002573076,409.3182937315969
1182,585.4221259213577,17.549793666158685,98.24516464587687,6.851112493324233,7.233227165808604,2.6449486098221247,2.487306076688409,2.53869277291162,2.4854972537345477,12.9161693104964,89.00645220871941,0.19872433796022487,77.70079579637974,6.8440452253769735,295.95204209844565,0.08352496505929285,0.9055729902162004,13,0.038686779059449866,6,0.19875776397515527,3263.0,104,164.8711759176259,10.517182791491363,290.4992998541892,0.08349927049313405,1.9813750743015652,12.961884273146726,31.83268732999793,38.79393176615336,15.389053328636058,13.862633900441084,464.1172291826042,3438.3831460048505,6.746560011901243,841.296447139169
1183,380.8161397407407,11.375833761543179,82.72530887265182,5.026286148299798,9.627477597358437,2.6314367571992605,2.5965322766674372,2.4346700793407017,2.483322766535201,21.730237534287348,47.68740446745633,0.4386514988505107,71.0772298101583,5.282875912480252,199.3080968299562,0.03762301888045597,0.7477886136694143,10,0.04158532978408755,6,0.4386276249630287,6097.0,131,195.6776442576028,9.81412721087028,193.34003647993129,0.036612492000538836,1.3209167162010436,12.183946741937508,13.354419469654893,59.85915331973618,5.961889587276092,9.45179584120983,1499.6879614742363,3374.8742034926386,12.153015559492998,794.2400400581997
1184,545.6297818792361,38.7917255596304,49.904993492529385,9.768253442118354,11.109541787567412,2.696285030286944,2.1687359906527486,2.325962677890052,2.418972361224064,82.32525939422823,14.175980593145928,0.4152406690179081,55.66369235364097,7.409339428221543,67.44852112991104,0.08324746721505932,0.9075087271449727,16,0.05282460810411121,7,0.4152617568766637,6230.0,48,70.94116891630857,6.570132295020769,269.9698446674429,0.08597648934141822,2.641833432402087,17.4024820272101,34.25055139656138,36.802943048263465,12.045015623187682,11.342155009451794,1204.711530502314,3769.8544472462795,11.918204294087186,808.3582270304685
1185,571.962573071813,11.977132096040972,83.12403731515377,6.78521841751957,7.425794902712681,2.6906628160650112,2.2300393130976275,2.604022288005708,2.425894157260725,10.577298158679659,4.775335743138615,0.42392727089362015,68.2650910420036,3.2193042347259633,250.09836816371427,0.057195468952920776,0.5880074143084731,9,0.031292517006802724,6,0.4239574090505768,3773.0,102,173.74016151091274,9.702594279338197,288.81610830289185,0.05905810506762464,2.641833432402087,19.48924555966383,22.70565216567788,43.2660564137384,10.046883104069583,13.232514177693762,252.07002153402595,3153.041353614315,7.569397566060481,594.7461832102456
1186,621.4360003320642,15.871442840522144,138.755450840592,2.4372710314527604,9.967876809363052,2.660460842937207,2.1244662786167563,2.280133497806216,2.484714341842535,10.266461352893016,3.843176396759262,0.3758646001470872,146.428768479024,1.8519636351628328,132.46827178277124,0.030466084446647293,0.7103835116546229,3,0.0027210884353741495,2,0.3758651286601597,1195.0,9,16.495005239192974,3.535421713026787,280.03811130598575,0.03119062596085032,3.3022917905026086,3.44003936546983,9.592337398043101,12.666024736934256,4.076973999483529,13.232514177693762,473.7738235701039,2854.1614054920337,8.291859587312052,633.3241520780514
1187,615.8099952641858,16.365632868112314,47.21698357968162,8.454267818717987,14.83748564470329,2.6461565644790586,2.4760563059784566,2.636206439985021,2.5533129339024523,39.85538843751464,30.031203901635994,0.2615702110575802,108.57766533054313,3.367507231713971,242.38397231698622,0.05404783502203997,0.8879833990618016,10,0.039574090505767524,6,0.26157941437444543,2488.0,60,88.6336920233202,10.779305264134932,328.08124446253044,0.05107831240761892,2.641833432402087,15.77337388462443,21.80740461091708,21.01113227636463,8.375696916485257,11.342155009451794,271.2077474513942,3312.13712367308,4.852899062091563,914.4879090809469
1188,374.18211720328424,28.90354495381476,18.479405741907794,8.542304733691898,8.191011301100243,2.624197207233082,2.226855309364444,2.4907150671947447,2.401466145533168,17.665017638349486,15.959532943262756,0.38557120579307425,35.8966532413293,2.61087305608648,59.0365271561424,0.04687832715125444,0.7536220013303507,22,0.06418219461697723,4,0.38556640047323276,3214.0,21,42.53837976359521,8.229461789961084,170.4271018680301,0.04593922752868491,1.3209167162010436,11.012817948868575,16.662164199613116,44.80927511507513,8.004815657099929,9.45179584120983,1089.9641351933967,3576.442387767413,14.002817212590296,760.0173162459718
1189,613.6435356789477,13.15842009225116,14.819910879459202,5.662914899676005,10.136837908094813,2.6530236839694497,2.2025885634234585,2.4983349192263913,2.4137518330772005,41.85357258532191,157.05677748508944,0.17934269874873965,44.528731019365196,2.207769653485423,158.8290852039602,0.05347319658318041,0.5071210081009944,12,0.028098195800059154,3,0.17935522034900916,1721.0,24,36.6011735124757,5.692902071998908,287.5886488554172,0.05320708163004863,1.3209167162010436,15.495138026190483,19.143220396897277,54.10789164958277,9.358972490447279,11.972274732199118,255.26385195045592,1661.694790857791,6.770275002573076,402.25453030138584
1190,488.6676505406863,35.46872424037282,105.73057922320314,5.660787666089248,14.017468285016633,2.6798086425002703,2.5364045837401017,2.363487612525574,2.426886300193041,84.35281419679919,39.55032622658273,0.203606736145355,59.92564937382466,3.596732945594236,51.60778863976946,0.08086057276625386,0.8439171332719139,9,0.02803904170363798,3,0.2036083998816918,2165.0,9,25.220424694042016,6.948949702991021,233.73044879291425,0.07750809780312504,0.6604583581005218,30.9582453909435,30.9582453909435,94.93149897497396,13.114684932383929,11.342155009451794,942.0691320523499,3548.4913732168297,11.667452680525631,787.8287430611058
1191,364.81383086766647,29.036623135899436,22.731176651614586,5.521086375198452,14.569032084334623,2.676968698970045,2.2345987709958695,2.448556572537937,2.550420910648158,15.44767700506989,637.4443615599905,0.39294920334287414,63.189061384172156,8.230437419340328,102.70524893684316,0.06952225770653364,0.6021921981980622,13,0.03797692990239574,5,0.3929606625258799,5761.0,72,101.1881826628529,8.784020721609005,180.8862307344025,0.06812453642966174,1.3209167162010436,26.040345161844222,30.37722787777692,66.96961404209472,12.561438993373025,12.60239445494644,358.8182208237868,3047.8272219017354,7.43909592558469,612.8753044703801
1192,618.1929919510354,42.53401816747473,104.75519817270397,4.278457793232646,5.576054500697108,2.62162184473332,2.443123226182474,2.6903200584716895,2.4645858970488375,28.233125989935505,395.545121115494,0.4079518376590213,41.07677602429443,1.8003646724343623,55.88886189459188,0.0464041590791137,0.8953001228330214,6,0.011002661934338954,1,0.40798580301685894,1909.0,13,21.297739677767098,5.926459005672684,243.43811640085005,0.046179004868409965,3.3022917905026086,5.484050113637064,15.781262312093503,11.227230955528665,7.497536685500355,11.342155009451794,262.4155671164734,2879.786068531936,7.517575317139837,686.730466304384
1193,374.9575019152249,21.070895077225277,59.10163271158718,2.903137293558972,9.649913436175433,2.677948337810172,2.535081609130739,2.6412336055881585,2.340146980883983,30.674528875281233,10.105922682712391,0.30646261720513046,36.944109760769884,1.3436343918244746,275.0275133208858,0.07290870423432828,0.7419881895913172,7,0.020644779650990833,3,0.3064773735581189,1546.0,38,54.92110523749789,6.393678722934289,162.0701968597682,0.07174400715496636,0.6604583581005218,29.067466871561916,29.067466871561916,92.26526755014206,12.568104494543656,14.492753623188406,505.671852026799,2708.2907491982983,8.51907589177983,631.8210349213371
1194,494.3309210474898,17.168834974267998,144.32459060377295,3.859471168889078,11.773448863320082,2.6073758947223227,2.1814302835558648,2.458877995164369,2.4093089063503563,14.7996006263866,135.84801854046356,0.44434975465496296,139.82371230490108,3.8611822310668127,96.14343212492922,0.03273189630461332,0.6541195157250037,6,0.013605442176870748,0,0.44436557231588286,3403.0,27,21.723329878975186,3.6461340444284507,219.50109357811897,0.03385144129233905,1.9813750743015652,11.658609147819044,14.050495468364277,58.92473367349901,6.332264282001438,13.232514177693762,548.2049833185118,1783.7852416088429,8.667244841319219,556.3955354118871
1195,653.1928984089604,18.12419506757689,101.8996517964591,7.557983463650225,3.56349628071631,2.6867309480352026,2.3848282386523776,2.3268104320977976,2.4340719939568216,47.490148433356595,26.7874938618299,0.4313806231853754,62.96404988457801,10.817269123169948,284.9369796601151,0.04801627423076097,0.6926455944446857,12,0.02945874001774623,4,0.4314108251996451,7167.0,191,281.41619871131945,8.846030471570273,316.8250832432555,0.04872982719464703,0.6604583581005218,17.724656843179353,17.724656843179353,94.81071240018318,8.324101546511898,11.342155009451794,405.5752906148389,3017.125808745363,6.770275002573076,597.5000972132697
1196,350.27069537504843,10.592288935167542,42.45249880346257,7.8521843275676675,4.167301614126691,2.6283759173763035,2.5682418627293377,2.4312692350508516,2.4078697981696395,71.44023632044023,3.238726612894411,0.2191660591829493,117.71959569644174,3.9759544633913646,142.1348928285757,0.03803585757455383,0.9181460362439942,20,0.024726412304052054,5,0.2191659272404614,2715.0,22,31.367341403245874,5.149557486977386,195.67677464131867,0.03805730838737981,4.623208506703652,8.763942833457293,12.830423846419508,19.931149940667517,5.33120971274909,11.342155009451794,627.0723255538126,3813.1091248250696,9.348249127456384,944.4413523849345
1197,525.6898686232249,10.335670932822376,33.26491612849588,6.9667619718037175,16.390517998286143,2.6922390826300453,2.238562007655925,2.6073862589688415,2.416040027029464,21.72437877759624,33.5516077177377,0.19963447705859047,30.37617273956076,2.0588409742327514,236.8161681237896,0.05103382314652159,0.8835718224565092,7,0.019284235433303758,5,0.19964507542147295,2325.0,56,79.77083274355505,9.377634004433377,258.8060933180269,0.049446933647594796,4.623208506703652,4.028499064498917,19.307185093955123,3.5682482323055424,8.177312889234397,11.972274732199118,890.7695577121501,3638.2419330372486,6.955796338302048,859.3398070806253
1198,450.6307795683408,28.399894848448508,16.115958760161153,6.60856445648444,14.09946046007272,2.6424692170220148,2.1722303196100667,2.245257264822902,2.406087863792908,28.074725679331085,13.661207800646698,0.36997347002561726,47.671741874670005,4.540126129763624,79.46995139888823,0.09419987438806891,0.6460932004543964,15,0.03602484472049689,5,0.3700088731144632,4545.0,39,62.037495245275124,9.333795668705067,238.74126914861884,0.09448857563165287,4.623208506703652,6.179325991960541,23.41988421430804,7.735777827895049,13.836166716889489,13.232514177693762,338.66238495180716,2296.9225862545563,7.653039857325812,588.4084718890938
1199,661.1366583791514,19.15425044183393,82.9878046731678,9.99372396683967,10.401220259350104,2.6258804225123034,2.469623728049502,2.4863380394030985,2.3952103524074966,10.167582371882721,112.50248339231935,0.425995353893881,94.97150869686334,9.512539619568367,53.55079939727983,0.09953464467554253,0.5012082034257863,16,0.02531795326826383,7,0.42602780242531796,6619.0,33,46.245910284262706,4.864965925234144,326.25583807239644,0.09131638095143146,3.3022917905026086,24.570780686145437,29.449200349394804,42.15972490956609,15.23829212836943,12.60239445494644,197.9520860151084,1563.6657776810719,7.858147180057653,469.43768185718835
