file,bytes,image_w,image_h,world_file,source_zip,zip_sha256,retrieved
extracted\O'Driscoll Index.xlsx,20681,,,,https://d28rz98at9flks.cloudfront.net/79287/79287_ODriscoll.zip,25b9142f8f4cbf8edd84de5a46434a6ee0511d96745207de275ef68637200b49,2026-09-10 15:01:33
extracted\O'Driscoll Lineament Maps metadata.docx,68361,,,,https://d28rz98at9flks.cloudfront.net/79287/79287_ODriscoll.zip,25b9142f8f4cbf8edd84de5a46434a6ee0511d96745207de275ef68637200b49,2026-09-10 15:01:33
extracted\OD11_i_agd66_amg_Z51.jgw,92,,,,https://d28rz98at9flks.cloudfront.net/79287/79287_ODriscoll.zip,25b9142f8f4cbf8edd84de5a46434a6ee0511d96745207de275ef68637200b49,2026-09-10 15:01:33
extracted\OD11_i_agd66_amg_Z51.jpg,5324712,6307,4526,yes,https://d28rz98at9flks.cloudfront.net/79287/79287_ODriscoll.zip,25b9142f8f4cbf8edd84de5a46434a6ee0511d96745207de275ef68637200b49,2026-09-10 15:01:33
extracted\OD11_i_agd66_amg_Z51.jpg.aux.xml,7602,,,,https://d28rz98at9flks.cloudfront.net/79287/79287_ODriscoll.zip,25b9142f8f4cbf8edd84de5a46434a6ee0511d96745207de275ef68637200b49,2026-09-10 15:01:33
extracted\OD11_i_agd66_amg_Z51.jpg.xml,6357,,,,https://d28rz98at9flks.cloudfront.net/79287/79287_ODriscoll.zip,25b9142f8f4cbf8edd84de5a46434a6ee0511d96745207de275ef68637200b49,2026-09-10 15:01:33
extracted\OD11_i_agd66_amg_Z51.TAB,397,,,,https://d28rz98at9flks.cloudfront.net/79287/79287_ODriscoll.zip,25b9142f8f4cbf8edd84de5a46434a6ee0511d96745207de275ef68637200b49,2026-09-10 15:01:33
extracted\OD12_vii_agd66_amg_Z54.jgw,92,,,,https://d28rz98at9flks.cloudfront.net/79287/79287_ODriscoll.zip,25b9142f8f4cbf8edd84de5a46434a6ee0511d96745207de275ef68637200b49,2026-09-10 15:01:33
extracted\OD12_vii_agd66_amg_Z54.jpg,8223257,7666,5258,yes,https://d28rz98at9flks.cloudfront.net/79287/79287_ODriscoll.zip,25b9142f8f4cbf8edd84de5a46434a6ee0511d96745207de275ef68637200b49,2026-09-10 15:01:33
extracted\OD12_vii_agd66_amg_Z54.jpg.aux.xml,7881,,,,https://d28rz98at9flks.cloudfront.net/79287/79287_ODriscoll.zip,25b9142f8f4cbf8edd84de5a46434a6ee0511d96745207de275ef68637200b49,2026-09-10 15:01:33
extracted\OD12_vii_agd66_amg_Z54.TAB,401,,,,https://d28rz98at9flks.cloudfront.net/79287/79287_ODriscoll.zip,25b9142f8f4cbf8edd84de5a46434a6ee0511d96745207de275ef68637200b49,2026-09-10 15:01:33
extracted\OD12_viii_agd66_amg_Z54.jgw,92,,,,https://d28rz98at9flks.cloudfront.net/79287/79287_ODriscoll.zip,25b9142f8f4cbf8edd84de5a46434a6ee0511d96745207de275ef68637200b49,2026-09-10 15:01:33
extracted\OD12_viii_agd66_amg_Z54.jpg,4070874,4682,5856,yes,https://d28rz98at9flks.cloudfront.net/79287/79287_ODriscoll.zip,25b9142f8f4cbf8edd84de5a46434a6ee0511d96745207de275ef68637200b49,2026-09-10 15:01:33
extracted\OD12_viii_agd66_amg_Z54.jpg.aux.xml,7439,,,,https://d28rz98at9flks.cloudfront.net/79287/79287_ODriscoll.zip,25b9142f8f4cbf8edd84de5a46434a6ee0511d96745207de275ef68637200b49,2026-09-10 15:01:33
extracted\OD12_viii_agd66_amg_Z54.TAB,402,,,,https://d28rz98at9flks.cloudfront.net/79287/79287_ODriscoll.zip,25b9142f8f4cbf8edd84de5a46434a6ee0511d96745207de275ef68637200b49,2026-09-10 15:01:33
extracted\OD12_xix_agd66_amg_Z54.jgw,92,,,,https://d28rz98at9flks.cloudfront.net/79287/79287_ODriscoll.zip,25b9142f8f4cbf8edd84de5a46434a6ee0511d96745207de275ef68637200b49,2026-09-10 15:01:33
extracted\OD12_xix_agd66_amg_Z54.jpg,3978812,7004,4771,yes,https://d28rz98at9flks.cloudfront.net/79287/79287_ODriscoll.zip,25b9142f8f4cbf8edd84de5a46434a6ee0511d96745207de275ef68637200b49,2026-09-10 15:01:33
extracted\OD12_xix_agd66_amg_Z54.jpg.aux.xml,7320,,,,https://d28rz98at9flks.cloudfront.net/79287/79287_ODriscoll.zip,25b9142f8f4cbf8edd84de5a46434a6ee0511d96745207de275ef68637200b49,2026-09-10 15:01:33
extracted\OD12_xix_agd66_amg_Z54.TAB,401,,,,https://d28rz98at9flks.cloudfront.net/79287/79287_ODriscoll.zip,25b9142f8f4cbf8edd84de5a46434a6ee0511d96745207de275ef68637200b49,2026-09-10 15:01:33
extracted\OD12_xxi_agd66_amg_Z54.jgw,92,,,,https://d28rz98at9flks.cloudfront.net/79287/79287_ODriscoll.zip,25b9142f8f4cbf8edd84de5a46434a6ee0511d96745207de275ef68637200b49,2026-09-10 15:01:33
extracted\OD12_xxi_agd66_amg_Z54.jpg,8477856,5633,8596,yes,https://d28rz98at9flks.cloudfront.net/79287/79287_ODriscoll.zip,25b9142f8f4cbf8edd84de5a46434a6ee0511d96745207de275ef68637200b49,2026-09-10 15:01:33
extracted\OD12_xxi_agd66_amg_Z54.jpg.aux.xml,7908,,,,https://d28rz98at9flks.cloudfront.net/79287/79287_ODriscoll.zip,25b9142f8f4cbf8edd84de5a46434a6ee0511d96745207de275ef68637200b49,2026-09-10 15:01:33
extracted\OD12_xxi_agd66_amg_Z54.TAB,400,,,,https://d28rz98at9flks.cloudfront.net/79287/79287_ODriscoll.zip,25b9142f8f4cbf8edd84de5a46434a6ee0511d96745207de275ef68637200b49,2026-09-10 15:01:33
extracted\OD12_xxii_agd66_amg_Z54.jgw,92,,,,https://d28rz98at9flks.cloudfront.net/79287/79287_ODriscoll.zip,25b9142f8f4cbf8edd84de5a46434a6ee0511d96745207de275ef68637200b49,2026-09-10 15:01:33
extracted\OD12_xxii_agd66_amg_Z54.jpg,5101794,5599,8649,yes,https://d28rz98at9flks.cloudfront.net/79287/79287_ODriscoll.zip,25b9142f8f4cbf8edd84de5a46434a6ee0511d96745207de275ef68637200b49,2026-09-10 15:01:33
extracted\OD12_xxii_agd66_amg_Z54.jpg.aux.xml,7541,,,,https://d28rz98at9flks.cloudfront.net/79287/79287_ODriscoll.zip,25b9142f8f4cbf8edd84de5a46434a6ee0511d96745207de275ef68637200b49,2026-09-10 15:01:33
extracted\OD12_xxii_agd66_amg_Z54.TAB,402,,,,https://d28rz98at9flks.cloudfront.net/79287/79287_ODriscoll.zip,25b9142f8f4cbf8edd84de5a46434a6ee0511d96745207de275ef68637200b49,2026-09-10 15:01:33
extracted\OD13_iv_agd66_amg_Z54.jgw,94,,,,https://d28rz98at9flks.cloudfront.net/79287/79287_ODriscoll.zip,25b9142f8f4cbf8edd84de5a46434a6ee0511d96745207de275ef68637200b49,2026-09-10 15:01:33
extracted\OD13_iv_agd66_amg_Z54.jpg,4350136,5592,6156,yes,https://d28rz98at9flks.cloudfront.net/79287/79287_ODriscoll.zip,25b9142f8f4cbf8edd84de5a46434a6ee0511d96745207de275ef68637200b49,2026-09-10 15:01:33
extracted\OD13_iv_agd66_amg_Z54.jpg.aux.xml,7543,,,,https://d28rz98at9flks.cloudfront.net/79287/79287_ODriscoll.zip,25b9142f8f4cbf8edd84de5a46434a6ee0511d96745207de275ef68637200b49,2026-09-10 15:01:33
extracted\OD13_iv_agd66_amg_Z54.TAB,400,,,,https://d28rz98at9flks.cloudfront.net/79287/79287_ODriscoll.zip,25b9142f8f4cbf8edd84de5a46434a6ee0511d96745207de275ef68637200b49,2026-09-10 15:01:33
extracted\OD13_vi_agd66_amg_Z54.jgw,94,,,,https://d28rz98at9flks.cloudfront.net/79287/79287_ODriscoll.zip,25b9142f8f4cbf8edd84de5a46434a6ee0511d96745207de275ef68637200b49,2026-09-10 15:01:33
extracted\OD13_vi_agd66_amg_Z54.jpg,3138656,5726,5912,yes,https://d28rz98at9flks.cloudfront.net/79287/79287_ODriscoll.zip,25b9142f8f4cbf8edd84de5a46434a6ee0511d96745207de275ef68637200b49,2026-09-10 15:01:33
extracted\OD13_vi_agd66_amg_Z54.jpg.aux.xml,7389,,,,https://d28rz98at9flks.cloudfront.net/79287/79287_ODriscoll.zip,25b9142f8f4cbf8edd84de5a46434a6ee0511d96745207de275ef68637200b49,2026-09-10 15:01:33
extracted\OD13_vi_agd66_amg_Z54.TAB,400,,,,https://d28rz98at9flks.cloudfront.net/79287/79287_ODriscoll.zip,25b9142f8f4cbf8edd84de5a46434a6ee0511d96745207de275ef68637200b49,2026-09-10 15:01:33
extracted\OD14_ii_agd66_amg_Z54.jgw,92,,,,https://d28rz98at9flks.cloudfront.net/79287/79287_ODriscoll.zip,25b9142f8f4cbf8edd84de5a46434a6ee0511d96745207de275ef68637200b49,2026-09-10 15:01:33
extracted\OD14_ii_agd66_amg_Z54.jpg,6796408,6962,5375,yes,https://d28rz98at9flks.cloudfront.net/79287/79287_ODriscoll.zip,25b9142f8f4cbf8edd84de5a46434a6ee0511d96745207de275ef68637200b49,2026-09-10 15:01:33
extracted\OD14_ii_agd66_amg_Z54.jpg.aux.xml,7808,,,,https://d28rz98at9flks.cloudfront.net/79287/79287_ODriscoll.zip,25b9142f8f4cbf8edd84de5a46434a6ee0511d96745207de275ef68637200b49,2026-09-10 15:01:33
extracted\OD14_ii_agd66_amg_Z54.TAB,398,,,,https://d28rz98at9flks.cloudfront.net/79287/79287_ODriscoll.zip,25b9142f8f4cbf8edd84de5a46434a6ee0511d96745207de275ef68637200b49,2026-09-10 15:01:33
extracted\OD15_ii_agd66_amg_Z55.jgw,92,,,,https://d28rz98at9flks.cloudfront.net/79287/79287_ODriscoll.zip,25b9142f8f4cbf8edd84de5a46434a6ee0511d96745207de275ef68637200b49,2026-09-10 15:01:33
extracted\OD15_ii_agd66_amg_Z55.jpg,3316013,5380,4570,yes,https://d28rz98at9flks.cloudfront.net/79287/79287_ODriscoll.zip,25b9142f8f4cbf8edd84de5a46434a6ee0511d96745207de275ef68637200b49,2026-09-10 15:01:33
extracted\OD15_ii_agd66_amg_Z55.jpg.aux.xml,7289,,,,https://d28rz98at9flks.cloudfront.net/79287/79287_ODriscoll.zip,25b9142f8f4cbf8edd84de5a46434a6ee0511d96745207de275ef68637200b49,2026-09-10 15:01:33
extracted\OD15_ii_agd66_amg_Z55.TAB,400,,,,https://d28rz98at9flks.cloudfront.net/79287/79287_ODriscoll.zip,25b9142f8f4cbf8edd84de5a46434a6ee0511d96745207de275ef68637200b49,2026-09-10 15:01:33
extracted\OD17_iii_agd66_amg_Z54.jgw,92,,,,https://d28rz98at9flks.cloudfront.net/79287/79287_ODriscoll.zip,25b9142f8f4cbf8edd84de5a46434a6ee0511d96745207de275ef68637200b49,2026-09-10 15:01:33
extracted\OD17_iii_agd66_amg_Z54.jpg,3666172,6014,4947,yes,https://d28rz98at9flks.cloudfront.net/79287/79287_ODriscoll.zip,25b9142f8f4cbf8edd84de5a46434a6ee0511d96745207de275ef68637200b49,2026-09-10 15:01:33
extracted\OD17_iii_agd66_amg_Z54.jpg.aux.xml,7306,,,,https://d28rz98at9flks.cloudfront.net/79287/79287_ODriscoll.zip,25b9142f8f4cbf8edd84de5a46434a6ee0511d96745207de275ef68637200b49,2026-09-10 15:01:33
extracted\OD17_iii_agd66_amg_Z54.TAB,401,,,,https://d28rz98at9flks.cloudfront.net/79287/79287_ODriscoll.zip,25b9142f8f4cbf8edd84de5a46434a6ee0511d96745207de275ef68637200b49,2026-09-10 15:01:33
extracted\OD18_i_agd66_amg_Z55.jgw,92,,,,https://d28rz98at9flks.cloudfront.net/79287/79287_ODriscoll.zip,25b9142f8f4cbf8edd84de5a46434a6ee0511d96745207de275ef68637200b49,2026-09-10 15:01:33
extracted\OD18_i_agd66_amg_Z55.jpg,3137665,5497,8043,yes,https://d28rz98at9flks.cloudfront.net/79287/79287_ODriscoll.zip,25b9142f8f4cbf8edd84de5a46434a6ee0511d96745207de275ef68637200b49,2026-09-10 15:01:33
extracted\OD18_i_agd66_amg_Z55.jpg.aux.xml,7314,,,,https://d28rz98at9flks.cloudfront.net/79287/79287_ODriscoll.zip,25b9142f8f4cbf8edd84de5a46434a6ee0511d96745207de275ef68637200b49,2026-09-10 15:01:33
extracted\OD18_i_agd66_amg_Z55.jpg.xml,795,,,,https://d28rz98at9flks.cloudfront.net/79287/79287_ODriscoll.zip,25b9142f8f4cbf8edd84de5a46434a6ee0511d96745207de275ef68637200b49,2026-09-10 15:01:33
extracted\OD18_i_agd66_amg_Z55.TAB,399,,,,https://d28rz98at9flks.cloudfront.net/79287/79287_ODriscoll.zip,25b9142f8f4cbf8edd84de5a46434a6ee0511d96745207de275ef68637200b49,2026-09-10 15:01:33
extracted\OD19_i_agd66_amg_Z50.jgw,92,,,,https://d28rz98at9flks.cloudfront.net/79287/79287_ODriscoll.zip,25b9142f8f4cbf8edd84de5a46434a6ee0511d96745207de275ef68637200b49,2026-09-10 15:01:33
extracted\OD19_i_agd66_amg_Z50.jpg,5336139,5784,5129,yes,https://d28rz98at9flks.cloudfront.net/79287/79287_ODriscoll.zip,25b9142f8f4cbf8edd84de5a46434a6ee0511d96745207de275ef68637200b49,2026-09-10 15:01:33
extracted\OD19_i_agd66_amg_Z50.jpg.aux.xml,7707,,,,https://d28rz98at9flks.cloudfront.net/79287/79287_ODriscoll.zip,25b9142f8f4cbf8edd84de5a46434a6ee0511d96745207de275ef68637200b49,2026-09-10 15:01:33
extracted\OD19_i_agd66_amg_Z50.TAB,398,,,,https://d28rz98at9flks.cloudfront.net/79287/79287_ODriscoll.zip,25b9142f8f4cbf8edd84de5a46434a6ee0511d96745207de275ef68637200b49,2026-09-10 15:01:33
extracted\OD19_iii_agd66_amg_Z50.jgw,92,,,,https://d28rz98at9flks.cloudfront.net/79287/79287_ODriscoll.zip,25b9142f8f4cbf8edd84de5a46434a6ee0511d96745207de275ef68637200b49,2026-09-10 15:01:33
extracted\OD19_iii_agd66_amg_Z50.jpg,5730744,5746,5069,yes,https://d28rz98at9flks.cloudfront.net/79287/79287_ODriscoll.zip,25b9142f8f4cbf8edd84de5a46434a6ee0511d96745207de275ef68637200b49,2026-09-10 15:01:33
extracted\OD19_iii_agd66_amg_Z50.jpg.aux.xml,7689,,,,https://d28rz98at9flks.cloudfront.net/79287/79287_ODriscoll.zip,25b9142f8f4cbf8edd84de5a46434a6ee0511d96745207de275ef68637200b49,2026-09-10 15:01:33
extracted\OD19_iii_agd66_amg_Z50.TAB,401,,,,https://d28rz98at9flks.cloudfront.net/79287/79287_ODriscoll.zip,25b9142f8f4cbf8edd84de5a46434a6ee0511d96745207de275ef68637200b49,2026-09-10 15:01:33
extracted\OD19_vii_agd66_amg_Z50.jgw,92,,,,https://d28rz98at9flks.cloudfront.net/79287/79287_ODriscoll.zip,25b9142f8f4cbf8edd84de5a46434a6ee0511d96745207de275ef68637200b49,2026-09-10 15:01:33
extracted\OD19_vii_agd66_amg_Z50.jpg,9263504,7486,5710,yes,https://d28rz98at9flks.cloudfront.net/79287/79287_ODriscoll.zip,25b9142f8f4cbf8edd84de5a46434a6ee0511d96745207de275ef68637200b49,2026-09-10 15:01:33
extracted\OD19_vii_agd66_amg_Z50.jpg.aux.xml,7898,,,,https://d28rz98at9flks.cloudfront.net/79287/79287_ODriscoll.zip,25b9142f8f4cbf8edd84de5a46434a6ee0511d96745207de275ef68637200b49,2026-09-10 15:01:33
extracted\OD19_vii_agd66_amg_Z50.TAB,401,,,,https://d28rz98at9flks.cloudfront.net/79287/79287_ODriscoll.zip,25b9142f8f4cbf8edd84de5a46434a6ee0511d96745207de275ef68637200b49,2026-09-10 15:01:33
extracted\OD20_i_agd66_amg_Z53.jgw,92,,,,https://d28rz98at9flks.cloudfront.net/79287/79287_ODriscoll.zip,25b9142f8f4cbf8edd84de5a46434a6ee0511d96745207de275ef68637200b49,2026-09-10 15:01:33
extracted\OD20_i_agd66_amg_Z53.jpg,2435748,5941,5071,yes,https://d28rz98at9flks.cloudfront.net/79287/79287_ODriscoll.zip,25b9142f8f4cbf8edd84de5a46434a6ee0511d96745207de275ef68637200b49,2026-09-10 15:01:33
extracted\OD20_i_agd66_amg_Z53.jpg.aux.xml,7324,,,,https://d28rz98at9flks.cloudfront.net/79287/79287_ODriscoll.zip,25b9142f8f4cbf8edd84de5a46434a6ee0511d96745207de275ef68637200b49,2026-09-10 15:01:33
extracted\OD20_i_agd66_amg_Z53.TAB,397,,,,https://d28rz98at9flks.cloudfront.net/79287/79287_ODriscoll.zip,25b9142f8f4cbf8edd84de5a46434a6ee0511d96745207de275ef68637200b49,2026-09-10 15:01:33
extracted\OD21_i_agd66_amg_Z54.jgw,92,,,,https://d28rz98at9flks.cloudfront.net/79287/79287_ODriscoll.zip,25b9142f8f4cbf8edd84de5a46434a6ee0511d96745207de275ef68637200b49,2026-09-10 15:01:33
extracted\OD21_i_agd66_amg_Z54.jpg,9823848,7887,5458,yes,https://d28rz98at9flks.cloudfront.net/79287/79287_ODriscoll.zip,25b9142f8f4cbf8edd84de5a46434a6ee0511d96745207de275ef68637200b49,2026-09-10 15:01:33
extracted\OD21_i_agd66_amg_Z54.jpg.aux.xml,7851,,,,https://d28rz98at9flks.cloudfront.net/79287/79287_ODriscoll.zip,25b9142f8f4cbf8edd84de5a46434a6ee0511d96745207de275ef68637200b49,2026-09-10 15:01:33
extracted\OD21_i_agd66_amg_Z54.TAB,395,,,,https://d28rz98at9flks.cloudfront.net/79287/79287_ODriscoll.zip,25b9142f8f4cbf8edd84de5a46434a6ee0511d96745207de275ef68637200b49,2026-09-10 15:01:33
extracted\OD21_ii_agd66_amg_Z54.jgw,92,,,,https://d28rz98at9flks.cloudfront.net/79287/79287_ODriscoll.zip,25b9142f8f4cbf8edd84de5a46434a6ee0511d96745207de275ef68637200b49,2026-09-10 15:01:33
extracted\OD21_ii_agd66_amg_Z54.jpg,9709797,7836,5436,yes,https://d28rz98at9flks.cloudfront.net/79287/79287_ODriscoll.zip,25b9142f8f4cbf8edd84de5a46434a6ee0511d96745207de275ef68637200b49,2026-09-10 15:01:33
extracted\OD21_ii_agd66_amg_Z54.jpg.aux.xml,7864,,,,https://d28rz98at9flks.cloudfront.net/79287/79287_ODriscoll.zip,25b9142f8f4cbf8edd84de5a46434a6ee0511d96745207de275ef68637200b49,2026-09-10 15:01:33
extracted\OD21_ii_agd66_amg_Z54.TAB,397,,,,https://d28rz98at9flks.cloudfront.net/79287/79287_ODriscoll.zip,25b9142f8f4cbf8edd84de5a46434a6ee0511d96745207de275ef68637200b49,2026-09-10 15:01:33
extracted\OD21_iv_agd66_amg_Z54.jgw,92,,,,https://d28rz98at9flks.cloudfront.net/79287/79287_ODriscoll.zip,25b9142f8f4cbf8edd84de5a46434a6ee0511d96745207de275ef68637200b49,2026-09-10 15:01:33
extracted\OD21_iv_agd66_amg_Z54.jpg,2122126,7021,4864,yes,https://d28rz98at9flks.cloudfront.net/79287/79287_ODriscoll.zip,25b9142f8f4cbf8edd84de5a46434a6ee0511d96745207de275ef68637200b49,2026-09-10 15:01:33
extracted\OD21_iv_agd66_amg_Z54.jpg.aux.xml,7120,,,,https://d28rz98at9flks.cloudfront.net/79287/79287_ODriscoll.zip,25b9142f8f4cbf8edd84de5a46434a6ee0511d96745207de275ef68637200b49,2026-09-10 15:01:33
extracted\OD21_iv_agd66_amg_Z54.TAB,398,,,,https://d28rz98at9flks.cloudfront.net/79287/79287_ODriscoll.zip,25b9142f8f4cbf8edd84de5a46434a6ee0511d96745207de275ef68637200b49,2026-09-10 15:01:33
extracted\OD24_i_agd66_amg_Z54.jgw,92,,,,https://d28rz98at9flks.cloudfront.net/79287/79287_ODriscoll.zip,25b9142f8f4cbf8edd84de5a46434a6ee0511d96745207de275ef68637200b49,2026-09-10 15:01:33
extracted\OD24_i_agd66_amg_Z54.jpg,9954741,8026,5816,yes,https://d28rz98at9flks.cloudfront.net/79287/79287_ODriscoll.zip,25b9142f8f4cbf8edd84de5a46434a6ee0511d96745207de275ef68637200b49,2026-09-10 15:01:33
extracted\OD24_i_agd66_amg_Z54.jpg.aux.xml,7931,,,,https://d28rz98at9flks.cloudfront.net/79287/79287_ODriscoll.zip,25b9142f8f4cbf8edd84de5a46434a6ee0511d96745207de275ef68637200b49,2026-09-10 15:01:33
extracted\OD24_i_agd66_amg_Z54.TAB,399,,,,https://d28rz98at9flks.cloudfront.net/79287/79287_ODriscoll.zip,25b9142f8f4cbf8edd84de5a46434a6ee0511d96745207de275ef68637200b49,2026-09-10 15:01:33
extracted\OD24_ii_agd66_amg_Z54.jgw,92,,,,https://d28rz98at9flks.cloudfront.net/79287/79287_ODriscoll.zip,25b9142f8f4cbf8edd84de5a46434a6ee0511d96745207de275ef68637200b49,2026-09-10 15:01:33
extracted\OD24_ii_agd66_amg_Z54.jpg,2345622,6966,4348,yes,https://d28rz98at9flks.cloudfront.net/79287/79287_ODriscoll.zip,25b9142f8f4cbf8edd84de5a46434a6ee0511d96745207de275ef68637200b49,2026-09-10 15:01:33
extracted\OD24_ii_agd66_amg_Z54.jpg.aux.xml,7227,,,,https://d28rz98at9flks.cloudfront.net/79287/79287_ODriscoll.zip,25b9142f8f4cbf8edd84de5a46434a6ee0511d96745207de275ef68637200b49,2026-09-10 15:01:33
extracted\OD24_ii_agd66_amg_Z54.TAB,400,,,,https://d28rz98at9flks.cloudfront.net/79287/79287_ODriscoll.zip,25b9142f8f4cbf8edd84de5a46434a6ee0511d96745207de275ef68637200b49,2026-09-10 15:01:33
extracted\OD24_iii_agd66_amg_Z54.jgw,92,,,,https://d28rz98at9flks.cloudfront.net/79287/79287_ODriscoll.zip,25b9142f8f4cbf8edd84de5a46434a6ee0511d96745207de275ef68637200b49,2026-09-10 15:01:33
extracted\OD24_iii_agd66_amg_Z54.jpg,4014386,6421,5112,yes,https://d28rz98at9flks.cloudfront.net/79287/79287_ODriscoll.zip,25b9142f8f4cbf8edd84de5a46434a6ee0511d96745207de275ef68637200b49,2026-09-10 15:01:33
extracted\OD24_iii_agd66_amg_Z54.jpg.aux.xml,7340,,,,https://d28rz98at9flks.cloudfront.net/79287/79287_ODriscoll.zip,25b9142f8f4cbf8edd84de5a46434a6ee0511d96745207de275ef68637200b49,2026-09-10 15:01:33
extracted\OD24_iii_agd66_amg_Z54.TAB,401,,,,https://d28rz98at9flks.cloudfront.net/79287/79287_ODriscoll.zip,25b9142f8f4cbf8edd84de5a46434a6ee0511d96745207de275ef68637200b49,2026-09-10 15:01:33
extracted\OD26_ii_agd66_amg_Z53.jgw,92,,,,https://d28rz98at9flks.cloudfront.net/79287/79287_ODriscoll.zip,25b9142f8f4cbf8edd84de5a46434a6ee0511d96745207de275ef68637200b49,2026-09-10 15:01:33
extracted\OD26_ii_agd66_amg_Z53.jpg,1767858,6893,4794,yes,https://d28rz98at9flks.cloudfront.net/79287/79287_ODriscoll.zip,25b9142f8f4cbf8edd84de5a46434a6ee0511d96745207de275ef68637200b49,2026-09-10 15:01:33
extracted\OD26_ii_agd66_amg_Z53.jpg.aux.xml,7090,,,,https://d28rz98at9flks.cloudfront.net/79287/79287_ODriscoll.zip,25b9142f8f4cbf8edd84de5a46434a6ee0511d96745207de275ef68637200b49,2026-09-10 15:01:33
extracted\OD26_ii_agd66_amg_Z53.TAB,400,,,,https://d28rz98at9flks.cloudfront.net/79287/79287_ODriscoll.zip,25b9142f8f4cbf8edd84de5a46434a6ee0511d96745207de275ef68637200b49,2026-09-10 15:01:33
extracted\OD27_iii_agd66_amg_Z54.jgw,92,,,,https://d28rz98at9flks.cloudfront.net/79287/79287_ODriscoll.zip,25b9142f8f4cbf8edd84de5a46434a6ee0511d96745207de275ef68637200b49,2026-09-10 15:01:33
extracted\OD27_iii_agd66_amg_Z54.jpg,2298051,6696,4282,yes,https://d28rz98at9flks.cloudfront.net/79287/79287_ODriscoll.zip,25b9142f8f4cbf8edd84de5a46434a6ee0511d96745207de275ef68637200b49,2026-09-10 15:01:33
extracted\OD27_iii_agd66_amg_Z54.jpg.aux.xml,7212,,,,https://d28rz98at9flks.cloudfront.net/79287/79287_ODriscoll.zip,25b9142f8f4cbf8edd84de5a46434a6ee0511d96745207de275ef68637200b49,2026-09-10 15:01:33
extracted\OD27_iii_agd66_amg_Z54.TAB,401,,,,https://d28rz98at9flks.cloudfront.net/79287/79287_ODriscoll.zip,25b9142f8f4cbf8edd84de5a46434a6ee0511d96745207de275ef68637200b49,2026-09-10 15:01:33
extracted\OD28_iii_agd66_amg_Z53.jgw,92,,,,https://d28rz98at9flks.cloudfront.net/79287/79287_ODriscoll.zip,25b9142f8f4cbf8edd84de5a46434a6ee0511d96745207de275ef68637200b49,2026-09-10 15:01:33
extracted\OD28_iii_agd66_amg_Z53.jpg,7069681,7939,5368,yes,https://d28rz98at9flks.cloudfront.net/79287/79287_ODriscoll.zip,25b9142f8f4cbf8edd84de5a46434a6ee0511d96745207de275ef68637200b49,2026-09-10 15:01:33
extracted\OD28_iii_agd66_amg_Z53.jpg.aux.xml,7744,,,,https://d28rz98at9flks.cloudfront.net/79287/79287_ODriscoll.zip,25b9142f8f4cbf8edd84de5a46434a6ee0511d96745207de275ef68637200b49,2026-09-10 15:01:33
extracted\OD28_iii_agd66_amg_Z53.TAB,401,,,,https://d28rz98at9flks.cloudfront.net/79287/79287_ODriscoll.zip,25b9142f8f4cbf8edd84de5a46434a6ee0511d96745207de275ef68637200b49,2026-09-10 15:01:33
extracted\OD33_i_agd66_amg_Z51.jgw,92,,,,https://d28rz98at9flks.cloudfront.net/79287/79287_ODriscoll.zip,25b9142f8f4cbf8edd84de5a46434a6ee0511d96745207de275ef68637200b49,2026-09-10 15:01:33
extracted\OD33_i_agd66_amg_Z51.jpg,4784143,5131,8795,yes,https://d28rz98at9flks.cloudfront.net/79287/79287_ODriscoll.zip,25b9142f8f4cbf8edd84de5a46434a6ee0511d96745207de275ef68637200b49,2026-09-10 15:01:33
extracted\OD33_i_agd66_amg_Z51.jpg.aux.xml,7677,,,,https://d28rz98at9flks.cloudfront.net/79287/79287_ODriscoll.zip,25b9142f8f4cbf8edd84de5a46434a6ee0511d96745207de275ef68637200b49,2026-09-10 15:01:33
extracted\OD33_i_agd66_amg_Z51.TAB,399,,,,https://d28rz98at9flks.cloudfront.net/79287/79287_ODriscoll.zip,25b9142f8f4cbf8edd84de5a46434a6ee0511d96745207de275ef68637200b49,2026-09-10 15:01:33
extracted\OD33_ii_agd66_amg_Z51.jgw,92,,,,https://d28rz98at9flks.cloudfront.net/79287/79287_ODriscoll.zip,25b9142f8f4cbf8edd84de5a46434a6ee0511d96745207de275ef68637200b49,2026-09-10 15:01:33
extracted\OD33_ii_agd66_amg_Z51.jpg,2453820,5217,3980,yes,https://d28rz98at9flks.cloudfront.net/79287/79287_ODriscoll.zip,25b9142f8f4cbf8edd84de5a46434a6ee0511d96745207de275ef68637200b49,2026-09-10 15:01:33
extracted\OD33_ii_agd66_amg_Z51.jpg.aux.xml,7342,,,,https://d28rz98at9flks.cloudfront.net/79287/79287_ODriscoll.zip,25b9142f8f4cbf8edd84de5a46434a6ee0511d96745207de275ef68637200b49,2026-09-10 15:01:33
extracted\OD33_ii_agd66_amg_Z51.TAB,400,,,,https://d28rz98at9flks.cloudfront.net/79287/79287_ODriscoll.zip,25b9142f8f4cbf8edd84de5a46434a6ee0511d96745207de275ef68637200b49,2026-09-10 15:01:33
extracted\OD33_iii_agd66_amg_Z51.jgw,92,,,,https://d28rz98at9flks.cloudfront.net/79287/79287_ODriscoll.zip,25b9142f8f4cbf8edd84de5a46434a6ee0511d96745207de275ef68637200b49,2026-09-10 15:01:33
extracted\OD33_iii_agd66_amg_Z51.jpg,3686843,3947,5880,yes,https://d28rz98at9flks.cloudfront.net/79287/79287_ODriscoll.zip,25b9142f8f4cbf8edd84de5a46434a6ee0511d96745207de275ef68637200b49,2026-09-10 15:01:33
extracted\OD33_iii_agd66_amg_Z51.jpg.aux.xml,7477,,,,https://d28rz98at9flks.cloudfront.net/79287/79287_ODriscoll.zip,25b9142f8f4cbf8edd84de5a46434a6ee0511d96745207de275ef68637200b49,2026-09-10 15:01:33
extracted\OD33_iii_agd66_amg_Z51.TAB,399,,,,https://d28rz98at9flks.cloudfront.net/79287/79287_ODriscoll.zip,25b9142f8f4cbf8edd84de5a46434a6ee0511d96745207de275ef68637200b49,2026-09-10 15:01:33
extracted\OD33_vii_agd66_amg_Z51.jgw,92,,,,https://d28rz98at9flks.cloudfront.net/79287/79287_ODriscoll.zip,25b9142f8f4cbf8edd84de5a46434a6ee0511d96745207de275ef68637200b49,2026-09-10 15:01:33
extracted\OD33_vii_agd66_amg_Z51.jpg,11185656,4956,7552,yes,https://d28rz98at9flks.cloudfront.net/79287/79287_ODriscoll.zip,25b9142f8f4cbf8edd84de5a46434a6ee0511d96745207de275ef68637200b49,2026-09-10 15:01:33
extracted\OD33_vii_agd66_amg_Z51.jpg.aux.xml,7779,,,,https://d28rz98at9flks.cloudfront.net/79287/79287_ODriscoll.zip,25b9142f8f4cbf8edd84de5a46434a6ee0511d96745207de275ef68637200b49,2026-09-10 15:01:33
extracted\OD33_vii_agd66_amg_Z51.TAB,399,,,,https://d28rz98at9flks.cloudfront.net/79287/79287_ODriscoll.zip,25b9142f8f4cbf8edd84de5a46434a6ee0511d96745207de275ef68637200b49,2026-09-10 15:01:33
extracted\OD33_viii_agd66_amg_Z51.jgw,92,,,,https://d28rz98at9flks.cloudfront.net/79287/79287_ODriscoll.zip,25b9142f8f4cbf8edd84de5a46434a6ee0511d96745207de275ef68637200b49,2026-09-10 15:01:33
extracted\OD33_viii_agd66_amg_Z51.jpg,12068484,6739,9270,yes,https://d28rz98at9flks.cloudfront.net/79287/79287_ODriscoll.zip,25b9142f8f4cbf8edd84de5a46434a6ee0511d96745207de275ef68637200b49,2026-09-10 15:01:33
extracted\OD33_viii_agd66_amg_Z51.jpg.aux.xml,7883,,,,https://d28rz98at9flks.cloudfront.net/79287/79287_ODriscoll.zip,25b9142f8f4cbf8edd84de5a46434a6ee0511d96745207de275ef68637200b49,2026-09-10 15:01:33
extracted\OD33_viii_agd66_amg_Z51.TAB,402,,,,https://d28rz98at9flks.cloudfront.net/79287/79287_ODriscoll.zip,25b9142f8f4cbf8edd84de5a46434a6ee0511d96745207de275ef68637200b49,2026-09-10 15:01:33
extracted\OD33_x_agd66_amg_Z51.jgw,92,,,,https://d28rz98at9flks.cloudfront.net/79287/79287_ODriscoll.zip,25b9142f8f4cbf8edd84de5a46434a6ee0511d96745207de275ef68637200b49,2026-09-10 15:01:33
extracted\OD33_x_agd66_amg_Z51.jpg,9265493,5386,8306,yes,https://d28rz98at9flks.cloudfront.net/79287/79287_ODriscoll.zip,25b9142f8f4cbf8edd84de5a46434a6ee0511d96745207de275ef68637200b49,2026-09-10 15:01:33
extracted\OD33_x_agd66_amg_Z51.jpg.aux.xml,7727,,,,https://d28rz98at9flks.cloudfront.net/79287/79287_ODriscoll.zip,25b9142f8f4cbf8edd84de5a46434a6ee0511d96745207de275ef68637200b49,2026-09-10 15:01:33
extracted\OD33_x_agd66_amg_Z51.TAB,397,,,,https://d28rz98at9flks.cloudfront.net/79287/79287_ODriscoll.zip,25b9142f8f4cbf8edd84de5a46434a6ee0511d96745207de275ef68637200b49,2026-09-10 15:01:33
extracted\OD33_xi_agd66_amg_Z51.jgw,92,,,,https://d28rz98at9flks.cloudfront.net/79287/79287_ODriscoll.zip,25b9142f8f4cbf8edd84de5a46434a6ee0511d96745207de275ef68637200b49,2026-09-10 15:01:33
extracted\OD33_xi_agd66_amg_Z51.jpg,4161950,5730,8810,yes,https://d28rz98at9flks.cloudfront.net/79287/79287_ODriscoll.zip,25b9142f8f4cbf8edd84de5a46434a6ee0511d96745207de275ef68637200b49,2026-09-10 15:01:33
extracted\OD33_xi_agd66_amg_Z51.jpg.aux.xml,7686,,,,https://d28rz98at9flks.cloudfront.net/79287/79287_ODriscoll.zip,25b9142f8f4cbf8edd84de5a46434a6ee0511d96745207de275ef68637200b49,2026-09-10 15:01:33
extracted\OD33_xi_agd66_amg_Z51.TAB,396,,,,https://d28rz98at9flks.cloudfront.net/79287/79287_ODriscoll.zip,25b9142f8f4cbf8edd84de5a46434a6ee0511d96745207de275ef68637200b49,2026-09-10 15:01:33
extracted\OD33_xiii_agd66_amg_Z51.jgw,92,,,,https://d28rz98at9flks.cloudfront.net/79287/79287_ODriscoll.zip,25b9142f8f4cbf8edd84de5a46434a6ee0511d96745207de275ef68637200b49,2026-09-10 15:01:33
extracted\OD33_xiii_agd66_amg_Z51.jpg,8997964,5755,8511,yes,https://d28rz98at9flks.cloudfront.net/79287/79287_ODriscoll.zip,25b9142f8f4cbf8edd84de5a46434a6ee0511d96745207de275ef68637200b49,2026-09-10 15:01:33
extracted\OD33_xiii_agd66_amg_Z51.jpg.aux.xml,7758,,,,https://d28rz98at9flks.cloudfront.net/79287/79287_ODriscoll.zip,25b9142f8f4cbf8edd84de5a46434a6ee0511d96745207de275ef68637200b49,2026-09-10 15:01:33
extracted\OD33_xiii_agd66_amg_Z51.TAB,401,,,,https://d28rz98at9flks.cloudfront.net/79287/79287_ODriscoll.zip,25b9142f8f4cbf8edd84de5a46434a6ee0511d96745207de275ef68637200b49,2026-09-10 15:01:33
extracted\OD34_iii_agd66_amg_Z51.jgw,92,,,,https://d28rz98at9flks.cloudfront.net/79287/79287_ODriscoll.zip,25b9142f8f4cbf8edd84de5a46434a6ee0511d96745207de275ef68637200b49,2026-09-10 15:01:33
extracted\OD34_iii_agd66_amg_Z51.jpg,2004913,3067,3950,yes,https://d28rz98at9flks.cloudfront.net/79287/79287_ODriscoll.zip,25b9142f8f4cbf8edd84de5a46434a6ee0511d96745207de275ef68637200b49,2026-09-10 15:01:33
extracted\OD34_iii_agd66_amg_Z51.jpg.aux.xml,7294,,,,https://d28rz98at9flks.cloudfront.net/79287/79287_ODriscoll.zip,25b9142f8f4cbf8edd84de5a46434a6ee0511d96745207de275ef68637200b49,2026-09-10 15:01:33
extracted\OD34_iii_agd66_amg_Z51.TAB,401,,,,https://d28rz98at9flks.cloudfront.net/79287/79287_ODriscoll.zip,25b9142f8f4cbf8edd84de5a46434a6ee0511d96745207de275ef68637200b49,2026-09-10 15:01:33
extracted\OD34_iv_agd66_Z51_rough.jgw,90,,,,https://d28rz98at9flks.cloudfront.net/79287/79287_ODriscoll.zip,25b9142f8f4cbf8edd84de5a46434a6ee0511d96745207de275ef68637200b49,2026-09-10 15:01:33
extracted\OD34_iv_agd66_Z51_rough.jpg,7974618,7393,8770,yes,https://d28rz98at9flks.cloudfront.net/79287/79287_ODriscoll.zip,25b9142f8f4cbf8edd84de5a46434a6ee0511d96745207de275ef68637200b49,2026-09-10 15:01:33
extracted\OD34_iv_agd66_Z51_rough.jpg.aux.xml,7526,,,,https://d28rz98at9flks.cloudfront.net/79287/79287_ODriscoll.zip,25b9142f8f4cbf8edd84de5a46434a6ee0511d96745207de275ef68637200b49,2026-09-10 15:01:33
extracted\OD34_iv_agd66_Z51_rough.TAB,402,,,,https://d28rz98at9flks.cloudfront.net/79287/79287_ODriscoll.zip,25b9142f8f4cbf8edd84de5a46434a6ee0511d96745207de275ef68637200b49,2026-09-10 15:01:33
extracted\OD34_v_agd66_Z51_rough.jgw,90,,,,https://d28rz98at9flks.cloudfront.net/79287/79287_ODriscoll.zip,25b9142f8f4cbf8edd84de5a46434a6ee0511d96745207de275ef68637200b49,2026-09-10 15:01:33
extracted\OD34_v_agd66_Z51_rough.jpg,4743820,4930,5845,yes,https://d28rz98at9flks.cloudfront.net/79287/79287_ODriscoll.zip,25b9142f8f4cbf8edd84de5a46434a6ee0511d96745207de275ef68637200b49,2026-09-10 15:01:33
extracted\OD34_v_agd66_Z51_rough.jpg.aux.xml,7622,,,,https://d28rz98at9flks.cloudfront.net/79287/79287_ODriscoll.zip,25b9142f8f4cbf8edd84de5a46434a6ee0511d96745207de275ef68637200b49,2026-09-10 15:01:33
extracted\OD34_v_agd66_Z51_rough.TAB,401,,,,https://d28rz98at9flks.cloudfront.net/79287/79287_ODriscoll.zip,25b9142f8f4cbf8edd84de5a46434a6ee0511d96745207de275ef68637200b49,2026-09-10 15:01:33
extracted\OD37_i_agd66_SC.jgw,97,,,,https://d28rz98at9flks.cloudfront.net/79287/79287_ODriscoll.zip,25b9142f8f4cbf8edd84de5a46434a6ee0511d96745207de275ef68637200b49,2026-09-10 15:01:33
extracted\OD37_i_agd66_SC.jpg,7447639,6850,5164,yes,https://d28rz98at9flks.cloudfront.net/79287/79287_ODriscoll.zip,25b9142f8f4cbf8edd84de5a46434a6ee0511d96745207de275ef68637200b49,2026-09-10 15:01:33
extracted\OD37_i_agd66_SC.jpg.aux.xml,7838,,,,https://d28rz98at9flks.cloudfront.net/79287/79287_ODriscoll.zip,25b9142f8f4cbf8edd84de5a46434a6ee0511d96745207de275ef68637200b49,2026-09-10 15:01:33
extracted\OD37_i_agd66_SC.TAB,393,,,,https://d28rz98at9flks.cloudfront.net/79287/79287_ODriscoll.zip,25b9142f8f4cbf8edd84de5a46434a6ee0511d96745207de275ef68637200b49,2026-09-10 15:01:33
extracted\OD39_ii_agd66_amg_Z53.jgw,92,,,,https://d28rz98at9flks.cloudfront.net/79287/79287_ODriscoll.zip,25b9142f8f4cbf8edd84de5a46434a6ee0511d96745207de275ef68637200b49,2026-09-10 15:01:33
extracted\OD39_ii_agd66_amg_Z53.jpg,10425658,8312,5717,yes,https://d28rz98at9flks.cloudfront.net/79287/79287_ODriscoll.zip,25b9142f8f4cbf8edd84de5a46434a6ee0511d96745207de275ef68637200b49,2026-09-10 15:01:33
extracted\OD39_ii_agd66_amg_Z53.jpg.aux.xml,7892,,,,https://d28rz98at9flks.cloudfront.net/79287/79287_ODriscoll.zip,25b9142f8f4cbf8edd84de5a46434a6ee0511d96745207de275ef68637200b49,2026-09-10 15:01:33
extracted\OD39_ii_agd66_amg_Z53.TAB,400,,,,https://d28rz98at9flks.cloudfront.net/79287/79287_ODriscoll.zip,25b9142f8f4cbf8edd84de5a46434a6ee0511d96745207de275ef68637200b49,2026-09-10 15:01:33
extracted\OD42_i_agd66_amg_Z55.jgw,92,,,,https://d28rz98at9flks.cloudfront.net/79287/79287_ODriscoll.zip,25b9142f8f4cbf8edd84de5a46434a6ee0511d96745207de275ef68637200b49,2026-09-10 15:01:33
extracted\OD42_i_agd66_amg_Z55.jpg,5501352,7241,5949,yes,https://d28rz98at9flks.cloudfront.net/79287/79287_ODriscoll.zip,25b9142f8f4cbf8edd84de5a46434a6ee0511d96745207de275ef68637200b49,2026-09-10 15:01:33
extracted\OD42_i_agd66_amg_Z55.jpg.aux.xml,7632,,,,https://d28rz98at9flks.cloudfront.net/79287/79287_ODriscoll.zip,25b9142f8f4cbf8edd84de5a46434a6ee0511d96745207de275ef68637200b49,2026-09-10 15:01:33
extracted\OD42_i_agd66_amg_Z55.TAB,399,,,,https://d28rz98at9flks.cloudfront.net/79287/79287_ODriscoll.zip,25b9142f8f4cbf8edd84de5a46434a6ee0511d96745207de275ef68637200b49,2026-09-10 15:01:33
extracted\OD43_i_agd66_amg_Z51.jgw,92,,,,https://d28rz98at9flks.cloudfront.net/79287/79287_ODriscoll.zip,25b9142f8f4cbf8edd84de5a46434a6ee0511d96745207de275ef68637200b49,2026-09-10 15:01:33
extracted\OD43_i_agd66_amg_Z51.jpg,7429542,7927,5744,yes,https://d28rz98at9flks.cloudfront.net/79287/79287_ODriscoll.zip,25b9142f8f4cbf8edd84de5a46434a6ee0511d96745207de275ef68637200b49,2026-09-10 15:01:33
extracted\OD43_i_agd66_amg_Z51.jpg.aux.xml,7784,,,,https://d28rz98at9flks.cloudfront.net/79287/79287_ODriscoll.zip,25b9142f8f4cbf8edd84de5a46434a6ee0511d96745207de275ef68637200b49,2026-09-10 15:01:33
extracted\OD43_i_agd66_amg_Z51.TAB,397,,,,https://d28rz98at9flks.cloudfront.net/79287/79287_ODriscoll.zip,25b9142f8f4cbf8edd84de5a46434a6ee0511d96745207de275ef68637200b49,2026-09-10 15:01:33
extracted\OD44_i_agd66_amg_Z53.jgw,92,,,,https://d28rz98at9flks.cloudfront.net/79287/79287_ODriscoll.zip,25b9142f8f4cbf8edd84de5a46434a6ee0511d96745207de275ef68637200b49,2026-09-10 15:01:33
extracted\OD44_i_agd66_amg_Z53.jpg,5155147,7992,4772,yes,https://d28rz98at9flks.cloudfront.net/79287/79287_ODriscoll.zip,25b9142f8f4cbf8edd84de5a46434a6ee0511d96745207de275ef68637200b49,2026-09-10 15:01:33
extracted\OD44_i_agd66_amg_Z53.jpg.aux.xml,7523,,,,https://d28rz98at9flks.cloudfront.net/79287/79287_ODriscoll.zip,25b9142f8f4cbf8edd84de5a46434a6ee0511d96745207de275ef68637200b49,2026-09-10 15:01:33
extracted\OD44_i_agd66_amg_Z53.TAB,397,,,,https://d28rz98at9flks.cloudfront.net/79287/79287_ODriscoll.zip,25b9142f8f4cbf8edd84de5a46434a6ee0511d96745207de275ef68637200b49,2026-09-10 15:01:33
extracted\OD45_iii_agd66_amg_Z51.jgw,90,,,,https://d28rz98at9flks.cloudfront.net/79287/79287_ODriscoll.zip,25b9142f8f4cbf8edd84de5a46434a6ee0511d96745207de275ef68637200b49,2026-09-10 15:01:33
extracted\OD45_iii_agd66_amg_Z51.jpg,6165007,9042,5571,yes,https://d28rz98at9flks.cloudfront.net/79287/79287_ODriscoll.zip,25b9142f8f4cbf8edd84de5a46434a6ee0511d96745207de275ef68637200b49,2026-09-10 15:01:33
extracted\OD45_iii_agd66_amg_Z51.jpg.aux.xml,7658,,,,https://d28rz98at9flks.cloudfront.net/79287/79287_ODriscoll.zip,25b9142f8f4cbf8edd84de5a46434a6ee0511d96745207de275ef68637200b49,2026-09-10 15:01:33
extracted\OD45_iii_agd66_amg_Z51.TAB,399,,,,https://d28rz98at9flks.cloudfront.net/79287/79287_ODriscoll.zip,25b9142f8f4cbf8edd84de5a46434a6ee0511d96745207de275ef68637200b49,2026-09-10 15:01:33
extracted\OD46_iv_agd66_amg_Z51.jgw,92,,,,https://d28rz98at9flks.cloudfront.net/79287/79287_ODriscoll.zip,25b9142f8f4cbf8edd84de5a46434a6ee0511d96745207de275ef68637200b49,2026-09-10 15:01:33
extracted\OD46_iv_agd66_amg_Z51.jpg,2982510,5640,4418,yes,https://d28rz98at9flks.cloudfront.net/79287/79287_ODriscoll.zip,25b9142f8f4cbf8edd84de5a46434a6ee0511d96745207de275ef68637200b49,2026-09-10 15:01:33
extracted\OD46_iv_agd66_amg_Z51.jpg.aux.xml,7385,,,,https://d28rz98at9flks.cloudfront.net/79287/79287_ODriscoll.zip,25b9142f8f4cbf8edd84de5a46434a6ee0511d96745207de275ef68637200b49,2026-09-10 15:01:33
extracted\OD46_iv_agd66_amg_Z51.TAB,398,,,,https://d28rz98at9flks.cloudfront.net/79287/79287_ODriscoll.zip,25b9142f8f4cbf8edd84de5a46434a6ee0511d96745207de275ef68637200b49,2026-09-10 15:01:33
extracted\OD46_v_agd66_amg_Z51.jgw,92,,,,https://d28rz98at9flks.cloudfront.net/79287/79287_ODriscoll.zip,25b9142f8f4cbf8edd84de5a46434a6ee0511d96745207de275ef68637200b49,2026-09-10 15:01:33
extracted\OD46_v_agd66_amg_Z51.jpg,4483223,4973,4461,yes,https://d28rz98at9flks.cloudfront.net/79287/79287_ODriscoll.zip,25b9142f8f4cbf8edd84de5a46434a6ee0511d96745207de275ef68637200b49,2026-09-10 15:01:33
extracted\OD46_v_agd66_amg_Z51.jpg.aux.xml,7608,,,,https://d28rz98at9flks.cloudfront.net/79287/79287_ODriscoll.zip,25b9142f8f4cbf8edd84de5a46434a6ee0511d96745207de275ef68637200b49,2026-09-10 15:01:33
extracted\OD46_v_agd66_amg_Z51.TAB,399,,,,https://d28rz98at9flks.cloudfront.net/79287/79287_ODriscoll.zip,25b9142f8f4cbf8edd84de5a46434a6ee0511d96745207de275ef68637200b49,2026-09-10 15:01:33
extracted\OD46_vi_agd66_amg_Z51.jgw,92,,,,https://d28rz98at9flks.cloudfront.net/79287/79287_ODriscoll.zip,25b9142f8f4cbf8edd84de5a46434a6ee0511d96745207de275ef68637200b49,2026-09-10 15:01:33
extracted\OD46_vi_agd66_amg_Z51.jpg,2087677,5775,4049,yes,https://d28rz98at9flks.cloudfront.net/79287/79287_ODriscoll.zip,25b9142f8f4cbf8edd84de5a46434a6ee0511d96745207de275ef68637200b49,2026-09-10 15:01:33
extracted\OD46_vi_agd66_amg_Z51.jpg.aux.xml,7226,,,,https://d28rz98at9flks.cloudfront.net/79287/79287_ODriscoll.zip,25b9142f8f4cbf8edd84de5a46434a6ee0511d96745207de275ef68637200b49,2026-09-10 15:01:33
extracted\OD46_vi_agd66_amg_Z51.TAB,390,,,,https://d28rz98at9flks.cloudfront.net/79287/79287_ODriscoll.zip,25b9142f8f4cbf8edd84de5a46434a6ee0511d96745207de275ef68637200b49,2026-09-10 15:01:33
extracted\OD47_i_agd66_amg_Z51.jgw,92,,,,https://d28rz98at9flks.cloudfront.net/79287/79287_ODriscoll.zip,25b9142f8f4cbf8edd84de5a46434a6ee0511d96745207de275ef68637200b49,2026-09-10 15:01:33
extracted\OD47_i_agd66_amg_Z51.jpg,9846372,8164,5455,yes,https://d28rz98at9flks.cloudfront.net/79287/79287_ODriscoll.zip,25b9142f8f4cbf8edd84de5a46434a6ee0511d96745207de275ef68637200b49,2026-09-10 15:01:33
extracted\OD47_i_agd66_amg_Z51.jpg.aux.xml,7903,,,,https://d28rz98at9flks.cloudfront.net/79287/79287_ODriscoll.zip,25b9142f8f4cbf8edd84de5a46434a6ee0511d96745207de275ef68637200b49,2026-09-10 15:01:33
extracted\OD47_i_agd66_amg_Z51.TAB,398,,,,https://d28rz98at9flks.cloudfront.net/79287/79287_ODriscoll.zip,25b9142f8f4cbf8edd84de5a46434a6ee0511d96745207de275ef68637200b49,2026-09-10 15:01:33
extracted\OD49_ii_agd66_amg_Z54.jgw,92,,,,https://d28rz98at9flks.cloudfront.net/79287/79287_ODriscoll.zip,25b9142f8f4cbf8edd84de5a46434a6ee0511d96745207de275ef68637200b49,2026-09-10 15:01:33
extracted\OD49_ii_agd66_amg_Z54.jpg,4557822,4977,9253,yes,https://d28rz98at9flks.cloudfront.net/79287/79287_ODriscoll.zip,25b9142f8f4cbf8edd84de5a46434a6ee0511d96745207de275ef68637200b49,2026-09-10 15:01:33
extracted\OD49_ii_agd66_amg_Z54.jpg.aux.xml,7323,,,,https://d28rz98at9flks.cloudfront.net/79287/79287_ODriscoll.zip,25b9142f8f4cbf8edd84de5a46434a6ee0511d96745207de275ef68637200b49,2026-09-10 15:01:33
extracted\OD49_ii_agd66_amg_Z54.TAB,398,,,,https://d28rz98at9flks.cloudfront.net/79287/79287_ODriscoll.zip,25b9142f8f4cbf8edd84de5a46434a6ee0511d96745207de275ef68637200b49,2026-09-10 15:01:33
extracted\OD4_iii_agd66_amg_Z53.jgw,92,,,,https://d28rz98at9flks.cloudfront.net/79287/79287_ODriscoll.zip,25b9142f8f4cbf8edd84de5a46434a6ee0511d96745207de275ef68637200b49,2026-09-10 15:01:33
extracted\OD4_iii_agd66_amg_Z53.jpg,2574694,5694,5051,yes,https://d28rz98at9flks.cloudfront.net/79287/79287_ODriscoll.zip,25b9142f8f4cbf8edd84de5a46434a6ee0511d96745207de275ef68637200b49,2026-09-10 15:01:33
extracted\OD4_iii_agd66_amg_Z53.jpg.aux.xml,7234,,,,https://d28rz98at9flks.cloudfront.net/79287/79287_ODriscoll.zip,25b9142f8f4cbf8edd84de5a46434a6ee0511d96745207de275ef68637200b49,2026-09-10 15:01:33
extracted\OD4_iii_agd66_amg_Z53.TAB,400,,,,https://d28rz98at9flks.cloudfront.net/79287/79287_ODriscoll.zip,25b9142f8f4cbf8edd84de5a46434a6ee0511d96745207de275ef68637200b49,2026-09-10 15:01:33
extracted\OD4_iv_agd66_amg_Z53.jgw,92,,,,https://d28rz98at9flks.cloudfront.net/79287/79287_ODriscoll.zip,25b9142f8f4cbf8edd84de5a46434a6ee0511d96745207de275ef68637200b49,2026-09-10 15:01:33
extracted\OD4_iv_agd66_amg_Z53.jpg,4566014,5798,4651,yes,https://d28rz98at9flks.cloudfront.net/79287/79287_ODriscoll.zip,25b9142f8f4cbf8edd84de5a46434a6ee0511d96745207de275ef68637200b49,2026-09-10 15:01:33
extracted\OD4_iv_agd66_amg_Z53.jpg.aux.xml,7549,,,,https://d28rz98at9flks.cloudfront.net/79287/79287_ODriscoll.zip,25b9142f8f4cbf8edd84de5a46434a6ee0511d96745207de275ef68637200b49,2026-09-10 15:01:33
extracted\OD4_iv_agd66_amg_Z53.TAB,398,,,,https://d28rz98at9flks.cloudfront.net/79287/79287_ODriscoll.zip,25b9142f8f4cbf8edd84de5a46434a6ee0511d96745207de275ef68637200b49,2026-09-10 15:01:33
extracted\OD4_ix_agd66_amg_Z53.jgw,92,,,,https://d28rz98at9flks.cloudfront.net/79287/79287_ODriscoll.zip,25b9142f8f4cbf8edd84de5a46434a6ee0511d96745207de275ef68637200b49,2026-09-10 15:01:33
extracted\OD4_ix_agd66_amg_Z53.jpg,6751892,5052,5422,yes,https://d28rz98at9flks.cloudfront.net/79287/79287_ODriscoll.zip,25b9142f8f4cbf8edd84de5a46434a6ee0511d96745207de275ef68637200b49,2026-09-10 15:01:33
extracted\OD4_ix_agd66_amg_Z53.jpg.aux.xml,2887,,,,https://d28rz98at9flks.cloudfront.net/79287/79287_ODriscoll.zip,25b9142f8f4cbf8edd84de5a46434a6ee0511d96745207de275ef68637200b49,2026-09-10 15:01:33
extracted\OD4_ix_agd66_amg_Z53.TAB,399,,,,https://d28rz98at9flks.cloudfront.net/79287/79287_ODriscoll.zip,25b9142f8f4cbf8edd84de5a46434a6ee0511d96745207de275ef68637200b49,2026-09-10 15:01:33
extracted\OD4_v_agd66_amg_Z53.jgw,92,,,,https://d28rz98at9flks.cloudfront.net/79287/79287_ODriscoll.zip,25b9142f8f4cbf8edd84de5a46434a6ee0511d96745207de275ef68637200b49,2026-09-10 15:01:33
extracted\OD4_v_agd66_amg_Z53.jpg,2990788,6570,5183,yes,https://d28rz98at9flks.cloudfront.net/79287/79287_ODriscoll.zip,25b9142f8f4cbf8edd84de5a46434a6ee0511d96745207de275ef68637200b49,2026-09-10 15:01:33
extracted\OD4_v_agd66_amg_Z53.jpg.aux.xml,7487,,,,https://d28rz98at9flks.cloudfront.net/79287/79287_ODriscoll.zip,25b9142f8f4cbf8edd84de5a46434a6ee0511d96745207de275ef68637200b49,2026-09-10 15:01:33
extracted\OD4_v_agd66_amg_Z53.TAB,396,,,,https://d28rz98at9flks.cloudfront.net/79287/79287_ODriscoll.zip,25b9142f8f4cbf8edd84de5a46434a6ee0511d96745207de275ef68637200b49,2026-09-10 15:01:33
extracted\OD4_vii_agd66_amg_Z53.jgw,92,,,,https://d28rz98at9flks.cloudfront.net/79287/79287_ODriscoll.zip,25b9142f8f4cbf8edd84de5a46434a6ee0511d96745207de275ef68637200b49,2026-09-10 15:01:33
extracted\OD4_vii_agd66_amg_Z53.jpg,3234815,5910,4702,yes,https://d28rz98at9flks.cloudfront.net/79287/79287_ODriscoll.zip,25b9142f8f4cbf8edd84de5a46434a6ee0511d96745207de275ef68637200b49,2026-09-10 15:01:33
extracted\OD4_vii_agd66_amg_Z53.jpg.aux.xml,7488,,,,https://d28rz98at9flks.cloudfront.net/79287/79287_ODriscoll.zip,25b9142f8f4cbf8edd84de5a46434a6ee0511d96745207de275ef68637200b49,2026-09-10 15:01:33
extracted\OD4_vii_agd66_amg_Z53.TAB,400,,,,https://d28rz98at9flks.cloudfront.net/79287/79287_ODriscoll.zip,25b9142f8f4cbf8edd84de5a46434a6ee0511d96745207de275ef68637200b49,2026-09-10 15:01:33
extracted\OD4_xiv_agd66_amg_Z53.jgw,92,,,,https://d28rz98at9flks.cloudfront.net/79287/79287_ODriscoll.zip,25b9142f8f4cbf8edd84de5a46434a6ee0511d96745207de275ef68637200b49,2026-09-10 15:01:33
extracted\OD4_xiv_agd66_amg_Z53.jpg,4560882,10416,7232,yes,https://d28rz98at9flks.cloudfront.net/79287/79287_ODriscoll.zip,25b9142f8f4cbf8edd84de5a46434a6ee0511d96745207de275ef68637200b49,2026-09-10 15:01:33
extracted\OD4_xiv_agd66_amg_Z53.jpg.aux.xml,3006,,,,https://d28rz98at9flks.cloudfront.net/79287/79287_ODriscoll.zip,25b9142f8f4cbf8edd84de5a46434a6ee0511d96745207de275ef68637200b49,2026-09-10 15:01:33
extracted\OD4_xiv_agd66_amg_Z53.TAB,401,,,,https://d28rz98at9flks.cloudfront.net/79287/79287_ODriscoll.zip,25b9142f8f4cbf8edd84de5a46434a6ee0511d96745207de275ef68637200b49,2026-09-10 15:01:33
extracted\OD4_xvi_agd66_amg_Z53.jgw,92,,,,https://d28rz98at9flks.cloudfront.net/79287/79287_ODriscoll.zip,25b9142f8f4cbf8edd84de5a46434a6ee0511d96745207de275ef68637200b49,2026-09-10 15:01:33
extracted\OD4_xvi_agd66_amg_Z53.jpg,6874342,7346,5470,yes,https://d28rz98at9flks.cloudfront.net/79287/79287_ODriscoll.zip,25b9142f8f4cbf8edd84de5a46434a6ee0511d96745207de275ef68637200b49,2026-09-10 15:01:33
extracted\OD4_xvi_agd66_amg_Z53.jpg.aux.xml,7832,,,,https://d28rz98at9flks.cloudfront.net/79287/79287_ODriscoll.zip,25b9142f8f4cbf8edd84de5a46434a6ee0511d96745207de275ef68637200b49,2026-09-10 15:01:33
extracted\OD4_xvi_agd66_amg_Z53.TAB,399,,,,https://d28rz98at9flks.cloudfront.net/79287/79287_ODriscoll.zip,25b9142f8f4cbf8edd84de5a46434a6ee0511d96745207de275ef68637200b49,2026-09-10 15:01:33
extracted\OD4_xvii_agd66_amg_Z53.jgw,92,,,,https://d28rz98at9flks.cloudfront.net/79287/79287_ODriscoll.zip,25b9142f8f4cbf8edd84de5a46434a6ee0511d96745207de275ef68637200b49,2026-09-10 15:01:33
extracted\OD4_xvii_agd66_amg_Z53.jpg,4264839,5800,4738,yes,https://d28rz98at9flks.cloudfront.net/79287/79287_ODriscoll.zip,25b9142f8f4cbf8edd84de5a46434a6ee0511d96745207de275ef68637200b49,2026-09-10 15:01:33
extracted\OD4_xvii_agd66_amg_Z53.jpg.aux.xml,7455,,,,https://d28rz98at9flks.cloudfront.net/79287/79287_ODriscoll.zip,25b9142f8f4cbf8edd84de5a46434a6ee0511d96745207de275ef68637200b49,2026-09-10 15:01:33
extracted\OD4_xvii_agd66_amg_Z53.TAB,401,,,,https://d28rz98at9flks.cloudfront.net/79287/79287_ODriscoll.zip,25b9142f8f4cbf8edd84de5a46434a6ee0511d96745207de275ef68637200b49,2026-09-10 15:01:33
extracted\OD4_xxiii_agd66_amg_Z53.jgw,92,,,,https://d28rz98at9flks.cloudfront.net/79287/79287_ODriscoll.zip,25b9142f8f4cbf8edd84de5a46434a6ee0511d96745207de275ef68637200b49,2026-09-10 15:01:33
extracted\OD4_xxiii_agd66_amg_Z53.jpg,3302976,6044,5003,yes,https://d28rz98at9flks.cloudfront.net/79287/79287_ODriscoll.zip,25b9142f8f4cbf8edd84de5a46434a6ee0511d96745207de275ef68637200b49,2026-09-10 15:01:33
extracted\OD4_xxiii_agd66_amg_Z53.jpg.aux.xml,7299,,,,https://d28rz98at9flks.cloudfront.net/79287/79287_ODriscoll.zip,25b9142f8f4cbf8edd84de5a46434a6ee0511d96745207de275ef68637200b49,2026-09-10 15:01:33
extracted\OD4_xxiii_agd66_amg_Z53.TAB,402,,,,https://d28rz98at9flks.cloudfront.net/79287/79287_ODriscoll.zip,25b9142f8f4cbf8edd84de5a46434a6ee0511d96745207de275ef68637200b49,2026-09-10 15:01:33
extracted\OD4_xxx_agd66_amg_Z53.jgw,92,,,,https://d28rz98at9flks.cloudfront.net/79287/79287_ODriscoll.zip,25b9142f8f4cbf8edd84de5a46434a6ee0511d96745207de275ef68637200b49,2026-09-10 15:01:33
extracted\OD4_xxx_agd66_amg_Z53.jpg,7896745,6037,8471,yes,https://d28rz98at9flks.cloudfront.net/79287/79287_ODriscoll.zip,25b9142f8f4cbf8edd84de5a46434a6ee0511d96745207de275ef68637200b49,2026-09-10 15:01:33
extracted\OD4_xxx_agd66_amg_Z53.jpg.aux.xml,7711,,,,https://d28rz98at9flks.cloudfront.net/79287/79287_ODriscoll.zip,25b9142f8f4cbf8edd84de5a46434a6ee0511d96745207de275ef68637200b49,2026-09-10 15:01:33
extracted\OD4_xxx_agd66_amg_Z53.TAB,400,,,,https://d28rz98at9flks.cloudfront.net/79287/79287_ODriscoll.zip,25b9142f8f4cbf8edd84de5a46434a6ee0511d96745207de275ef68637200b49,2026-09-10 15:01:33
extracted\OD4_xxxi_agd66_amg_Z53.jgw,92,,,,https://d28rz98at9flks.cloudfront.net/79287/79287_ODriscoll.zip,25b9142f8f4cbf8edd84de5a46434a6ee0511d96745207de275ef68637200b49,2026-09-10 15:01:33
extracted\OD4_xxxi_agd66_amg_Z53.jpg,5593457,5834,8483,yes,https://d28rz98at9flks.cloudfront.net/79287/79287_ODriscoll.zip,25b9142f8f4cbf8edd84de5a46434a6ee0511d96745207de275ef68637200b49,2026-09-10 15:01:33
extracted\OD4_xxxi_agd66_amg_Z53.jpg.aux.xml,7621,,,,https://d28rz98at9flks.cloudfront.net/79287/79287_ODriscoll.zip,25b9142f8f4cbf8edd84de5a46434a6ee0511d96745207de275ef68637200b49,2026-09-10 15:01:33
extracted\OD4_xxxi_agd66_amg_Z53.TAB,401,,,,https://d28rz98at9flks.cloudfront.net/79287/79287_ODriscoll.zip,25b9142f8f4cbf8edd84de5a46434a6ee0511d96745207de275ef68637200b49,2026-09-10 15:01:33
extracted\OD4_xxxii_agd66_amg_Z53.jgw,92,,,,https://d28rz98at9flks.cloudfront.net/79287/79287_ODriscoll.zip,25b9142f8f4cbf8edd84de5a46434a6ee0511d96745207de275ef68637200b49,2026-09-10 15:01:33
extracted\OD4_xxxii_agd66_amg_Z53.jpg,3711920,5458,5027,yes,https://d28rz98at9flks.cloudfront.net/79287/79287_ODriscoll.zip,25b9142f8f4cbf8edd84de5a46434a6ee0511d96745207de275ef68637200b49,2026-09-10 15:01:33
extracted\OD4_xxxii_agd66_amg_Z53.jpg.aux.xml,7583,,,,https://d28rz98at9flks.cloudfront.net/79287/79287_ODriscoll.zip,25b9142f8f4cbf8edd84de5a46434a6ee0511d96745207de275ef68637200b49,2026-09-10 15:01:33
extracted\OD4_xxxii_agd66_amg_Z53.TAB,399,,,,https://d28rz98at9flks.cloudfront.net/79287/79287_ODriscoll.zip,25b9142f8f4cbf8edd84de5a46434a6ee0511d96745207de275ef68637200b49,2026-09-10 15:01:33
extracted\OD4_xxxvii_agd66_amg_Z53.jgw,92,,,,https://d28rz98at9flks.cloudfront.net/79287/79287_ODriscoll.zip,25b9142f8f4cbf8edd84de5a46434a6ee0511d96745207de275ef68637200b49,2026-09-10 15:01:33
extracted\OD4_xxxvii_agd66_amg_Z53.jpg,3872694,5022,8712,yes,https://d28rz98at9flks.cloudfront.net/79287/79287_ODriscoll.zip,25b9142f8f4cbf8edd84de5a46434a6ee0511d96745207de275ef68637200b49,2026-09-10 15:01:33
extracted\OD4_xxxvii_agd66_amg_Z53.jpg.aux.xml,7510,,,,https://d28rz98at9flks.cloudfront.net/79287/79287_ODriscoll.zip,25b9142f8f4cbf8edd84de5a46434a6ee0511d96745207de275ef68637200b49,2026-09-10 15:01:33
extracted\OD4_xxxvii_agd66_amg_Z53.TAB,401,,,,https://d28rz98at9flks.cloudfront.net/79287/79287_ODriscoll.zip,25b9142f8f4cbf8edd84de5a46434a6ee0511d96745207de275ef68637200b49,2026-09-10 15:01:33
extracted\OD53_iii_agd66_amg_Z52.jgw,92,,,,https://d28rz98at9flks.cloudfront.net/79287/79287_ODriscoll.zip,25b9142f8f4cbf8edd84de5a46434a6ee0511d96745207de275ef68637200b49,2026-09-10 15:01:33
extracted\OD53_iii_agd66_amg_Z52.jpg,2136020,5921,5113,yes,https://d28rz98at9flks.cloudfront.net/79287/79287_ODriscoll.zip,25b9142f8f4cbf8edd84de5a46434a6ee0511d96745207de275ef68637200b49,2026-09-10 15:01:33
extracted\OD53_iii_agd66_amg_Z52.jpg.aux.xml,7267,,,,https://d28rz98at9flks.cloudfront.net/79287/79287_ODriscoll.zip,25b9142f8f4cbf8edd84de5a46434a6ee0511d96745207de275ef68637200b49,2026-09-10 15:01:33
extracted\OD53_iii_agd66_amg_Z52.TAB,401,,,,https://d28rz98at9flks.cloudfront.net/79287/79287_ODriscoll.zip,25b9142f8f4cbf8edd84de5a46434a6ee0511d96745207de275ef68637200b49,2026-09-10 15:01:33
extracted\OD55_i_agd66_amg_Z51.jgw,92,,,,https://d28rz98at9flks.cloudfront.net/79287/79287_ODriscoll.zip,25b9142f8f4cbf8edd84de5a46434a6ee0511d96745207de275ef68637200b49,2026-09-10 15:01:33
extracted\OD55_i_agd66_amg_Z51.jpg,7703959,7979,5800,yes,https://d28rz98at9flks.cloudfront.net/79287/79287_ODriscoll.zip,25b9142f8f4cbf8edd84de5a46434a6ee0511d96745207de275ef68637200b49,2026-09-10 15:01:33
extracted\OD55_i_agd66_amg_Z51.jpg.aux.xml,7787,,,,https://d28rz98at9flks.cloudfront.net/79287/79287_ODriscoll.zip,25b9142f8f4cbf8edd84de5a46434a6ee0511d96745207de275ef68637200b49,2026-09-10 15:01:33
extracted\OD55_i_agd66_amg_Z51.TAB,399,,,,https://d28rz98at9flks.cloudfront.net/79287/79287_ODriscoll.zip,25b9142f8f4cbf8edd84de5a46434a6ee0511d96745207de275ef68637200b49,2026-09-10 15:01:33
extracted\OD57_viii_agd66_amg_Z51.jgw,90,,,,https://d28rz98at9flks.cloudfront.net/79287/79287_ODriscoll.zip,25b9142f8f4cbf8edd84de5a46434a6ee0511d96745207de275ef68637200b49,2026-09-10 15:01:33
extracted\OD57_viii_agd66_amg_Z51.jpg,2243817,4466,4202,yes,https://d28rz98at9flks.cloudfront.net/79287/79287_ODriscoll.zip,25b9142f8f4cbf8edd84de5a46434a6ee0511d96745207de275ef68637200b49,2026-09-10 15:01:33
extracted\OD57_viii_agd66_amg_Z51.jpg.aux.xml,7441,,,,https://d28rz98at9flks.cloudfront.net/79287/79287_ODriscoll.zip,25b9142f8f4cbf8edd84de5a46434a6ee0511d96745207de275ef68637200b49,2026-09-10 15:01:33
extracted\OD57_viii_agd66_amg_Z51.TAB,401,,,,https://d28rz98at9flks.cloudfront.net/79287/79287_ODriscoll.zip,25b9142f8f4cbf8edd84de5a46434a6ee0511d96745207de275ef68637200b49,2026-09-10 15:01:33
extracted\OD57_xii_agd66_amg_Z51.jgw,92,,,,https://d28rz98at9flks.cloudfront.net/79287/79287_ODriscoll.zip,25b9142f8f4cbf8edd84de5a46434a6ee0511d96745207de275ef68637200b49,2026-09-10 15:01:33
extracted\OD57_xii_agd66_amg_Z51.jpg,6056382,5924,4529,yes,https://d28rz98at9flks.cloudfront.net/79287/79287_ODriscoll.zip,25b9142f8f4cbf8edd84de5a46434a6ee0511d96745207de275ef68637200b49,2026-09-10 15:01:33
extracted\OD57_xii_agd66_amg_Z51.jpg.aux.xml,7762,,,,https://d28rz98at9flks.cloudfront.net/79287/79287_ODriscoll.zip,25b9142f8f4cbf8edd84de5a46434a6ee0511d96745207de275ef68637200b49,2026-09-10 15:01:33
extracted\OD57_xii_agd66_amg_Z51.TAB,399,,,,https://d28rz98at9flks.cloudfront.net/79287/79287_ODriscoll.zip,25b9142f8f4cbf8edd84de5a46434a6ee0511d96745207de275ef68637200b49,2026-09-10 15:01:33
extracted\OD57_xv_agd66_amg_Z51.jgw,92,,,,https://d28rz98at9flks.cloudfront.net/79287/79287_ODriscoll.zip,25b9142f8f4cbf8edd84de5a46434a6ee0511d96745207de275ef68637200b49,2026-09-10 15:01:33
extracted\OD57_xv_agd66_amg_Z51.jpg,6411361,7574,5156,yes,https://d28rz98at9flks.cloudfront.net/79287/79287_ODriscoll.zip,25b9142f8f4cbf8edd84de5a46434a6ee0511d96745207de275ef68637200b49,2026-09-10 15:01:33
extracted\OD57_xv_agd66_amg_Z51.jpg.aux.xml,7703,,,,https://d28rz98at9flks.cloudfront.net/79287/79287_ODriscoll.zip,25b9142f8f4cbf8edd84de5a46434a6ee0511d96745207de275ef68637200b49,2026-09-10 15:01:33
extracted\OD57_xv_agd66_amg_Z51.TAB,400,,,,https://d28rz98at9flks.cloudfront.net/79287/79287_ODriscoll.zip,25b9142f8f4cbf8edd84de5a46434a6ee0511d96745207de275ef68637200b49,2026-09-10 15:01:33
extracted\OD57_xvi_agd66_amg_Z51.jgw,92,,,,https://d28rz98at9flks.cloudfront.net/79287/79287_ODriscoll.zip,25b9142f8f4cbf8edd84de5a46434a6ee0511d96745207de275ef68637200b49,2026-09-10 15:01:33
extracted\OD57_xvi_agd66_amg_Z51.jpg,6933821,9575,4791,yes,https://d28rz98at9flks.cloudfront.net/79287/79287_ODriscoll.zip,25b9142f8f4cbf8edd84de5a46434a6ee0511d96745207de275ef68637200b49,2026-09-10 15:01:33
extracted\OD57_xvi_agd66_amg_Z51.jpg.aux.xml,7784,,,,https://d28rz98at9flks.cloudfront.net/79287/79287_ODriscoll.zip,25b9142f8f4cbf8edd84de5a46434a6ee0511d96745207de275ef68637200b49,2026-09-10 15:01:33
extracted\OD57_xvi_agd66_amg_Z51.TAB,401,,,,https://d28rz98at9flks.cloudfront.net/79287/79287_ODriscoll.zip,25b9142f8f4cbf8edd84de5a46434a6ee0511d96745207de275ef68637200b49,2026-09-10 15:01:33
extracted\OD59_iii_agd66_amg_Z52.jgw,92,,,,https://d28rz98at9flks.cloudfront.net/79287/79287_ODriscoll.zip,25b9142f8f4cbf8edd84de5a46434a6ee0511d96745207de275ef68637200b49,2026-09-10 15:01:33
extracted\OD59_iii_agd66_amg_Z52.jpg,3401342,5844,5078,yes,https://d28rz98at9flks.cloudfront.net/79287/79287_ODriscoll.zip,25b9142f8f4cbf8edd84de5a46434a6ee0511d96745207de275ef68637200b49,2026-09-10 15:01:33
extracted\OD59_iii_agd66_amg_Z52.jpg.aux.xml,7352,,,,https://d28rz98at9flks.cloudfront.net/79287/79287_ODriscoll.zip,25b9142f8f4cbf8edd84de5a46434a6ee0511d96745207de275ef68637200b49,2026-09-10 15:01:33
extracted\OD59_iii_agd66_amg_Z52.TAB,399,,,,https://d28rz98at9flks.cloudfront.net/79287/79287_ODriscoll.zip,25b9142f8f4cbf8edd84de5a46434a6ee0511d96745207de275ef68637200b49,2026-09-10 15:01:33
extracted\OD5_iii_agd66_amg_Z53.jgw,92,,,,https://d28rz98at9flks.cloudfront.net/79287/79287_ODriscoll.zip,25b9142f8f4cbf8edd84de5a46434a6ee0511d96745207de275ef68637200b49,2026-09-10 15:01:33
extracted\OD5_iii_agd66_amg_Z53.jpg,3131665,5893,4710,yes,https://d28rz98at9flks.cloudfront.net/79287/79287_ODriscoll.zip,25b9142f8f4cbf8edd84de5a46434a6ee0511d96745207de275ef68637200b49,2026-09-10 15:01:33
extracted\OD5_iii_agd66_amg_Z53.jpg.aux.xml,7418,,,,https://d28rz98at9flks.cloudfront.net/79287/79287_ODriscoll.zip,25b9142f8f4cbf8edd84de5a46434a6ee0511d96745207de275ef68637200b49,2026-09-10 15:01:33
extracted\OD5_iii_agd66_amg_Z53.TAB,399,,,,https://d28rz98at9flks.cloudfront.net/79287/79287_ODriscoll.zip,25b9142f8f4cbf8edd84de5a46434a6ee0511d96745207de275ef68637200b49,2026-09-10 15:01:33
extracted\OD5_ix_agd66_amg_Z53.jgw,92,,,,https://d28rz98at9flks.cloudfront.net/79287/79287_ODriscoll.zip,25b9142f8f4cbf8edd84de5a46434a6ee0511d96745207de275ef68637200b49,2026-09-10 15:01:33
extracted\OD5_ix_agd66_amg_Z53.jpg,3532787,5997,4922,yes,https://d28rz98at9flks.cloudfront.net/79287/79287_ODriscoll.zip,25b9142f8f4cbf8edd84de5a46434a6ee0511d96745207de275ef68637200b49,2026-09-10 15:01:33
extracted\OD5_ix_agd66_amg_Z53.jpg.aux.xml,7430,,,,https://d28rz98at9flks.cloudfront.net/79287/79287_ODriscoll.zip,25b9142f8f4cbf8edd84de5a46434a6ee0511d96745207de275ef68637200b49,2026-09-10 15:01:33
extracted\OD5_ix_agd66_amg_Z53.TAB,398,,,,https://d28rz98at9flks.cloudfront.net/79287/79287_ODriscoll.zip,25b9142f8f4cbf8edd84de5a46434a6ee0511d96745207de275ef68637200b49,2026-09-10 15:01:33
extracted\OD5_xi_agd66_amg_Z53.jgw,92,,,,https://d28rz98at9flks.cloudfront.net/79287/79287_ODriscoll.zip,25b9142f8f4cbf8edd84de5a46434a6ee0511d96745207de275ef68637200b49,2026-09-10 15:01:33
extracted\OD5_xi_agd66_amg_Z53.jpg,6379132,7490,5447,yes,https://d28rz98at9flks.cloudfront.net/79287/79287_ODriscoll.zip,25b9142f8f4cbf8edd84de5a46434a6ee0511d96745207de275ef68637200b49,2026-09-10 15:01:33
extracted\OD5_xi_agd66_amg_Z53.jpg.aux.xml,7796,,,,https://d28rz98at9flks.cloudfront.net/79287/79287_ODriscoll.zip,25b9142f8f4cbf8edd84de5a46434a6ee0511d96745207de275ef68637200b49,2026-09-10 15:01:33
extracted\OD5_xi_agd66_amg_Z53.TAB,397,,,,https://d28rz98at9flks.cloudfront.net/79287/79287_ODriscoll.zip,25b9142f8f4cbf8edd84de5a46434a6ee0511d96745207de275ef68637200b49,2026-09-10 15:01:33
extracted\OD5_xvi_agd66_amg_Z53.jgw,92,,,,https://d28rz98at9flks.cloudfront.net/79287/79287_ODriscoll.zip,25b9142f8f4cbf8edd84de5a46434a6ee0511d96745207de275ef68637200b49,2026-09-10 15:01:33
extracted\OD5_xvi_agd66_amg_Z53.jpg,5285620,6229,4504,yes,https://d28rz98at9flks.cloudfront.net/79287/79287_ODriscoll.zip,25b9142f8f4cbf8edd84de5a46434a6ee0511d96745207de275ef68637200b49,2026-09-10 15:01:33
extracted\OD5_xvi_agd66_amg_Z53.jpg.aux.xml,7341,,,,https://d28rz98at9flks.cloudfront.net/79287/79287_ODriscoll.zip,25b9142f8f4cbf8edd84de5a46434a6ee0511d96745207de275ef68637200b49,2026-09-10 15:01:33
extracted\OD5_xvi_agd66_amg_Z53.TAB,399,,,,https://d28rz98at9flks.cloudfront.net/79287/79287_ODriscoll.zip,25b9142f8f4cbf8edd84de5a46434a6ee0511d96745207de275ef68637200b49,2026-09-10 15:01:33
extracted\OD62_iv_agd66_amg_Z54.jgw,92,,,,https://d28rz98at9flks.cloudfront.net/79287/79287_ODriscoll.zip,25b9142f8f4cbf8edd84de5a46434a6ee0511d96745207de275ef68637200b49,2026-09-10 15:01:33
extracted\OD62_iv_agd66_amg_Z54.jpg,2107492,5225,4611,yes,https://d28rz98at9flks.cloudfront.net/79287/79287_ODriscoll.zip,25b9142f8f4cbf8edd84de5a46434a6ee0511d96745207de275ef68637200b49,2026-09-10 15:01:33
extracted\OD62_iv_agd66_amg_Z54.jpg.aux.xml,7244,,,,https://d28rz98at9flks.cloudfront.net/79287/79287_ODriscoll.zip,25b9142f8f4cbf8edd84de5a46434a6ee0511d96745207de275ef68637200b49,2026-09-10 15:01:33
extracted\OD62_iv_agd66_amg_Z54.TAB,398,,,,https://d28rz98at9flks.cloudfront.net/79287/79287_ODriscoll.zip,25b9142f8f4cbf8edd84de5a46434a6ee0511d96745207de275ef68637200b49,2026-09-10 15:01:33
extracted\OD63_ii_agd66_amg_Z51.jgw,92,,,,https://d28rz98at9flks.cloudfront.net/79287/79287_ODriscoll.zip,25b9142f8f4cbf8edd84de5a46434a6ee0511d96745207de275ef68637200b49,2026-09-10 15:01:33
extracted\OD63_ii_agd66_amg_Z51.jpg,2802433,6128,5084,yes,https://d28rz98at9flks.cloudfront.net/79287/79287_ODriscoll.zip,25b9142f8f4cbf8edd84de5a46434a6ee0511d96745207de275ef68637200b49,2026-09-10 15:01:33
extracted\OD63_ii_agd66_amg_Z51.jpg.aux.xml,7318,,,,https://d28rz98at9flks.cloudfront.net/79287/79287_ODriscoll.zip,25b9142f8f4cbf8edd84de5a46434a6ee0511d96745207de275ef68637200b49,2026-09-10 15:01:33
extracted\OD63_ii_agd66_amg_Z51.TAB,397,,,,https://d28rz98at9flks.cloudfront.net/79287/79287_ODriscoll.zip,25b9142f8f4cbf8edd84de5a46434a6ee0511d96745207de275ef68637200b49,2026-09-10 15:01:33
extracted\OD63_iii_agd66_amg_Z51.jgw,92,,,,https://d28rz98at9flks.cloudfront.net/79287/79287_ODriscoll.zip,25b9142f8f4cbf8edd84de5a46434a6ee0511d96745207de275ef68637200b49,2026-09-10 15:01:33
extracted\OD63_iii_agd66_amg_Z51.jpg,8600265,6124,7757,yes,https://d28rz98at9flks.cloudfront.net/79287/79287_ODriscoll.zip,25b9142f8f4cbf8edd84de5a46434a6ee0511d96745207de275ef68637200b49,2026-09-10 15:01:33
extracted\OD63_iii_agd66_amg_Z51.jpg.aux.xml,7675,,,,https://d28rz98at9flks.cloudfront.net/79287/79287_ODriscoll.zip,25b9142f8f4cbf8edd84de5a46434a6ee0511d96745207de275ef68637200b49,2026-09-10 15:01:33
extracted\OD63_iii_agd66_amg_Z51.TAB,399,,,,https://d28rz98at9flks.cloudfront.net/79287/79287_ODriscoll.zip,25b9142f8f4cbf8edd84de5a46434a6ee0511d96745207de275ef68637200b49,2026-09-10 15:01:33
extracted\OD65_i_agd66_amg_Z50.jgw,92,,,,https://d28rz98at9flks.cloudfront.net/79287/79287_ODriscoll.zip,25b9142f8f4cbf8edd84de5a46434a6ee0511d96745207de275ef68637200b49,2026-09-10 15:01:33
extracted\OD65_i_agd66_amg_Z50.jpg,9826212,8139,5626,yes,https://d28rz98at9flks.cloudfront.net/79287/79287_ODriscoll.zip,25b9142f8f4cbf8edd84de5a46434a6ee0511d96745207de275ef68637200b49,2026-09-10 15:01:33
extracted\OD65_i_agd66_amg_Z50.jpg.aux.xml,7941,,,,https://d28rz98at9flks.cloudfront.net/79287/79287_ODriscoll.zip,25b9142f8f4cbf8edd84de5a46434a6ee0511d96745207de275ef68637200b49,2026-09-10 15:01:33
extracted\OD65_i_agd66_amg_Z50.TAB,395,,,,https://d28rz98at9flks.cloudfront.net/79287/79287_ODriscoll.zip,25b9142f8f4cbf8edd84de5a46434a6ee0511d96745207de275ef68637200b49,2026-09-10 15:01:33
extracted\OD65_ii_agd66_amg_Z50.jgw,92,,,,https://d28rz98at9flks.cloudfront.net/79287/79287_ODriscoll.zip,25b9142f8f4cbf8edd84de5a46434a6ee0511d96745207de275ef68637200b49,2026-09-10 15:01:33
extracted\OD65_ii_agd66_amg_Z50.jpg,4075714,6558,4963,yes,https://d28rz98at9flks.cloudfront.net/79287/79287_ODriscoll.zip,25b9142f8f4cbf8edd84de5a46434a6ee0511d96745207de275ef68637200b49,2026-09-10 15:01:33
extracted\OD65_ii_agd66_amg_Z50.jpg.aux.xml,7537,,,,https://d28rz98at9flks.cloudfront.net/79287/79287_ODriscoll.zip,25b9142f8f4cbf8edd84de5a46434a6ee0511d96745207de275ef68637200b49,2026-09-10 15:01:33
extracted\OD65_ii_agd66_amg_Z50.TAB,400,,,,https://d28rz98at9flks.cloudfront.net/79287/79287_ODriscoll.zip,25b9142f8f4cbf8edd84de5a46434a6ee0511d96745207de275ef68637200b49,2026-09-10 15:01:33
extracted\OD67_i_agd66_amg_Z50.jgw,92,,,,https://d28rz98at9flks.cloudfront.net/79287/79287_ODriscoll.zip,25b9142f8f4cbf8edd84de5a46434a6ee0511d96745207de275ef68637200b49,2026-09-10 15:01:33
extracted\OD67_i_agd66_amg_Z50.jpg,9116601,7598,5557,yes,https://d28rz98at9flks.cloudfront.net/79287/79287_ODriscoll.zip,25b9142f8f4cbf8edd84de5a46434a6ee0511d96745207de275ef68637200b49,2026-09-10 15:01:33
extracted\OD67_i_agd66_amg_Z50.jpg.aux.xml,7911,,,,https://d28rz98at9flks.cloudfront.net/79287/79287_ODriscoll.zip,25b9142f8f4cbf8edd84de5a46434a6ee0511d96745207de275ef68637200b49,2026-09-10 15:01:33
extracted\OD67_i_agd66_amg_Z50.TAB,397,,,,https://d28rz98at9flks.cloudfront.net/79287/79287_ODriscoll.zip,25b9142f8f4cbf8edd84de5a46434a6ee0511d96745207de275ef68637200b49,2026-09-10 15:01:33
extracted\OD67_ii_agd66_amg_Z50.jgw,92,,,,https://d28rz98at9flks.cloudfront.net/79287/79287_ODriscoll.zip,25b9142f8f4cbf8edd84de5a46434a6ee0511d96745207de275ef68637200b49,2026-09-10 15:01:33
extracted\OD67_ii_agd66_amg_Z50.jpg,3648603,6035,4799,yes,https://d28rz98at9flks.cloudfront.net/79287/79287_ODriscoll.zip,25b9142f8f4cbf8edd84de5a46434a6ee0511d96745207de275ef68637200b49,2026-09-10 15:01:33
extracted\OD67_ii_agd66_amg_Z50.jpg.aux.xml,7681,,,,https://d28rz98at9flks.cloudfront.net/79287/79287_ODriscoll.zip,25b9142f8f4cbf8edd84de5a46434a6ee0511d96745207de275ef68637200b49,2026-09-10 15:01:33
extracted\OD67_ii_agd66_amg_Z50.TAB,400,,,,https://d28rz98at9flks.cloudfront.net/79287/79287_ODriscoll.zip,25b9142f8f4cbf8edd84de5a46434a6ee0511d96745207de275ef68637200b49,2026-09-10 15:01:33
extracted\OD68_i_agd66_amg_Z53.jgw,92,,,,https://d28rz98at9flks.cloudfront.net/79287/79287_ODriscoll.zip,25b9142f8f4cbf8edd84de5a46434a6ee0511d96745207de275ef68637200b49,2026-09-10 15:01:33
extracted\OD68_i_agd66_amg_Z53.jpg,7931575,7177,5306,yes,https://d28rz98at9flks.cloudfront.net/79287/79287_ODriscoll.zip,25b9142f8f4cbf8edd84de5a46434a6ee0511d96745207de275ef68637200b49,2026-09-10 15:01:33
extracted\OD68_i_agd66_amg_Z53.jpg.aux.xml,7826,,,,https://d28rz98at9flks.cloudfront.net/79287/79287_ODriscoll.zip,25b9142f8f4cbf8edd84de5a46434a6ee0511d96745207de275ef68637200b49,2026-09-10 15:01:33
extracted\OD68_i_agd66_amg_Z53.TAB,399,,,,https://d28rz98at9flks.cloudfront.net/79287/79287_ODriscoll.zip,25b9142f8f4cbf8edd84de5a46434a6ee0511d96745207de275ef68637200b49,2026-09-10 15:01:33
extracted\OD68_ii_agd66_amg_Z53.jgw,92,,,,https://d28rz98at9flks.cloudfront.net/79287/79287_ODriscoll.zip,25b9142f8f4cbf8edd84de5a46434a6ee0511d96745207de275ef68637200b49,2026-09-10 15:01:33
extracted\OD68_ii_agd66_amg_Z53.jpg,4576579,5756,5097,yes,https://d28rz98at9flks.cloudfront.net/79287/79287_ODriscoll.zip,25b9142f8f4cbf8edd84de5a46434a6ee0511d96745207de275ef68637200b49,2026-09-10 15:01:33
extracted\OD68_ii_agd66_amg_Z53.jpg.aux.xml,7555,,,,https://d28rz98at9flks.cloudfront.net/79287/79287_ODriscoll.zip,25b9142f8f4cbf8edd84de5a46434a6ee0511d96745207de275ef68637200b49,2026-09-10 15:01:33
extracted\OD68_ii_agd66_amg_Z53.TAB,400,,,,https://d28rz98at9flks.cloudfront.net/79287/79287_ODriscoll.zip,25b9142f8f4cbf8edd84de5a46434a6ee0511d96745207de275ef68637200b49,2026-09-10 15:01:33
extracted\OD6_iii_agd66_amg_Z53.jgw,92,,,,https://d28rz98at9flks.cloudfront.net/79287/79287_ODriscoll.zip,25b9142f8f4cbf8edd84de5a46434a6ee0511d96745207de275ef68637200b49,2026-09-10 15:01:33
extracted\OD6_iii_agd66_amg_Z53.jpg,5618900,5691,8503,yes,https://d28rz98at9flks.cloudfront.net/79287/79287_ODriscoll.zip,25b9142f8f4cbf8edd84de5a46434a6ee0511d96745207de275ef68637200b49,2026-09-10 15:01:33
extracted\OD6_iii_agd66_amg_Z53.jpg.aux.xml,7688,,,,https://d28rz98at9flks.cloudfront.net/79287/79287_ODriscoll.zip,25b9142f8f4cbf8edd84de5a46434a6ee0511d96745207de275ef68637200b49,2026-09-10 15:01:33
extracted\OD6_iii_agd66_amg_Z53.TAB,398,,,,https://d28rz98at9flks.cloudfront.net/79287/79287_ODriscoll.zip,25b9142f8f4cbf8edd84de5a46434a6ee0511d96745207de275ef68637200b49,2026-09-10 15:01:33
extracted\OD6_iv_agd66_amg_Z53.jgw,92,,,,https://d28rz98at9flks.cloudfront.net/79287/79287_ODriscoll.zip,25b9142f8f4cbf8edd84de5a46434a6ee0511d96745207de275ef68637200b49,2026-09-10 15:01:33
extracted\OD6_iv_agd66_amg_Z53.jpg,5405280,5783,8220,yes,https://d28rz98at9flks.cloudfront.net/79287/79287_ODriscoll.zip,25b9142f8f4cbf8edd84de5a46434a6ee0511d96745207de275ef68637200b49,2026-09-10 15:01:33
extracted\OD6_iv_agd66_amg_Z53.jpg.aux.xml,7510,,,,https://d28rz98at9flks.cloudfront.net/79287/79287_ODriscoll.zip,25b9142f8f4cbf8edd84de5a46434a6ee0511d96745207de275ef68637200b49,2026-09-10 15:01:33
extracted\OD6_iv_agd66_amg_Z53.TAB,398,,,,https://d28rz98at9flks.cloudfront.net/79287/79287_ODriscoll.zip,25b9142f8f4cbf8edd84de5a46434a6ee0511d96745207de275ef68637200b49,2026-09-10 15:01:33
extracted\OD6_v_agd66_amg_Z53.jgw,94,,,,https://d28rz98at9flks.cloudfront.net/79287/79287_ODriscoll.zip,25b9142f8f4cbf8edd84de5a46434a6ee0511d96745207de275ef68637200b49,2026-09-10 15:01:33
extracted\OD6_v_agd66_amg_Z53.jpg,1127803,4209,4051,yes,https://d28rz98at9flks.cloudfront.net/79287/79287_ODriscoll.zip,25b9142f8f4cbf8edd84de5a46434a6ee0511d96745207de275ef68637200b49,2026-09-10 15:01:33
extracted\OD6_v_agd66_amg_Z53.jpg.aux.xml,7119,,,,https://d28rz98at9flks.cloudfront.net/79287/79287_ODriscoll.zip,25b9142f8f4cbf8edd84de5a46434a6ee0511d96745207de275ef68637200b49,2026-09-10 15:01:33
extracted\OD6_v_agd66_amg_Z53.TAB,398,,,,https://d28rz98at9flks.cloudfront.net/79287/79287_ODriscoll.zip,25b9142f8f4cbf8edd84de5a46434a6ee0511d96745207de275ef68637200b49,2026-09-10 15:01:33
extracted\OD6_vi_agd66_amg_Z53.jgw,94,,,,https://d28rz98at9flks.cloudfront.net/79287/79287_ODriscoll.zip,25b9142f8f4cbf8edd84de5a46434a6ee0511d96745207de275ef68637200b49,2026-09-10 15:01:33
extracted\OD6_vi_agd66_amg_Z53.jpg,1163851,4012,4037,yes,https://d28rz98at9flks.cloudfront.net/79287/79287_ODriscoll.zip,25b9142f8f4cbf8edd84de5a46434a6ee0511d96745207de275ef68637200b49,2026-09-10 15:01:33
extracted\OD6_vi_agd66_amg_Z53.jpg.aux.xml,7068,,,,https://d28rz98at9flks.cloudfront.net/79287/79287_ODriscoll.zip,25b9142f8f4cbf8edd84de5a46434a6ee0511d96745207de275ef68637200b49,2026-09-10 15:01:33
extracted\OD6_vi_agd66_amg_Z53.TAB,397,,,,https://d28rz98at9flks.cloudfront.net/79287/79287_ODriscoll.zip,25b9142f8f4cbf8edd84de5a46434a6ee0511d96745207de275ef68637200b49,2026-09-10 15:01:33
extracted\OD6_viii_agd66_amg_Z53.jgw,94,,,,https://d28rz98at9flks.cloudfront.net/79287/79287_ODriscoll.zip,25b9142f8f4cbf8edd84de5a46434a6ee0511d96745207de275ef68637200b49,2026-09-10 15:01:33
extracted\OD6_viii_agd66_amg_Z53.jpg,711236,4143,3394,yes,https://d28rz98at9flks.cloudfront.net/79287/79287_ODriscoll.zip,25b9142f8f4cbf8edd84de5a46434a6ee0511d96745207de275ef68637200b49,2026-09-10 15:01:33
extracted\OD6_viii_agd66_amg_Z53.jpg.aux.xml,7019,,,,https://d28rz98at9flks.cloudfront.net/79287/79287_ODriscoll.zip,25b9142f8f4cbf8edd84de5a46434a6ee0511d96745207de275ef68637200b49,2026-09-10 15:01:33
extracted\OD6_viii_agd66_amg_Z53.TAB,401,,,,https://d28rz98at9flks.cloudfront.net/79287/79287_ODriscoll.zip,25b9142f8f4cbf8edd84de5a46434a6ee0511d96745207de275ef68637200b49,2026-09-10 15:01:33
extracted\OD71_iv_agd66_amg_Z51.jgw,92,,,,https://d28rz98at9flks.cloudfront.net/79287/79287_ODriscoll.zip,25b9142f8f4cbf8edd84de5a46434a6ee0511d96745207de275ef68637200b49,2026-09-10 15:01:33
extracted\OD71_iv_agd66_amg_Z51.jpg,5560163,7652,5376,yes,https://d28rz98at9flks.cloudfront.net/79287/79287_ODriscoll.zip,25b9142f8f4cbf8edd84de5a46434a6ee0511d96745207de275ef68637200b49,2026-09-10 15:01:33
extracted\OD71_iv_agd66_amg_Z51.jpg.aux.xml,7666,,,,https://d28rz98at9flks.cloudfront.net/79287/79287_ODriscoll.zip,25b9142f8f4cbf8edd84de5a46434a6ee0511d96745207de275ef68637200b49,2026-09-10 15:01:33
extracted\OD71_iv_agd66_amg_Z51.TAB,398,,,,https://d28rz98at9flks.cloudfront.net/79287/79287_ODriscoll.zip,25b9142f8f4cbf8edd84de5a46434a6ee0511d96745207de275ef68637200b49,2026-09-10 15:01:33
extracted\OD71_v_agd66_amg_Z51.jgw,92,,,,https://d28rz98at9flks.cloudfront.net/79287/79287_ODriscoll.zip,25b9142f8f4cbf8edd84de5a46434a6ee0511d96745207de275ef68637200b49,2026-09-10 15:01:33
extracted\OD71_v_agd66_amg_Z51.jpg,4914317,5690,4770,yes,https://d28rz98at9flks.cloudfront.net/79287/79287_ODriscoll.zip,25b9142f8f4cbf8edd84de5a46434a6ee0511d96745207de275ef68637200b49,2026-09-10 15:01:33
extracted\OD71_v_agd66_amg_Z51.jpg.aux.xml,7607,,,,https://d28rz98at9flks.cloudfront.net/79287/79287_ODriscoll.zip,25b9142f8f4cbf8edd84de5a46434a6ee0511d96745207de275ef68637200b49,2026-09-10 15:01:33
extracted\OD71_v_agd66_amg_Z51.TAB,397,,,,https://d28rz98at9flks.cloudfront.net/79287/79287_ODriscoll.zip,25b9142f8f4cbf8edd84de5a46434a6ee0511d96745207de275ef68637200b49,2026-09-10 15:01:33
extracted\OD72_i_agd66_amg_Z54.jgw,92,,,,https://d28rz98at9flks.cloudfront.net/79287/79287_ODriscoll.zip,25b9142f8f4cbf8edd84de5a46434a6ee0511d96745207de275ef68637200b49,2026-09-10 15:01:33
extracted\OD72_i_agd66_amg_Z54.jpg,2599906,5495,3971,yes,https://d28rz98at9flks.cloudfront.net/79287/79287_ODriscoll.zip,25b9142f8f4cbf8edd84de5a46434a6ee0511d96745207de275ef68637200b49,2026-09-10 15:01:33
extracted\OD72_i_agd66_amg_Z54.jpg.aux.xml,7282,,,,https://d28rz98at9flks.cloudfront.net/79287/79287_ODriscoll.zip,25b9142f8f4cbf8edd84de5a46434a6ee0511d96745207de275ef68637200b49,2026-09-10 15:01:33
extracted\OD72_i_agd66_amg_Z54.TAB,399,,,,https://d28rz98at9flks.cloudfront.net/79287/79287_ODriscoll.zip,25b9142f8f4cbf8edd84de5a46434a6ee0511d96745207de275ef68637200b49,2026-09-10 15:01:33
extracted\OD73_i_agd66_amg_Z53.jgw,94,,,,https://d28rz98at9flks.cloudfront.net/79287/79287_ODriscoll.zip,25b9142f8f4cbf8edd84de5a46434a6ee0511d96745207de275ef68637200b49,2026-09-10 15:01:33
extracted\OD73_i_agd66_amg_Z53.jpg,6090136,5636,7399,yes,https://d28rz98at9flks.cloudfront.net/79287/79287_ODriscoll.zip,25b9142f8f4cbf8edd84de5a46434a6ee0511d96745207de275ef68637200b49,2026-09-10 15:01:33
extracted\OD73_i_agd66_amg_Z53.jpg.aux.xml,7599,,,,https://d28rz98at9flks.cloudfront.net/79287/79287_ODriscoll.zip,25b9142f8f4cbf8edd84de5a46434a6ee0511d96745207de275ef68637200b49,2026-09-10 15:01:33
extracted\OD73_i_agd66_amg_Z53.TAB,398,,,,https://d28rz98at9flks.cloudfront.net/79287/79287_ODriscoll.zip,25b9142f8f4cbf8edd84de5a46434a6ee0511d96745207de275ef68637200b49,2026-09-10 15:01:33
extracted\OD73_vi_agd66_amg_Z53.jgw,95,,,,https://d28rz98at9flks.cloudfront.net/79287/79287_ODriscoll.zip,25b9142f8f4cbf8edd84de5a46434a6ee0511d96745207de275ef68637200b49,2026-09-10 15:01:33
extracted\OD73_vi_agd66_amg_Z53.jpg,5292974,5629,7377,yes,https://d28rz98at9flks.cloudfront.net/79287/79287_ODriscoll.zip,25b9142f8f4cbf8edd84de5a46434a6ee0511d96745207de275ef68637200b49,2026-09-10 15:01:33
extracted\OD73_vi_agd66_amg_Z53.jpg.aux.xml,7554,,,,https://d28rz98at9flks.cloudfront.net/79287/79287_ODriscoll.zip,25b9142f8f4cbf8edd84de5a46434a6ee0511d96745207de275ef68637200b49,2026-09-10 15:01:33
extracted\OD73_vi_agd66_amg_Z53.TAB,402,,,,https://d28rz98at9flks.cloudfront.net/79287/79287_ODriscoll.zip,25b9142f8f4cbf8edd84de5a46434a6ee0511d96745207de275ef68637200b49,2026-09-10 15:01:33
extracted\OD75_ii_agd66_amg_Z53.jgw,92,,,,https://d28rz98at9flks.cloudfront.net/79287/79287_ODriscoll.zip,25b9142f8f4cbf8edd84de5a46434a6ee0511d96745207de275ef68637200b49,2026-09-10 15:01:33
extracted\OD75_ii_agd66_amg_Z53.jpg,2165788,5900,5080,yes,https://d28rz98at9flks.cloudfront.net/79287/79287_ODriscoll.zip,25b9142f8f4cbf8edd84de5a46434a6ee0511d96745207de275ef68637200b49,2026-09-10 15:01:33
extracted\OD75_ii_agd66_amg_Z53.jpg.aux.xml,7282,,,,https://d28rz98at9flks.cloudfront.net/79287/79287_ODriscoll.zip,25b9142f8f4cbf8edd84de5a46434a6ee0511d96745207de275ef68637200b49,2026-09-10 15:01:33
extracted\OD75_ii_agd66_amg_Z53.TAB,400,,,,https://d28rz98at9flks.cloudfront.net/79287/79287_ODriscoll.zip,25b9142f8f4cbf8edd84de5a46434a6ee0511d96745207de275ef68637200b49,2026-09-10 15:01:33
extracted\OD76_i_agd66_amg_Z53.jgw,94,,,,https://d28rz98at9flks.cloudfront.net/79287/79287_ODriscoll.zip,25b9142f8f4cbf8edd84de5a46434a6ee0511d96745207de275ef68637200b49,2026-09-10 15:01:33
extracted\OD76_i_agd66_amg_Z53.jpg,5761258,5641,5774,yes,https://d28rz98at9flks.cloudfront.net/79287/79287_ODriscoll.zip,25b9142f8f4cbf8edd84de5a46434a6ee0511d96745207de275ef68637200b49,2026-09-10 15:01:33
extracted\OD76_i_agd66_amg_Z53.jpg.aux.xml,7563,,,,https://d28rz98at9flks.cloudfront.net/79287/79287_ODriscoll.zip,25b9142f8f4cbf8edd84de5a46434a6ee0511d96745207de275ef68637200b49,2026-09-10 15:01:33
extracted\OD76_i_agd66_amg_Z53.TAB,397,,,,https://d28rz98at9flks.cloudfront.net/79287/79287_ODriscoll.zip,25b9142f8f4cbf8edd84de5a46434a6ee0511d96745207de275ef68637200b49,2026-09-10 15:01:33
extracted\OD76_ii_agd66_amg_Z53.jgw,94,,,,https://d28rz98at9flks.cloudfront.net/79287/79287_ODriscoll.zip,25b9142f8f4cbf8edd84de5a46434a6ee0511d96745207de275ef68637200b49,2026-09-10 15:01:33
extracted\OD76_ii_agd66_amg_Z53.jpg,10279726,9918,4982,yes,https://d28rz98at9flks.cloudfront.net/79287/79287_ODriscoll.zip,25b9142f8f4cbf8edd84de5a46434a6ee0511d96745207de275ef68637200b49,2026-09-10 15:01:33
extracted\OD76_ii_agd66_amg_Z53.jpg.aux.xml,7851,,,,https://d28rz98at9flks.cloudfront.net/79287/79287_ODriscoll.zip,25b9142f8f4cbf8edd84de5a46434a6ee0511d96745207de275ef68637200b49,2026-09-10 15:01:33
extracted\OD76_ii_agd66_amg_Z53.TAB,400,,,,https://d28rz98at9flks.cloudfront.net/79287/79287_ODriscoll.zip,25b9142f8f4cbf8edd84de5a46434a6ee0511d96745207de275ef68637200b49,2026-09-10 15:01:33
extracted\OD76_vii_agd66_amg_Z53.jgw,92,,,,https://d28rz98at9flks.cloudfront.net/79287/79287_ODriscoll.zip,25b9142f8f4cbf8edd84de5a46434a6ee0511d96745207de275ef68637200b49,2026-09-10 15:01:33
extracted\OD76_vii_agd66_amg_Z53.jpg,2390573,5751,5109,yes,https://d28rz98at9flks.cloudfront.net/79287/79287_ODriscoll.zip,25b9142f8f4cbf8edd84de5a46434a6ee0511d96745207de275ef68637200b49,2026-09-10 15:01:33
extracted\OD76_vii_agd66_amg_Z53.jpg.aux.xml,7271,,,,https://d28rz98at9flks.cloudfront.net/79287/79287_ODriscoll.zip,25b9142f8f4cbf8edd84de5a46434a6ee0511d96745207de275ef68637200b49,2026-09-10 15:01:33
extracted\OD76_vii_agd66_amg_Z53.TAB,401,,,,https://d28rz98at9flks.cloudfront.net/79287/79287_ODriscoll.zip,25b9142f8f4cbf8edd84de5a46434a6ee0511d96745207de275ef68637200b49,2026-09-10 15:01:33
extracted\OD77_i_agd66_amg_Z53.jgw,92,,,,https://d28rz98at9flks.cloudfront.net/79287/79287_ODriscoll.zip,25b9142f8f4cbf8edd84de5a46434a6ee0511d96745207de275ef68637200b49,2026-09-10 15:01:33
extracted\OD77_i_agd66_amg_Z53.jpg,5627256,8073,5090,yes,https://d28rz98at9flks.cloudfront.net/79287/79287_ODriscoll.zip,25b9142f8f4cbf8edd84de5a46434a6ee0511d96745207de275ef68637200b49,2026-09-10 15:01:33
extracted\OD77_i_agd66_amg_Z53.jpg.aux.xml,7723,,,,https://d28rz98at9flks.cloudfront.net/79287/79287_ODriscoll.zip,25b9142f8f4cbf8edd84de5a46434a6ee0511d96745207de275ef68637200b49,2026-09-10 15:01:33
extracted\OD77_i_agd66_amg_Z53.TAB,399,,,,https://d28rz98at9flks.cloudfront.net/79287/79287_ODriscoll.zip,25b9142f8f4cbf8edd84de5a46434a6ee0511d96745207de275ef68637200b49,2026-09-10 15:01:33
extracted\OD79_vii_agd66_amg_Z51.jgw,92,,,,https://d28rz98at9flks.cloudfront.net/79287/79287_ODriscoll.zip,25b9142f8f4cbf8edd84de5a46434a6ee0511d96745207de275ef68637200b49,2026-09-10 15:01:33
extracted\OD79_vii_agd66_amg_Z51.jpg,2286230,5252,3899,yes,https://d28rz98at9flks.cloudfront.net/79287/79287_ODriscoll.zip,25b9142f8f4cbf8edd84de5a46434a6ee0511d96745207de275ef68637200b49,2026-09-10 15:01:33
extracted\OD79_vii_agd66_amg_Z51.jpg.aux.xml,7208,,,,https://d28rz98at9flks.cloudfront.net/79287/79287_ODriscoll.zip,25b9142f8f4cbf8edd84de5a46434a6ee0511d96745207de275ef68637200b49,2026-09-10 15:01:33
extracted\OD79_vii_agd66_amg_Z51.TAB,401,,,,https://d28rz98at9flks.cloudfront.net/79287/79287_ODriscoll.zip,25b9142f8f4cbf8edd84de5a46434a6ee0511d96745207de275ef68637200b49,2026-09-10 15:01:33
extracted\OD79_viii_agd66_amg_Z51.jgw,92,,,,https://d28rz98at9flks.cloudfront.net/79287/79287_ODriscoll.zip,25b9142f8f4cbf8edd84de5a46434a6ee0511d96745207de275ef68637200b49,2026-09-10 15:01:33
extracted\OD79_viii_agd66_amg_Z51.jpg,8106738,7083,5682,yes,https://d28rz98at9flks.cloudfront.net/79287/79287_ODriscoll.zip,25b9142f8f4cbf8edd84de5a46434a6ee0511d96745207de275ef68637200b49,2026-09-10 15:01:33
extracted\OD79_viii_agd66_amg_Z51.jpg.aux.xml,7854,,,,https://d28rz98at9flks.cloudfront.net/79287/79287_ODriscoll.zip,25b9142f8f4cbf8edd84de5a46434a6ee0511d96745207de275ef68637200b49,2026-09-10 15:01:33
extracted\OD79_viii_agd66_amg_Z51.TAB,402,,,,https://d28rz98at9flks.cloudfront.net/79287/79287_ODriscoll.zip,25b9142f8f4cbf8edd84de5a46434a6ee0511d96745207de275ef68637200b49,2026-09-10 15:01:33
extracted\OD7_i_agd66_amg_Z53.jgw,92,,,,https://d28rz98at9flks.cloudfront.net/79287/79287_ODriscoll.zip,25b9142f8f4cbf8edd84de5a46434a6ee0511d96745207de275ef68637200b49,2026-09-10 15:01:33
extracted\OD7_i_agd66_amg_Z53.jpg,2128967,6154,4628,yes,https://d28rz98at9flks.cloudfront.net/79287/79287_ODriscoll.zip,25b9142f8f4cbf8edd84de5a46434a6ee0511d96745207de275ef68637200b49,2026-09-10 15:01:33
extracted\OD7_i_agd66_amg_Z53.jpg.aux.xml,7037,,,,https://d28rz98at9flks.cloudfront.net/79287/79287_ODriscoll.zip,25b9142f8f4cbf8edd84de5a46434a6ee0511d96745207de275ef68637200b49,2026-09-10 15:01:33
extracted\OD7_i_agd66_amg_Z53.TAB,395,,,,https://d28rz98at9flks.cloudfront.net/79287/79287_ODriscoll.zip,25b9142f8f4cbf8edd84de5a46434a6ee0511d96745207de275ef68637200b49,2026-09-10 15:01:33
extracted\OD7_ii_agd66_amg_Z53.jgw,92,,,,https://d28rz98at9flks.cloudfront.net/79287/79287_ODriscoll.zip,25b9142f8f4cbf8edd84de5a46434a6ee0511d96745207de275ef68637200b49,2026-09-10 15:01:33
extracted\OD7_ii_agd66_amg_Z53.jpg,4131988,5476,7466,yes,https://d28rz98at9flks.cloudfront.net/79287/79287_ODriscoll.zip,25b9142f8f4cbf8edd84de5a46434a6ee0511d96745207de275ef68637200b49,2026-09-10 15:01:33
extracted\OD7_ii_agd66_amg_Z53.jpg.aux.xml,7321,,,,https://d28rz98at9flks.cloudfront.net/79287/79287_ODriscoll.zip,25b9142f8f4cbf8edd84de5a46434a6ee0511d96745207de275ef68637200b49,2026-09-10 15:01:33
extracted\OD7_ii_agd66_amg_Z53.TAB,398,,,,https://d28rz98at9flks.cloudfront.net/79287/79287_ODriscoll.zip,25b9142f8f4cbf8edd84de5a46434a6ee0511d96745207de275ef68637200b49,2026-09-10 15:01:33
extracted\OD7_iii_agd66_amg_Z53.jgw,92,,,,https://d28rz98at9flks.cloudfront.net/79287/79287_ODriscoll.zip,25b9142f8f4cbf8edd84de5a46434a6ee0511d96745207de275ef68637200b49,2026-09-10 15:01:33
extracted\OD7_iii_agd66_amg_Z53.jpg,7431433,5140,9185,yes,https://d28rz98at9flks.cloudfront.net/79287/79287_ODriscoll.zip,25b9142f8f4cbf8edd84de5a46434a6ee0511d96745207de275ef68637200b49,2026-09-10 15:01:33
extracted\OD7_iii_agd66_amg_Z53.jpg.aux.xml,7514,,,,https://d28rz98at9flks.cloudfront.net/79287/79287_ODriscoll.zip,25b9142f8f4cbf8edd84de5a46434a6ee0511d96745207de275ef68637200b49,2026-09-10 15:01:33
extracted\OD7_iii_agd66_amg_Z53.TAB,400,,,,https://d28rz98at9flks.cloudfront.net/79287/79287_ODriscoll.zip,25b9142f8f4cbf8edd84de5a46434a6ee0511d96745207de275ef68637200b49,2026-09-10 15:01:33
extracted\OD7_iv_agd66_amg_Z53.jgw,92,,,,https://d28rz98at9flks.cloudfront.net/79287/79287_ODriscoll.zip,25b9142f8f4cbf8edd84de5a46434a6ee0511d96745207de275ef68637200b49,2026-09-10 15:01:33
extracted\OD7_iv_agd66_amg_Z53.jpg,3882372,5121,9377,yes,https://d28rz98at9flks.cloudfront.net/79287/79287_ODriscoll.zip,25b9142f8f4cbf8edd84de5a46434a6ee0511d96745207de275ef68637200b49,2026-09-10 15:01:33
extracted\OD7_iv_agd66_amg_Z53.jpg.aux.xml,7563,,,,https://d28rz98at9flks.cloudfront.net/79287/79287_ODriscoll.zip,25b9142f8f4cbf8edd84de5a46434a6ee0511d96745207de275ef68637200b49,2026-09-10 15:01:33
extracted\OD7_iv_agd66_amg_Z53.TAB,399,,,,https://d28rz98at9flks.cloudfront.net/79287/79287_ODriscoll.zip,25b9142f8f4cbf8edd84de5a46434a6ee0511d96745207de275ef68637200b49,2026-09-10 15:01:33
extracted\OD7_ix_agd66_amg_Z53.jgw,92,,,,https://d28rz98at9flks.cloudfront.net/79287/79287_ODriscoll.zip,25b9142f8f4cbf8edd84de5a46434a6ee0511d96745207de275ef68637200b49,2026-09-10 15:01:33
extracted\OD7_ix_agd66_amg_Z53.jpg,9114528,5236,9587,yes,https://d28rz98at9flks.cloudfront.net/79287/79287_ODriscoll.zip,25b9142f8f4cbf8edd84de5a46434a6ee0511d96745207de275ef68637200b49,2026-09-10 15:01:33
extracted\OD7_ix_agd66_amg_Z53.jpg.aux.xml,7669,,,,https://d28rz98at9flks.cloudfront.net/79287/79287_ODriscoll.zip,25b9142f8f4cbf8edd84de5a46434a6ee0511d96745207de275ef68637200b49,2026-09-10 15:01:33
extracted\OD7_ix_agd66_amg_Z53.TAB,397,,,,https://d28rz98at9flks.cloudfront.net/79287/79287_ODriscoll.zip,25b9142f8f4cbf8edd84de5a46434a6ee0511d96745207de275ef68637200b49,2026-09-10 15:01:33
extracted\OD7_v_agd66_amg_Z53.jgw,92,,,,https://d28rz98at9flks.cloudfront.net/79287/79287_ODriscoll.zip,25b9142f8f4cbf8edd84de5a46434a6ee0511d96745207de275ef68637200b49,2026-09-10 15:01:33
extracted\OD7_v_agd66_amg_Z53.jpg,7155969,5678,8482,yes,https://d28rz98at9flks.cloudfront.net/79287/79287_ODriscoll.zip,25b9142f8f4cbf8edd84de5a46434a6ee0511d96745207de275ef68637200b49,2026-09-10 15:01:33
extracted\OD7_v_agd66_amg_Z53.jpg.aux.xml,7593,,,,https://d28rz98at9flks.cloudfront.net/79287/79287_ODriscoll.zip,25b9142f8f4cbf8edd84de5a46434a6ee0511d96745207de275ef68637200b49,2026-09-10 15:01:33
extracted\OD7_v_agd66_amg_Z53.TAB,398,,,,https://d28rz98at9flks.cloudfront.net/79287/79287_ODriscoll.zip,25b9142f8f4cbf8edd84de5a46434a6ee0511d96745207de275ef68637200b49,2026-09-10 15:01:33
extracted\OD7_vi_agd66_amg_Z53.jgw,92,,,,https://d28rz98at9flks.cloudfront.net/79287/79287_ODriscoll.zip,25b9142f8f4cbf8edd84de5a46434a6ee0511d96745207de275ef68637200b49,2026-09-10 15:01:33
extracted\OD7_vi_agd66_amg_Z53.jpg,5987033,6973,9936,yes,https://d28rz98at9flks.cloudfront.net/79287/79287_ODriscoll.zip,25b9142f8f4cbf8edd84de5a46434a6ee0511d96745207de275ef68637200b49,2026-09-10 15:01:33
extracted\OD7_vi_agd66_amg_Z53.jpg.aux.xml,7522,,,,https://d28rz98at9flks.cloudfront.net/79287/79287_ODriscoll.zip,25b9142f8f4cbf8edd84de5a46434a6ee0511d96745207de275ef68637200b49,2026-09-10 15:01:33
extracted\OD7_vi_agd66_amg_Z53.TAB,399,,,,https://d28rz98at9flks.cloudfront.net/79287/79287_ODriscoll.zip,25b9142f8f4cbf8edd84de5a46434a6ee0511d96745207de275ef68637200b49,2026-09-10 15:01:33
extracted\OD7_vii_agd66_amg_Z53.jgw,92,,,,https://d28rz98at9flks.cloudfront.net/79287/79287_ODriscoll.zip,25b9142f8f4cbf8edd84de5a46434a6ee0511d96745207de275ef68637200b49,2026-09-10 15:01:33
extracted\OD7_vii_agd66_amg_Z53.jpg,2209044,5082,9024,yes,https://d28rz98at9flks.cloudfront.net/79287/79287_ODriscoll.zip,25b9142f8f4cbf8edd84de5a46434a6ee0511d96745207de275ef68637200b49,2026-09-10 15:01:33
extracted\OD7_vii_agd66_amg_Z53.jpg.aux.xml,7204,,,,https://d28rz98at9flks.cloudfront.net/79287/79287_ODriscoll.zip,25b9142f8f4cbf8edd84de5a46434a6ee0511d96745207de275ef68637200b49,2026-09-10 15:01:33
extracted\OD7_vii_agd66_amg_Z53.TAB,399,,,,https://d28rz98at9flks.cloudfront.net/79287/79287_ODriscoll.zip,25b9142f8f4cbf8edd84de5a46434a6ee0511d96745207de275ef68637200b49,2026-09-10 15:01:33
extracted\OD7_viii_agd66_amg_Z53.jgw,92,,,,https://d28rz98at9flks.cloudfront.net/79287/79287_ODriscoll.zip,25b9142f8f4cbf8edd84de5a46434a6ee0511d96745207de275ef68637200b49,2026-09-10 15:01:33
extracted\OD7_viii_agd66_amg_Z53.jpg,3059484,5469,9656,yes,https://d28rz98at9flks.cloudfront.net/79287/79287_ODriscoll.zip,25b9142f8f4cbf8edd84de5a46434a6ee0511d96745207de275ef68637200b49,2026-09-10 15:01:33
extracted\OD7_viii_agd66_amg_Z53.jpg.aux.xml,7254,,,,https://d28rz98at9flks.cloudfront.net/79287/79287_ODriscoll.zip,25b9142f8f4cbf8edd84de5a46434a6ee0511d96745207de275ef68637200b49,2026-09-10 15:01:33
extracted\OD7_viii_agd66_amg_Z53.TAB,397,,,,https://d28rz98at9flks.cloudfront.net/79287/79287_ODriscoll.zip,25b9142f8f4cbf8edd84de5a46434a6ee0511d96745207de275ef68637200b49,2026-09-10 15:01:33
extracted\OD7_x_agd66_amg_Z53.jgw,92,,,,https://d28rz98at9flks.cloudfront.net/79287/79287_ODriscoll.zip,25b9142f8f4cbf8edd84de5a46434a6ee0511d96745207de275ef68637200b49,2026-09-10 15:01:33
extracted\OD7_x_agd66_amg_Z53.jpg,3560262,5073,9030,yes,https://d28rz98at9flks.cloudfront.net/79287/79287_ODriscoll.zip,25b9142f8f4cbf8edd84de5a46434a6ee0511d96745207de275ef68637200b49,2026-09-10 15:01:33
extracted\OD7_x_agd66_amg_Z53.jpg.aux.xml,7355,,,,https://d28rz98at9flks.cloudfront.net/79287/79287_ODriscoll.zip,25b9142f8f4cbf8edd84de5a46434a6ee0511d96745207de275ef68637200b49,2026-09-10 15:01:33
extracted\OD7_x_agd66_amg_Z53.TAB,398,,,,https://d28rz98at9flks.cloudfront.net/79287/79287_ODriscoll.zip,25b9142f8f4cbf8edd84de5a46434a6ee0511d96745207de275ef68637200b49,2026-09-10 15:01:33
extracted\OD7_xii_agd66_amg_Z53.jgw,92,,,,https://d28rz98at9flks.cloudfront.net/79287/79287_ODriscoll.zip,25b9142f8f4cbf8edd84de5a46434a6ee0511d96745207de275ef68637200b49,2026-09-10 15:01:33
extracted\OD7_xii_agd66_amg_Z53.jpg,5145907,5248,9537,yes,https://d28rz98at9flks.cloudfront.net/79287/79287_ODriscoll.zip,25b9142f8f4cbf8edd84de5a46434a6ee0511d96745207de275ef68637200b49,2026-09-10 15:01:33
extracted\OD7_xii_agd66_amg_Z53.jpg.aux.xml,7716,,,,https://d28rz98at9flks.cloudfront.net/79287/79287_ODriscoll.zip,25b9142f8f4cbf8edd84de5a46434a6ee0511d96745207de275ef68637200b49,2026-09-10 15:01:33
extracted\OD7_xii_agd66_amg_Z53.TAB,400,,,,https://d28rz98at9flks.cloudfront.net/79287/79287_ODriscoll.zip,25b9142f8f4cbf8edd84de5a46434a6ee0511d96745207de275ef68637200b49,2026-09-10 15:01:33
extracted\OD7_xv_agd66_amg_Z53.jgw,92,,,,https://d28rz98at9flks.cloudfront.net/79287/79287_ODriscoll.zip,25b9142f8f4cbf8edd84de5a46434a6ee0511d96745207de275ef68637200b49,2026-09-10 15:01:33
extracted\OD7_xv_agd66_amg_Z53.jpg,16988520,5936,11314,yes,https://d28rz98at9flks.cloudfront.net/79287/79287_ODriscoll.zip,25b9142f8f4cbf8edd84de5a46434a6ee0511d96745207de275ef68637200b49,2026-09-10 15:01:33
extracted\OD7_xv_agd66_amg_Z53.jpg.aux.xml,7977,,,,https://d28rz98at9flks.cloudfront.net/79287/79287_ODriscoll.zip,25b9142f8f4cbf8edd84de5a46434a6ee0511d96745207de275ef68637200b49,2026-09-10 15:01:33
extracted\OD7_xv_agd66_amg_Z53.TAB,400,,,,https://d28rz98at9flks.cloudfront.net/79287/79287_ODriscoll.zip,25b9142f8f4cbf8edd84de5a46434a6ee0511d96745207de275ef68637200b49,2026-09-10 15:01:33
extracted\OD7_xxi_agd66_amg_Z53.jgw,92,,,,https://d28rz98at9flks.cloudfront.net/79287/79287_ODriscoll.zip,25b9142f8f4cbf8edd84de5a46434a6ee0511d96745207de275ef68637200b49,2026-09-10 15:01:33
extracted\OD7_xxi_agd66_amg_Z53.jpg,3289178,6716,9613,yes,https://d28rz98at9flks.cloudfront.net/79287/79287_ODriscoll.zip,25b9142f8f4cbf8edd84de5a46434a6ee0511d96745207de275ef68637200b49,2026-09-10 15:01:33
extracted\OD7_xxi_agd66_amg_Z53.jpg.aux.xml,7406,,,,https://d28rz98at9flks.cloudfront.net/79287/79287_ODriscoll.zip,25b9142f8f4cbf8edd84de5a46434a6ee0511d96745207de275ef68637200b49,2026-09-10 15:01:33
extracted\OD7_xxi_agd66_amg_Z53.TAB,400,,,,https://d28rz98at9flks.cloudfront.net/79287/79287_ODriscoll.zip,25b9142f8f4cbf8edd84de5a46434a6ee0511d96745207de275ef68637200b49,2026-09-10 15:01:33
extracted\OD80_ii_agd66_amg_Z51.jgw,92,,,,https://d28rz98at9flks.cloudfront.net/79287/79287_ODriscoll.zip,25b9142f8f4cbf8edd84de5a46434a6ee0511d96745207de275ef68637200b49,2026-09-10 15:01:33
extracted\OD80_ii_agd66_amg_Z51.jpg,2591739,5501,4714,yes,https://d28rz98at9flks.cloudfront.net/79287/79287_ODriscoll.zip,25b9142f8f4cbf8edd84de5a46434a6ee0511d96745207de275ef68637200b49,2026-09-10 15:01:33
extracted\OD80_ii_agd66_amg_Z51.jpg.aux.xml,7312,,,,https://d28rz98at9flks.cloudfront.net/79287/79287_ODriscoll.zip,25b9142f8f4cbf8edd84de5a46434a6ee0511d96745207de275ef68637200b49,2026-09-10 15:01:33
extracted\OD80_ii_agd66_amg_Z51.TAB,398,,,,https://d28rz98at9flks.cloudfront.net/79287/79287_ODriscoll.zip,25b9142f8f4cbf8edd84de5a46434a6ee0511d96745207de275ef68637200b49,2026-09-10 15:01:33
extracted\OD80_vi_agd66_amg_Z51.jgw,92,,,,https://d28rz98at9flks.cloudfront.net/79287/79287_ODriscoll.zip,25b9142f8f4cbf8edd84de5a46434a6ee0511d96745207de275ef68637200b49,2026-09-10 15:01:33
extracted\OD80_vi_agd66_amg_Z51.jpg,5977630,5237,4613,yes,https://d28rz98at9flks.cloudfront.net/79287/79287_ODriscoll.zip,25b9142f8f4cbf8edd84de5a46434a6ee0511d96745207de275ef68637200b49,2026-09-10 15:01:33
extracted\OD80_vi_agd66_amg_Z51.jpg.aux.xml,7720,,,,https://d28rz98at9flks.cloudfront.net/79287/79287_ODriscoll.zip,25b9142f8f4cbf8edd84de5a46434a6ee0511d96745207de275ef68637200b49,2026-09-10 15:01:33
extracted\OD80_vi_agd66_amg_Z51.TAB,400,,,,https://d28rz98at9flks.cloudfront.net/79287/79287_ODriscoll.zip,25b9142f8f4cbf8edd84de5a46434a6ee0511d96745207de275ef68637200b49,2026-09-10 15:01:33
extracted\OD81_i_agd66_amg_Z53.jgw,92,,,,https://d28rz98at9flks.cloudfront.net/79287/79287_ODriscoll.zip,25b9142f8f4cbf8edd84de5a46434a6ee0511d96745207de275ef68637200b49,2026-09-10 15:01:33
extracted\OD81_i_agd66_amg_Z53.jpg,3190430,5732,5048,yes,https://d28rz98at9flks.cloudfront.net/79287/79287_ODriscoll.zip,25b9142f8f4cbf8edd84de5a46434a6ee0511d96745207de275ef68637200b49,2026-09-10 15:01:33
extracted\OD81_i_agd66_amg_Z53.jpg.aux.xml,7329,,,,https://d28rz98at9flks.cloudfront.net/79287/79287_ODriscoll.zip,25b9142f8f4cbf8edd84de5a46434a6ee0511d96745207de275ef68637200b49,2026-09-10 15:01:33
extracted\OD81_i_agd66_amg_Z53.TAB,399,,,,https://d28rz98at9flks.cloudfront.net/79287/79287_ODriscoll.zip,25b9142f8f4cbf8edd84de5a46434a6ee0511d96745207de275ef68637200b49,2026-09-10 15:01:33
extracted\OD81_ii_agd66_amg_Z53.jgw,92,,,,https://d28rz98at9flks.cloudfront.net/79287/79287_ODriscoll.zip,25b9142f8f4cbf8edd84de5a46434a6ee0511d96745207de275ef68637200b49,2026-09-10 15:01:33
extracted\OD81_ii_agd66_amg_Z53.jpg,8009737,8000,5530,yes,https://d28rz98at9flks.cloudfront.net/79287/79287_ODriscoll.zip,25b9142f8f4cbf8edd84de5a46434a6ee0511d96745207de275ef68637200b49,2026-09-10 15:01:33
extracted\OD81_ii_agd66_amg_Z53.jpg.aux.xml,7796,,,,https://d28rz98at9flks.cloudfront.net/79287/79287_ODriscoll.zip,25b9142f8f4cbf8edd84de5a46434a6ee0511d96745207de275ef68637200b49,2026-09-10 15:01:33
extracted\OD81_ii_agd66_amg_Z53.TAB,400,,,,https://d28rz98at9flks.cloudfront.net/79287/79287_ODriscoll.zip,25b9142f8f4cbf8edd84de5a46434a6ee0511d96745207de275ef68637200b49,2026-09-10 15:01:33
extracted\OD83_iv_agd66_LC.jgw,96,,,,https://d28rz98at9flks.cloudfront.net/79287/79287_ODriscoll.zip,25b9142f8f4cbf8edd84de5a46434a6ee0511d96745207de275ef68637200b49,2026-09-10 15:01:33
extracted\OD83_iv_agd66_LC.jpg,15885191,9606,6989,yes,https://d28rz98at9flks.cloudfront.net/79287/79287_ODriscoll.zip,25b9142f8f4cbf8edd84de5a46434a6ee0511d96745207de275ef68637200b49,2026-09-10 15:01:33
extracted\OD83_iv_agd66_LC.jpg.aux.xml,8071,,,,https://d28rz98at9flks.cloudfront.net/79287/79287_ODriscoll.zip,25b9142f8f4cbf8edd84de5a46434a6ee0511d96745207de275ef68637200b49,2026-09-10 15:01:33
extracted\OD83_iv_agd66_LC.TAB,390,,,,https://d28rz98at9flks.cloudfront.net/79287/79287_ODriscoll.zip,25b9142f8f4cbf8edd84de5a46434a6ee0511d96745207de275ef68637200b49,2026-09-10 15:01:33
extracted\OD83_xi_agd66_LC.jgw,96,,,,https://d28rz98at9flks.cloudfront.net/79287/79287_ODriscoll.zip,25b9142f8f4cbf8edd84de5a46434a6ee0511d96745207de275ef68637200b49,2026-09-10 15:01:33
extracted\OD83_xi_agd66_LC.jpg,9108478,8139,6436,yes,https://d28rz98at9flks.cloudfront.net/79287/79287_ODriscoll.zip,25b9142f8f4cbf8edd84de5a46434a6ee0511d96745207de275ef68637200b49,2026-09-10 15:01:33
extracted\OD83_xi_agd66_LC.jpg.aux.xml,7940,,,,https://d28rz98at9flks.cloudfront.net/79287/79287_ODriscoll.zip,25b9142f8f4cbf8edd84de5a46434a6ee0511d96745207de275ef68637200b49,2026-09-10 15:01:33
extracted\OD83_xi_agd66_LC.TAB,391,,,,https://d28rz98at9flks.cloudfront.net/79287/79287_ODriscoll.zip,25b9142f8f4cbf8edd84de5a46434a6ee0511d96745207de275ef68637200b49,2026-09-10 15:01:33
extracted\OD83_xvi_agd66_amg_Z53rough.jgw,98,,,,https://d28rz98at9flks.cloudfront.net/79287/79287_ODriscoll.zip,25b9142f8f4cbf8edd84de5a46434a6ee0511d96745207de275ef68637200b49,2026-09-10 15:01:33
extracted\OD83_xvi_agd66_amg_Z53rough.jpg,2512793,4062,3520,yes,https://d28rz98at9flks.cloudfront.net/79287/79287_ODriscoll.zip,25b9142f8f4cbf8edd84de5a46434a6ee0511d96745207de275ef68637200b49,2026-09-10 15:01:33
extracted\OD83_xvi_agd66_amg_Z53rough.jpg.aux.xml,775,,,,https://d28rz98at9flks.cloudfront.net/79287/79287_ODriscoll.zip,25b9142f8f4cbf8edd84de5a46434a6ee0511d96745207de275ef68637200b49,2026-09-10 15:01:33
extracted\OD83_xvi_agd66_amg_Z53rough.TAB,408,,,,https://d28rz98at9flks.cloudfront.net/79287/79287_ODriscoll.zip,25b9142f8f4cbf8edd84de5a46434a6ee0511d96745207de275ef68637200b49,2026-09-10 15:01:33
extracted\OD83_xxxv_agd66_amg_Z53rough.jgw,97,,,,https://d28rz98at9flks.cloudfront.net/79287/79287_ODriscoll.zip,25b9142f8f4cbf8edd84de5a46434a6ee0511d96745207de275ef68637200b49,2026-09-10 15:01:33
extracted\OD83_xxxv_agd66_amg_Z53rough.jpg,10087736,7143,8482,yes,https://d28rz98at9flks.cloudfront.net/79287/79287_ODriscoll.zip,25b9142f8f4cbf8edd84de5a46434a6ee0511d96745207de275ef68637200b49,2026-09-10 15:01:33
extracted\OD83_xxxv_agd66_amg_Z53rough.jpg.aux.xml,775,,,,https://d28rz98at9flks.cloudfront.net/79287/79287_ODriscoll.zip,25b9142f8f4cbf8edd84de5a46434a6ee0511d96745207de275ef68637200b49,2026-09-10 15:01:33
extracted\OD83_xxxv_agd66_amg_Z53rough.TAB,407,,,,https://d28rz98at9flks.cloudfront.net/79287/79287_ODriscoll.zip,25b9142f8f4cbf8edd84de5a46434a6ee0511d96745207de275ef68637200b49,2026-09-10 15:01:33
extracted\OD83_xxxxix_agd66_Z53rough.jgw,96,,,,https://d28rz98at9flks.cloudfront.net/79287/79287_ODriscoll.zip,25b9142f8f4cbf8edd84de5a46434a6ee0511d96745207de275ef68637200b49,2026-09-10 15:01:33
extracted\OD83_xxxxix_agd66_Z53rough.jpg,6467102,6876,6864,yes,https://d28rz98at9flks.cloudfront.net/79287/79287_ODriscoll.zip,25b9142f8f4cbf8edd84de5a46434a6ee0511d96745207de275ef68637200b49,2026-09-10 15:01:33
extracted\OD83_xxxxix_agd66_Z53rough.jpg.aux.xml,775,,,,https://d28rz98at9flks.cloudfront.net/79287/79287_ODriscoll.zip,25b9142f8f4cbf8edd84de5a46434a6ee0511d96745207de275ef68637200b49,2026-09-10 15:01:33
extracted\OD83_xxxxix_agd66_Z53rough.TAB,405,,,,https://d28rz98at9flks.cloudfront.net/79287/79287_ODriscoll.zip,25b9142f8f4cbf8edd84de5a46434a6ee0511d96745207de275ef68637200b49,2026-09-10 15:01:33
extracted\OD83_xxxxx_sc_agd66.jgw,96,,,,https://d28rz98at9flks.cloudfront.net/79287/79287_ODriscoll.zip,25b9142f8f4cbf8edd84de5a46434a6ee0511d96745207de275ef68637200b49,2026-09-10 15:01:33
extracted\OD83_xxxxx_sc_agd66.jpg,7023282,8108,6455,yes,https://d28rz98at9flks.cloudfront.net/79287/79287_ODriscoll.zip,25b9142f8f4cbf8edd84de5a46434a6ee0511d96745207de275ef68637200b49,2026-09-10 15:01:33
extracted\OD83_xxxxx_sc_agd66.jpg.aux.xml,822,,,,https://d28rz98at9flks.cloudfront.net/79287/79287_ODriscoll.zip,25b9142f8f4cbf8edd84de5a46434a6ee0511d96745207de275ef68637200b49,2026-09-10 15:01:33
extracted\OD83_xxxxx_sc_agd66.TAB,395,,,,https://d28rz98at9flks.cloudfront.net/79287/79287_ODriscoll.zip,25b9142f8f4cbf8edd84de5a46434a6ee0511d96745207de275ef68637200b49,2026-09-10 15:01:33
extracted\OD84_i_agd66_LC.jgw,97,,,,https://d28rz98at9flks.cloudfront.net/79287/79287_ODriscoll.zip,25b9142f8f4cbf8edd84de5a46434a6ee0511d96745207de275ef68637200b49,2026-09-10 15:01:33
extracted\OD84_i_agd66_LC.jpg,1217650,4518,3836,yes,https://d28rz98at9flks.cloudfront.net/79287/79287_ODriscoll.zip,25b9142f8f4cbf8edd84de5a46434a6ee0511d96745207de275ef68637200b49,2026-09-10 15:01:33
extracted\OD84_i_agd66_LC.jpg.aux.xml,7210,,,,https://d28rz98at9flks.cloudfront.net/79287/79287_ODriscoll.zip,25b9142f8f4cbf8edd84de5a46434a6ee0511d96745207de275ef68637200b49,2026-09-10 15:01:33
extracted\OD84_i_agd66_LC.TAB,391,,,,https://d28rz98at9flks.cloudfront.net/79287/79287_ODriscoll.zip,25b9142f8f4cbf8edd84de5a46434a6ee0511d96745207de275ef68637200b49,2026-09-10 15:01:33
extracted\OD87_i_agd66_SC.jgw,95,,,,https://d28rz98at9flks.cloudfront.net/79287/79287_ODriscoll.zip,25b9142f8f4cbf8edd84de5a46434a6ee0511d96745207de275ef68637200b49,2026-09-10 15:01:33
extracted\OD87_i_agd66_SC.jpg,4268024,4175,6983,yes,https://d28rz98at9flks.cloudfront.net/79287/79287_ODriscoll.zip,25b9142f8f4cbf8edd84de5a46434a6ee0511d96745207de275ef68637200b49,2026-09-10 15:01:33
extracted\OD87_i_agd66_SC.jpg.aux.xml,7691,,,,https://d28rz98at9flks.cloudfront.net/79287/79287_ODriscoll.zip,25b9142f8f4cbf8edd84de5a46434a6ee0511d96745207de275ef68637200b49,2026-09-10 15:01:33
extracted\OD87_i_agd66_SC.TAB,391,,,,https://d28rz98at9flks.cloudfront.net/79287/79287_ODriscoll.zip,25b9142f8f4cbf8edd84de5a46434a6ee0511d96745207de275ef68637200b49,2026-09-10 15:01:33
extracted\OD87_ii_agd66_SC.jgw,96,,,,https://d28rz98at9flks.cloudfront.net/79287/79287_ODriscoll.zip,25b9142f8f4cbf8edd84de5a46434a6ee0511d96745207de275ef68637200b49,2026-09-10 15:01:33
extracted\OD87_ii_agd66_SC.jpg,4262361,4254,6798,yes,https://d28rz98at9flks.cloudfront.net/79287/79287_ODriscoll.zip,25b9142f8f4cbf8edd84de5a46434a6ee0511d96745207de275ef68637200b49,2026-09-10 15:01:33
extracted\OD87_ii_agd66_SC.jpg.aux.xml,7707,,,,https://d28rz98at9flks.cloudfront.net/79287/79287_ODriscoll.zip,25b9142f8f4cbf8edd84de5a46434a6ee0511d96745207de275ef68637200b49,2026-09-10 15:01:33
extracted\OD87_ii_agd66_SC.TAB,394,,,,https://d28rz98at9flks.cloudfront.net/79287/79287_ODriscoll.zip,25b9142f8f4cbf8edd84de5a46434a6ee0511d96745207de275ef68637200b49,2026-09-10 15:01:33
extracted\OD87_vi_agd66_SC.jgw,95,,,,https://d28rz98at9flks.cloudfront.net/79287/79287_ODriscoll.zip,25b9142f8f4cbf8edd84de5a46434a6ee0511d96745207de275ef68637200b49,2026-09-10 15:01:33
extracted\OD87_vi_agd66_SC.jpg,1719554,5544,7440,yes,https://d28rz98at9flks.cloudfront.net/79287/79287_ODriscoll.zip,25b9142f8f4cbf8edd84de5a46434a6ee0511d96745207de275ef68637200b49,2026-09-10 15:01:33
extracted\OD87_vi_agd66_SC.jpg.aux.xml,7059,,,,https://d28rz98at9flks.cloudfront.net/79287/79287_ODriscoll.zip,25b9142f8f4cbf8edd84de5a46434a6ee0511d96745207de275ef68637200b49,2026-09-10 15:01:33
extracted\OD87_vi_agd66_SC.TAB,394,,,,https://d28rz98at9flks.cloudfront.net/79287/79287_ODriscoll.zip,25b9142f8f4cbf8edd84de5a46434a6ee0511d96745207de275ef68637200b49,2026-09-10 15:01:33
extracted\OD89_ii_agd66_SC.jgw,95,,,,https://d28rz98at9flks.cloudfront.net/79287/79287_ODriscoll.zip,25b9142f8f4cbf8edd84de5a46434a6ee0511d96745207de275ef68637200b49,2026-09-10 15:01:33
extracted\OD89_ii_agd66_SC.jpg,5922282,5398,6586,yes,https://d28rz98at9flks.cloudfront.net/79287/79287_ODriscoll.zip,25b9142f8f4cbf8edd84de5a46434a6ee0511d96745207de275ef68637200b49,2026-09-10 15:01:33
extracted\OD89_ii_agd66_SC.jpg.aux.xml,7800,,,,https://d28rz98at9flks.cloudfront.net/79287/79287_ODriscoll.zip,25b9142f8f4cbf8edd84de5a46434a6ee0511d96745207de275ef68637200b49,2026-09-10 15:01:33
extracted\OD89_ii_agd66_SC.TAB,394,,,,https://d28rz98at9flks.cloudfront.net/79287/79287_ODriscoll.zip,25b9142f8f4cbf8edd84de5a46434a6ee0511d96745207de275ef68637200b49,2026-09-10 15:01:33
extracted\OD89_iii_agd66_SC.jgw,95,,,,https://d28rz98at9flks.cloudfront.net/79287/79287_ODriscoll.zip,25b9142f8f4cbf8edd84de5a46434a6ee0511d96745207de275ef68637200b49,2026-09-10 15:01:33
extracted\OD89_iii_agd66_SC.jpg,9789143,5400,7194,yes,https://d28rz98at9flks.cloudfront.net/79287/79287_ODriscoll.zip,25b9142f8f4cbf8edd84de5a46434a6ee0511d96745207de275ef68637200b49,2026-09-10 15:01:33
extracted\OD89_iii_agd66_SC.jpg.aux.xml,7948,,,,https://d28rz98at9flks.cloudfront.net/79287/79287_ODriscoll.zip,25b9142f8f4cbf8edd84de5a46434a6ee0511d96745207de275ef68637200b49,2026-09-10 15:01:33
extracted\OD89_iii_agd66_SC.TAB,395,,,,https://d28rz98at9flks.cloudfront.net/79287/79287_ODriscoll.zip,25b9142f8f4cbf8edd84de5a46434a6ee0511d96745207de275ef68637200b49,2026-09-10 15:01:33
extracted\OD89_v_agd66_SC.jgw,96,,,,https://d28rz98at9flks.cloudfront.net/79287/79287_ODriscoll.zip,25b9142f8f4cbf8edd84de5a46434a6ee0511d96745207de275ef68637200b49,2026-09-10 15:01:33
extracted\OD89_v_agd66_SC.jpg,6439857,4637,8064,yes,https://d28rz98at9flks.cloudfront.net/79287/79287_ODriscoll.zip,25b9142f8f4cbf8edd84de5a46434a6ee0511d96745207de275ef68637200b49,2026-09-10 15:01:33
extracted\OD89_v_agd66_SC.jpg.aux.xml,7729,,,,https://d28rz98at9flks.cloudfront.net/79287/79287_ODriscoll.zip,25b9142f8f4cbf8edd84de5a46434a6ee0511d96745207de275ef68637200b49,2026-09-10 15:01:33
extracted\OD89_v_agd66_SC.TAB,389,,,,https://d28rz98at9flks.cloudfront.net/79287/79287_ODriscoll.zip,25b9142f8f4cbf8edd84de5a46434a6ee0511d96745207de275ef68637200b49,2026-09-10 15:01:33
extracted\OD91_ii_agd66_Albers .jgw,97,,,,https://d28rz98at9flks.cloudfront.net/79287/79287_ODriscoll.zip,25b9142f8f4cbf8edd84de5a46434a6ee0511d96745207de275ef68637200b49,2026-09-10 15:01:33
extracted\OD91_ii_agd66_Albers .jpg,7807814,5666,6793,yes,https://d28rz98at9flks.cloudfront.net/79287/79287_ODriscoll.zip,25b9142f8f4cbf8edd84de5a46434a6ee0511d96745207de275ef68637200b49,2026-09-10 15:01:33
extracted\OD91_ii_agd66_Albers .jpg.aux.xml,7874,,,,https://d28rz98at9flks.cloudfront.net/79287/79287_ODriscoll.zip,25b9142f8f4cbf8edd84de5a46434a6ee0511d96745207de275ef68637200b49,2026-09-10 15:01:33
extracted\OD91_ii_agd66_Albers.TAB,399,,,,https://d28rz98at9flks.cloudfront.net/79287/79287_ODriscoll.zip,25b9142f8f4cbf8edd84de5a46434a6ee0511d96745207de275ef68637200b49,2026-09-10 15:01:33
extracted\OD91_iii_agd66_Albers.jgw,97,,,,https://d28rz98at9flks.cloudfront.net/79287/79287_ODriscoll.zip,25b9142f8f4cbf8edd84de5a46434a6ee0511d96745207de275ef68637200b49,2026-09-10 15:01:33
extracted\OD91_iii_agd66_Albers.jpg,8300031,6279,9781,yes,https://d28rz98at9flks.cloudfront.net/79287/79287_ODriscoll.zip,25b9142f8f4cbf8edd84de5a46434a6ee0511d96745207de275ef68637200b49,2026-09-10 15:01:33
extracted\OD91_iii_agd66_Albers.jpg.aux.xml,7990,,,,https://d28rz98at9flks.cloudfront.net/79287/79287_ODriscoll.zip,25b9142f8f4cbf8edd84de5a46434a6ee0511d96745207de275ef68637200b49,2026-09-10 15:01:33
extracted\OD91_iii_agd66_Albers.TAB,399,,,,https://d28rz98at9flks.cloudfront.net/79287/79287_ODriscoll.zip,25b9142f8f4cbf8edd84de5a46434a6ee0511d96745207de275ef68637200b49,2026-09-10 15:01:33
extracted\OD9_ii_agd66_amg_Z53.jgw,92,,,,https://d28rz98at9flks.cloudfront.net/79287/79287_ODriscoll.zip,25b9142f8f4cbf8edd84de5a46434a6ee0511d96745207de275ef68637200b49,2026-09-10 15:01:33
extracted\OD9_ii_agd66_amg_Z53.jpg,2383602,5862,5088,yes,https://d28rz98at9flks.cloudfront.net/79287/79287_ODriscoll.zip,25b9142f8f4cbf8edd84de5a46434a6ee0511d96745207de275ef68637200b49,2026-09-10 15:01:33
extracted\OD9_ii_agd66_amg_Z53.jpg.aux.xml,7285,,,,https://d28rz98at9flks.cloudfront.net/79287/79287_ODriscoll.zip,25b9142f8f4cbf8edd84de5a46434a6ee0511d96745207de275ef68637200b49,2026-09-10 15:01:33
extracted\OD9_ii_agd66_amg_Z53.TAB,399,,,,https://d28rz98at9flks.cloudfront.net/79287/79287_ODriscoll.zip,25b9142f8f4cbf8edd84de5a46434a6ee0511d96745207de275ef68637200b49,2026-09-10 15:01:33
