reading,DRILLHOLE_NO,basement_top_m,basement_unit,contact_cover_unit,contact_cover_from_m,contact_cover_to_m,contact_facies_class,contact_reduced_words,contact_oxidised_words,contact_description,contact_logging_date,contact_logged_before_t0,DH_NAME,lon_dd,lat_dd,drill_date,OPERATOR_NAME,LITHO_LOG,in_regional_window,dist_od_km
pandurra_as_basement,4062,17.68,Hiltaba Suite,Garford Formation,3.66,17.68,none,,,"sand, pinkish clay",2010-04-20,False,,134.450313,-32.8339633,1949-09-08,,Y,False,352.1
pandurra_as_basement,4063,18.0,Hiltaba Suite,Garford Formation,4.0,18.0,none,,,rusty clayey sand,2010-04-20,False,,134.464835,-32.8355503,1949-09-16,,Y,False,351.4
pandurra_as_basement,4066,24.3,Hiltaba Suite,Garford Formation,5.49,24.3,none,,,light clayey sand and grit,2010-04-20,False,,134.45251,-32.8520853,1958-09-05,,Y,False,353.5
pandurra_as_basement,4067,28.04,Hiltaba Suite,Garford Formation,17.0,28.04,none,,,"creamy clayey sand, sandstone.",2010-04-20,False,,134.477769,-32.8235633,1953-10-03,,Y,False,349.6
pandurra_as_basement,4127,36.58,St Peter Suite,Garford Formation,19.81,36.58,none,,,sand and gravel at depth,2010-04-20,False,,134.350802,-32.7920373,1956-12-20,,Y,False,355.0
pandurra_as_basement,4159,41.25,Hiltaba Suite,Garford Formation,10.36,41.25,oxidised,,brown,"brown sand, white clay and grit",2010-04-20,False,,134.418914,-32.8481183,1954-02-25,,Y,False,355.3
pandurra_as_basement,4164,36.88,Hiltaba Suite,Garford Formation,4.27,36.88,none,,,"silaceous sand, clayey",2010-04-20,False,,134.433128,-32.8463973,1950-05-30,,Y,False,354.2
pandurra_as_basement,4181,18.29,St Peter Suite,Garford Formation,11.58,18.29,oxidised,,brown; red,"red/brown sand, gritty",2010-04-20,False,,134.342127,-32.8561723,1956-03-09,,Y,False,360.7
pandurra_as_basement,4193,8.23,St Peter Suite,Wiabuna Formation,0.0,8.23,none,,,"limestone rubble, gravel, sand",2010-04-20,False,DEPT OF MINES,134.438234,-32.9161833,1967-05-02,South Australia. Department of Mines and Energy.,Y,False,359.8
pandurra_as_basement,5051,37.5,Mulgathing Complex,Jurassic-Cretaceous unit 1,2.5,37.5,none,,,Fine gr. sandstone with rounded - subang gr and silty matrix,1993-07-21,False,COMM RAILWAYS (A169) 15,134.4786941,-29.2546583,1972-03-27,Commonwealth Railways of Australia.,N,False,267.1
pandurra_as_basement,5145,548.64,Mulgathing Complex,Stuart Range Formation,521.21,548.64,none,,,Claystone with minor silt and sand,1993-07-15,False,MOUNT FURNER 1,134.4653931,-28.1025323,1969-06-17,South Australia. Department of Mines and Energy.,N,False,350.4
pandurra_as_basement,6092,22.25,St Peter Suite,Garford Formation,3.05,22.05,none,,,"sandy clay, come gypsun and silaceous rocks",2010-04-23,False,E&WS - KUDDLEBA BORE,134.8555389,-32.6454883,1913-08-01,South Australia. Engineer in Chiefs Department.,Y,False,311.7
pandurra_as_basement,6100,43.89,Hiltaba Suite,Garford Formation,7.0,43.89,oxidised,,brown,"light yellow brown sand, clayey",2010-04-23,False,,134.7689199,-32.7731653,1948-11-08,,Y,False,327.8
pandurra_as_basement,6109,47.24,St Peter Suite,Bridgewater Formation,10.67,47.24,none,,,"gritty sand, sandstone.",2010-04-23,False,HIGHWAYS AND LOCAL GOVT DEPT,134.7274739,-32.6908493,1963-12-06,,Y,False,323.2
pandurra_as_basement,6129,35.57,Hiltaba Suite,Garford Formation,4.27,35.57,oxidised,,brown,"	pale yellow/brown sand, clayey grit",2010-04-27,False,,134.8218299,-32.8733623,1950-07-06,,Y,False,333.7
pandurra_as_basement,6141,44.81,Hiltaba Suite,Garford Formation,10.67,44.81,none,,,"yellow clayey sand, grit",2010-04-23,False,,134.7714139,-32.8079623,1954-02-19,,Y,False,330.7
pandurra_as_basement,6144,18.2,Hiltaba Suite,Garford Formation,4.8,18.2,none,,,,2020-06-26,False,,134.7900969,-32.8441673,1958-11-05,,N,False,332.9
pandurra_as_basement,6151,25.0,Hiltaba Suite,Garford Formation,5.5,25.0,none,,,,2020-06-29,False,,134.7527889,-32.8642973,1955-03-02,,N,False,336.8
pandurra_as_basement,6226,32.0,St Peter Suite,Garford Formation,3.05,32.0,oxidised,,red,"pink red sand, quartz grit",2010-04-27,False,,134.7299959,-32.9471843,1954-02-05,,Y,False,345.4
pandurra_as_basement,6233,30.5,Hiltaba Suite,Garford Formation,6.1,30.5,none,,,,2020-06-29,False,,134.7431859,-32.8736953,1952-05-13,,N,False,338.1
pandurra_as_basement,6234,6.1,Hiltaba Suite,Garford Formation,1.8,6.1,none,,,,2020-06-29,False,,134.7322729,-32.8732933,1955-03-16,,N,False,338.7
pandurra_as_basement,6235,45.7,Hiltaba Suite,Tertiary rocks,15.2,45.7,none,,,,2020-06-29,False,,134.7220199,-32.8530553,1929-08-13,,N,False,337.5
pandurra_as_basement,6236,51.8,Hiltaba Suite,Garford Formation,3.0,51.8,none,,,,2020-06-29,False,,134.7250979,-32.8495263,1948-06-28,,N,False,337.0
pandurra_as_basement,6237,33.8,Hiltaba Suite,Garford Formation,2.7,33.8,none,,,,2020-06-29,False,,134.7250229,-32.8497883,1948-07-15,,N,False,337.1
pandurra_as_basement,6248,15.24,Hiltaba Suite,Garford Formation,4.27,15.24,oxidised,,brown,	yellow brown sand and grit,2010-04-27,False,,134.521739,-32.8241803,1952-12-16,,Y,False,346.9
pandurra_as_basement,6363,0.0,Tarcoola Formation,,,,no cover interval logged,,,,,,TD 1 SADME,134.541359,-30.7037243,1965-05-17,South Australia. Department of Mines and Energy.,Y,False,226.5
pandurra_as_basement,6364,0.0,Tarcoola Formation,,,,no cover interval logged,,,,,,TD 2 SADME,134.541349,-30.7037243,1965-06-12,South Australia. Department of Mines and Energy.,Y,False,226.5
pandurra_as_basement,6365,0.0,Tarcoola Formation,,,,no cover interval logged,,,,,,TD 3 SADME,134.541349,-30.7037243,1965-07-14,South Australia. Department of Mines and Energy.,Y,False,226.5
pandurra_as_basement,6370,12.0,Tarcoola Formation,Quaternary rocks,3.0,12.0,none,,,Sand with grains 1-2mm and variably clayey,1993-07-21,False,COMM RAILWAYS (A9) 9,134.51143,-30.6727553,1972-01-14,Commonwealth Railways of Australia.,Y,False,228.9
pandurra_as_basement,6371,49.0,Mulgathing Complex,Carboniferous-Permian rocks,3.0,49.0,reduced,carbonaceous,,"Partly carbonaceous, partly sandy, partly gypseous",1993-07-21,False,COMM RAILWAYS 182,134.514238,-30.7126043,1972-01-17,Commonwealth Railways of Australia.,Y,False,229.1
pandurra_as_basement,6381,1.5,Tarcoola Formation,Quaternary rocks,0.0,1.5,none,,,,1993-10-05,False,TD 4 SADME,134.545828,-30.6904943,1966-06-10,South Australia. Department of Mines and Energy.,Y,False,225.9
pandurra_as_basement,6382,20.6,Tarcoola Formation,Tertiary rocks,15.7,20.6,reduced,carbonaceous; pyritic,,"Slightly sandy, pyritic, carbonaceous clay",1993-10-05,False,TD 5 SADME,134.60498,-30.6488543,1966-07-29,South Australia. Department of Mines and Energy.,Y,False,219.8
pandurra_as_basement,6409,0.0,Mulgathing Complex,,,,no cover interval logged,,,,,,EDR 1,134.986236,-30.8864843,1969-11-06,South Australia. Department of Mines and Energy.,Y,False,188.4
pandurra_as_basement,6410,0.0,Mulgathing Complex,,,,no cover interval logged,,,,,,EDR 2,134.986236,-30.8864843,1969-11-07,South Australia. Department of Mines and Energy.,Y,False,188.4
pandurra_as_basement,6411,0.0,Mulgathing Complex,,,,no cover interval logged,,,,,,EDR 3,134.986236,-30.8864843,1969-11-08,South Australia. Department of Mines and Energy.,Y,False,188.4
pandurra_as_basement,6412,0.0,Mulgathing Complex,,,,no cover interval logged,,,,,,EDR 4,134.986309,-30.8864853,1969-11-11,South Australia. Department of Mines and Energy.,Y,False,188.4
pandurra_as_basement,6413,0.0,Mulgathing Complex,,,,no cover interval logged,,,,,,EDR 5,134.986236,-30.8864843,1969-11-11,South Australia. Department of Mines and Energy.,N,False,188.4
pandurra_as_basement,6414,0.0,Mulgathing Complex,,,,no cover interval logged,,,,,,EDR 6,134.986236,-30.8864843,1969-11-11,South Australia. Department of Mines and Energy.,N,False,188.4
pandurra_as_basement,6521,1.5,Mulgathing Complex,Quaternary rocks,0.0,1.5,oxidised,,red,Fine gr. red sand,1993-07-21,False,COMM RAILWAYS 11,134.5339831,-30.3375053,1972-01-24,Commonwealth Railways of Australia.,Y,False,226.0
pandurra_as_basement,6766,2.5,Mulgathing Complex,Quaternary rocks,0.0,2.5,none,,,V. fine gr. partly consolidated sand,1993-07-21,False,COMM RAILWAYS 14,134.7122861,-29.7252193,1972-03-08,Commonwealth Railways of Australia.,N,False,223.9
pandurra_as_basement,6770,0.0,Ealbara Rhyolite,,,,no cover interval logged,,,,,,PERFECTION DDH 1,134.7015951,-29.7353743,1971-04-16,South Australia. Department of Mines and Energy.,N,False,224.4
pandurra_as_basement,6771,0.0,Ealbara Rhyolite,,,,no cover interval logged,,,,,,PERFECTION DDH 2,134.7050671,-29.7365193,1971-04-09,South Australia. Department of Mines and Energy.,N,False,224.1
pandurra_as_basement,6772,0.0,Ealbara Rhyolite,,,,no cover interval logged,,,,,,PERFECTION DDH 3,134.7029591,-29.7392053,1971-04-14,South Australia. Department of Mines and Energy.,N,False,224.1
pandurra_as_basement,6809,957.0,Mulgathing Complex,Carboniferous-Permian rocks,50.5,957.0,reduced,carbonaceous,,"Partly carbonaceous siltstone and mudstone, clay, coal",1993-07-21,False,LAKE PHILLIPSON BORE 1,134.6160621,-29.4943733,1901-11-09,South Australia. Department of Mines and Energy.,N,False,242.8
pandurra_as_basement,9178,42.67,St Peter Suite,Garford Formation,15.24,42.67,none,,,white/pink fine sand and clay,2010-04-29,False,,135.0974119,-32.7879893,1955-11-04,,Y,False,311.2
pandurra_as_basement,9181,44.2,Hiltaba Suite,Tertiary-Pleistocene rocks,0.0,44.2,oxidised,,limonite,"Sand, clay, limonite staining",1993-07-27,False,DME IR 5,135.0111509,-32.9299483,1959-05-15,South Australia. Department of Mines and Energy.,N,False,328.8
pandurra_as_basement,9186,6.17,Hiltaba Suite,Tertiary-Pleistocene rocks,0.0,6.17,none,,,"Sand, clay, grit; soil, calcrete near top",1993-10-12,False,SA BULK HANDLING MINNIPA SILO 1,135.1524389,-32.8556523,1958-07-16,South Australia. Department of Mines and Energy.,N,False,314.7
pandurra_as_basement,9188,20.5,Hiltaba Suite,Tertiary-Pleistocene rocks,0.0,20.5,none,,,"Sand, clay, gravel, soil",1993-10-12,False,SA BULK HANDLING MINNIPA SILO 3,135.1527729,-32.8561743,1966-07-28,South Australia. Department of Mines and Energy.,N,False,314.7
pandurra_as_basement,9189,0.0,Hiltaba Suite,,,,no cover interval logged,,,,,,SA RAILWAYS MDD 2,135.1909409,-32.8437743,1966-11-30,South Australia. Department of Mines and Energy.,N,False,311.7
pandurra_as_basement,9190,1.37,Hiltaba Suite,Pleistocene regolith/colluvial unit 4,0.0,1.37,oxidised,,red,Calcreted sand below red-bn soil,1993-10-12,False,SA RAILWAYS RH 1,135.1611299,-32.8150943,1968-06-18,South Australia. Department of Mines and Energy.,N,False,310.5
pandurra_as_basement,9200,2.13,Hiltaba Suite,Pleistocene regolith/colluvial unit 4,0.0,2.13,none,,,Clayey calc sand below bn soil,1993-10-13,False,SA RAILWAYS RH 11,135.1615989,-32.8151023,1968-06-18,South Australia. Department of Mines and Energy.,N,False,310.4
pandurra_as_basement,9214,4.11,Hiltaba Suite,Tertiary-Pleistocene rocks,0.0,4.11,none,,,Sand & clay below soil & calcrete,1993-10-13,False,SA RAILWAYS RH 25,135.1602219,-32.8159443,1968-06-19,South Australia. Department of Mines and Energy.,N,False,310.6
pandurra_as_basement,9330,0.0,Glenloth Granite,,,,no cover interval logged,,,,,,GLW 1,135.095737,-31.0750103,1969-11-27,South Australia. Department of Mines and Energy.,N,False,185.1
pandurra_as_basement,9439,2.16,Hiltaba Suite,Tertiary-Pleistocene rocks,0.0,2.16,none,,,Sand over gravel,1993-08-17,False,LINE 60E 10,135.1998129,-31.2301573,1969-10-24,Asarco (Australia) Pty Ltd.,N,False,183.4
pandurra_as_basement,9440,2.4,Hiltaba Suite,Tertiary-Pleistocene rocks,0.0,2.4,none,,,Sand over gravel,1993-08-17,False,LINE 60E 07,135.1998129,-31.2301573,1969-10-24,Asarco (Australia) Pty Ltd.,N,False,183.4
pandurra_as_basement,9441,1.92,Hiltaba Suite,Tertiary-Pleistocene rocks,0.0,1.92,none,,,Sand over gravel,1993-08-17,False,LINE 60E 04,135.1998179,-31.2328653,1969-10-24,Asarco (Australia) Pty Ltd.,N,False,183.6
pandurra_as_basement,9443,2.4,Hiltaba Suite,Tertiary-Pleistocene rocks,0.0,2.4,none,,,Sand over gravel,1993-08-17,False,LINE 60E 98,135.1998179,-31.2328653,1969-10-24,Asarco (Australia) Pty Ltd.,N,False,183.6
pandurra_as_basement,9444,4.8,Hiltaba Suite,Tertiary-Pleistocene rocks,0.0,4.8,none,,,Sand over gravel,1993-08-17,False,LINE 70E 10,135.2050649,-31.2310513,1969-10-24,Asarco (Australia) Pty Ltd.,N,False,183.0
pandurra_as_basement,9445,3.84,Hiltaba Suite,Tertiary-Pleistocene rocks,0.0,3.84,none,,,Sand over gravel,1993-08-17,False,LINE 70E 07,135.2050649,-31.2310513,1969-10-24,Asarco (Australia) Pty Ltd.,N,False,183.0
pandurra_as_basement,9446,4.8,Hiltaba Suite,Tertiary-Pleistocene rocks,0.0,4.8,none,,,Sand over gravel,1993-08-17,False,LINE 70E 04,135.2050679,-31.2328573,1969-10-24,Asarco (Australia) Pty Ltd.,N,False,183.1
pandurra_as_basement,9447,5.28,Hiltaba Suite,Tertiary-Pleistocene rocks,0.0,5.28,none,,,Sand over gravel,1993-08-17,False,LINE 70E 01,135.2050679,-31.2328573,1969-10-24,Asarco (Australia) Pty Ltd.,N,False,183.1
pandurra_as_basement,9448,5.04,Glenloth Granite,Quaternary rocks,0.0,5.04,none,,,Sand,1993-08-17,False,LINE 35E 06,135.1914129,-31.2301713,1969-10-23,Asarco (Australia) Pty Ltd.,N,False,184.1
pandurra_as_basement,9449,1.44,Chitanilga Volcanic Complex unit 2,Quaternary rocks,0.0,1.44,none,,,Sand,1993-08-17,False,LINE 35E 03,135.1914129,-31.2301713,1969-10-23,Asarco (Australia) Pty Ltd.,N,False,184.1
pandurra_as_basement,9450,2.4,Chitanilga Volcanic Complex unit 2,Quaternary rocks,0.0,2.4,none,,,Sand,1993-08-17,False,LINE 35E 04.5,135.1914129,-31.2301713,1969-10-23,Asarco (Australia) Pty Ltd.,N,False,184.1
pandurra_as_basement,9451,3.48,Glenloth Granite,Quaternary rocks,0.0,3.48,none,,,Sand,1993-08-17,False,LINE 35E 07.5,135.1914129,-31.2301713,1969-10-23,Asarco (Australia) Pty Ltd.,N,False,184.1
pandurra_as_basement,9452,1.92,Glenloth Granite,Quaternary rocks,0.0,1.92,none,,,Sand,1993-08-17,False,LINE 30E 20,135.1893069,-31.2265623,1969-10-23,Asarco (Australia) Pty Ltd.,N,False,184.1
pandurra_as_basement,9453,1.44,Glenloth Granite,Quaternary rocks,0.0,1.44,none,,,Sand,1993-08-17,False,LINE 30E 17,135.1893069,-31.2265623,1969-10-23,Asarco (Australia) Pty Ltd.,N,False,184.1
pandurra_as_basement,9454,1.44,Glenloth Granite,Quaternary rocks,0.0,1.44,none,,,Sand,1993-08-17,False,LINE 30E 15,135.1893069,-31.2265623,1969-10-23,Asarco (Australia) Pty Ltd.,N,False,184.1
pandurra_as_basement,9455,1.68,Chitanilga Volcanic Complex unit 10,Quaternary rocks,0.0,1.68,none,,,Sand,1993-08-17,False,LINE 80E 19,135.2082069,-31.2274373,1969-10-25,Asarco (Australia) Pty Ltd.,N,False,182.6
pandurra_as_basement,9456,1.2,Chitanilga Volcanic Complex unit 2,Quaternary rocks,0.0,1.2,none,,,Sand,1993-08-17,False,LINE 80E 20,135.2082069,-31.2274373,1969-10-25,Asarco (Australia) Pty Ltd.,N,False,182.6
pandurra_as_basement,9457,3.12,Hiltaba Suite,Quaternary rocks,0.0,3.12,none,,,Sand,1993-08-17,False,LINE 90E 20,135.2124069,-31.2274293,1969-10-25,Asarco (Australia) Pty Ltd.,N,False,182.2
pandurra_as_basement,9458,1.92,Hiltaba Suite,Quaternary rocks,0.0,1.92,none,,,Sand,1993-08-17,False,LINE 90E 18,135.2124069,-31.2274293,1969-10-25,Asarco (Australia) Pty Ltd.,N,False,182.2
pandurra_as_basement,9459,1.44,Hiltaba Suite,Quaternary rocks,0.0,1.44,none,,,Sand,1993-08-17,False,LINE 90E 16,135.2124129,-31.2301373,1969-10-25,Asarco (Australia) Pty Ltd.,N,False,182.4
pandurra_as_basement,9460,0.0,Chitanilga Volcanic Complex unit 2,,,,no cover interval logged,,,,,,LINE 90E 14,135.2124129,-31.2301373,1969-10-25,Asarco (Australia) Pty Ltd.,N,False,182.4
pandurra_as_basement,9461,0.0,Chitanilga Volcanic Complex unit 2,,,,no cover interval logged,,,,,,LINE 90E 15,135.2124129,-31.2301373,1969-10-25,Asarco (Australia) Pty Ltd.,N,False,182.4
pandurra_as_basement,9462,1.44,Hiltaba Suite,Quaternary rocks,0.0,1.44,none,,,Sand,1993-08-17,False,LINE 90E 15.5,135.2124129,-31.2301373,1969-10-25,Asarco (Australia) Pty Ltd.,N,False,182.4
pandurra_as_basement,9465,16.56,Chitanilga Volcanic Complex unit 10,Cretaceous-Paleocene deep weathering,10.8,16.56,oxidised,,red,Weath basement: red clay over basaltic gravel,1993-08-17,False,LINE 30N 28,135.2009209,-31.2572243,1969-10-26,Asarco (Australia) Pty Ltd.,N,False,184.8
pandurra_as_basement,9560,39.0,Pandurra Formation,Algebuckina Sandstone,6.4,39.0,none,,,SANDSTONE,1994-02-04,False,,135.4946909,-30.8350713,1962-08-08,,N,False,140.2
pandurra_as_basement,9563,30.5,Pandurra Formation,Algebuckina Sandstone,10.7,30.5,none,,,"SANDY CLAY, SANDSTONE",1994-02-04,False,N. MUNGILLIO BOR,135.4433269,-30.8421963,1962-01-01,,N,False,145.1
pandurra_as_basement,9566,30.5,Pandurra Formation,Algebuckina Sandstone,3.0,30.5,none,,,"SANDSTONE, SANDY CLAY",1994-02-04,False,,135.4884249,-30.6999433,1962-08-09,,N,False,137.0
pandurra_as_basement,9989,79.2,Palaeoproterozoic rocks,Permian rocks,18.3,79.2,reduced,carbonaceous,,"Carbonaceous shales and mudstones, med-coarse sdst",1971-03-17,True,MOUNT WOODS 1,135.487205,-29.6167763,1964-10-22,Delhi Australia Petroleum Ltd.,Y,False,163.0
pandurra_as_basement,9990,91.4,Palaeoproterozoic rocks,Permian rocks,18.3,91.4,reduced,carbonaceous,,Carbonaceous shale and fine micaceous sandstone,1993-11-12,False,MOUNT WOODS 2,135.487149,-29.6097463,1964-10-14,Delhi Australia Petroleum Ltd.,N,False,163.4
pandurra_as_basement,9991,57.9,Palaeoproterozoic rocks,Permian rocks,12.2,57.9,reduced,carbonaceous,,Carbonaceous shale over fine gr. qtz. sandstone,1956-03-14,True,MOUNT WOODS 3,135.478926,-29.6025303,1964-10-24,Delhi Australia Petroleum Ltd.,N,False,164.5
pandurra_as_basement,9992,92.4,Palaeoproterozoic rocks,Permian rocks,3.0,92.4,reduced,carbonaceous,,"Carbonaceous shale over fine sandstone with qtz, qtzt pebles",1962-02-06,True,MOUNT WOODS 4,135.479765,-29.5922853,1964-10-27,Delhi Australia Petroleum Ltd.,N,False,165.1
pandurra_as_basement,9993,48.8,Palaeoproterozoic rocks,Permian rocks,12.2,48.8,reduced,carbonaceous,,Carbonaceous shale over fine sandstone with basement pebbles,1973-09-13,True,MOUNT WOODS 5,135.445322,-29.5981363,1964-11-01,Delhi Australia Petroleum Ltd.,N,False,167.5
pandurra_as_basement,9994,61.6,Palaeoproterozoic rocks,Permian rocks,12.2,61.6,reduced,carbonaceous,,Carbonaceous shale over med. gr. sandstone with large pebles,1973-02-16,True,MOUNT WOODS 6,135.418791,-29.6129583,1964-10-29,Delhi Australia Petroleum Ltd.,N,False,168.7
pandurra_as_basement,9995,87.8,Skylark Metasediments,Permian rocks,24.4,87.8,reduced,carbonaceous,,"Carbonaceous shale, fine qtz sandstone with pebbles",1960-01-29,True,MOUNT WOODS 7,135.485477,-29.6228503,1964-11-03,Delhi Australia Petroleum Ltd.,N,False,162.7
pandurra_as_basement,13761,39.3,Pandurra Formation,Algebuckina Sandstone,5.5,39.3,none,,,"WHITE,YELLOW SANDSTONE",1994-02-04,False,MCCORQUINDALES BORE,135.5999729,-30.8489123,1959-09-11,,N,False,131.2
pandurra_as_basement,13792,33.5,Pandurra Formation,Algebuckina Sandstone,4.6,33.5,reduced,grey,,"WHITE,YELLOW,GREY SANDSTONE",1994-02-04,False,CROWS NEST BORE.,135.7273569,-30.8371533,1962-05-10,,N,False,119.4
pandurra_as_basement,13813,53.0,Pandurra Formation,Stuart Range Formation,45.4,53.0,none,,,"SHALE,SANDSTONE",1994-02-04,False,SISTERS BORE,135.7405699,-30.5368783,1962-05-09,,N,False,110.4
pandurra_as_basement,13842,16.8,Pandurra Formation,Algebuckina Sandstone,3.4,16.8,none,,,"WHITE SAND,SANDSTONE,CLAY",1994-02-04,False,CATTLE WELL BORE,135.8777438,-30.9768963,1962-08-03,,N,False,113.4
pandurra_as_basement,13999,40.2,Pandurra Formation,Boorthanna Formation,21.3,40.2,none,,,"PEBBLY CLAY?,CLAY,GRIT,SOFT SANDSTONE",1994-02-04,False,SWAMP BORE NO.1.,135.7304249,-30.4934783,1961-01-01,,N,False,111.0
pandurra_as_basement,14205,1609.04,Archaean-Devonian rocks,Cootanoorina Formation,726.34,1609.04,none,,,,1994-03-18,False,WEEDINA 1,135.6580361,-28.47439,1970-03-23,Pexa Oil NL.,N,False,248.9
pandurra_as_basement,16348,2.74,Sleaford Complex,Tertiary-Pleistocene rocks,0.0,2.74,none,,,"Clay, sand, calcrete, ferricrete",1993-10-12,False,BUCKLEBOO SILO 1,136.2076067,-32.9209504,1959-07-01,South Australia. Department of Mines and Energy.,N,False,283.2
pandurra_as_basement,16364,9.0,Hiltaba Suite,Pleistocene regolith/colluvial unit 4,0.0,9.0,oxidised,,brown; ferruginous; red,"Un-named unit (Pooraka Frm eqiuvalent) red/brown ferruginous sands, calcrete capped.",2010-04-29,False,PINKAWILLINIE,136.1576777,-32.9784614,1928-09-01,,Y,False,290.5
pandurra_as_basement,18057,454.15,Pandurra Formation,Tapley Hill Formation,340.61,454.15,none,,,"Shale, brecciated at top, with gypsum and anhydrite veins, silty bands towards base",1994-01-13,False,WOOMERA 1,136.8513387,-31.1818594,1958-05-30,Clarence River Basin Oil Co.,Y,False,82.5
pandurra_as_basement,19796,1.22,Roopena Basalt unit 2,,,,no cover interval logged,,,,,,ROOPENA DDH 1,137.398676,-32.7188158,1967-09-25,South Australia. Department of Mines and Energy.,Y,False,257.9
pandurra_as_basement,19845,0.0,Roopena Basalt unit 2,,,,no cover interval logged,,,,,,ROOPENA DDH 4,137.3965388,-32.7186762,1968-08-20,South Australia. Department of Mines and Energy.,N,False,257.8
pandurra_as_basement,19846,0.0,Roopena Basalt unit 2,,,,no cover interval logged,,,,,,ROOPENA DDH 2,137.4009197,-32.718953,1967-10-16,South Australia. Department of Mines and Energy.,N,False,257.9
pandurra_as_basement,19847,0.0,Roopena Basalt unit 2,,,,no cover interval logged,,,,,,ROOPENA DDH 3,137.398676,-32.7188158,1968-07-18,South Australia. Department of Mines and Energy.,N,False,257.9
pandurra_as_basement,19902,55.0,Pandurra Formation,Backy Point Formation,49.0,55.0,none,,,"Conglomerate with quartz, quartzite, jasper & BIF clasts",1993-11-11,False,PACMINEX EX 53,137.4420606,-32.6339094,1973-11-12,Mount Gunson Mines Pty Ltd.,N,False,249.4
pandurra_as_basement,19904,52.0,Pandurra Formation,Backy Point Formation,43.0,52.0,mixed,pyrite,red,Conglomerate: rounded volcanic clasts in red sandstone matrix; pyrite 46-49m,1993-11-11,False,PACMINEX EX 45,137.4075416,-32.5578454,1973-11-08,Mount Gunson Mines Pty Ltd.,N,False,240.5
pandurra_as_basement,19905,41.0,Pandurra Formation,Backy Point Formation,34.0,41.0,none,,,"Polymict conglomerate, clasts to 3cm",1993-11-11,False,PACMINEX EX 41,137.3935146,-32.5023114,1973-10-03,Mount Gunson Mines Pty Ltd.,N,False,234.2
pandurra_as_basement,19907,33.0,Pandurra Formation,Backy Point Formation,30.0,33.0,oxidised,,red,"Conglomerate, pebbles to 5cm of jaspilite & quartzite in sandy matrix; minor red shale",1993-12-10,False,PACMINEX EX 76,137.4945895,-32.7003074,1974-03-13,Mount Gunson Mines Pty Ltd.,N,False,257.7
pandurra_as_basement,19919,13.1,Middleback Subgroup,Quaternary rocks,0.0,13.1,none,,,,1993-11-11,False,DME KATUNGA HILLS DDH 1,137.1389336,-32.7640914,1954-03-19,South Australia. Department of Mines and Energy.,Y,False,259.4
pandurra_as_basement,19920,5.8,Middleback Subgroup,Quaternary rocks,0.0,5.8,none,,,,1993-11-11,False,DME KATUNGA HILLS DDH 2,137.1230556,-32.7759234,1953-06-19,South Australia. Department of Mines and Energy.,Y,False,260.6
pandurra_as_basement,19921,0.0,Middleback Subgroup,,,,no cover interval logged,,,,,,DME DDH 6,137.1324726,-32.7742214,1954-04-01,South Australia. Department of Mines and Energy.,N,False,260.5
pandurra_as_basement,19922,0.0,Middleback Subgroup,,,,no cover interval logged,,,,,,DME DDH 7,137.1343756,-32.7672174,1956-07-31,South Australia. Department of Mines and Energy.,Y,False,259.7
pandurra_as_basement,19924,12.0,Middleback Subgroup,Quaternary rocks,0.0,12.0,none,,,,1993-12-10,False,DME PH 2A,137.1396356,-32.7568294,1956-07-27,South Australia. Department of Mines and Energy.,Y,False,258.6
pandurra_as_basement,19925,23.0,Archaean-Mesoproterozoic rocks,Quaternary rocks,0.0,23.0,none,,,,1993-12-10,False,DME PH 3,137.1396546,-32.7594174,1956-08-16,South Australia. Department of Mines and Energy.,Y,False,258.9
pandurra_as_basement,19926,3.0,Cooyerdoo Granite,Quaternary rocks,0.0,3.0,none,,,,1993-12-10,False,DME PH 5,137.1426886,-32.7568854,1956-09-21,South Australia. Department of Mines and Energy.,Y,False,258.7
pandurra_as_basement,19927,7.0,Cooyerdoo Granite,Quaternary rocks,0.0,7.0,none,,,,1993-12-10,False,DME PH 8,137.1384036,-32.7593124,1956-09-03,South Australia. Department of Mines and Energy.,Y,False,258.9
pandurra_as_basement,19928,18.3,Burrawing Amphibolite,Quaternary rocks,0.0,18.3,none,,,,1993-12-10,False,DME PH 9,137.1358996,-32.7675614,1956-10-19,South Australia. Department of Mines and Energy.,Y,False,259.8
pandurra_as_basement,19929,9.1,Middleback Subgroup,Quaternary rocks,0.0,9.1,none,,,,1993-12-10,False,DME PH 10,137.1171666,-32.7760674,1956-11-29,South Australia. Department of Mines and Energy.,Y,False,260.6
pandurra_as_basement,19930,12.2,Middleback Subgroup,Quaternary rocks,0.0,12.2,none,,,,1993-12-10,False,DME PH 11,137.1180236,-32.7757464,1956-12-10,South Australia. Department of Mines and Energy.,Y,False,260.5
pandurra_as_basement,19931,15.2,Middleback Subgroup,Quaternary rocks,0.0,15.2,none,,,,1993-12-10,False,DME PH 12,137.1158376,-32.7758464,1956-12-18,South Australia. Department of Mines and Energy.,Y,False,260.5
pandurra_as_basement,19932,24.4,Middleback Subgroup,Quaternary rocks,0.0,24.4,none,,,,1993-12-10,False,DME PH 13,137.1149586,-32.7757084,1957-01-22,South Australia. Department of Mines and Energy.,Y,False,260.5
pandurra_as_basement,19933,15.2,Middleback Subgroup,Quaternary rocks,0.0,15.2,none,,,,1993-12-10,False,DME PH 14,137.1179186,-32.7744674,1957-02-04,South Australia. Department of Mines and Energy.,Y,False,260.4
pandurra_as_basement,19934,30.5,Palaeoproterozoic unit 46,Quaternary rocks,0.0,30.5,none,,,,1993-12-10,False,DME PH 15,137.1172426,-32.7716024,1957-02-19,South Australia. Department of Mines and Energy.,N,False,260.1
pandurra_as_basement,19935,48.8,Middleback Subgroup,Quaternary rocks,0.0,48.8,none,,,,1993-12-10,False,DME PH 16,137.1245366,-32.7681964,1957-03-25,South Australia. Department of Mines and Energy.,Y,False,259.7
pandurra_as_basement,19936,30.8,Archaean-Mesoproterozoic rocks,Quaternary rocks,0.0,30.8,none,,,,1993-12-10,False,DME PH 17,137.1263306,-32.7695814,1957-04-09,South Australia. Department of Mines and Energy.,Y,False,259.9
pandurra_as_basement,19937,29.0,Archaean-Mesoproterozoic rocks,Quaternary rocks,0.0,29.0,none,,,,1993-12-10,False,DME PH 19,137.1247656,-32.7661724,1957-05-01,South Australia. Department of Mines and Energy.,Y,False,259.5
pandurra_as_basement,19938,3.0,Corunna Conglomerate,Quaternary rocks,0.0,3.0,none,,,,1993-11-11,False,DME PBH 1,137.1363726,-32.6938934,1956-08-06,South Australia. Department of Mines and Energy.,Y,False,251.6
pandurra_as_basement,19939,19.8,Corunna Conglomerate,Quaternary rocks,0.0,19.8,none,,,siliceous hem grit,1993-11-11,False,DME PBH 2,137.1360576,-32.6932134,1956-08-27,South Australia. Department of Mines and Energy.,Y,False,251.5
pandurra_as_basement,19940,15.2,Corunna Conglomerate,Quaternary rocks,0.0,15.2,none,,,siliceous hem grit,1993-11-11,False,DME PBH 3,137.1361216,-32.6945834,1956-09-13,South Australia. Department of Mines and Energy.,Y,False,251.7
pandurra_as_basement,19941,0.0,Corunna Conglomerate,,,,no cover interval logged,,,,,,DME PBH 5,137.1362246,-32.6953024,1956-10-10,South Australia. Department of Mines and Energy.,Y,False,251.8
pandurra_as_basement,19942,0.0,Corunna Conglomerate,,,,no cover interval logged,,,,,,DME PBH 7,137.1365816,-32.6973074,1956-09-07,South Australia. Department of Mines and Energy.,Y,False,252.0
pandurra_as_basement,19943,0.0,Corunna Conglomerate,,,,no cover interval logged,,,,,,DME PBH 8,137.1362126,-32.6934814,1956-08-30,South Australia. Department of Mines and Energy.,Y,False,251.6
pandurra_as_basement,19944,0.0,Corunna Conglomerate,,,,no cover interval logged,,,,,,DME PBH 9,137.1365856,-32.6939074,1956-09-20,South Australia. Department of Mines and Energy.,Y,False,251.6
pandurra_as_basement,19945,20.1,Corunna Conglomerate,Gairdner Dolerite,1.8,20.1,none,,,?recryst metadolerite,1993-11-11,False,DME DDH 12,137.1360836,-32.6978934,1955-04-22,South Australia. Department of Mines and Energy.,Y,False,252.1
pandurra_as_basement,19946,0.0,Corunna Conglomerate,,,,no cover interval logged,,,,,,DME DDH 42,137.1366546,-32.6945554,1956-09-11,South Australia. Department of Mines and Energy.,Y,False,251.7
pandurra_as_basement,19947,0.0,Corunna Conglomerate,,,,no cover interval logged,,,,,,DME DDH 42A,137.1366546,-32.6945644,1956-10-19,South Australia. Department of Mines and Energy.,Y,False,251.7
pandurra_as_basement,19948,3.0,Corunna Conglomerate,Quaternary rocks,0.0,3.0,none,,,,1993-11-11,False,DME DDH 44,137.1370636,-32.6942694,1957-02-01,South Australia. Department of Mines and Energy.,Y,False,251.7
pandurra_as_basement,19949,4.9,Corunna Conglomerate,Quaternary rocks,0.0,4.9,none,,,,1993-11-11,False,DME DDH 45,137.1369626,-32.6949384,1957-01-16,South Australia. Department of Mines and Energy.,Y,False,251.7
pandurra_as_basement,19950,0.0,Corunna Conglomerate,,,,no cover interval logged,,,,,,DME DDH 40,137.1370836,-32.6986694,1956-09-03,South Australia. Department of Mines and Energy.,Y,False,252.2
pandurra_as_basement,19951,1.8,Corunna Conglomerate,Quaternary rocks,0.0,1.8,none,,,,1993-11-11,False,DME DDH 30,137.1360196,-32.7014744,1956-01-20,South Australia. Department of Mines and Energy.,Y,False,252.5
pandurra_as_basement,19952,3.7,Corunna Conglomerate,Quaternary rocks,0.0,3.7,none,,,,1993-11-11,False,DME DDH 13,137.1397246,-32.7083554,1955-07-12,South Australia. Department of Mines and Energy.,Y,False,253.3
pandurra_as_basement,19972,24.4,Cooyerdoo Granite,Quaternary rocks,0.0,24.4,none,,,,1993-12-22,False,DME DDH 8,137.1391546,-32.7545744,1956-12-31,South Australia. Department of Mines and Energy.,Y,False,258.4
pandurra_as_basement,19997,33.3,Corunna Conglomerate,Quaternary rocks,0.0,33.3,none,,,,1993-11-11,False,DME DDH 39A,137.1431866,-32.7299474,1957-06-14,South Australia. Department of Mines and Energy.,Y,False,255.7
pandurra_as_basement,20424,52.5,Pandurra Formation,Whyalla Sandstone,7.0,52.5,none,,,"Sandstone, clayey in part, coarse rounded to angular grains",1995-03-24,False,PACMINEX EX 132,137.2104036,-32.1089134,1974-06-27,Mount Gunson Mines Pty Ltd.,N,False,188.0
pandurra_as_basement,20425,54.0,Pandurra Formation,Whyalla Sandstone,7.5,54.0,none,,,"Coarse quartzose sandstone, clayey in part, angular grains, could be Tertiary. Silcrete band 20-22m",1995-03-24,False,PACMINEX EX 130,137.2052116,-32.1134214,1974-06-26,Mount Gunson Mines Pty Ltd.,N,False,188.4
pandurra_as_basement,20438,52.4,Pandurra Formation,Tapley Hill Formation,51.0,52.4,reduced,grey,,Hard grey dolomite,1995-03-27,False,PACMINEX EX 142,137.1716526,-32.0386054,1974-07-11,Mount Gunson Mines Pty Ltd.,N,False,179.7
pandurra_as_basement,20440,41.9,Pandurra Formation,Woocalla Dolomite Member,37.5,41.9,none,,,Dolomite breccia,1995-03-27,False,PACMINEX EX 143,137.1618536,-32.0631244,1974-07-12,Mount Gunson Mines Pty Ltd.,N,False,182.3
pandurra_as_basement,20448,6.0,Pandurra Formation,Tertiary-Pleistocene rocks,0.0,6.0,none,,,Clay above silcrete,1995-03-13,False,PACMINEX EX 31,137.3446006,-32.3954414,1973-10-16,Mount Gunson Mines Pty Ltd.,N,False,221.6
pandurra_as_basement,20449,18.0,Gawler Range Volcanics,Neoproterozoic rocks,3.0,18.0,none,,,Clay-rich sandstone,1995-03-13,False,PACMINEX EX 32,137.3337646,-32.4166554,1973-10-16,Mount Gunson Mines Pty Ltd.,N,False,223.7
pandurra_as_basement,20450,30.0,Pandurra Formation,Umberatana Group unit 2,3.0,30.0,none,,,"Weathered shale, siltstone, mudstone; calcareous in part",1995-03-13,False,PACMINEX EX 33,137.3852916,-32.4124884,1973-10-18,Mount Gunson Mines Pty Ltd.,N,False,224.3
pandurra_as_basement,20451,21.0,Gawler Range Volcanics,Umberatana Group unit 2,3.0,21.0,reduced,green,,Fawn siltstone & green hard clay,1995-03-13,False,PACMINEX EX 34,137.3786616,-32.4328494,1973-10-18,Mount Gunson Mines Pty Ltd.,N,False,226.3
pandurra_as_basement,20458,49.4,Pandurra Formation,Tapley Hill Formation,9.0,49.4,reduced,grey,,Grey calcareous shale with minor dolomite,1995-03-13,False,PACMINEX EX 39,137.2882546,-32.4374204,1973-11-02,Mount Gunson Mines Pty Ltd.,N,False,225.2
pandurra_as_basement,20460,3.0,Pandurra Formation,Quaternary rocks,0.0,3.0,none,,,"Gravel, clay, gypsum",1995-03-14,False,PACMINEX EX 101,137.2783796,-32.4254254,1974-03-26,Mount Gunson Mines Pty Ltd.,N,False,223.8
pandurra_as_basement,20461,64.0,Pandurra Formation,Tapley Hill Formation,36.0,64.0,reduced,black; carbonaceous,,"Black, calcareous carbonaceous shale",1995-03-13,False,PACMINEX EX 2,137.3320026,-32.0280894,1973-10-02,Mount Gunson Mines Pty Ltd.,N,False,181.5
pandurra_as_basement,20462,43.9,Pandurra Formation,Whyalla Sandstone,6.0,43.9,none,,,"Sandstone, friable, subangular to rounded grains, coarser with depth; minor sandy claystone",1995-03-23,False,PACMINEX EX 117,137.3646166,-32.3480824,1974-06-10,Mount Gunson Mines Pty Ltd.,N,False,216.8
pandurra_as_basement,20463,84.4,Pandurra Formation,Umberatana Group unit 2,51.0,84.4,none,,,Coarse lithic sandstone & minor siltstone,1995-03-24,False,PACMINEX EX 136,137.1917246,-32.0544944,1974-07-01,Mount Gunson Mines Pty Ltd.,N,False,181.7
pandurra_as_basement,20464,7.0,Pandurra Formation,Quaternary rocks,0.0,7.0,none,,,Orange sand & clay,1995-03-27,False,PACMINEX EX 155,137.0609816,-32.0867204,1974-07-16,Mount Gunson Mines Pty Ltd.,N,False,183.7
pandurra_as_basement,20465,67.0,Pandurra Formation,Umberatana Group unit 2,24.0,67.0,mixed,green,red,red and green calcareous siltstone,1995-03-13,False,PACMINEX EX 11,137.3021086,-32.2121624,1973-10-08,Mount Gunson Mines Pty Ltd.,N,False,200.9
pandurra_as_basement,20542,24.0,Gawler Range Volcanics,Tertiary-Pleistocene rocks,0.0,24.0,none,,,"Sandy clay, ferricreted in part; surface soil",1995-03-13,False,PACMINEX EX 38,137.3424366,-32.4355214,1973-11-01,Mount Gunson Mines Pty Ltd.,N,False,225.9
pandurra_as_basement,20543,3.0,Gawler Range Volcanics,Quaternary rocks,0.0,3.0,none,,,"Soil, silcrete, clay, gravel, gypsum",1995-03-14,False,PACMINEX EX 97,137.3828896,-32.4548834,1974-03-23,Mount Gunson Mines Pty Ltd.,N,False,228.8
pandurra_as_basement,20544,3.0,Gawler Range Volcanics,Quaternary rocks,0.0,3.0,none,,,"Sand, soil, gravel",1995-03-14,False,PACMINEX EX 100,137.2936796,-32.4711204,1974-03-26,Mount Gunson Mines Pty Ltd.,N,False,229.0
pandurra_as_basement,20545,5.0,Gawler Range Volcanics,Quaternary rocks,0.0,5.0,none,,,Gravel & soil,1995-03-14,False,PACMINEX EX 105,137.2999796,-32.4322564,1974-03-27,Mount Gunson Mines Pty Ltd.,N,False,224.9
pandurra_as_basement,20546,7.5,Gawler Range Volcanics,Tertiary silcrete,6.0,7.5,none,,,Silcrete,1995-03-14,False,PACMINEX EX 108,137.3235366,-32.3976274,1974-03-28,Mount Gunson Mines Pty Ltd.,N,False,221.5
pandurra_as_basement,20547,14.0,Gawler Range Volcanics,Tapley Hill Formation,9.0,14.0,reduced,green,,"Pale green clay, shaley in lower part",1995-03-23,False,PACMINEX EX 114,137.3715746,-32.3908884,1974-06-08,Mount Gunson Mines Pty Ltd.,N,False,221.6
pandurra_as_basement,24131,108.0,Pandurra Formation,Tapley Hill Formation,12.0,108.0,reduced,graphite,,Graphite shale with dolomite beds,1994-01-06,False,PUB 7,137.5310985,-32.7683224,1975-03-08,Australian Selection Pty Ltd.,N,False,265.9
pandurra_as_basement,24899,56.4,Proterozoic rocks,Neuroodla Formation,22.0,56.4,none,,,,1992-11-05,False,WILKATANA 17,137.8768119,-32.0686867,1956-10-18,SANTOS LIMITED,Y,False,204.0
pandurra_as_basement,24957,172.0,Proterozoic rocks,Cotabena Formation,120.7,172.0,none,,,,1992-11-05,False,WILKATANA 13,137.8714236,-32.1237981,1956-10-07,SANTOS LIMITED,N,False,209.2
pandurra_as_basement,24958,167.6,Proterozoic rocks,Cotabena Formation,121.0,167.6,none,,,,1992-11-05,False,WILKATANA 14,137.89209,-32.1233258,1956-10-11,SANTOS LIMITED,Y,False,210.0
pandurra_as_basement,132060,20.42,Mulgathing Complex,Mesozoic rocks,6.4,20.42,none,,,Clayey sand,1993-07-01,False,MPW 1,134.6507501,-29.7436083,1972-04-18,South Australia. Department of Mines and Energy.,N,False,228.7
pandurra_as_basement,132075,0.0,Ealbara Rhyolite,,,,no cover interval logged,,,,,,BIRTHDAY DDH 1,134.5314721,-30.2594393,1971-03-31,South Australia. Department of Mines and Energy.,N,False,226.9
pandurra_as_basement,132076,0.0,Ealbara Rhyolite,,,,no cover interval logged,,,,,,BIRTHDAY DDH 2,134.5366121,-30.2720893,1971-03-27,South Australia. Department of Mines and Energy.,N,False,226.3
pandurra_as_basement,132077,0.0,Ealbara Rhyolite,,,,no cover interval logged,,,,,,BIRTHDAY DDH 3,134.5428831,-30.2648923,1971-04-03,South Australia. Department of Mines and Energy.,N,False,225.8
pandurra_as_basement,132078,31.69,Mulgathing Complex,Algebuckina Sandstone,10.21,31.69,none,,,Rounded to angular qtz. conglomerate sdst over silty clay,1993-07-01,False,MCP 1,134.4446961,-29.2230583,1972-04-27,South Australia. Department of Mines and Energy.,N,False,271.7
pandurra_as_basement,133881,42.67,Lincoln Complex,Tertiary-Pleistocene rocks,0.0,42.67,none,,,"Sand, ?clay; calcrete (travertine) top 20'",1993-09-14,False,CR 1,134.676298,-32.7304103,1960-02-26,South Australia. Department of Mines and Energy.,N,False,329.6
pandurra_as_basement,133882,75.9,Palaeoproterozoic unit 9,Cretaceous-Paleocene deep weathering,67.74,75.9,none,,,"Weath basement: clay, occasional rock fragments",1993-09-14,False,CR - DEPT OF MINES 2,134.661142,-32.7303683,1960-02-17,South Australia. Department of Mines and Energy.,N,False,330.5
pandurra_as_basement,133883,86.79,Palaeoproterozoic unit 9,Cretaceous-Paleocene deep weathering,76.2,86.79,none,,,"Weath basement: clay, rock fragments",1993-09-14,False,CR 3,134.654737,-32.7306243,1960-02-02,South Australia. Department of Mines and Energy.,N,False,330.9
pandurra_as_basement,133885,117.35,St Peter Suite,Pidinga Formation,67.06,117.35,none,,,"Sand, clay, silt, carb material incl lignite & wood, py/marc",1993-07-21,False,STREAKY R 1A,134.617798,-32.7084153,1972-10-06,Endeavour Oil Co NL.,Y,False,331.3
pandurra_as_basement,133940,59.44,Palaeoproterozoic unit 9,Cretaceous-Paleocene deep weathering,51.82,59.44,none,,,Weath basement,1993-05-27,False,DME IR MINNIPA 1,135.0003149,-32.9408273,1955-05-08,South Australia. Department of Mines and Energy.,N,False,330.3
pandurra_as_basement,133941,64.97,Palaeoproterozoic unit 9,Cretaceous-Paleocene deep weathering,57.91,64.97,none,,,"Weath basement: structureless clay, qtz",1993-07-27,False,DME IR 2,135.0009559,-32.9363193,1959-05-20,South Australia. Department of Mines and Energy.,Y,False,329.9
pandurra_as_basement,133942,44.2,Palaeoproterozoic unit 9,Tertiary-Pleistocene rocks,0.0,44.2,none,,,"Sand, clay",1993-07-27,False,DME IR 6,134.9928259,-32.9381223,1959-07-09,South Australia. Department of Mines and Energy.,N,False,330.5
pandurra_as_basement,133943,74.98,Hiltaba Suite,no sample,73.15,74.98,none,,,No sample,1993-07-27,False,DME IR 4,134.9746369,-32.9480413,1959-05-27,South Australia. Department of Mines and Energy.,Y,False,332.3
pandurra_as_basement,133944,57.91,Palaeoproterozoic unit 9,Cretaceous-Paleocene deep weathering,54.86,57.91,none,,,"Weath basement: sand, clay, occasional basement fragments",1993-07-27,False,DME IR 3,135.0012759,-32.9336113,1960-05-26,South Australia. Department of Mines and Energy.,N,False,329.6
pandurra_as_basement,134099,37.5,Mulgathing Complex,Cadna-owie Formation,2.5,37.5,none,,,Fine gr. rounded sandstone with ang.-rounded pebbles,1993-07-26,False,A 169,134.4732711,-29.2682993,1972-03-27,South Australia. Department of Mines and Energy.,N,False,266.8
pandurra_as_basement,134158,25.6,Mulgathing Complex,Jurassic-Cretaceous unit 1,10.06,25.6,none,,,"Conglomerate sandstone, rounded - subangular, minor feldspar",1993-07-14,False,CPB 7,134.4477691,-29.2257773,1971-01-01,South Australia. Department of Mines and Energy.,N,False,271.3
pandurra_as_basement,134293,4.0,Yardea Dacite,Quaternary rocks,0.0,4.0,oxidised,,red,"Red-bn qtz sand, basal grit",1993-07-30,False,G 1,136.2925448,-31.7826994,1904-10-23,PNC Exploration (Australia) Pty Ltd.,N,False,159.6
pandurra_as_basement,134339,0.0,Lake Harris Komatiite,,,,no cover interval logged,,,,,,LAKE HARRIS AUGER HOLE 1,135.1428109,-31.0281183,1970-12-31,Kennecott Exploration (Australia) Ltd.,N,False,179.0
pandurra_as_basement,135902,4.6,Mulgathing Complex,Quaternary rocks,0.0,4.6,none,,,"Alluvial sand, clay & some gypsum.",1998-02-04,False,KENELLA 4A,134.962346,-30.9225283,1973-12-31,Agilis Exploration Services (Aust) Pty Ltd.,N,False,191.7
pandurra_as_basement,135903,7.6,Mulgathing Complex,Quaternary rocks,0.0,7.6,none,,,"Alluvial sand, clay & some gypsum.",1998-02-04,False,KENELLA 1A,134.958315,-30.9254233,1973-12-31,Agilis Exploration Services (Aust) Pty Ltd.,N,False,192.1
pandurra_as_basement,135904,4.6,Mulgathing Complex,Quaternary rocks,0.0,4.6,none,,,"Alluvial sand, clay & some gypsum.",1998-02-04,False,KENELLA 9A,134.958347,-30.9243403,1973-12-31,Agilis Exploration Services (Aust) Pty Ltd.,N,False,192.1
pandurra_as_basement,135905,3.0,Mulgathing Complex,Quaternary rocks,0.0,3.0,none,,,"Alluvial sand, clay & some gypsum.",1998-02-04,False,KENELLA 6A,134.963236,-30.9207693,1973-12-31,Agilis Exploration Services (Aust) Pty Ltd.,N,False,191.5
pandurra_as_basement,136435,0.0,Glenloth Granite,,,,no cover interval logged,,,,,,MT. MITCHELL 1,135.108289,-31.0786793,1966-01-01,Australian Development Ltd.,N,False,184.2
pandurra_as_basement,136436,0.0,Glenloth Granite,,,,no cover interval logged,,,,,,MT. MITCHELL 2,135.108531,-31.0785903,1966-01-01,Australian Development Ltd.,N,False,184.1
pandurra_as_basement,136437,0.0,Glenloth Granite,,,,no cover interval logged,,,,,,MT. MITCHELL 3,135.108248,-31.0787793,1966-01-01,Australian Development Ltd.,N,False,184.2
pandurra_as_basement,136438,0.0,Glenloth Granite,,,,no cover interval logged,,,,,,MT. MITCHELL 4,135.107639,-31.0788243,1966-01-01,Australian Development Ltd.,N,False,184.2
pandurra_as_basement,139438,82.0,Pandurra Formation,Tapley Hill Formation,12.0,82.0,reduced,graphitic,,Graphitic shale and mica shale with dolomite,1994-01-06,False,PUB 6,137.5095505,-32.7044724,1975-03-07,Australian Selection Pty Ltd.,N,False,258.5
pandurra_as_basement,139561,38.0,Pandurra Formation,Woocalla Dolomite Member,16.0,38.0,reduced,black,,Partly sandy clay with thin black shale at base,1993-12-20,False,MF 1,136.5814847,-31.7266644,1973-06-19,Pacminex Pty Ltd.,N,False,145.9
pandurra_as_basement,139671,90.98,Pandurra Formation,Tapley Hill Formation,70.1,90.98,none,,,Partly balck and dolomitic shale with dolomite bands and sandy near top,1993-12-24,False,LD 1,137.1013426,-31.6485234,1971-03-27,Noranda Australia Ltd.,N,False,135.8
pandurra_as_basement,139672,183.46,Pandurra Formation,Tapley Hill Formation,42.67,183.46,reduced,black,,"Partly sandy, black and dolomitic shale, dolomite bands",1993-12-24,False,LD 2,137.1513456,-31.7318594,1971-05-05,Noranda Australia Ltd.,N,False,145.7
pandurra_as_basement,139673,191.72,Pandurra Formation,Tapley Hill Formation,98.79,191.72,reduced,black,,Partly dolomitic and black shale with dolomite bands,1993-12-24,False,LD 3,137.0513506,-31.7651944,1971-05-24,Noranda Australia Ltd.,N,False,148.1
pandurra_as_basement,139674,135.27,Pandurra Formation,Tapley Hill Formation,42.67,135.27,reduced,black,,Partly black and dolomitic shale with dolomite,1993-12-24,False,LD 4,136.9680097,-31.7985284,1971-06-02,Noranda Australia Ltd.,N,False,151.1
pandurra_as_basement,139675,82.6,Pandurra Formation,Tapley Hill Formation,60.96,82.6,reduced,black,,Dolomitic and black shale,1993-12-24,False,LD 5,137.1346776,-31.8318574,1971-06-01,Noranda Australia Ltd.,N,False,156.4
pandurra_as_basement,139676,66.05,Pandurra Formation,Tapley Hill Formation,27.43,66.05,reduced,black,,Dolomitic and black shale,1993-12-24,False,LD 6,137.2513456,-31.7985224,1971-06-01,Noranda Australia Ltd.,N,False,154.9
pandurra_as_basement,139677,36.58,Pandurra Formation,Whyalla Sandstone,6.1,36.58,none,,,,1993-12-24,False,LD 7,137.1013436,-31.9651944,1971-06-01,Noranda Australia Ltd.,N,False,170.7
pandurra_as_basement,139768,71.0,Pandurra Formation,Woocalla Dolomite Member,29.0,71.0,reduced,black,,Clay over black shale with basal dolomite,1993-12-20,False,MF 2,136.6396127,-31.7313454,1973-06-21,Pacminex Pty Ltd.,N,False,145.4
pandurra_as_basement,139770,89.0,Pandurra Formation,Woocalla Dolomite Member,20.0,89.0,reduced,black; grey,,Grey clay over black shale,1993-12-20,False,MF 4,136.6583447,-31.6571334,1973-06-22,Pacminex Pty Ltd.,N,False,137.0
pandurra_as_basement,139771,92.0,Pandurra Formation,Woocalla Dolomite Member,7.0,92.0,reduced,black,,Clay over black shale,1993-12-20,False,MF 5,136.7366727,-31.7291554,1973-06-23,Pacminex Pty Ltd.,N,False,143.9
pandurra_as_basement,139778,52.0,Pandurra Formation,Woocalla Dolomite Member,15.0,52.0,reduced,black,,Calcareous clay over laminated dolomite-black shale,1993-12-20,False,MF 12,136.9767647,-31.9024424,1974-09-20,Pacminex Pty Ltd.,N,False,162.7
pandurra_as_basement,139809,17.0,Pandurra Formation,Woocalla Dolomite Member,15.0,17.0,none,,,Dolomite with clay fallback,1994-01-13,False,M 15,137.4263206,-32.1119924,1972-06-23,Pacminex Pty Ltd.,N,False,192.7
pandurra_as_basement,139883,23.77,Pandurra Formation,Woocalla Dolomite Member,21.03,23.77,mixed,black,brown,Brown and black clay,1993-12-20,False,WP 5,136.9944336,-31.9373424,1968-10-10,Noranda Australia Ltd.,N,False,166.7
pandurra_as_basement,139884,26.21,Pandurra Formation,Tapley Hill Formation,14.63,26.21,mixed,black; sulphides,buff,Buff and black clay with sulphides at base,1993-12-20,False,WP 6,136.9905536,-31.9536394,1968-10-11,Noranda Australia Ltd.,N,False,168.5
pandurra_as_basement,139885,22.56,Pandurra Formation,Tapley Hill Formation,19.2,22.56,reduced,black,,Sandy khaki clay over black clay,1993-12-20,False,WP 7,136.9967806,-31.9481314,1968-10-12,Noranda Australia Ltd.,N,False,167.9
pandurra_as_basement,139886,24.38,Pandurra Formation,Tapley Hill Formation,10.67,24.38,reduced,black; sulphides,,Black clay with shale fragments and sulphides,1993-12-20,False,WP 8,137.0072976,-31.9452594,1968-10-14,Noranda Australia Ltd.,N,False,167.7
pandurra_as_basement,139887,7.62,Pandurra Formation,Tertiary-Pleistocene rocks,0.0,7.62,oxidised,,buff,"White and buff clay, sandy at top",1993-12-20,False,WP 9,137.0114286,-31.9406844,1968-10-14,Noranda Australia Ltd.,N,False,167.2
pandurra_as_basement,139888,44.2,Pandurra Formation,Tapley Hill Formation,9.14,44.2,reduced,black; galena; pyrite,,"Black clay and (partly dolomitic?) shale, galena and pyrite",1993-12-20,False,WP 10,137.0198476,-31.9387454,1968-10-15,Noranda Australia Ltd.,N,False,167.0
pandurra_as_basement,139889,28.96,Pandurra Formation,Tapley Hill Formation,6.1,28.96,reduced,black; galena; grey; pyrite,,"Grey and white clay over black clay, shale and dolomite with galena and pyrite",1993-12-20,False,WP 11,137.0292646,-31.9340864,1968-10-16,Noranda Australia Ltd.,N,False,166.6
pandurra_as_basement,139891,30.48,Pandurra Formation,Tapley Hill Formation,13.72,30.48,reduced,black; sulphides,,"Black clay, partly dolomitic shale, sulphides",1993-12-20,False,WP 13,137.0439856,-31.9302424,1968-10-17,Noranda Australia Ltd.,N,False,166.3
pandurra_as_basement,139893,25.91,Pandurra Formation,Tapley Hill Formation,6.1,25.91,mixed,black; galena; grey; pyrite,limonite,"Grey and black clay with pyrite, galena limonite and talc",1993-12-20,False,WP 15,137.0019506,-31.9426364,1968-12-02,Noranda Australia Ltd.,N,False,167.3
pandurra_as_basement,139894,24.38,Pandurra Formation,Tapley Hill Formation,8.84,24.38,reduced,galena; grey,,Grey clay with galena and some sand,1993-12-20,False,WP 16,137.0073556,-31.9479644,1968-12-03,Noranda Australia Ltd.,N,False,168.0
pandurra_as_basement,139895,42.18,Pandurra Formation,Tapley Hill Formation,22.86,42.18,reduced,black; grey; sulphides,,Grey and black clay and shale with sulphides,1993-12-20,False,WP 17,137.0032256,-31.9525364,1968-12-05,Noranda Australia Ltd.,N,False,168.4
pandurra_as_basement,139896,19.2,Pandurra Formation,Whyalla Sandstone,1.52,19.2,none,,,"Sandstone, fine gr. at top, clayey towards base",1993-12-20,False,WP 18,137.0117036,-31.9533064,1968-12-06,Noranda Australia Ltd.,N,False,168.6
pandurra_as_basement,139898,41.15,Pandurra Formation,Tapley Hill Formation,26.52,41.15,reduced,black; grey; sulphides,,Grey and black shale with sulphides,1993-12-20,False,WP 20,137.0189286,-31.9450724,1968-12-07,Noranda Australia Ltd.,N,False,167.7
pandurra_as_basement,139899,22.86,Pandurra Formation,Tapley Hill Formation,21.03,22.86,reduced,grey,,Dk. grey shale,1993-12-20,False,WP 21,137.0284666,-31.9458224,1968-12-07,Noranda Australia Ltd.,N,False,167.9
pandurra_as_basement,139900,27.43,Pandurra Formation,Tapley Hill Formation,17.37,27.43,mixed,black; grey,buff,Buff/grey/black clay and shale,1993-12-20,False,WP 22,137.0283286,-31.9395114,1968-12-07,Noranda Australia Ltd.,N,False,167.2
pandurra_as_basement,139902,28.96,Pandurra Formation,Tapley Hill Formation,7.92,28.96,reduced,grey,,Varicoloured clay over grey shale,1993-12-20,False,WP 24,137.0269526,-31.9251034,1968-12-10,Noranda Australia Ltd.,N,False,165.6
pandurra_as_basement,139903,59.13,Pandurra Formation,Tapley Hill Formation,26.52,59.13,reduced,black; grey,,Grey to black shale and clay,1993-12-20,False,WP 25,137.0590106,-31.9399204,1968-12-11,Noranda Australia Ltd.,N,False,167.5
pandurra_as_basement,139904,56.39,Pandurra Formation,Tapley Hill Formation,36.27,56.39,reduced,black; grey,,Sandy shale over grey to black shale and clay,1993-12-20,False,WP 26,137.0653326,-31.9389164,1968-12-12,Noranda Australia Ltd.,N,False,167.4
pandurra_as_basement,140216,0.0,Corunna Conglomerate,,,,no cover interval logged,,,,,,BHP DDH 18,137.1409516,-32.7338004,1953-12-12,Broken Hill Pty Co Ltd.,N,False,256.1
pandurra_as_basement,140217,0.0,Myola Volcanics,,,,no cover interval logged,,,,,,BHP DDH 29,137.1467386,-32.7454704,1956-12-12,Broken Hill Pty Co Ltd.,N,False,257.4
pandurra_as_basement,140218,15.0,Archaean rocks,Quaternary rocks,0.0,15.0,none,,,,1993-11-22,False,BHP JD 3A,137.1271386,-32.7487174,1961-04-01,Broken Hill Pty Co Ltd.,N,False,257.6
pandurra_as_basement,140219,14.0,Archaean-Mesoproterozoic rocks,Quaternary rocks,0.0,14.0,none,,,,1993-11-22,False,BHP JD 4,137.1234856,-32.7477874,1961-05-01,Broken Hill Pty Co Ltd.,N,False,257.5
pandurra_as_basement,140220,2.0,Archaean-Mesoproterozoic rocks,Quaternary rocks,0.0,2.0,none,,,,1993-11-11,False,BHP JD 5,137.1177076,-32.7466314,1961-05-01,Broken Hill Pty Co Ltd.,N,False,257.3
pandurra_as_basement,140221,2.0,Archaean rocks,Quaternary rocks,0.0,2.0,none,,,,1993-11-11,False,BHP JD 6,137.1193826,-32.7412734,1961-05-01,Broken Hill Pty Co Ltd.,N,False,256.7
pandurra_as_basement,140222,1.7,Archaean-Mesoproterozoic rocks,Quaternary rocks,0.0,1.7,none,,,,1993-11-11,False,BHP JD 7,137.1140246,-32.7398504,1961-05-01,Broken Hill Pty Co Ltd.,N,False,256.5
pandurra_as_basement,140223,4.0,Archaean rocks,Quaternary rocks,0.0,4.0,none,,,,1993-11-11,False,BHP JD 8,137.1179796,-32.7369704,1961-05-01,Broken Hill Pty Co Ltd.,N,False,256.2
pandurra_as_basement,140224,4.9,Archaean rocks,Quaternary rocks,0.0,4.9,none,,,,1993-11-11,False,BHP JD 9,137.1217136,-32.7369344,1961-05-01,Broken Hill Pty Co Ltd.,N,False,256.3
pandurra_as_basement,140225,6.0,Archaean rocks,Quaternary rocks,0.0,6.0,none,,,,1993-11-11,False,BHP JD 10,137.1207386,-32.7331704,1961-05-01,Broken Hill Pty Co Ltd.,N,False,255.8
pandurra_as_basement,140226,7.6,Archaean rocks,Quaternary rocks,0.0,7.6,none,,,,1993-11-11,False,BHP JD 11,137.1228136,-32.7305924,1961-05-01,Broken Hill Pty Co Ltd.,N,False,255.6
pandurra_as_basement,140227,17.4,Archaean-Mesoproterozoic rocks,Quaternary rocks,0.0,17.4,none,,,,1993-11-11,False,BHP JD 12,137.1286356,-32.7318644,1961-05-01,Broken Hill Pty Co Ltd.,N,False,255.8
pandurra_as_basement,140228,15.5,Archaean-Mesoproterozoic rocks,Quaternary rocks,0.0,15.5,none,,,,1993-11-11,False,BHP JD 13,137.1290826,-32.7367894,1961-05-01,Broken Hill Pty Co Ltd.,N,False,256.3
pandurra_as_basement,140229,13.7,Archaean-Mesoproterozoic rocks,Quaternary rocks,0.0,13.7,none,,,,1993-11-11,False,BHP JD 14,137.1255326,-32.7369034,1961-05-01,Broken Hill Pty Co Ltd.,N,False,256.3
pandurra_as_basement,140230,11.9,Archaean-Mesoproterozoic rocks,Quaternary rocks,0.0,11.9,none,,,,1993-11-11,False,BHP JD 15,137.1248856,-32.7392594,1961-05-01,Broken Hill Pty Co Ltd.,N,False,256.5
pandurra_as_basement,140231,17.4,Archaean-Mesoproterozoic rocks,Quaternary rocks,0.0,17.4,none,,,,1993-11-11,False,BHP JD 16,137.1285296,-32.7395594,1961-05-01,Broken Hill Pty Co Ltd.,N,False,256.6
pandurra_as_basement,140232,16.8,Archaean-Mesoproterozoic rocks,Quaternary rocks,0.0,16.8,none,,,,1993-11-11,False,BHP JD 17,137.1294716,-32.7396874,1961-05-01,Broken Hill Pty Co Ltd.,N,False,256.6
pandurra_as_basement,140233,18.3,Archaean-Mesoproterozoic rocks,Quaternary rocks,0.0,18.3,none,,,,1993-11-11,False,BHP JD 18,137.1304796,-32.7398314,1961-05-01,Broken Hill Pty Co Ltd.,N,False,256.7
pandurra_as_basement,140234,22.3,Gawler Range Volcanics,Quaternary rocks,0.0,22.3,none,,,,1993-11-11,False,BHP JD 19,137.1315156,-32.7398954,1961-05-01,Broken Hill Pty Co Ltd.,N,False,256.7
pandurra_as_basement,140235,24.1,Gawler Range Volcanics,Quaternary rocks,0.0,24.1,none,,,,1993-11-11,False,BHP JD 20,137.1323826,-32.7400094,1961-05-01,Broken Hill Pty Co Ltd.,N,False,256.7
pandurra_as_basement,140236,21.3,Middleback Subgroup,Quaternary rocks,0.0,21.3,none,,,,1993-11-11,False,BHP JD 21,137.1334046,-32.7399284,1961-05-01,Broken Hill Pty Co Ltd.,N,False,256.7
pandurra_as_basement,140240,6.0,Archaean rocks,Quaternary rocks,0.0,6.0,none,,,,1993-11-22,False,BHP KAT 5,137.1082896,-32.7929814,1973-05-05,Broken Hill Pty Co Ltd.,N,False,262.4
pandurra_as_basement,140241,12.0,Archaean rocks,Quaternary rocks,0.0,12.0,none,,,,1993-11-22,False,BHP KAT 6,137.1014896,-32.7830594,1973-05-05,Broken Hill Pty Co Ltd.,N,False,261.2
pandurra_as_basement,140257,23.0,Broadview Schist,Quaternary rocks,0.0,23.0,none,,,wh cly f snd / crs snd,1993-11-22,False,BHP MH 1,137.3612635,-32.9498244,1970-12-12,Broken Hill Pty Co Ltd.,N,False,282.6
pandurra_as_basement,140258,16.0,Broadview Schist,Quaternary rocks,0.0,16.0,none,,,,1993-11-22,False,BHP MH 2,137.3711195,-32.9685024,1973-12-12,Broken Hill Pty Co Ltd.,N,False,284.8
pandurra_as_basement,140261,82.0,Broadview Schist,Quaternary rocks,0.0,82.0,none,,,wh clayey f sand / crs sand c pbls cherty qtz,1993-11-22,False,BHP MH 5,137.3528695,-32.9684694,1973-12-12,Broken Hill Pty Co Ltd.,N,False,284.5
pandurra_as_basement,140268,1.8,Roopena Basalt,Quaternary rocks,0.0,1.8,none,,,,1993-12-24,False,BHP RP 1,137.3918486,-32.7308224,1969-12-12,Broken Hill Pty Co Ltd.,N,False,259.1
pandurra_as_basement,140269,1.5,Roopena Basalt,Quaternary rocks,0.0,1.5,none,,,,1993-12-24,False,BHP RP 2,137.3671986,-32.7306594,1969-12-12,Broken Hill Pty Co Ltd.,N,False,258.6
pandurra_as_basement,140270,1.5,Fresh Well Formation unit 2,Quaternary rocks,0.0,1.5,none,,,,1993-11-11,False,BHP RP 3,137.3510466,-32.7330374,1969-12-12,Broken Hill Pty Co Ltd.,N,False,258.6
pandurra_as_basement,140271,1.0,Fresh Well Formation unit 2,Quaternary rocks,0.0,1.0,none,,,,1993-12-24,False,BHP RP 4,137.3731546,-32.7379424,1969-12-12,Broken Hill Pty Co Ltd.,N,False,259.5
pandurra_as_basement,140272,0.0,Fresh Well Formation,,,,no cover interval logged,,,,,,BHP RP 5,137.3611796,-32.7410534,1969-12-12,Broken Hill Pty Co Ltd.,N,False,259.7
pandurra_as_basement,140273,4.6,Fresh Well Formation,Quaternary rocks,0.0,4.6,none,,,,1993-12-24,False,BHP RP 6,137.3892126,-32.7360144,1969-12-12,Broken Hill Pty Co Ltd.,N,False,259.6
pandurra_as_basement,140278,24.0,Cooyerdoo Granite,Gairdner Dolerite,17.0,24.0,none,,,,1993-11-22,False,DME PH 30,137.1284416,-32.8030484,1969-12-12,South Australia. Department of Mines and Energy.,N,False,263.6
pandurra_as_basement,140298,7.5,Gawler Range Volcanics,Quaternary rocks,0.0,7.5,none,,,"Laterite, silcrete & clay; soil to 3m",1993-12-11,False,PACMINEX EX 40,137.3688546,-32.5103274,1973-10-02,Mount Gunson Mines Pty Ltd.,N,False,234.6
pandurra_as_basement,140300,52.7,Pandurra Formation,Backy Point Formation,42.0,52.7,reduced,pyrite,,"Unconsolidated polymict conglomerate, pyrite coatings on some clasts",1993-11-11,False,PACMINEX EX 42,137.4228616,-32.4963134,1973-11-04,Mount Gunson Mines Pty Ltd.,N,False,234.1
pandurra_as_basement,140302,70.0,Gawler Range Volcanics,Backy Point Formation,40.0,70.0,mixed,green,purple,Purple-green calcareous sandstone with abundant volcanic clasts in places; shale 65.5-70m,1995-02-20,False,PACMINEX EX 46,137.3630806,-32.5661644,1973-11-09,Mount Gunson Mines Pty Ltd.,N,False,240.6
pandurra_as_basement,140306,33.5,Pandurra Formation,Tapley Hill Formation,3.0,33.5,reduced,grey,,Grey calcareous laminated shale; upper part weathered to clay,1993-11-11,False,PACMINEX EX 50,137.4640305,-32.6360944,1973-11-11,Mount Gunson Mines Pty Ltd.,N,False,250.1
pandurra_as_basement,140307,12.0,Pandurra Formation,Backy Point Formation,6.0,12.0,none,,,Quartz pebble conglomerate,1993-11-11,False,PACMINEX EX 51,137.4583495,-32.6387304,1973-11-11,Mount Gunson Mines Pty Ltd.,N,False,250.3
pandurra_as_basement,140310,84.0,Pandurra Formation,Tapley Hill Formation,6.0,84.0,reduced,carbonaceous; grey; pyrite,,"Grey calcareous shale, carbonaceous near base; dolomite with trace pyrite 40.2-42.7m; top of interval weathered to clay",1993-11-11,False,PACMINEX EX 54,137.4972495,-32.6541054,1973-11-13,Mount Gunson Mines Pty Ltd.,N,False,252.8
pandurra_as_basement,140311,7.0,Pandurra Formation,Quaternary rocks,0.0,7.0,none,,,Silcrete below soil & calcrete,1993-11-11,False,PACMINEX EX 55,137.4298606,-32.6415414,1973-11-13,Mount Gunson Mines Pty Ltd.,N,False,250.0
pandurra_as_basement,140312,43.0,Pandurra Formation,Backy Point Formation,37.0,43.0,reduced,grey,,Rounded quartzite pebbles in grey sandstone/quartzite matrix,1993-11-11,False,PACMINEX EX 56,137.3966196,-32.6379424,1973-11-13,Mount Gunson Mines Pty Ltd.,N,False,249.0
pandurra_as_basement,140313,6.0,Pandurra Formation,Quaternary rocks,0.0,6.0,none,,,Soil above silcrete,1993-11-11,False,PACMINEX EX 57,137.3751426,-32.6438504,1973-11-14,Mount Gunson Mines Pty Ltd.,N,False,249.3
pandurra_as_basement,140314,3.0,Pandurra Formation,Quaternary rocks,0.0,3.0,none,,,Soil,1993-11-11,False,PACMINEX EX 58,137.4187476,-32.6957704,1973-11-14,Mount Gunson Mines Pty Ltd.,N,False,255.7
pandurra_as_basement,140315,22.0,Pandurra Formation,Backy Point Formation,12.0,22.0,reduced,green,,Green-yellow lithic sandstone & siltstone,1993-11-11,False,PACMINEX EX 59,137.4532255,-32.6969944,1973-11-15,Mount Gunson Mines Pty Ltd.,N,False,256.5
pandurra_as_basement,140316,9.0,Pandurra Formation,Quaternary rocks,0.0,9.0,none,,,"Sand & gravel to 6m, then silcrete",1993-11-11,False,PACMINEX EX 60,137.4794025,-32.6871914,1973-11-15,Mount Gunson Mines Pty Ltd.,N,False,256.0
pandurra_as_basement,140318,6.0,Pandurra Formation,Quaternary rocks,0.0,6.0,none,,,Soil above gravel & clay,1993-11-11,False,PACMINEX EX 65,137.4912555,-32.8753254,1974-03-08,Mount Gunson Mines Pty Ltd.,N,False,276.7
pandurra_as_basement,140319,13.5,Pandurra Formation,Quaternary rocks,0.0,13.5,none,,,"Gravel, sand, clay, alluvium",1993-12-10,False,PACMINEX EX 69,137.4807685,-32.7864444,1974-03-11,Mount Gunson Mines Pty Ltd.,N,False,266.8
pandurra_as_basement,140320,30.0,Pandurra Formation,Backy Point Formation,15.0,30.0,none,,,Well rounded pebbles to 2cm of quartzite in sand matrix; minor sandstone,1993-12-10,False,PACMINEX EX 70,137.4953595,-32.7393554,1974-03-11,Mount Gunson Mines Pty Ltd.,N,False,262.0
pandurra_as_basement,140321,6.0,Pandurra Formation,Quaternary rocks,0.0,6.0,oxidised,,red,Gravel & red clay below soil,1993-12-10,False,PACMINEX EX 71,137.4988535,-32.7231444,1974-03-11,Mount Gunson Mines Pty Ltd.,N,False,260.3
pandurra_as_basement,140322,6.0,Pandurra Formation,Whyalla Sandstone,3.0,6.0,reduced,green,,Well rounded quartz and lithic grains in green matrix,1993-12-10,False,PACMINEX EX 72,137.4910365,-32.7221274,1974-03-12,Mount Gunson Mines Pty Ltd.,N,False,260.0
pandurra_as_basement,140323,20.5,Pandurra Formation,Whyalla Sandstone,6.0,20.5,reduced,green,,"Clayey sandstone, well rounded quartz and pink lithic grains in a white to green clay matrix",1993-12-10,False,PACMINEX EX 73,137.4957225,-32.7179774,1974-03-12,Mount Gunson Mines Pty Ltd.,N,False,259.7
pandurra_as_basement,140324,34.0,Pandurra Formation,Tapley Hill Formation,32.0,34.0,reduced,black; chalcopyrite; grey; pyrite,,Black shale & grey dolomite; trace pyrite & chalcopyrite,1993-12-10,False,PACMINEX EX 74,137.4953695,-32.7130244,1974-03-12,Mount Gunson Mines Pty Ltd.,N,False,259.1
pandurra_as_basement,140327,17.0,Pandurra Formation,Backy Point Formation,13.0,17.0,none,,,"Polymict conglomerate, clayey sand matrix",1993-12-10,False,PACMINEX EX 77,137.4815465,-32.6991414,1974-03-13,Mount Gunson Mines Pty Ltd.,N,False,257.3
pandurra_as_basement,140328,3.0,Pandurra Formation,Quaternary rocks,0.0,3.0,none,,,"Sand, soil, gravel",1993-12-10,False,PACMINEX EX 78,137.4663975,-32.7066554,1974-03-13,Mount Gunson Mines Pty Ltd.,N,False,257.8
pandurra_as_basement,140329,45.0,Pandurra Formation,Backy Point Formation,12.5,45.0,none,,,"Gravel, clasts of varying composition, in clayey sand matrix",1993-12-10,False,PACMINEX EX 79,137.4543975,-32.6910634,1974-03-13,Mount Gunson Mines Pty Ltd.,N,False,255.9
pandurra_as_basement,140332,3.0,Pandurra Formation,Quaternary rocks,0.0,3.0,none,,,"Soil, clay, gravel, gypsum",1993-12-10,False,PACMINEX EX 82,137.4198006,-32.6755504,1974-03-16,Mount Gunson Mines Pty Ltd.,N,False,253.5
pandurra_as_basement,140333,39.5,Pandurra Formation,Backy Point Formation,28.0,39.5,none,,,Gravel & sand in clay matrix,1993-12-10,False,PACMINEX EX 83,137.4305955,-32.6764244,1974-03-16,Mount Gunson Mines Pty Ltd.,N,False,253.8
pandurra_as_basement,140334,3.0,Pandurra Formation,Quaternary rocks,0.0,3.0,none,,,Soil & silcrete,1993-12-10,False,PACMINEX EX 84,137.4252426,-32.6756244,1974-03-20,Mount Gunson Mines Pty Ltd.,N,False,253.7
pandurra_as_basement,140335,19.0,Pandurra Formation,Tapley Hill Formation,2.0,19.0,reduced,black; grey,,"Grey-black laminated shale, upper part weathered to clay",1993-12-10,False,PACMINEX EX 85,137.4194666,-32.6512994,1974-03-20,Mount Gunson Mines Pty Ltd.,N,False,250.9
pandurra_as_basement,140340,28.0,Gawler Range Volcanics,Backy Point Formation,20.0,28.0,none,,,Khaki clayey & gravelly sandstone,1993-12-10,False,PACMINEX EX 90,137.3917766,-32.5037604,1974-03-21,Mount Gunson Mines Pty Ltd.,N,False,234.3
pandurra_as_basement,140342,4.0,Gawler Range Volcanics,Quaternary rocks,0.0,4.0,none,,,Sand & gravel,1993-12-10,False,PACMINEX EX 92,137.3399346,-32.5032024,1974-03-22,Mount Gunson Mines Pty Ltd.,N,False,233.3
pandurra_as_basement,140851,61.57,Peake Metamorphics,Callanna Group,0.0,61.57,none,,,Very weathered basic over 2m of sediments,1994-03-04,False,URN 1,135.860457,-28.0954653,1974-01-01,Uranerz (Australia) Pty Ltd.,N,False,279.2
pandurra_as_basement,140852,0.0,Wirriecurrie Granite,,,,no cover interval logged,,,,,,URN 2,135.841727,-28.0427763,1974-01-01,Uranerz (Australia) Pty Ltd.,N,False,285.3
pandurra_as_basement,147448,27.0,Pandurra Formation,weathering/weathered rocks,24.0,27.0,none,,,"Yellow mud, origin uncertain",1995-03-13,False,PACMINEX EX 5,137.1637206,-32.1199104,1973-10-03,Mount Gunson Mines Pty Ltd.,N,False,188.5
pandurra_as_basement,147449,42.4,Pandurra Formation,Whyalla Sandstone,6.0,42.4,none,,,"Sandstone, clay-rich 15-24m with pink lithic grains, coarser rounded grains 30-42m",1995-03-13,False,PACMINEX EX 3A,137.2139296,-32.0135234,1973-10-03,Mount Gunson Mines Pty Ltd.,N,False,177.6
pandurra_as_basement,147451,9.0,Pandurra Formation,Whyalla Sandstone,3.0,9.0,none,,,"Logged as """"Whyalla Sandstone""""; not described",1995-03-13,False,PACMINEX EX 4,137.1390836,-32.0405104,1973-10-03,Mount Gunson Mines Pty Ltd.,N,False,179.5
pandurra_as_basement,147453,59.0,Pandurra Formation,Tapley Hill Formation,55.0,59.0,reduced,grey,,Massive grey dolomitic limestone,1995-03-13,False,PACMINEX EX 10,137.3268446,-32.2004374,1973-10-07,Mount Gunson Mines Pty Ltd.,N,False,200.1
pandurra_as_basement,147454,17.7,Pandurra Formation,Umberatana Group unit 2,15.0,17.7,reduced,greenish,,Greenish clay,1995-03-13,False,PACMINEX EX 13,137.2564156,-32.2346304,1973-10-09,Mount Gunson Mines Pty Ltd.,N,False,202.5
pandurra_as_basement,147456,33.0,Pandurra Formation,Umberatana Group unit 2,3.0,33.0,none,,,"Sandstone , siltstone, clay; silcrete band at 15m",1995-03-13,False,PACMINEX EX 15,137.2970046,-32.2789914,1973-10-09,Mount Gunson Mines Pty Ltd.,N,False,208.0
pandurra_as_basement,147457,64.0,Pandurra Formation,Umberatana Group unit 2,34.0,64.0,mixed,green; grey,red,"Grey-green-broen-red calcareous siltstone: """"Yudnapinna Beds""""",1995-03-13,False,PACMINEX EX 16,137.3182956,-32.2605654,1973-10-10,Mount Gunson Mines Pty Ltd.,N,False,206.4
pandurra_as_basement,147458,76.0,Pandurra Formation,Tapley Hill Formation,64.0,76.0,reduced,black; pyritic,,Black dolomitic shale; pyritic dolomite layer at base,1995-03-13,False,PACMINEX EX 17,137.3566126,-32.2687844,1973-10-10,Mount Gunson Mines Pty Ltd.,N,False,208.1
pandurra_as_basement,147459,71.6,Pandurra Formation,Tapley Hill Formation,25.5,71.6,reduced,black; grey; pyritic,,Black dolomitic shale; grey pyritic dolomite from 67m,1995-03-13,False,PACMINEX EX 18,137.3851506,-32.2683374,1973-10-11,Mount Gunson Mines Pty Ltd.,N,False,208.6
pandurra_as_basement,147465,7.5,Pandurra Formation,Tertiary-Pleistocene rocks,0.0,7.5,oxidised,,red,"Red clay, surface soil; silcrete 3-7.5m",1995-03-13,False,PACMINEX EX 24,137.3557996,-32.3768354,1973-10-14,Mount Gunson Mines Pty Ltd.,N,False,219.8
pandurra_as_basement,147466,87.5,Pandurra Formation,Tapley Hill Formation,49.0,87.5,reduced,black; grey; pyrite,,"Black dolomitic shale and hard grey dolomite rock, trace pyrite",1995-03-13,False,PACMINEX EX 25,137.3610956,-32.3148734,1973-10-14,Mount Gunson Mines Pty Ltd.,N,False,213.2
pandurra_as_basement,147467,12.0,Pandurra Formation,Tertiary-Pleistocene rocks,0.0,12.0,none,,,"Clay, gravel, surface soil",1995-03-13,False,PACMINEX EX 26,137.3325856,-32.3211744,1973-10-15,Mount Gunson Mines Pty Ltd.,N,False,213.3
pandurra_as_basement,147468,4.0,Pandurra Formation,Quaternary rocks,0.0,4.0,none,,,"Gravel, clay",1995-03-13,False,PACMINEX EX 27,137.3257186,-32.3226554,1973-10-15,Mount Gunson Mines Pty Ltd.,N,False,213.3
pandurra_as_basement,147469,19.5,Pandurra Formation,Umberatana Group unit 2,9.0,19.5,mixed,green,buff,Buff sandstone with pale green siltstone interbeds,1995-03-13,False,PACMINEX EX 28,137.3452346,-32.3175124,1973-10-15,Mount Gunson Mines Pty Ltd.,N,False,213.1
pandurra_as_basement,147470,10.5,Pandurra Formation,Quaternary rocks,0.0,10.5,none,,,"Sand, clay, gravel",1995-03-13,False,PACMINEX EX 29,137.3275326,-32.3686134,1973-10-15,Mount Gunson Mines Pty Ltd.,N,False,218.4
pandurra_as_basement,147471,15.0,Pandurra Formation,Quaternary rocks,0.0,15.0,none,,,"Sand, clay, gravel",1995-03-13,False,PACMINEX EX 30,137.2947676,-32.4091634,1973-10-16,Mount Gunson Mines Pty Ltd.,N,False,222.2
pandurra_as_basement,147473,37.2,Gawler Range Volcanics,Umberatana Group unit 2,6.0,37.2,reduced,pyritic,,Very fine to medium sandstone with rounded quartz & pink lithics in places; pyritic in lower part,1995-03-13,False,PACMINEX EX 36,137.3858726,-32.4374104,1973-10-31,Mount Gunson Mines Pty Ltd.,N,False,227.0
pandurra_as_basement,147477,33.53,Pandurra Formation,Tapley Hill Formation,9.14,33.53,none,,,Calcareous shale with minor sandstone & dolomite,1995-03-14,False,PACMINEX EX 62,137.5315325,-32.8450304,1974-03-07,Mount Gunson Mines Pty Ltd.,N,False,274.2
pandurra_as_basement,147480,27.0,Pandurra Formation,Tapley Hill Formation,6.0,27.0,reduced,dark; grey,,"Dark grey laminated shale, upper part to 21 m weathered to clay",1995-03-14,False,PACMINEX EX 66,137.5441125,-32.8777774,1974-03-08,Mount Gunson Mines Pty Ltd.,N,False,278.0
pandurra_as_basement,147484,32.5,Gawler Range Volcanics,Tapley Hill Formation,10.0,32.5,reduced,grey,,"Grey calcareous shale, weathered to clay at top; hard grey dolomitic limestone at base",1995-03-14,False,PACMINEX EX 95,137.3914116,-32.4377584,1974-03-23,Mount Gunson Mines Pty Ltd.,N,False,227.1
pandurra_as_basement,147486,53.0,Pandurra Formation,Tapley Hill Formation,1.0,53.0,reduced,grey,,"Grey shale, calcareous in lower part, slaty in places",1995-03-14,False,PACMINEX EX 98,137.2885516,-32.4492284,1974-03-25,Mount Gunson Mines Pty Ltd.,N,False,226.5
pandurra_as_basement,147487,57.5,Pandurra Formation,Tapley Hill Formation,3.0,57.5,reduced,black; grey,,"Grey-black calcareous shale, slaty in part",1995-03-14,False,PACMINEX EX 99,137.2887326,-32.4563504,1974-03-26,Mount Gunson Mines Pty Ltd.,N,False,227.3
pandurra_as_basement,147488,6.0,Pandurra Formation,Quaternary rocks,0.0,6.0,none,,,"Sand, clay, gravel",1995-03-14,False,PACMINEX EX 102,137.2665436,-32.4197754,1974-03-27,Mount Gunson Mines Pty Ltd.,N,False,223.0
pandurra_as_basement,147491,9.0,Gawler Range Volcanics,Tertiary silcrete,3.0,9.0,none,,,Silcrete; could be silcreted volcanic,1995-03-14,False,PACMINEX EX 106,137.3084426,-32.4117994,1974-03-28,Mount Gunson Mines Pty Ltd.,N,False,222.8
pandurra_as_basement,147492,10.0,Gawler Range Volcanics,Tertiary-Pleistocene rocks,0.0,10.0,none,,,"Sandstone, gravel, sand, clay, gypsum, silcrete, ferricrete",1995-03-14,False,PACMINEX EX 107,137.3224446,-32.4146994,1974-03-28,Mount Gunson Mines Pty Ltd.,N,False,223.3
pandurra_as_basement,147493,3.0,Pandurra Formation,Quaternary rocks,0.0,3.0,none,,,"Gravel, soil",1995-03-14,False,PACMINEX EX 109,137.3224896,-32.3832244,1974-03-29,Mount Gunson Mines Pty Ltd.,N,False,219.9
pandurra_as_basement,147494,4.0,Pandurra Formation,Tertiary silcrete,2.0,4.0,none,,,Silcrete,1995-03-14,False,PACMINEX EX 110,137.3304836,-32.3924584,1974-03-30,Mount Gunson Mines Pty Ltd.,N,False,221.0
pandurra_as_basement,147495,16.0,Gawler Range Volcanics,Tapley Hill Formation,9.0,16.0,reduced,green,,Pale green laminated clay,1995-03-23,False,PACMINEX EX 113,137.3760826,-32.4006244,1974-06-07,Mount Gunson Mines Pty Ltd.,N,False,222.8
pandurra_as_basement,147496,6.0,Pandurra Formation,Tertiary-Pleistocene rocks,0.0,6.0,none,,,Silcrete below soil,1995-03-23,False,PACMINEX EX 115,137.3488366,-32.3993304,1974-06-08,Mount Gunson Mines Pty Ltd.,N,False,222.1
pandurra_as_basement,147497,0.0,Pandurra Formation,,,,no cover interval logged,,,,,,PACMINEX EX 116,137.3448936,-32.3660384,1974-06-10,Mount Gunson Mines Pty Ltd.,N,False,218.4
pandurra_as_basement,147498,31.5,Pandurra Formation,Tapley Hill Formation,21.0,31.5,mixed,green,red,Green & puggy red clay,1995-03-23,False,PACMINEX EX 118,137.3666056,-32.3674344,1974-06-11,Mount Gunson Mines Pty Ltd.,N,False,219.0
pandurra_as_basement,147499,17.75,Pandurra Formation,Tertiary rocks,9.0,17.75,none,,,"Clayey sandstone, coarse in part",1995-03-23,False,PACMINEX EX 119,137.3142716,-32.2985164,1974-06-11,Mount Gunson Mines Pty Ltd.,N,False,210.5
pandurra_as_basement,147502,27.0,Pandurra Formation,Umberatana Group unit 2,15.0,27.0,oxidised,,brown,"White, yellow, mustard, brown interbands of clay, silty clay & silt (weathered claystone & siltstone)",1995-03-23,False,PACMINEX EX 122,137.2874846,-32.2677104,1974-06-13,Mount Gunson Mines Pty Ltd.,N,False,206.6
pandurra_as_basement,147505,9.0,Pandurra Formation,Tertiary-Pleistocene rocks,0.0,9.0,none,,,"Silcrete, sand, soil",1995-03-24,False,PACMINEX EX 125,137.2153626,-32.1825994,1974-06-14,Mount Gunson Mines Pty Ltd.,N,False,196.2
pandurra_as_basement,147506,25.0,Pandurra Formation,Whyalla Sandstone,6.0,25.0,reduced,grey,,"Soft weathered quartzose sandstone, pink & white quartz, grey to off white matrix",1995-03-24,False,PACMINEX EX 126,137.1963266,-32.1671494,1974-06-14,Mount Gunson Mines Pty Ltd.,N,False,194.2
pandurra_as_basement,147507,62.0,Pandurra Formation,Whyalla Sandstone,9.0,62.0,none,,,"Sandstone, clayey in part, quartzose, subangular to angular grains in upper part, coarse bimodal in lower part",1995-03-24,False,PACMINEX EX 127,137.2069736,-32.1556884,1974-06-24,Mount Gunson Mines Pty Ltd.,N,False,193.1
pandurra_as_basement,147508,24.0,Pandurra Formation,Umberatana Group unit 2,15.0,24.0,none,,,Sandy siltstone,1995-03-24,False,PACMINEX EX 133,137.1814646,-32.1218604,1974-06-28,Mount Gunson Mines Pty Ltd.,N,False,189.0
pandurra_as_basement,147512,56.9,Pandurra Formation,Whyalla Sandstone,6.0,56.9,none,,,"Sandstone, clayey in upper part, rounded to subrounded lithic grains in lower part",1995-03-24,False,PACMINEX EX 140,137.2260396,-32.0065454,1974-07-10,Mount Gunson Mines Pty Ltd.,N,False,177.0
pandurra_as_basement,147513,37.9,Pandurra Formation,Whyalla Sandstone,6.0,37.9,reduced,green; grey,,"Clayey sandstone, quartz & lithic grains in grey-pink-green-cream matrix; minor siltstone near base",1995-03-27,False,PACMINEX EX 141,137.2290746,-32.0443704,1974-07-11,Mount Gunson Mines Pty Ltd.,N,False,181.2
pandurra_as_basement,147514,57.0,Pandurra Formation,Umberatana Group unit 2,21.0,57.0,reduced,pyrite,,"Clay & mud to 42m, then calcareous & sandy siltstone; trace pyrite near base",1995-03-27,False,PACMINEX EX 144,137.1598476,-32.0904854,1974-07-13,Mount Gunson Mines Pty Ltd.,N,False,185.2
pandurra_as_basement,147515,5.0,Pandurra Formation,Tertiary silcrete,0.0,5.0,none,,,Massive silcrete & silicified sandstone,1995-03-27,False,PACMINEX EX 145,137.1351796,-32.0091914,1974-07-13,Mount Gunson Mines Pty Ltd.,N,False,176.0
pandurra_as_basement,147517,72.5,Pandurra Formation,Whyalla Sandstone,3.0,72.5,none,,,"Sandstone, quartzose & lithic, coarser grains rounded; clay at base",1995-03-27,False,PACMINEX EX 147,137.1107496,-31.9823634,1974-07-13,Mount Gunson Mines Pty Ltd.,N,False,172.7
pandurra_as_basement,147518,9.0,Pandurra Formation,Tertiary-Pleistocene rocks,0.0,9.0,none,,,Fine clayey sandstone below calcareous (probably calcreted) sand & sandy clay,1995-03-27,False,PACMINEX EX 148,137.1521496,-31.9879804,1974-07-13,Mount Gunson Mines Pty Ltd.,N,False,173.9
pandurra_as_basement,147519,48.5,Pandurra Formation,Woocalla Dolomite Member,47.0,48.5,none,,,White dolomite,1995-03-27,False,PACMINEX EX 149,137.1642296,-31.9976964,1974-07-15,Mount Gunson Mines Pty Ltd.,N,False,175.1
pandurra_as_basement,147520,1.0,Pandurra Formation,Quaternary rocks,0.0,1.0,none,,,Soil,1995-03-27,False,PACMINEX EX 150,137.1275146,-32.0575714,1974-07-15,Mount Gunson Mines Pty Ltd.,N,False,181.2
pandurra_as_basement,147521,21.75,Pandurra Formation,Umberatana Group unit 2,3.0,21.75,none,,,"Calcareous siltstone, sandy in places",1995-03-27,False,PACMINEX EX 151,137.1264376,-32.0841974,1974-07-15,Mount Gunson Mines Pty Ltd.,N,False,184.1
pandurra_as_basement,147522,54.0,Pandurra Formation,Umberatana Group unit 2,12.0,54.0,none,,,Sandy siltstone & clayey sandstone,1995-03-27,False,PACMINEX EX 152,137.1757286,-32.0989604,1974-07-16,Mount Gunson Mines Pty Ltd.,N,False,186.4
pandurra_as_basement,147523,3.0,Pandurra Formation,Quaternary rocks,0.0,3.0,none,,,Soil & quartzite rubble,1995-03-27,False,PACMINEX EX 153,137.0766986,-32.0771754,1974-07-16,Mount Gunson Mines Pty Ltd.,N,False,182.8
pandurra_as_basement,147524,13.9,Pandurra Formation,Umberatana Group unit 2,1.0,13.9,oxidised,,brown; red,Khaki-red-pink-brown sandy & shaley siltstone,1995-03-27,False,PACMINEX EX 154,137.1025766,-32.0645724,1974-07-16,Mount Gunson Mines Pty Ltd.,N,False,181.7
pandurra_as_basement,147892,9.0,Pandurra Formation,Quaternary rocks,0.0,9.0,oxidised,,red,Red sandy clay & gravel,1995-03-31,False,PACMINEX EX 156,136.9809936,-32.1973114,1974-07-17,Mount Gunson Mines Pty Ltd.,N,False,195.5
pandurra_as_basement,148599,8.5,Corunna Conglomerate,Tertiary silcrete,7.6,8.5,none,,,Silicified sandstone: ?silcrete,1995-05-09,False,AU-U 1,136.6855327,-32.6353024,1971-05-20,Nissho Iwai Co (Australia) Pty Ltd.,N,False,244.7
pandurra_as_basement,148604,0.0,Corunna Conglomerate,,,,no cover interval logged,,,,,,AU-U 6,136.7352547,-32.6600134,1972-09-10,Nissho Iwai Co (Australia) Pty Ltd.,N,False,247.2
pandurra_as_basement,166509,4.6,Mulgathing Complex,Quaternary rocks,0.0,4.6,none,,,"Alluvial sand, clay & some gypsum.",1998-02-04,False,KENELLA 2A,134.961791,-30.9239723,1973-12-31,Agilis Exploration Services (Aust) Pty Ltd.,N,False,191.8
pandurra_as_basement,166510,4.6,Mulgathing Complex,Quaternary rocks,0.0,4.6,none,,,"Alluvial sand, clay & some gypsum.",1998-02-04,False,KENELLA 3A,134.964198,-30.9250553,1973-12-31,Agilis Exploration Services (Aust) Pty Ltd.,N,False,191.6
pandurra_as_basement,166511,4.6,Mulgathing Complex,Quaternary rocks,0.0,4.6,none,,,"Alluvial sand, clay & some gypsum.",1998-02-04,False,KENELLA 5A,134.963149,-30.9289353,1973-12-31,Agilis Exploration Services (Aust) Pty Ltd.,N,False,191.8
pandurra_as_basement,166512,6.1,Mulgathing Complex,Quaternary rocks,0.0,6.1,none,,,"Alluvial sand, clay & some gypsum.",1998-02-04,False,KENELLA 7A,134.960535,-30.9228883,1973-12-31,Agilis Exploration Services (Aust) Pty Ltd.,N,False,191.9
pandurra_as_basement,166513,4.6,Mulgathing Complex,Quaternary rocks,0.0,4.6,none,,,"Alluvial sand, clay & some gypsum.",1998-02-04,False,KENELLA 8A,134.959488,-30.9228883,1973-12-31,Agilis Exploration Services (Aust) Pty Ltd.,N,False,192.0
pandurra_as_basement,177989,132.0,Freeling Heights Quartzite,Paralana Quartzite,9.0,132.0,none,,,"Quartzite, very minor scapolitic schist & schistose amphibolite towards top.",2000-03-02,False,YX 11,139.2960134,-30.1787615,1973-04-12,Utah Development Co.,N,False,233.1
pandurra_as_basement,181359,64.0,Mount Neill Granite,Paralana Quartzite,38.0,64.0,reduced,green; pyritic,,"Quartzite, green, chloritic, pyritic.",2000-08-16,False,PDH 9,139.2373814,-30.2248305,1974-12-31,Aquitaine Australia Minerals Pty Ltd.,N,False,226.8
pandurra_as_basement,184730,32.7,Pandurra Formation,Neoproterozoic rocks,28.2,32.7,none,,,"Sandstone, conglomeratic, polymict clasts & pebbles in coarse grained sand-clay matrix.",2001-03-27,False,GY 1,137.1732736,-31.4437524,1975-02-26,Mount Gunson Mines Pty Ltd.,N,False,114.8
pandurra_as_basement,256313,29.4,Pandurra Formation,Whyalla Sandstone,23.8,29.4,none,,,,1974-03-13,True,LY 2,137.1326077,-31.4500464,1974-03-01,CSR Ltd.,N,False,114.6
pandurra_as_basement,256314,29.5,Pandurra Formation,Woocalla Dolomite Member,24.75,29.5,none,,,,1974-03-07,True,LY 3,137.1542797,-31.4343714,1974-03-07,CSR Ltd.,N,False,113.4
pandurra_as_cover,4062,17.68,Hiltaba Suite,Garford Formation,3.66,17.68,none,,,"sand, pinkish clay",2010-04-20,False,,134.450313,-32.8339633,1949-09-08,,Y,False,352.1
pandurra_as_cover,4063,18.0,Hiltaba Suite,Garford Formation,4.0,18.0,none,,,rusty clayey sand,2010-04-20,False,,134.464835,-32.8355503,1949-09-16,,Y,False,351.4
pandurra_as_cover,4066,24.3,Hiltaba Suite,Garford Formation,5.49,24.3,none,,,light clayey sand and grit,2010-04-20,False,,134.45251,-32.8520853,1958-09-05,,Y,False,353.5
pandurra_as_cover,4067,28.04,Hiltaba Suite,Garford Formation,17.0,28.04,none,,,"creamy clayey sand, sandstone.",2010-04-20,False,,134.477769,-32.8235633,1953-10-03,,Y,False,349.6
pandurra_as_cover,4127,36.58,St Peter Suite,Garford Formation,19.81,36.58,none,,,sand and gravel at depth,2010-04-20,False,,134.350802,-32.7920373,1956-12-20,,Y,False,355.0
pandurra_as_cover,4159,41.25,Hiltaba Suite,Garford Formation,10.36,41.25,oxidised,,brown,"brown sand, white clay and grit",2010-04-20,False,,134.418914,-32.8481183,1954-02-25,,Y,False,355.3
pandurra_as_cover,4164,36.88,Hiltaba Suite,Garford Formation,4.27,36.88,none,,,"silaceous sand, clayey",2010-04-20,False,,134.433128,-32.8463973,1950-05-30,,Y,False,354.2
pandurra_as_cover,4181,18.29,St Peter Suite,Garford Formation,11.58,18.29,oxidised,,brown; red,"red/brown sand, gritty",2010-04-20,False,,134.342127,-32.8561723,1956-03-09,,Y,False,360.7
pandurra_as_cover,4193,8.23,St Peter Suite,Wiabuna Formation,0.0,8.23,none,,,"limestone rubble, gravel, sand",2010-04-20,False,DEPT OF MINES,134.438234,-32.9161833,1967-05-02,South Australia. Department of Mines and Energy.,Y,False,359.8
pandurra_as_cover,5051,37.5,Mulgathing Complex,Jurassic-Cretaceous unit 1,2.5,37.5,none,,,Fine gr. sandstone with rounded - subang gr and silty matrix,1993-07-21,False,COMM RAILWAYS (A169) 15,134.4786941,-29.2546583,1972-03-27,Commonwealth Railways of Australia.,N,False,267.1
pandurra_as_cover,5145,548.64,Mulgathing Complex,Stuart Range Formation,521.21,548.64,none,,,Claystone with minor silt and sand,1993-07-15,False,MOUNT FURNER 1,134.4653931,-28.1025323,1969-06-17,South Australia. Department of Mines and Energy.,N,False,350.4
pandurra_as_cover,6092,22.25,St Peter Suite,Garford Formation,3.05,22.05,none,,,"sandy clay, come gypsun and silaceous rocks",2010-04-23,False,E&WS - KUDDLEBA BORE,134.8555389,-32.6454883,1913-08-01,South Australia. Engineer in Chiefs Department.,Y,False,311.7
pandurra_as_cover,6100,43.89,Hiltaba Suite,Garford Formation,7.0,43.89,oxidised,,brown,"light yellow brown sand, clayey",2010-04-23,False,,134.7689199,-32.7731653,1948-11-08,,Y,False,327.8
pandurra_as_cover,6109,47.24,St Peter Suite,Bridgewater Formation,10.67,47.24,none,,,"gritty sand, sandstone.",2010-04-23,False,HIGHWAYS AND LOCAL GOVT DEPT,134.7274739,-32.6908493,1963-12-06,,Y,False,323.2
pandurra_as_cover,6129,35.57,Hiltaba Suite,Garford Formation,4.27,35.57,oxidised,,brown,"	pale yellow/brown sand, clayey grit",2010-04-27,False,,134.8218299,-32.8733623,1950-07-06,,Y,False,333.7
pandurra_as_cover,6141,44.81,Hiltaba Suite,Garford Formation,10.67,44.81,none,,,"yellow clayey sand, grit",2010-04-23,False,,134.7714139,-32.8079623,1954-02-19,,Y,False,330.7
pandurra_as_cover,6144,18.2,Hiltaba Suite,Garford Formation,4.8,18.2,none,,,,2020-06-26,False,,134.7900969,-32.8441673,1958-11-05,,N,False,332.9
pandurra_as_cover,6151,25.0,Hiltaba Suite,Garford Formation,5.5,25.0,none,,,,2020-06-29,False,,134.7527889,-32.8642973,1955-03-02,,N,False,336.8
pandurra_as_cover,6226,32.0,St Peter Suite,Garford Formation,3.05,32.0,oxidised,,red,"pink red sand, quartz grit",2010-04-27,False,,134.7299959,-32.9471843,1954-02-05,,Y,False,345.4
pandurra_as_cover,6233,30.5,Hiltaba Suite,Garford Formation,6.1,30.5,none,,,,2020-06-29,False,,134.7431859,-32.8736953,1952-05-13,,N,False,338.1
pandurra_as_cover,6234,6.1,Hiltaba Suite,Garford Formation,1.8,6.1,none,,,,2020-06-29,False,,134.7322729,-32.8732933,1955-03-16,,N,False,338.7
pandurra_as_cover,6235,45.7,Hiltaba Suite,Tertiary rocks,15.2,45.7,none,,,,2020-06-29,False,,134.7220199,-32.8530553,1929-08-13,,N,False,337.5
pandurra_as_cover,6236,51.8,Hiltaba Suite,Garford Formation,3.0,51.8,none,,,,2020-06-29,False,,134.7250979,-32.8495263,1948-06-28,,N,False,337.0
pandurra_as_cover,6237,33.8,Hiltaba Suite,Garford Formation,2.7,33.8,none,,,,2020-06-29,False,,134.7250229,-32.8497883,1948-07-15,,N,False,337.1
pandurra_as_cover,6248,15.24,Hiltaba Suite,Garford Formation,4.27,15.24,oxidised,,brown,	yellow brown sand and grit,2010-04-27,False,,134.521739,-32.8241803,1952-12-16,,Y,False,346.9
pandurra_as_cover,6363,0.0,Tarcoola Formation,,,,no cover interval logged,,,,,,TD 1 SADME,134.541359,-30.7037243,1965-05-17,South Australia. Department of Mines and Energy.,Y,False,226.5
pandurra_as_cover,6364,0.0,Tarcoola Formation,,,,no cover interval logged,,,,,,TD 2 SADME,134.541349,-30.7037243,1965-06-12,South Australia. Department of Mines and Energy.,Y,False,226.5
pandurra_as_cover,6365,0.0,Tarcoola Formation,,,,no cover interval logged,,,,,,TD 3 SADME,134.541349,-30.7037243,1965-07-14,South Australia. Department of Mines and Energy.,Y,False,226.5
pandurra_as_cover,6370,12.0,Tarcoola Formation,Quaternary rocks,3.0,12.0,none,,,Sand with grains 1-2mm and variably clayey,1993-07-21,False,COMM RAILWAYS (A9) 9,134.51143,-30.6727553,1972-01-14,Commonwealth Railways of Australia.,Y,False,228.9
pandurra_as_cover,6371,49.0,Mulgathing Complex,Carboniferous-Permian rocks,3.0,49.0,reduced,carbonaceous,,"Partly carbonaceous, partly sandy, partly gypseous",1993-07-21,False,COMM RAILWAYS 182,134.514238,-30.7126043,1972-01-17,Commonwealth Railways of Australia.,Y,False,229.1
pandurra_as_cover,6381,1.5,Tarcoola Formation,Quaternary rocks,0.0,1.5,none,,,,1993-10-05,False,TD 4 SADME,134.545828,-30.6904943,1966-06-10,South Australia. Department of Mines and Energy.,Y,False,225.9
pandurra_as_cover,6382,20.6,Tarcoola Formation,Tertiary rocks,15.7,20.6,reduced,carbonaceous; pyritic,,"Slightly sandy, pyritic, carbonaceous clay",1993-10-05,False,TD 5 SADME,134.60498,-30.6488543,1966-07-29,South Australia. Department of Mines and Energy.,Y,False,219.8
pandurra_as_cover,6409,0.0,Mulgathing Complex,,,,no cover interval logged,,,,,,EDR 1,134.986236,-30.8864843,1969-11-06,South Australia. Department of Mines and Energy.,Y,False,188.4
pandurra_as_cover,6410,0.0,Mulgathing Complex,,,,no cover interval logged,,,,,,EDR 2,134.986236,-30.8864843,1969-11-07,South Australia. Department of Mines and Energy.,Y,False,188.4
pandurra_as_cover,6411,0.0,Mulgathing Complex,,,,no cover interval logged,,,,,,EDR 3,134.986236,-30.8864843,1969-11-08,South Australia. Department of Mines and Energy.,Y,False,188.4
pandurra_as_cover,6412,0.0,Mulgathing Complex,,,,no cover interval logged,,,,,,EDR 4,134.986309,-30.8864853,1969-11-11,South Australia. Department of Mines and Energy.,Y,False,188.4
pandurra_as_cover,6413,0.0,Mulgathing Complex,,,,no cover interval logged,,,,,,EDR 5,134.986236,-30.8864843,1969-11-11,South Australia. Department of Mines and Energy.,N,False,188.4
pandurra_as_cover,6414,0.0,Mulgathing Complex,,,,no cover interval logged,,,,,,EDR 6,134.986236,-30.8864843,1969-11-11,South Australia. Department of Mines and Energy.,N,False,188.4
pandurra_as_cover,6521,1.5,Mulgathing Complex,Quaternary rocks,0.0,1.5,oxidised,,red,Fine gr. red sand,1993-07-21,False,COMM RAILWAYS 11,134.5339831,-30.3375053,1972-01-24,Commonwealth Railways of Australia.,Y,False,226.0
pandurra_as_cover,6766,2.5,Mulgathing Complex,Quaternary rocks,0.0,2.5,none,,,V. fine gr. partly consolidated sand,1993-07-21,False,COMM RAILWAYS 14,134.7122861,-29.7252193,1972-03-08,Commonwealth Railways of Australia.,N,False,223.9
pandurra_as_cover,6770,0.0,Ealbara Rhyolite,,,,no cover interval logged,,,,,,PERFECTION DDH 1,134.7015951,-29.7353743,1971-04-16,South Australia. Department of Mines and Energy.,N,False,224.4
pandurra_as_cover,6771,0.0,Ealbara Rhyolite,,,,no cover interval logged,,,,,,PERFECTION DDH 2,134.7050671,-29.7365193,1971-04-09,South Australia. Department of Mines and Energy.,N,False,224.1
pandurra_as_cover,6772,0.0,Ealbara Rhyolite,,,,no cover interval logged,,,,,,PERFECTION DDH 3,134.7029591,-29.7392053,1971-04-14,South Australia. Department of Mines and Energy.,N,False,224.1
pandurra_as_cover,6809,957.0,Mulgathing Complex,Carboniferous-Permian rocks,50.5,957.0,reduced,carbonaceous,,"Partly carbonaceous siltstone and mudstone, clay, coal",1993-07-21,False,LAKE PHILLIPSON BORE 1,134.6160621,-29.4943733,1901-11-09,South Australia. Department of Mines and Energy.,N,False,242.8
pandurra_as_cover,9178,42.67,St Peter Suite,Garford Formation,15.24,42.67,none,,,white/pink fine sand and clay,2010-04-29,False,,135.0974119,-32.7879893,1955-11-04,,Y,False,311.2
pandurra_as_cover,9181,44.2,Hiltaba Suite,Tertiary-Pleistocene rocks,0.0,44.2,oxidised,,limonite,"Sand, clay, limonite staining",1993-07-27,False,DME IR 5,135.0111509,-32.9299483,1959-05-15,South Australia. Department of Mines and Energy.,N,False,328.8
pandurra_as_cover,9186,6.17,Hiltaba Suite,Tertiary-Pleistocene rocks,0.0,6.17,none,,,"Sand, clay, grit; soil, calcrete near top",1993-10-12,False,SA BULK HANDLING MINNIPA SILO 1,135.1524389,-32.8556523,1958-07-16,South Australia. Department of Mines and Energy.,N,False,314.7
pandurra_as_cover,9188,20.5,Hiltaba Suite,Tertiary-Pleistocene rocks,0.0,20.5,none,,,"Sand, clay, gravel, soil",1993-10-12,False,SA BULK HANDLING MINNIPA SILO 3,135.1527729,-32.8561743,1966-07-28,South Australia. Department of Mines and Energy.,N,False,314.7
pandurra_as_cover,9189,0.0,Hiltaba Suite,,,,no cover interval logged,,,,,,SA RAILWAYS MDD 2,135.1909409,-32.8437743,1966-11-30,South Australia. Department of Mines and Energy.,N,False,311.7
pandurra_as_cover,9190,1.37,Hiltaba Suite,Pleistocene regolith/colluvial unit 4,0.0,1.37,oxidised,,red,Calcreted sand below red-bn soil,1993-10-12,False,SA RAILWAYS RH 1,135.1611299,-32.8150943,1968-06-18,South Australia. Department of Mines and Energy.,N,False,310.5
pandurra_as_cover,9200,2.13,Hiltaba Suite,Pleistocene regolith/colluvial unit 4,0.0,2.13,none,,,Clayey calc sand below bn soil,1993-10-13,False,SA RAILWAYS RH 11,135.1615989,-32.8151023,1968-06-18,South Australia. Department of Mines and Energy.,N,False,310.4
pandurra_as_cover,9214,4.11,Hiltaba Suite,Tertiary-Pleistocene rocks,0.0,4.11,none,,,Sand & clay below soil & calcrete,1993-10-13,False,SA RAILWAYS RH 25,135.1602219,-32.8159443,1968-06-19,South Australia. Department of Mines and Energy.,N,False,310.6
pandurra_as_cover,9330,0.0,Glenloth Granite,,,,no cover interval logged,,,,,,GLW 1,135.095737,-31.0750103,1969-11-27,South Australia. Department of Mines and Energy.,N,False,185.1
pandurra_as_cover,9439,2.16,Hiltaba Suite,Tertiary-Pleistocene rocks,0.0,2.16,none,,,Sand over gravel,1993-08-17,False,LINE 60E 10,135.1998129,-31.2301573,1969-10-24,Asarco (Australia) Pty Ltd.,N,False,183.4
pandurra_as_cover,9440,2.4,Hiltaba Suite,Tertiary-Pleistocene rocks,0.0,2.4,none,,,Sand over gravel,1993-08-17,False,LINE 60E 07,135.1998129,-31.2301573,1969-10-24,Asarco (Australia) Pty Ltd.,N,False,183.4
pandurra_as_cover,9441,1.92,Hiltaba Suite,Tertiary-Pleistocene rocks,0.0,1.92,none,,,Sand over gravel,1993-08-17,False,LINE 60E 04,135.1998179,-31.2328653,1969-10-24,Asarco (Australia) Pty Ltd.,N,False,183.6
pandurra_as_cover,9443,2.4,Hiltaba Suite,Tertiary-Pleistocene rocks,0.0,2.4,none,,,Sand over gravel,1993-08-17,False,LINE 60E 98,135.1998179,-31.2328653,1969-10-24,Asarco (Australia) Pty Ltd.,N,False,183.6
pandurra_as_cover,9444,4.8,Hiltaba Suite,Tertiary-Pleistocene rocks,0.0,4.8,none,,,Sand over gravel,1993-08-17,False,LINE 70E 10,135.2050649,-31.2310513,1969-10-24,Asarco (Australia) Pty Ltd.,N,False,183.0
pandurra_as_cover,9445,3.84,Hiltaba Suite,Tertiary-Pleistocene rocks,0.0,3.84,none,,,Sand over gravel,1993-08-17,False,LINE 70E 07,135.2050649,-31.2310513,1969-10-24,Asarco (Australia) Pty Ltd.,N,False,183.0
pandurra_as_cover,9446,4.8,Hiltaba Suite,Tertiary-Pleistocene rocks,0.0,4.8,none,,,Sand over gravel,1993-08-17,False,LINE 70E 04,135.2050679,-31.2328573,1969-10-24,Asarco (Australia) Pty Ltd.,N,False,183.1
pandurra_as_cover,9447,5.28,Hiltaba Suite,Tertiary-Pleistocene rocks,0.0,5.28,none,,,Sand over gravel,1993-08-17,False,LINE 70E 01,135.2050679,-31.2328573,1969-10-24,Asarco (Australia) Pty Ltd.,N,False,183.1
pandurra_as_cover,9448,5.04,Glenloth Granite,Quaternary rocks,0.0,5.04,none,,,Sand,1993-08-17,False,LINE 35E 06,135.1914129,-31.2301713,1969-10-23,Asarco (Australia) Pty Ltd.,N,False,184.1
pandurra_as_cover,9449,1.44,Chitanilga Volcanic Complex unit 2,Quaternary rocks,0.0,1.44,none,,,Sand,1993-08-17,False,LINE 35E 03,135.1914129,-31.2301713,1969-10-23,Asarco (Australia) Pty Ltd.,N,False,184.1
pandurra_as_cover,9450,2.4,Chitanilga Volcanic Complex unit 2,Quaternary rocks,0.0,2.4,none,,,Sand,1993-08-17,False,LINE 35E 04.5,135.1914129,-31.2301713,1969-10-23,Asarco (Australia) Pty Ltd.,N,False,184.1
pandurra_as_cover,9451,3.48,Glenloth Granite,Quaternary rocks,0.0,3.48,none,,,Sand,1993-08-17,False,LINE 35E 07.5,135.1914129,-31.2301713,1969-10-23,Asarco (Australia) Pty Ltd.,N,False,184.1
pandurra_as_cover,9452,1.92,Glenloth Granite,Quaternary rocks,0.0,1.92,none,,,Sand,1993-08-17,False,LINE 30E 20,135.1893069,-31.2265623,1969-10-23,Asarco (Australia) Pty Ltd.,N,False,184.1
pandurra_as_cover,9453,1.44,Glenloth Granite,Quaternary rocks,0.0,1.44,none,,,Sand,1993-08-17,False,LINE 30E 17,135.1893069,-31.2265623,1969-10-23,Asarco (Australia) Pty Ltd.,N,False,184.1
pandurra_as_cover,9454,1.44,Glenloth Granite,Quaternary rocks,0.0,1.44,none,,,Sand,1993-08-17,False,LINE 30E 15,135.1893069,-31.2265623,1969-10-23,Asarco (Australia) Pty Ltd.,N,False,184.1
pandurra_as_cover,9455,1.68,Chitanilga Volcanic Complex unit 10,Quaternary rocks,0.0,1.68,none,,,Sand,1993-08-17,False,LINE 80E 19,135.2082069,-31.2274373,1969-10-25,Asarco (Australia) Pty Ltd.,N,False,182.6
pandurra_as_cover,9456,1.2,Chitanilga Volcanic Complex unit 2,Quaternary rocks,0.0,1.2,none,,,Sand,1993-08-17,False,LINE 80E 20,135.2082069,-31.2274373,1969-10-25,Asarco (Australia) Pty Ltd.,N,False,182.6
pandurra_as_cover,9457,3.12,Hiltaba Suite,Quaternary rocks,0.0,3.12,none,,,Sand,1993-08-17,False,LINE 90E 20,135.2124069,-31.2274293,1969-10-25,Asarco (Australia) Pty Ltd.,N,False,182.2
pandurra_as_cover,9458,1.92,Hiltaba Suite,Quaternary rocks,0.0,1.92,none,,,Sand,1993-08-17,False,LINE 90E 18,135.2124069,-31.2274293,1969-10-25,Asarco (Australia) Pty Ltd.,N,False,182.2
pandurra_as_cover,9459,1.44,Hiltaba Suite,Quaternary rocks,0.0,1.44,none,,,Sand,1993-08-17,False,LINE 90E 16,135.2124129,-31.2301373,1969-10-25,Asarco (Australia) Pty Ltd.,N,False,182.4
pandurra_as_cover,9460,0.0,Chitanilga Volcanic Complex unit 2,,,,no cover interval logged,,,,,,LINE 90E 14,135.2124129,-31.2301373,1969-10-25,Asarco (Australia) Pty Ltd.,N,False,182.4
pandurra_as_cover,9461,0.0,Chitanilga Volcanic Complex unit 2,,,,no cover interval logged,,,,,,LINE 90E 15,135.2124129,-31.2301373,1969-10-25,Asarco (Australia) Pty Ltd.,N,False,182.4
pandurra_as_cover,9462,1.44,Hiltaba Suite,Quaternary rocks,0.0,1.44,none,,,Sand,1993-08-17,False,LINE 90E 15.5,135.2124129,-31.2301373,1969-10-25,Asarco (Australia) Pty Ltd.,N,False,182.4
pandurra_as_cover,9465,16.56,Chitanilga Volcanic Complex unit 10,Cretaceous-Paleocene deep weathering,10.8,16.56,oxidised,,red,Weath basement: red clay over basaltic gravel,1993-08-17,False,LINE 30N 28,135.2009209,-31.2572243,1969-10-26,Asarco (Australia) Pty Ltd.,N,False,184.8
pandurra_as_cover,9989,79.2,Palaeoproterozoic rocks,Permian rocks,18.3,79.2,reduced,carbonaceous,,"Carbonaceous shales and mudstones, med-coarse sdst",1971-03-17,True,MOUNT WOODS 1,135.487205,-29.6167763,1964-10-22,Delhi Australia Petroleum Ltd.,Y,False,163.0
pandurra_as_cover,9990,91.4,Palaeoproterozoic rocks,Permian rocks,18.3,91.4,reduced,carbonaceous,,Carbonaceous shale and fine micaceous sandstone,1993-11-12,False,MOUNT WOODS 2,135.487149,-29.6097463,1964-10-14,Delhi Australia Petroleum Ltd.,N,False,163.4
pandurra_as_cover,9991,57.9,Palaeoproterozoic rocks,Permian rocks,12.2,57.9,reduced,carbonaceous,,Carbonaceous shale over fine gr. qtz. sandstone,1956-03-14,True,MOUNT WOODS 3,135.478926,-29.6025303,1964-10-24,Delhi Australia Petroleum Ltd.,N,False,164.5
pandurra_as_cover,9992,92.4,Palaeoproterozoic rocks,Permian rocks,3.0,92.4,reduced,carbonaceous,,"Carbonaceous shale over fine sandstone with qtz, qtzt pebles",1962-02-06,True,MOUNT WOODS 4,135.479765,-29.5922853,1964-10-27,Delhi Australia Petroleum Ltd.,N,False,165.1
pandurra_as_cover,9993,48.8,Palaeoproterozoic rocks,Permian rocks,12.2,48.8,reduced,carbonaceous,,Carbonaceous shale over fine sandstone with basement pebbles,1973-09-13,True,MOUNT WOODS 5,135.445322,-29.5981363,1964-11-01,Delhi Australia Petroleum Ltd.,N,False,167.5
pandurra_as_cover,9994,61.6,Palaeoproterozoic rocks,Permian rocks,12.2,61.6,reduced,carbonaceous,,Carbonaceous shale over med. gr. sandstone with large pebles,1973-02-16,True,MOUNT WOODS 6,135.418791,-29.6129583,1964-10-29,Delhi Australia Petroleum Ltd.,N,False,168.7
pandurra_as_cover,9995,87.8,Skylark Metasediments,Permian rocks,24.4,87.8,reduced,carbonaceous,,"Carbonaceous shale, fine qtz sandstone with pebbles",1960-01-29,True,MOUNT WOODS 7,135.485477,-29.6228503,1964-11-03,Delhi Australia Petroleum Ltd.,N,False,162.7
pandurra_as_cover,14205,1609.04,Archaean-Devonian rocks,Cootanoorina Formation,726.34,1609.04,none,,,,1994-03-18,False,WEEDINA 1,135.6580361,-28.47439,1970-03-23,Pexa Oil NL.,N,False,248.9
pandurra_as_cover,16348,2.74,Sleaford Complex,Tertiary-Pleistocene rocks,0.0,2.74,none,,,"Clay, sand, calcrete, ferricrete",1993-10-12,False,BUCKLEBOO SILO 1,136.2076067,-32.9209504,1959-07-01,South Australia. Department of Mines and Energy.,N,False,283.2
pandurra_as_cover,16364,9.0,Hiltaba Suite,Pleistocene regolith/colluvial unit 4,0.0,9.0,oxidised,,brown; ferruginous; red,"Un-named unit (Pooraka Frm eqiuvalent) red/brown ferruginous sands, calcrete capped.",2010-04-29,False,PINKAWILLINIE,136.1576777,-32.9784614,1928-09-01,,Y,False,290.5
pandurra_as_cover,19796,1.22,Roopena Basalt unit 2,,,,no cover interval logged,,,,,,ROOPENA DDH 1,137.398676,-32.7188158,1967-09-25,South Australia. Department of Mines and Energy.,Y,False,257.9
pandurra_as_cover,19845,0.0,Roopena Basalt unit 2,,,,no cover interval logged,,,,,,ROOPENA DDH 4,137.3965388,-32.7186762,1968-08-20,South Australia. Department of Mines and Energy.,N,False,257.8
pandurra_as_cover,19846,0.0,Roopena Basalt unit 2,,,,no cover interval logged,,,,,,ROOPENA DDH 2,137.4009197,-32.718953,1967-10-16,South Australia. Department of Mines and Energy.,N,False,257.9
pandurra_as_cover,19847,0.0,Roopena Basalt unit 2,,,,no cover interval logged,,,,,,ROOPENA DDH 3,137.398676,-32.7188158,1968-07-18,South Australia. Department of Mines and Energy.,N,False,257.9
pandurra_as_cover,19919,13.1,Middleback Subgroup,Quaternary rocks,0.0,13.1,none,,,,1993-11-11,False,DME KATUNGA HILLS DDH 1,137.1389336,-32.7640914,1954-03-19,South Australia. Department of Mines and Energy.,Y,False,259.4
pandurra_as_cover,19920,5.8,Middleback Subgroup,Quaternary rocks,0.0,5.8,none,,,,1993-11-11,False,DME KATUNGA HILLS DDH 2,137.1230556,-32.7759234,1953-06-19,South Australia. Department of Mines and Energy.,Y,False,260.6
pandurra_as_cover,19921,0.0,Middleback Subgroup,,,,no cover interval logged,,,,,,DME DDH 6,137.1324726,-32.7742214,1954-04-01,South Australia. Department of Mines and Energy.,N,False,260.5
pandurra_as_cover,19922,0.0,Middleback Subgroup,,,,no cover interval logged,,,,,,DME DDH 7,137.1343756,-32.7672174,1956-07-31,South Australia. Department of Mines and Energy.,Y,False,259.7
pandurra_as_cover,19924,12.0,Middleback Subgroup,Quaternary rocks,0.0,12.0,none,,,,1993-12-10,False,DME PH 2A,137.1396356,-32.7568294,1956-07-27,South Australia. Department of Mines and Energy.,Y,False,258.6
pandurra_as_cover,19925,23.0,Archaean-Mesoproterozoic rocks,Quaternary rocks,0.0,23.0,none,,,,1993-12-10,False,DME PH 3,137.1396546,-32.7594174,1956-08-16,South Australia. Department of Mines and Energy.,Y,False,258.9
pandurra_as_cover,19926,3.0,Cooyerdoo Granite,Quaternary rocks,0.0,3.0,none,,,,1993-12-10,False,DME PH 5,137.1426886,-32.7568854,1956-09-21,South Australia. Department of Mines and Energy.,Y,False,258.7
pandurra_as_cover,19927,7.0,Cooyerdoo Granite,Quaternary rocks,0.0,7.0,none,,,,1993-12-10,False,DME PH 8,137.1384036,-32.7593124,1956-09-03,South Australia. Department of Mines and Energy.,Y,False,258.9
pandurra_as_cover,19928,18.3,Burrawing Amphibolite,Quaternary rocks,0.0,18.3,none,,,,1993-12-10,False,DME PH 9,137.1358996,-32.7675614,1956-10-19,South Australia. Department of Mines and Energy.,Y,False,259.8
pandurra_as_cover,19929,9.1,Middleback Subgroup,Quaternary rocks,0.0,9.1,none,,,,1993-12-10,False,DME PH 10,137.1171666,-32.7760674,1956-11-29,South Australia. Department of Mines and Energy.,Y,False,260.6
pandurra_as_cover,19930,12.2,Middleback Subgroup,Quaternary rocks,0.0,12.2,none,,,,1993-12-10,False,DME PH 11,137.1180236,-32.7757464,1956-12-10,South Australia. Department of Mines and Energy.,Y,False,260.5
pandurra_as_cover,19931,15.2,Middleback Subgroup,Quaternary rocks,0.0,15.2,none,,,,1993-12-10,False,DME PH 12,137.1158376,-32.7758464,1956-12-18,South Australia. Department of Mines and Energy.,Y,False,260.5
pandurra_as_cover,19932,24.4,Middleback Subgroup,Quaternary rocks,0.0,24.4,none,,,,1993-12-10,False,DME PH 13,137.1149586,-32.7757084,1957-01-22,South Australia. Department of Mines and Energy.,Y,False,260.5
pandurra_as_cover,19933,15.2,Middleback Subgroup,Quaternary rocks,0.0,15.2,none,,,,1993-12-10,False,DME PH 14,137.1179186,-32.7744674,1957-02-04,South Australia. Department of Mines and Energy.,Y,False,260.4
pandurra_as_cover,19934,30.5,Palaeoproterozoic unit 46,Quaternary rocks,0.0,30.5,none,,,,1993-12-10,False,DME PH 15,137.1172426,-32.7716024,1957-02-19,South Australia. Department of Mines and Energy.,N,False,260.1
pandurra_as_cover,19935,48.8,Middleback Subgroup,Quaternary rocks,0.0,48.8,none,,,,1993-12-10,False,DME PH 16,137.1245366,-32.7681964,1957-03-25,South Australia. Department of Mines and Energy.,Y,False,259.7
pandurra_as_cover,19936,30.8,Archaean-Mesoproterozoic rocks,Quaternary rocks,0.0,30.8,none,,,,1993-12-10,False,DME PH 17,137.1263306,-32.7695814,1957-04-09,South Australia. Department of Mines and Energy.,Y,False,259.9
pandurra_as_cover,19937,29.0,Archaean-Mesoproterozoic rocks,Quaternary rocks,0.0,29.0,none,,,,1993-12-10,False,DME PH 19,137.1247656,-32.7661724,1957-05-01,South Australia. Department of Mines and Energy.,Y,False,259.5
pandurra_as_cover,19938,3.0,Corunna Conglomerate,Quaternary rocks,0.0,3.0,none,,,,1993-11-11,False,DME PBH 1,137.1363726,-32.6938934,1956-08-06,South Australia. Department of Mines and Energy.,Y,False,251.6
pandurra_as_cover,19939,19.8,Corunna Conglomerate,Quaternary rocks,0.0,19.8,none,,,siliceous hem grit,1993-11-11,False,DME PBH 2,137.1360576,-32.6932134,1956-08-27,South Australia. Department of Mines and Energy.,Y,False,251.5
pandurra_as_cover,19940,15.2,Corunna Conglomerate,Quaternary rocks,0.0,15.2,none,,,siliceous hem grit,1993-11-11,False,DME PBH 3,137.1361216,-32.6945834,1956-09-13,South Australia. Department of Mines and Energy.,Y,False,251.7
pandurra_as_cover,19941,0.0,Corunna Conglomerate,,,,no cover interval logged,,,,,,DME PBH 5,137.1362246,-32.6953024,1956-10-10,South Australia. Department of Mines and Energy.,Y,False,251.8
pandurra_as_cover,19942,0.0,Corunna Conglomerate,,,,no cover interval logged,,,,,,DME PBH 7,137.1365816,-32.6973074,1956-09-07,South Australia. Department of Mines and Energy.,Y,False,252.0
pandurra_as_cover,19943,0.0,Corunna Conglomerate,,,,no cover interval logged,,,,,,DME PBH 8,137.1362126,-32.6934814,1956-08-30,South Australia. Department of Mines and Energy.,Y,False,251.6
pandurra_as_cover,19944,0.0,Corunna Conglomerate,,,,no cover interval logged,,,,,,DME PBH 9,137.1365856,-32.6939074,1956-09-20,South Australia. Department of Mines and Energy.,Y,False,251.6
pandurra_as_cover,19945,20.1,Corunna Conglomerate,Gairdner Dolerite,1.8,20.1,none,,,?recryst metadolerite,1993-11-11,False,DME DDH 12,137.1360836,-32.6978934,1955-04-22,South Australia. Department of Mines and Energy.,Y,False,252.1
pandurra_as_cover,19946,0.0,Corunna Conglomerate,,,,no cover interval logged,,,,,,DME DDH 42,137.1366546,-32.6945554,1956-09-11,South Australia. Department of Mines and Energy.,Y,False,251.7
pandurra_as_cover,19947,0.0,Corunna Conglomerate,,,,no cover interval logged,,,,,,DME DDH 42A,137.1366546,-32.6945644,1956-10-19,South Australia. Department of Mines and Energy.,Y,False,251.7
pandurra_as_cover,19948,3.0,Corunna Conglomerate,Quaternary rocks,0.0,3.0,none,,,,1993-11-11,False,DME DDH 44,137.1370636,-32.6942694,1957-02-01,South Australia. Department of Mines and Energy.,Y,False,251.7
pandurra_as_cover,19949,4.9,Corunna Conglomerate,Quaternary rocks,0.0,4.9,none,,,,1993-11-11,False,DME DDH 45,137.1369626,-32.6949384,1957-01-16,South Australia. Department of Mines and Energy.,Y,False,251.7
pandurra_as_cover,19950,0.0,Corunna Conglomerate,,,,no cover interval logged,,,,,,DME DDH 40,137.1370836,-32.6986694,1956-09-03,South Australia. Department of Mines and Energy.,Y,False,252.2
pandurra_as_cover,19951,1.8,Corunna Conglomerate,Quaternary rocks,0.0,1.8,none,,,,1993-11-11,False,DME DDH 30,137.1360196,-32.7014744,1956-01-20,South Australia. Department of Mines and Energy.,Y,False,252.5
pandurra_as_cover,19952,3.7,Corunna Conglomerate,Quaternary rocks,0.0,3.7,none,,,,1993-11-11,False,DME DDH 13,137.1397246,-32.7083554,1955-07-12,South Australia. Department of Mines and Energy.,Y,False,253.3
pandurra_as_cover,19972,24.4,Cooyerdoo Granite,Quaternary rocks,0.0,24.4,none,,,,1993-12-22,False,DME DDH 8,137.1391546,-32.7545744,1956-12-31,South Australia. Department of Mines and Energy.,Y,False,258.4
pandurra_as_cover,19997,33.3,Corunna Conglomerate,Quaternary rocks,0.0,33.3,none,,,,1993-11-11,False,DME DDH 39A,137.1431866,-32.7299474,1957-06-14,South Australia. Department of Mines and Energy.,Y,False,255.7
pandurra_as_cover,20448,53.6,Gawler Range Volcanics,Pandurra Formation,6.0,53.6,oxidised,,purple,Purple-white sandstone,1995-03-13,False,PACMINEX EX 31,137.3446006,-32.3954414,1973-10-16,Mount Gunson Mines Pty Ltd.,N,False,221.6
pandurra_as_cover,20449,18.0,Gawler Range Volcanics,Neoproterozoic rocks,3.0,18.0,none,,,Clay-rich sandstone,1995-03-13,False,PACMINEX EX 32,137.3337646,-32.4166554,1973-10-16,Mount Gunson Mines Pty Ltd.,N,False,223.7
pandurra_as_cover,20450,78.0,Gawler Range Volcanics,Pandurra Formation,30.0,78.0,oxidised,,purple,Purple & white sandstone,1995-03-13,False,PACMINEX EX 33,137.3852916,-32.4124884,1973-10-18,Mount Gunson Mines Pty Ltd.,N,False,224.3
pandurra_as_cover,20451,21.0,Gawler Range Volcanics,Umberatana Group unit 2,3.0,21.0,reduced,green,,Fawn siltstone & green hard clay,1995-03-13,False,PACMINEX EX 34,137.3786616,-32.4328494,1973-10-18,Mount Gunson Mines Pty Ltd.,N,False,226.3
pandurra_as_cover,20542,24.0,Gawler Range Volcanics,Tertiary-Pleistocene rocks,0.0,24.0,none,,,"Sandy clay, ferricreted in part; surface soil",1995-03-13,False,PACMINEX EX 38,137.3424366,-32.4355214,1973-11-01,Mount Gunson Mines Pty Ltd.,N,False,225.9
pandurra_as_cover,20543,3.0,Gawler Range Volcanics,Quaternary rocks,0.0,3.0,none,,,"Soil, silcrete, clay, gravel, gypsum",1995-03-14,False,PACMINEX EX 97,137.3828896,-32.4548834,1974-03-23,Mount Gunson Mines Pty Ltd.,N,False,228.8
pandurra_as_cover,20544,3.0,Gawler Range Volcanics,Quaternary rocks,0.0,3.0,none,,,"Sand, soil, gravel",1995-03-14,False,PACMINEX EX 100,137.2936796,-32.4711204,1974-03-26,Mount Gunson Mines Pty Ltd.,N,False,229.0
pandurra_as_cover,20545,5.0,Gawler Range Volcanics,Quaternary rocks,0.0,5.0,none,,,Gravel & soil,1995-03-14,False,PACMINEX EX 105,137.2999796,-32.4322564,1974-03-27,Mount Gunson Mines Pty Ltd.,N,False,224.9
pandurra_as_cover,20546,7.5,Gawler Range Volcanics,Tertiary silcrete,6.0,7.5,none,,,Silcrete,1995-03-14,False,PACMINEX EX 108,137.3235366,-32.3976274,1974-03-28,Mount Gunson Mines Pty Ltd.,N,False,221.5
pandurra_as_cover,20547,14.0,Gawler Range Volcanics,Tapley Hill Formation,9.0,14.0,reduced,green,,"Pale green clay, shaley in lower part",1995-03-23,False,PACMINEX EX 114,137.3715746,-32.3908884,1974-06-08,Mount Gunson Mines Pty Ltd.,N,False,221.6
pandurra_as_cover,24899,56.4,Proterozoic rocks,Neuroodla Formation,22.0,56.4,none,,,,1992-11-05,False,WILKATANA 17,137.8768119,-32.0686867,1956-10-18,SANTOS LIMITED,Y,False,204.0
pandurra_as_cover,24957,172.0,Proterozoic rocks,Cotabena Formation,120.7,172.0,none,,,,1992-11-05,False,WILKATANA 13,137.8714236,-32.1237981,1956-10-07,SANTOS LIMITED,N,False,209.2
pandurra_as_cover,24958,167.6,Proterozoic rocks,Cotabena Formation,121.0,167.6,none,,,,1992-11-05,False,WILKATANA 14,137.89209,-32.1233258,1956-10-11,SANTOS LIMITED,Y,False,210.0
pandurra_as_cover,132060,20.42,Mulgathing Complex,Mesozoic rocks,6.4,20.42,none,,,Clayey sand,1993-07-01,False,MPW 1,134.6507501,-29.7436083,1972-04-18,South Australia. Department of Mines and Energy.,N,False,228.7
pandurra_as_cover,132075,0.0,Ealbara Rhyolite,,,,no cover interval logged,,,,,,BIRTHDAY DDH 1,134.5314721,-30.2594393,1971-03-31,South Australia. Department of Mines and Energy.,N,False,226.9
pandurra_as_cover,132076,0.0,Ealbara Rhyolite,,,,no cover interval logged,,,,,,BIRTHDAY DDH 2,134.5366121,-30.2720893,1971-03-27,South Australia. Department of Mines and Energy.,N,False,226.3
pandurra_as_cover,132077,0.0,Ealbara Rhyolite,,,,no cover interval logged,,,,,,BIRTHDAY DDH 3,134.5428831,-30.2648923,1971-04-03,South Australia. Department of Mines and Energy.,N,False,225.8
pandurra_as_cover,132078,31.69,Mulgathing Complex,Algebuckina Sandstone,10.21,31.69,none,,,Rounded to angular qtz. conglomerate sdst over silty clay,1993-07-01,False,MCP 1,134.4446961,-29.2230583,1972-04-27,South Australia. Department of Mines and Energy.,N,False,271.7
pandurra_as_cover,133881,42.67,Lincoln Complex,Tertiary-Pleistocene rocks,0.0,42.67,none,,,"Sand, ?clay; calcrete (travertine) top 20'",1993-09-14,False,CR 1,134.676298,-32.7304103,1960-02-26,South Australia. Department of Mines and Energy.,N,False,329.6
pandurra_as_cover,133882,75.9,Palaeoproterozoic unit 9,Cretaceous-Paleocene deep weathering,67.74,75.9,none,,,"Weath basement: clay, occasional rock fragments",1993-09-14,False,CR - DEPT OF MINES 2,134.661142,-32.7303683,1960-02-17,South Australia. Department of Mines and Energy.,N,False,330.5
pandurra_as_cover,133883,86.79,Palaeoproterozoic unit 9,Cretaceous-Paleocene deep weathering,76.2,86.79,none,,,"Weath basement: clay, rock fragments",1993-09-14,False,CR 3,134.654737,-32.7306243,1960-02-02,South Australia. Department of Mines and Energy.,N,False,330.9
pandurra_as_cover,133885,117.35,St Peter Suite,Pidinga Formation,67.06,117.35,none,,,"Sand, clay, silt, carb material incl lignite & wood, py/marc",1993-07-21,False,STREAKY R 1A,134.617798,-32.7084153,1972-10-06,Endeavour Oil Co NL.,Y,False,331.3
pandurra_as_cover,133940,59.44,Palaeoproterozoic unit 9,Cretaceous-Paleocene deep weathering,51.82,59.44,none,,,Weath basement,1993-05-27,False,DME IR MINNIPA 1,135.0003149,-32.9408273,1955-05-08,South Australia. Department of Mines and Energy.,N,False,330.3
pandurra_as_cover,133941,64.97,Palaeoproterozoic unit 9,Cretaceous-Paleocene deep weathering,57.91,64.97,none,,,"Weath basement: structureless clay, qtz",1993-07-27,False,DME IR 2,135.0009559,-32.9363193,1959-05-20,South Australia. Department of Mines and Energy.,Y,False,329.9
pandurra_as_cover,133942,44.2,Palaeoproterozoic unit 9,Tertiary-Pleistocene rocks,0.0,44.2,none,,,"Sand, clay",1993-07-27,False,DME IR 6,134.9928259,-32.9381223,1959-07-09,South Australia. Department of Mines and Energy.,N,False,330.5
pandurra_as_cover,133943,74.98,Hiltaba Suite,no sample,73.15,74.98,none,,,No sample,1993-07-27,False,DME IR 4,134.9746369,-32.9480413,1959-05-27,South Australia. Department of Mines and Energy.,Y,False,332.3
pandurra_as_cover,133944,57.91,Palaeoproterozoic unit 9,Cretaceous-Paleocene deep weathering,54.86,57.91,none,,,"Weath basement: sand, clay, occasional basement fragments",1993-07-27,False,DME IR 3,135.0012759,-32.9336113,1960-05-26,South Australia. Department of Mines and Energy.,N,False,329.6
pandurra_as_cover,134099,37.5,Mulgathing Complex,Cadna-owie Formation,2.5,37.5,none,,,Fine gr. rounded sandstone with ang.-rounded pebbles,1993-07-26,False,A 169,134.4732711,-29.2682993,1972-03-27,South Australia. Department of Mines and Energy.,N,False,266.8
pandurra_as_cover,134158,25.6,Mulgathing Complex,Jurassic-Cretaceous unit 1,10.06,25.6,none,,,"Conglomerate sandstone, rounded - subangular, minor feldspar",1993-07-14,False,CPB 7,134.4477691,-29.2257773,1971-01-01,South Australia. Department of Mines and Energy.,N,False,271.3
pandurra_as_cover,134293,4.0,Yardea Dacite,Quaternary rocks,0.0,4.0,oxidised,,red,"Red-bn qtz sand, basal grit",1993-07-30,False,G 1,136.2925448,-31.7826994,1904-10-23,PNC Exploration (Australia) Pty Ltd.,N,False,159.6
pandurra_as_cover,134339,0.0,Lake Harris Komatiite,,,,no cover interval logged,,,,,,LAKE HARRIS AUGER HOLE 1,135.1428109,-31.0281183,1970-12-31,Kennecott Exploration (Australia) Ltd.,N,False,179.0
pandurra_as_cover,135902,4.6,Mulgathing Complex,Quaternary rocks,0.0,4.6,none,,,"Alluvial sand, clay & some gypsum.",1998-02-04,False,KENELLA 4A,134.962346,-30.9225283,1973-12-31,Agilis Exploration Services (Aust) Pty Ltd.,N,False,191.7
pandurra_as_cover,135903,7.6,Mulgathing Complex,Quaternary rocks,0.0,7.6,none,,,"Alluvial sand, clay & some gypsum.",1998-02-04,False,KENELLA 1A,134.958315,-30.9254233,1973-12-31,Agilis Exploration Services (Aust) Pty Ltd.,N,False,192.1
pandurra_as_cover,135904,4.6,Mulgathing Complex,Quaternary rocks,0.0,4.6,none,,,"Alluvial sand, clay & some gypsum.",1998-02-04,False,KENELLA 9A,134.958347,-30.9243403,1973-12-31,Agilis Exploration Services (Aust) Pty Ltd.,N,False,192.1
pandurra_as_cover,135905,3.0,Mulgathing Complex,Quaternary rocks,0.0,3.0,none,,,"Alluvial sand, clay & some gypsum.",1998-02-04,False,KENELLA 6A,134.963236,-30.9207693,1973-12-31,Agilis Exploration Services (Aust) Pty Ltd.,N,False,191.5
pandurra_as_cover,136435,0.0,Glenloth Granite,,,,no cover interval logged,,,,,,MT. MITCHELL 1,135.108289,-31.0786793,1966-01-01,Australian Development Ltd.,N,False,184.2
pandurra_as_cover,136436,0.0,Glenloth Granite,,,,no cover interval logged,,,,,,MT. MITCHELL 2,135.108531,-31.0785903,1966-01-01,Australian Development Ltd.,N,False,184.1
pandurra_as_cover,136437,0.0,Glenloth Granite,,,,no cover interval logged,,,,,,MT. MITCHELL 3,135.108248,-31.0787793,1966-01-01,Australian Development Ltd.,N,False,184.2
pandurra_as_cover,136438,0.0,Glenloth Granite,,,,no cover interval logged,,,,,,MT. MITCHELL 4,135.107639,-31.0788243,1966-01-01,Australian Development Ltd.,N,False,184.2
pandurra_as_cover,140216,0.0,Corunna Conglomerate,,,,no cover interval logged,,,,,,BHP DDH 18,137.1409516,-32.7338004,1953-12-12,Broken Hill Pty Co Ltd.,N,False,256.1
pandurra_as_cover,140217,0.0,Myola Volcanics,,,,no cover interval logged,,,,,,BHP DDH 29,137.1467386,-32.7454704,1956-12-12,Broken Hill Pty Co Ltd.,N,False,257.4
pandurra_as_cover,140218,15.0,Archaean rocks,Quaternary rocks,0.0,15.0,none,,,,1993-11-22,False,BHP JD 3A,137.1271386,-32.7487174,1961-04-01,Broken Hill Pty Co Ltd.,N,False,257.6
pandurra_as_cover,140219,14.0,Archaean-Mesoproterozoic rocks,Quaternary rocks,0.0,14.0,none,,,,1993-11-22,False,BHP JD 4,137.1234856,-32.7477874,1961-05-01,Broken Hill Pty Co Ltd.,N,False,257.5
pandurra_as_cover,140220,2.0,Archaean-Mesoproterozoic rocks,Quaternary rocks,0.0,2.0,none,,,,1993-11-11,False,BHP JD 5,137.1177076,-32.7466314,1961-05-01,Broken Hill Pty Co Ltd.,N,False,257.3
pandurra_as_cover,140221,2.0,Archaean rocks,Quaternary rocks,0.0,2.0,none,,,,1993-11-11,False,BHP JD 6,137.1193826,-32.7412734,1961-05-01,Broken Hill Pty Co Ltd.,N,False,256.7
pandurra_as_cover,140222,1.7,Archaean-Mesoproterozoic rocks,Quaternary rocks,0.0,1.7,none,,,,1993-11-11,False,BHP JD 7,137.1140246,-32.7398504,1961-05-01,Broken Hill Pty Co Ltd.,N,False,256.5
pandurra_as_cover,140223,4.0,Archaean rocks,Quaternary rocks,0.0,4.0,none,,,,1993-11-11,False,BHP JD 8,137.1179796,-32.7369704,1961-05-01,Broken Hill Pty Co Ltd.,N,False,256.2
pandurra_as_cover,140224,4.9,Archaean rocks,Quaternary rocks,0.0,4.9,none,,,,1993-11-11,False,BHP JD 9,137.1217136,-32.7369344,1961-05-01,Broken Hill Pty Co Ltd.,N,False,256.3
pandurra_as_cover,140225,6.0,Archaean rocks,Quaternary rocks,0.0,6.0,none,,,,1993-11-11,False,BHP JD 10,137.1207386,-32.7331704,1961-05-01,Broken Hill Pty Co Ltd.,N,False,255.8
pandurra_as_cover,140226,7.6,Archaean rocks,Quaternary rocks,0.0,7.6,none,,,,1993-11-11,False,BHP JD 11,137.1228136,-32.7305924,1961-05-01,Broken Hill Pty Co Ltd.,N,False,255.6
pandurra_as_cover,140227,17.4,Archaean-Mesoproterozoic rocks,Quaternary rocks,0.0,17.4,none,,,,1993-11-11,False,BHP JD 12,137.1286356,-32.7318644,1961-05-01,Broken Hill Pty Co Ltd.,N,False,255.8
pandurra_as_cover,140228,15.5,Archaean-Mesoproterozoic rocks,Quaternary rocks,0.0,15.5,none,,,,1993-11-11,False,BHP JD 13,137.1290826,-32.7367894,1961-05-01,Broken Hill Pty Co Ltd.,N,False,256.3
pandurra_as_cover,140229,13.7,Archaean-Mesoproterozoic rocks,Quaternary rocks,0.0,13.7,none,,,,1993-11-11,False,BHP JD 14,137.1255326,-32.7369034,1961-05-01,Broken Hill Pty Co Ltd.,N,False,256.3
pandurra_as_cover,140230,11.9,Archaean-Mesoproterozoic rocks,Quaternary rocks,0.0,11.9,none,,,,1993-11-11,False,BHP JD 15,137.1248856,-32.7392594,1961-05-01,Broken Hill Pty Co Ltd.,N,False,256.5
pandurra_as_cover,140231,17.4,Archaean-Mesoproterozoic rocks,Quaternary rocks,0.0,17.4,none,,,,1993-11-11,False,BHP JD 16,137.1285296,-32.7395594,1961-05-01,Broken Hill Pty Co Ltd.,N,False,256.6
pandurra_as_cover,140232,16.8,Archaean-Mesoproterozoic rocks,Quaternary rocks,0.0,16.8,none,,,,1993-11-11,False,BHP JD 17,137.1294716,-32.7396874,1961-05-01,Broken Hill Pty Co Ltd.,N,False,256.6
pandurra_as_cover,140233,18.3,Archaean-Mesoproterozoic rocks,Quaternary rocks,0.0,18.3,none,,,,1993-11-11,False,BHP JD 18,137.1304796,-32.7398314,1961-05-01,Broken Hill Pty Co Ltd.,N,False,256.7
pandurra_as_cover,140234,22.3,Gawler Range Volcanics,Quaternary rocks,0.0,22.3,none,,,,1993-11-11,False,BHP JD 19,137.1315156,-32.7398954,1961-05-01,Broken Hill Pty Co Ltd.,N,False,256.7
pandurra_as_cover,140235,24.1,Gawler Range Volcanics,Quaternary rocks,0.0,24.1,none,,,,1993-11-11,False,BHP JD 20,137.1323826,-32.7400094,1961-05-01,Broken Hill Pty Co Ltd.,N,False,256.7
pandurra_as_cover,140236,21.3,Middleback Subgroup,Quaternary rocks,0.0,21.3,none,,,,1993-11-11,False,BHP JD 21,137.1334046,-32.7399284,1961-05-01,Broken Hill Pty Co Ltd.,N,False,256.7
pandurra_as_cover,140240,6.0,Archaean rocks,Quaternary rocks,0.0,6.0,none,,,,1993-11-22,False,BHP KAT 5,137.1082896,-32.7929814,1973-05-05,Broken Hill Pty Co Ltd.,N,False,262.4
pandurra_as_cover,140241,12.0,Archaean rocks,Quaternary rocks,0.0,12.0,none,,,,1993-11-22,False,BHP KAT 6,137.1014896,-32.7830594,1973-05-05,Broken Hill Pty Co Ltd.,N,False,261.2
pandurra_as_cover,140257,23.0,Broadview Schist,Quaternary rocks,0.0,23.0,none,,,wh cly f snd / crs snd,1993-11-22,False,BHP MH 1,137.3612635,-32.9498244,1970-12-12,Broken Hill Pty Co Ltd.,N,False,282.6
pandurra_as_cover,140258,16.0,Broadview Schist,Quaternary rocks,0.0,16.0,none,,,,1993-11-22,False,BHP MH 2,137.3711195,-32.9685024,1973-12-12,Broken Hill Pty Co Ltd.,N,False,284.8
pandurra_as_cover,140261,82.0,Broadview Schist,Quaternary rocks,0.0,82.0,none,,,wh clayey f sand / crs sand c pbls cherty qtz,1993-11-22,False,BHP MH 5,137.3528695,-32.9684694,1973-12-12,Broken Hill Pty Co Ltd.,N,False,284.5
pandurra_as_cover,140268,1.8,Roopena Basalt,Quaternary rocks,0.0,1.8,none,,,,1993-12-24,False,BHP RP 1,137.3918486,-32.7308224,1969-12-12,Broken Hill Pty Co Ltd.,N,False,259.1
pandurra_as_cover,140269,1.5,Roopena Basalt,Quaternary rocks,0.0,1.5,none,,,,1993-12-24,False,BHP RP 2,137.3671986,-32.7306594,1969-12-12,Broken Hill Pty Co Ltd.,N,False,258.6
pandurra_as_cover,140270,1.5,Fresh Well Formation unit 2,Quaternary rocks,0.0,1.5,none,,,,1993-11-11,False,BHP RP 3,137.3510466,-32.7330374,1969-12-12,Broken Hill Pty Co Ltd.,N,False,258.6
pandurra_as_cover,140271,1.0,Fresh Well Formation unit 2,Quaternary rocks,0.0,1.0,none,,,,1993-12-24,False,BHP RP 4,137.3731546,-32.7379424,1969-12-12,Broken Hill Pty Co Ltd.,N,False,259.5
pandurra_as_cover,140272,0.0,Fresh Well Formation,,,,no cover interval logged,,,,,,BHP RP 5,137.3611796,-32.7410534,1969-12-12,Broken Hill Pty Co Ltd.,N,False,259.7
pandurra_as_cover,140273,4.6,Fresh Well Formation,Quaternary rocks,0.0,4.6,none,,,,1993-12-24,False,BHP RP 6,137.3892126,-32.7360144,1969-12-12,Broken Hill Pty Co Ltd.,N,False,259.6
pandurra_as_cover,140278,24.0,Cooyerdoo Granite,Gairdner Dolerite,17.0,24.0,none,,,,1993-11-22,False,DME PH 30,137.1284416,-32.8030484,1969-12-12,South Australia. Department of Mines and Energy.,N,False,263.6
pandurra_as_cover,140298,7.5,Gawler Range Volcanics,Quaternary rocks,0.0,7.5,none,,,"Laterite, silcrete & clay; soil to 3m",1993-12-11,False,PACMINEX EX 40,137.3688546,-32.5103274,1973-10-02,Mount Gunson Mines Pty Ltd.,N,False,234.6
pandurra_as_cover,140302,70.0,Gawler Range Volcanics,Backy Point Formation,40.0,70.0,mixed,green,purple,Purple-green calcareous sandstone with abundant volcanic clasts in places; shale 65.5-70m,1995-02-20,False,PACMINEX EX 46,137.3630806,-32.5661644,1973-11-09,Mount Gunson Mines Pty Ltd.,N,False,240.6
pandurra_as_cover,140313,53.0,Gawler Range Volcanics,Pandurra Formation,6.0,53.0,none,,,"Sandstone, coarse in places, with minor siltstone & shale; basal conglomerate",1993-11-11,False,PACMINEX EX 57,137.3751426,-32.6438504,1973-11-14,Mount Gunson Mines Pty Ltd.,N,False,249.3
pandurra_as_cover,140340,28.0,Gawler Range Volcanics,Backy Point Formation,20.0,28.0,none,,,Khaki clayey & gravelly sandstone,1993-12-10,False,PACMINEX EX 90,137.3917766,-32.5037604,1974-03-21,Mount Gunson Mines Pty Ltd.,N,False,234.3
pandurra_as_cover,140342,4.0,Gawler Range Volcanics,Quaternary rocks,0.0,4.0,none,,,Sand & gravel,1993-12-10,False,PACMINEX EX 92,137.3399346,-32.5032024,1974-03-22,Mount Gunson Mines Pty Ltd.,N,False,233.3
pandurra_as_cover,140851,61.57,Peake Metamorphics,Callanna Group,0.0,61.57,none,,,Very weathered basic over 2m of sediments,1994-03-04,False,URN 1,135.860457,-28.0954653,1974-01-01,Uranerz (Australia) Pty Ltd.,N,False,279.2
pandurra_as_cover,140852,0.0,Wirriecurrie Granite,,,,no cover interval logged,,,,,,URN 2,135.841727,-28.0427763,1974-01-01,Uranerz (Australia) Pty Ltd.,N,False,285.3
pandurra_as_cover,147465,88.0,Gawler Range Volcanics,Pandurra Formation,81.0,88.0,mixed,green,brown; red,Red-brown-green siltstone,1995-03-13,False,PACMINEX EX 24,137.3557996,-32.3768354,1973-10-14,Mount Gunson Mines Pty Ltd.,N,False,219.8
pandurra_as_cover,147473,37.2,Gawler Range Volcanics,Umberatana Group unit 2,6.0,37.2,reduced,pyritic,,Very fine to medium sandstone with rounded quartz & pink lithics in places; pyritic in lower part,1995-03-13,False,PACMINEX EX 36,137.3858726,-32.4374104,1973-10-31,Mount Gunson Mines Pty Ltd.,N,False,227.0
pandurra_as_cover,147484,32.5,Gawler Range Volcanics,Tapley Hill Formation,10.0,32.5,reduced,grey,,"Grey calcareous shale, weathered to clay at top; hard grey dolomitic limestone at base",1995-03-14,False,PACMINEX EX 95,137.3914116,-32.4377584,1974-03-23,Mount Gunson Mines Pty Ltd.,N,False,227.1
pandurra_as_cover,147491,9.0,Gawler Range Volcanics,Tertiary silcrete,3.0,9.0,none,,,Silcrete; could be silcreted volcanic,1995-03-14,False,PACMINEX EX 106,137.3084426,-32.4117994,1974-03-28,Mount Gunson Mines Pty Ltd.,N,False,222.8
pandurra_as_cover,147492,10.0,Gawler Range Volcanics,Tertiary-Pleistocene rocks,0.0,10.0,none,,,"Sandstone, gravel, sand, clay, gypsum, silcrete, ferricrete",1995-03-14,False,PACMINEX EX 107,137.3224446,-32.4146994,1974-03-28,Mount Gunson Mines Pty Ltd.,N,False,223.3
pandurra_as_cover,147495,16.0,Gawler Range Volcanics,Tapley Hill Formation,9.0,16.0,reduced,green,,Pale green laminated clay,1995-03-23,False,PACMINEX EX 113,137.3760826,-32.4006244,1974-06-07,Mount Gunson Mines Pty Ltd.,N,False,222.8
pandurra_as_cover,147496,23.0,Gawler Range Volcanics,Pandurra Formation,6.0,23.0,none,,,Quartzose to lithic sandstone with volcanic clasts 1-8mm diam,1995-03-23,False,PACMINEX EX 115,137.3488366,-32.3993304,1974-06-08,Mount Gunson Mines Pty Ltd.,N,False,222.1
pandurra_as_cover,148599,8.5,Corunna Conglomerate,Tertiary silcrete,7.6,8.5,none,,,Silicified sandstone: ?silcrete,1995-05-09,False,AU-U 1,136.6855327,-32.6353024,1971-05-20,Nissho Iwai Co (Australia) Pty Ltd.,N,False,244.7
pandurra_as_cover,148604,0.0,Corunna Conglomerate,,,,no cover interval logged,,,,,,AU-U 6,136.7352547,-32.6600134,1972-09-10,Nissho Iwai Co (Australia) Pty Ltd.,N,False,247.2
pandurra_as_cover,166509,4.6,Mulgathing Complex,Quaternary rocks,0.0,4.6,none,,,"Alluvial sand, clay & some gypsum.",1998-02-04,False,KENELLA 2A,134.961791,-30.9239723,1973-12-31,Agilis Exploration Services (Aust) Pty Ltd.,N,False,191.8
pandurra_as_cover,166510,4.6,Mulgathing Complex,Quaternary rocks,0.0,4.6,none,,,"Alluvial sand, clay & some gypsum.",1998-02-04,False,KENELLA 3A,134.964198,-30.9250553,1973-12-31,Agilis Exploration Services (Aust) Pty Ltd.,N,False,191.6
pandurra_as_cover,166511,4.6,Mulgathing Complex,Quaternary rocks,0.0,4.6,none,,,"Alluvial sand, clay & some gypsum.",1998-02-04,False,KENELLA 5A,134.963149,-30.9289353,1973-12-31,Agilis Exploration Services (Aust) Pty Ltd.,N,False,191.8
pandurra_as_cover,166512,6.1,Mulgathing Complex,Quaternary rocks,0.0,6.1,none,,,"Alluvial sand, clay & some gypsum.",1998-02-04,False,KENELLA 7A,134.960535,-30.9228883,1973-12-31,Agilis Exploration Services (Aust) Pty Ltd.,N,False,191.9
pandurra_as_cover,166513,4.6,Mulgathing Complex,Quaternary rocks,0.0,4.6,none,,,"Alluvial sand, clay & some gypsum.",1998-02-04,False,KENELLA 8A,134.959488,-30.9228883,1973-12-31,Agilis Exploration Services (Aust) Pty Ltd.,N,False,192.0
pandurra_as_cover,177989,132.0,Freeling Heights Quartzite,Paralana Quartzite,9.0,132.0,none,,,"Quartzite, very minor scapolitic schist & schistose amphibolite towards top.",2000-03-02,False,YX 11,139.2960134,-30.1787615,1973-04-12,Utah Development Co.,N,False,233.1
pandurra_as_cover,181359,64.0,Mount Neill Granite,Paralana Quartzite,38.0,64.0,reduced,green; pyritic,,"Quartzite, green, chloritic, pyritic.",2000-08-16,False,PDH 9,139.2373814,-30.2248305,1974-12-31,Aquitaine Australia Minerals Pty Ltd.,N,False,226.8
