seed,L1-1 cover_total_m,L1-2 corr_length_km,L1-3 relief_m,L2-1 intensity_per_1e4km2,L2-3 basalt_multiplier,L3-1 p_reduced,L3-2 belt_length_km,L4-1 reach_d_km,L4-2 p_ore,L4-3 ore_multiplier,L5-2 rho_quartzite,L5-2 rho_shale,L5-2 rho_limestone,L5-2 rho_pandurra,L5-2 k_cover,L5-2 res_cover,L5-4 basement_sd,L5-4 basement_logk_sd,n_basalt,basalt_frac,reduced_frac,n_iron,basement_sd_realized,basement_logk_sd_realized,zone_km2,n_ore,Mt_total,contrast,g_n_per_1e4km2,g_amp_median,g_amp_p90,g_width_median_km,g_residual_sd,m_n_per_1e4km2,m_amp_median,m_amp_p90,m_width_median_km,m_residual_sd
1000,502.4850082912719,26.428185010195232,70.64126959833808,3.6259835403574305,9.988903435540895,0.0977590700201972,47.19686836519294,11.30522328287391,0.23343466195011567,4.454888302833554,2.6805372220905923,2.2241863316030694,2.2949287060407704,2.368559665636132,46.77320890213518,6.936629362653407,0.03196325561421841,0.6572719385371715,3,0.007808340727595386,0.09778172138420585,2,0.033811337963528164,0.620168076516738,328.0,24,679.9581640491804,0.3531699156825816,3.9627501486031305,6.801229101002766,13.118298019828451,17.72857209655735,4.68244710140214,15.752993068683049,351.92791376704645,2460.3419119988057,6.4820448144285745,566.4884724630394
1001,534.4082249994829,10.255908937059518,28.15343653228945,8.863120516329,2.295376782552842,0.10027256111135603,82.70713042732014,1.4784320028146147,0.12957314517267793,1.720980029650836,2.6131928388017993,2.592058489799478,2.5825766055904698,2.4373488976950743,30.947173077102423,4.29781982224413,0.05804472913624123,0.6904556412531264,15,0.046081041112097015,0.10032534753031648,0,0.05728971497934466,0.6683762571023198,93.0,2,35.709273809923374,0.35189420682209915,3.3022917905026086,18.00478710581322,25.371595667346124,33.37790589062273,8.653102764686603,12.60239445494644,222.9593699424447,3371.4761283394787,5.752562989156301,719.5196089909896
1002,453.28740581909057,17.76906732679669,112.14184756022867,5.115935352839292,6.731230175592124,0.18872363238240603,40.54910769267358,1.7947856855531796,0.30849095439210017,2.610800229861213,2.6928851452998264,2.2739566008533574,2.3829768697362606,2.3663845823311385,19.190070068108398,1.2479939941686924,0.05323519832619561,0.5364188390235687,2,0.01230405205560485,0.18876072167997635,3,0.05573615197665833,0.5100020827485847,35.0,3,232.28757998228724,0.3338684468991113,0.6604583581005218,26.538197803236145,26.538197803236145,93.73021315815207,9.692515324080874,11.972274732199118,206.80758007172676,1188.752013367102,8.214724333230155,384.6705783922937
1003,385.7150788940217,15.115748635330883,74.2018990783277,7.286332459873482,13.785918648493306,0.23077446703491922,51.88916063245023,8.963108827472343,0.34235004925313883,3.8268165618668357,2.6217034735465674,2.17035015469755,2.553598747813632,2.5255512691959296,24.52029656403858,2.2094375690458445,0.04982241152642917,0.7207275472552435,11,0.030227743271221533,0.2308192842354333,2,0.047004589339835756,0.6874563468078074,849.0,70,3759.6619867643967,0.2626663886141989,1.9813750743015652,18.59143173678599,19.07400322378736,26.026206750102993,7.585719097330608,11.972274732199118,431.5844094214242,3048.8515894385164,8.368283871884005,733.7154996226716
1004,320.30815845925025,12.330249461962088,20.7716047947887,5.0452370955779,11.55145468258579,0.2592731919789963,36.71441699137599,8.407150011576633,0.16130488948512953,4.299947979321587,2.6641750237551616,2.207354323114944,2.220252898972055,2.4225123113527016,92.31662766297741,218.13628293449983,0.09524401736552192,0.704331591068984,9,0.045666962437148774,0.2592724046140195,3,0.08728900123622939,0.6905860615586393,1111.0,40,1648.3553849825876,0.37782343872449387,1.3209167162010436,18.507525046696724,27.557498796200957,52.686969781297364,13.41334903740795,10.712035286704474,617.87299456139,3713.9875766768037,8.136857890256438,726.9849743050302
1005,348.7767105737628,44.71311789977599,43.09260425516557,7.108464388963989,15.19147631724947,0.2941805008632601,38.95098516782217,7.452069821680674,0.27637505510040655,2.360014759599683,2.694459202800036,2.1852937596144937,2.5338943527222897,2.352404835943803,27.993856735469905,726.8983127055619,0.046720152186113584,0.9234478164125589,12,0.040875480627033424,0.2941733215025141,6,0.04736367215715102,0.91976643720895,780.0,46,3079.8859228948654,0.4603335298410305,0.6604583581005218,19.98166915590866,19.98166915590866,95.23279517660167,7.8828309505901615,7.561436672967864,1009.6810664673495,3952.8239024578265,21.824408713736176,928.5503112251034
1006,437.92250175048855,26.301528051002208,44.67469491137633,3.900579557564585,14.596087554817569,0.13376128879882887,57.64274874809825,5.346535232562648,0.26546202536758556,2.9557825168440908,2.686291143099387,2.485932752873002,2.241509676643214,2.499502755879019,62.364703481270915,1.147872961862391,0.07783289516446316,0.7063461843325514,7,0.006388642413487134,0.13380656610470276,3,0.07621055761198185,0.7287253520344348,109.0,4,88.19545491596722,0.20022699689783474,0.6604583581005218,35.001619882463196,35.001619882463196,90.65036139873212,11.626565378553742,14.492753623188406,413.5897444354567,3387.289708610004,8.291859587312052,734.0358530050019
1007,344.92872811131,37.1831163362743,96.4392769377986,3.5727619586211876,11.009919489783389,0.27383428790458164,62.01305718175481,2.96427860399994,0.18307748862413803,1.1718359917309167,2.681644353901304,2.342438004222668,2.6044872785229507,2.4629636300708846,93.88424276124962,314.7699846555175,0.03956400857072159,0.6250690124188738,2,0.0027210884353741495,0.2738243123336291,1,0.041427701229393696,0.5845090272798744,6.0,0,0.0,0.25361609774359817,1.9813750743015652,6.755602589091521,17.02583784927051,10.280023453913834,7.267990328370505,19.533711405166983,253.7466929540713,1720.9628363310896,7.225151993843567,604.717973226562
1008,378.53846216911654,37.008210414487685,32.614924382136266,9.870155636390885,17.714200660434525,0.26106892208372945,57.00617995292947,0.3410493045229268,0.1600470930510191,2.4906765366217143,2.6188970406500296,2.1998439678000814,2.4097585077735526,2.3477067024109446,28.288718792059477,451.9117905403451,0.0707506314045082,0.9989123693767982,26,0.0756580893226856,0.261106181603076,6,0.0706407690638699,0.9102242202875495,0.0,0,0.0,0.4523235804973482,2.641833432402087,7.832998476830079,24.113968507022147,14.598493741177078,12.630718483351792,12.60239445494644,604.6192896553564,3387.8515233763505,8.089897159592276,968.430105879236
1009,339.77516171870377,16.924045713522183,7.477719310979736,4.250611347410606,15.039379832116124,0.20224437075728163,74.15982861417262,7.46949325393358,0.09732126470721687,1.6090480395956686,2.693196196568441,2.128542523958244,2.5779927641296436,2.419915772556457,18.979604687716943,78.42177276415832,0.051725217020739754,0.865768107414691,4,0.013842058562555456,0.20224785566400474,3,0.051260113841004686,0.8186928970863401,608.0,16,865.6484074152112,0.3814755542822037,1.9813750743015652,12.606929989145776,18.666184814970137,30.81942083122964,8.518297256460446,12.60239445494644,923.1882527997186,4484.85182127855,7.253026415234062,920.6543021911565
1010,353.2472990365503,23.68711313188477,137.6515099670191,9.851726791110424,15.429932165476808,0.23653621399059893,57.98220219028584,8.473723981800163,0.11181579594440637,3.5875859698941093,2.6261140463200463,2.5367665695504016,2.2200731296267544,2.355017047262357,49.333137958557046,349.56696001183644,0.09664193171392062,0.6869467731018153,11,0.04483880508725229,0.23655723158828748,3,0.09766033583326232,0.6930937298482276,1095.0,27,1555.4372602808821,0.43863808158522266,2.641833432402087,12.917811677906041,32.524954823776895,16.94178735746644,16.489236714097334,10.712035286704474,676.4027233817012,3007.1497864181406,7.978845608028654,713.8317408794892
1011,419.4436941226528,24.75974993003876,31.890020198098462,2.656311846573338,2.747741614627537,0.1494158863002204,58.89114673587152,14.736222035748607,0.3465631070436066,3.066254671739789,2.603098163644091,2.284367399274256,2.4446377100330374,2.4779675438870212,10.051397378191503,346.5696645450306,0.0484965850526433,0.8267882328119974,5,0.011416740609287193,0.14942324755989353,1,0.05035756135563278,0.7227468191324262,352.0,22,1249.222636341641,0.3331842787312542,0.6604583581005218,16.724297304677116,16.724297304677116,97.7335309123905,8.699394635375842,14.492753623188406,547.375346526811,2272.3024645855016,8.214724333230155,746.6484861944837
1012,427.21216914472365,35.127611127764546,35.76546293305135,8.88320542773631,9.39334902866506,0.2162968840573305,76.0168324288093,1.9800303523369789,0.34757877903425305,3.799589995626651,2.673260565391815,2.203353768400026,2.364389056554494,2.427510590579583,78.19699898161096,28.974003833344433,0.05550703308298589,0.6229793261021876,10,0.024253179532682637,0.2163265306122449,8,0.05657003889470316,0.6157749024884948,166.0,20,1227.238101462875,0.41232521486174933,1.9813750743015652,15.592728068243176,26.14395078921869,44.78115991081385,9.047575452245598,8.821676118462507,518.0186567998749,3415.9963929815844,9.058888003735053,734.2988418960224
1013,598.0725203571658,11.355448228078748,100.89893869451538,5.58054805906645,13.105929393539064,0.10988014161550437,69.71592583990142,8.54785071947305,0.2885128174027786,3.1983424773771563,2.6495967944806793,2.1414971257208824,2.695574020149606,2.3709324220995645,64.04046242031225,338.6797072559725,0.08448232659997404,0.6640926158081124,9,0.0259094942324756,0.10990831115054718,1,0.08011738569662794,0.6814780511071813,390.0,32,2445.687146445718,0.37403029337595006,1.9813750743015652,30.704648193556725,32.31174809625909,40.08526294607253,13.215397249453773,6.30119722747322,278.12693528559487,2935.584547774161,8.386149168073562,669.549908308038
1014,472.43340056797996,25.667782045115686,134.694721047756,9.940645123337525,9.693693308845226,0.10824085207752278,116.56867360851119,9.712174702023065,0.2419441523624498,3.266133221807054,2.6758358060432923,2.332527467011725,2.3692812217642243,2.4282635003140265,39.711602728954865,3.5610222950919974,0.08946107749797493,0.7748893744529697,21,0.061461106181603074,0.10825199645075421,10,0.08500114463496057,0.7193332346071953,1259.0,72,2648.8682833228318,0.3740767176142765,2.641833432402087,20.601446767797825,34.31029919148007,41.644726162296124,13.652356337597466,13.232514177693762,737.3024653866545,3564.2066352990814,8.740387444736633,779.9185787157762
1015,445.9660273319204,26.565757428647714,96.19576797266687,2.7434824358314582,1.5183212446194088,0.08665197667648215,52.815368248806394,10.407990744916132,0.1712538639469423,2.2979157668299077,2.6256660482964618,2.164068733418532,2.6712562869468752,2.4085645227718517,50.055447976591516,114.46666800782509,0.07763899693010244,0.536028692640625,6,0.019994084590357883,0.08666075125702455,3,0.07400924845482285,0.5209000839665694,517.0,17,833.025259165493,0.3562483648689825,1.3209167162010436,24.963619668131777,30.926354638128544,67.3786883699236,12.068728244016274,12.60239445494644,702.2458207162415,2426.651948571858,12.488842805293821,447.168716524074
1016,399.7970588492649,20.39059134470729,53.043593082709165,6.637661356969516,8.054343238527263,0.17101195812605402,135.61408808142608,8.66771202666428,0.27185951854620927,3.906825600261465,2.6354615599018545,2.105891666702946,2.568576684545598,2.4703756112720536,76.26329871472316,468.43852318727505,0.07428084084447853,0.7446924824697074,12,0.04868382135462881,0.17101449275362318,6,0.07165106057038965,0.7197260442090818,870.0,56,2762.772075392881,0.359196033696362,2.641833432402087,8.658724491884103,27.284916752182397,22.319709677498196,12.210180251753743,10.081915563957152,425.29220968279947,2055.108336557479,12.91404308782489,667.4854337526007
1017,641.4231140085967,37.5047559065993,145.8869088115652,6.796973861906826,2.1664740480936886,0.15418192516692786,80.37595486033491,7.057339375003297,0.1719141655371081,1.6046898196198218,2.6302284074960633,2.54604771287399,2.60260739637515,2.478328547892106,63.80876910341684,44.032825004960166,0.07364581925923037,0.9004352692607065,10,0.007690032534753032,0.15421472937000888,5,0.07110172879262676,0.8275999475318805,578.0,18,507.6920296415682,0.3366590590515983,3.3022917905026086,22.638375743713755,26.626315447942083,33.90774703361832,11.72107766624081,13.862633900441084,619.3274003754882,3149.539037778036,8.516123516024344,771.0471992362719
1018,527.8914072160412,20.7970984217847,130.727083162954,8.515107100389198,9.980111453376102,0.21912186283704582,47.77566202894675,8.988678414112046,0.21602674221442122,3.6046364755058096,2.680410705596284,2.4374965038419094,2.241305490952071,2.4584408707383822,21.033456856894137,12.27598254929584,0.030990070976653593,0.6429702665516451,19,0.047737355811889974,0.2191659272404614,4,0.03132187120813769,0.6268016332475651,1653.0,86,4714.309803344065,0.3388337631376581,3.9627501486031305,6.36644156045163,11.576574756709732,18.590782337232397,4.492167276802668,8.191556395715185,349.9928526522583,2992.3192881745963,7.898654169668588,567.0178230928963
1019,395.92440051230705,18.914229761424227,70.03262463763211,8.63001558293143,4.608505076420464,0.22621628061928029,46.235642002170906,1.5077488677033024,0.22161554939752087,3.0394594510132924,2.667436466481558,2.3325119139247326,2.3443971256975105,2.509082534860427,84.5248313494741,2.1186773305453643,0.09696375754280816,0.5734462189259782,15,0.04998521147589471,0.2262052647145815,6,0.0870738826043343,0.5657297194224643,220.0,14,413.1676718684016,0.26782347801394524,3.3022917905026086,23.360042560463558,37.04201137938476,37.526030118800065,13.83368085985521,11.342155009451794,367.8189976881072,3099.5219523321284,11.163174717537913,558.0809483618123
1020,522.5450850485513,15.78630584461237,11.353916745797592,7.6557362280456465,2.5090920772616365,0.15852952932498476,65.95465981853278,8.149641691861163,0.27272137706749566,2.600408661031916,2.6874406539020654,2.4746524320884498,2.2142961749586476,2.4288134758153017,41.30481526418685,157.29452215006876,0.048817564315113166,0.9157273517114161,16,0.04897959183673469,0.1585329784087548,6,0.04671552300608304,0.8515212661281159,788.0,52,3713.3091404267866,0.4314569980528846,2.641833432402087,10.114620768025826,13.201415053865176,39.18722941059332,7.171466184483635,6.931316950220542,2568.4701733808142,3684.7528706132316,12.716187407449045,909.4740704474895
1021,451.03584988519304,11.389711203880164,148.71950634626083,2.9031765333751833,3.9690893731203762,0.2881984105260338,93.08017705429297,8.636029428346182,0.2029339301242808,3.9509011383483266,2.678342351326784,2.129509298409776,2.417560283939817,2.3963788405983157,33.54923845938924,7.0140488065995354,0.05212411886470163,0.9945785850199154,5,0.010884353741496598,0.28819875776397513,0,0.05093015557964836,0.8788015201061945,448.0,24,880.0065395194206,0.4792689274634485,1.9813750743015652,12.237521272085935,14.64619901561247,57.16997386159244,7.426234955302418,12.60239445494644,544.9799365134353,2393.8104403685174,8.690860010852617,855.785765096925
1022,320.18432589851056,43.84759361256366,88.47216596692623,7.16853589021338,9.739835869449267,0.2356480036052599,106.70757058113668,5.6988910267161,0.12597810831634193,4.005499487073917,2.639124704080452,2.5370730598042814,2.630696304600865,2.4200724894988817,14.528126439366021,137.18939241766537,0.05138792719713903,0.7741638545172191,18,0.07110322389825495,0.23566992014196983,4,0.051037100912428204,0.7535548169192303,843.0,31,1094.1009714850356,0.40300849819979145,3.9627501486031305,8.258912697237871,16.78411208339601,26.135772021449245,7.151939293261934,10.081915563957152,343.40548776748017,4304.875519247506,7.8531277281584595,729.5332905508101
1023,438.6041780029842,42.9730365511961,136.44029267555436,7.977787057674937,14.992739469390523,0.11690913924934294,34.54788956691081,4.009794182171802,0.27242908683998696,4.106633304750002,2.6373645044166314,2.1808261561475297,2.3533421941409562,2.4173583889882266,56.055189937841604,215.12687579376183,0.07237209781417603,0.7114430177554991,17,0.04986690328305235,0.11694764862466726,6,0.07194414549865945,0.7049990272704586,514.0,38,1482.9660128765904,0.3665962323539187,3.9627501486031305,9.909077579381831,30.493943501188973,17.922424323561362,12.935243509803877,10.712035286704474,308.71069054798323,2953.0719355556002,8.444016491289505,777.0617474666586
1024,432.86168919079944,15.155869766150566,55.546772122243546,9.08039725338963,11.603384853455516,0.06050480126991274,124.93605810351933,12.18545549444077,0.2671861609993399,1.925073499218151,2.684218495934352,2.310500992695389,2.6929496679187874,2.4781099698169706,33.387091812438435,21.227589525670922,0.0429604665423423,0.7740094956622299,15,0.05968648328896776,0.06051464063886424,3,0.04267923326733767,0.7064191912668992,238.0,16,778.6349173499125,0.33381883238092147,3.3022917905026086,5.947132087388762,14.160455993110093,17.297725082009,6.2318285999372005,12.60239445494644,536.5272056076496,3452.3444526902495,8.774855848072946,780.1437945100537
1025,607.3910783109504,27.520566627958292,24.321742285888497,4.061828504569898,5.566757456935459,0.21087121467803616,85.5900538319273,0.08715786610415444,0.24734173723605699,4.5022545195887815,2.622758517772061,2.521239109230946,2.447017554356649,2.335329790684158,52.744123000280865,3.4066474467338113,0.04549264134136849,0.7981805598829912,8,0.019698314108251996,0.2108843537414966,2,0.0465540002711715,0.7585924343624457,0.0,0,0.0,0.45546592218492954,0.6604583581005218,19.623135304337065,19.623135304337065,92.07878218347291,7.639945384920931,8.191556395715185,345.01649743712005,1058.541439267569,8.058239062071396,723.088776211697
1026,379.75801856653595,26.059682310628375,29.185520421140264,2.2844481315489302,10.69157173115957,0.17281686690111564,60.288420295705635,2.5904209306297448,0.2704316647733197,2.6551755451159536,2.676441083605788,2.319081405996175,2.66860070517221,2.4927539422519516,49.80542951908084,6.13558555371295,0.07201073640419794,0.6841610331540426,3,0.009050576752440106,0.1728482697426797,0,0.0724997589507465,0.6377460084529015,41.0,3,123.36392462081187,0.27092091001029317,3.3022917905026086,17.429277561927563,25.653845682463604,38.875896640471694,13.147831076450965,7.561436672967864,670.190823828522,2790.4058575898207,10.79321965518293,614.4522888115905
1027,329.7910946388919,24.712856240957453,84.77430916640895,2.092127104052639,16.398962912712385,0.2979714793908168,53.487886164090895,1.6604065948211004,0.10081558623157082,4.385818370097627,2.6508964131512838,2.437206359081987,2.458207275779988,2.4349626840040375,17.19672105578711,42.97814000683559,0.0890557683713247,0.7837130685424005,2,0.006211180124223602,0.2979591836734694,2,0.08977645656502609,0.7699636203057858,36.0,1,1.7961740537673268,0.41874909901722335,3.9627501486031305,16.943185884366773,36.3483420720573,23.885605641150487,14.759680683311688,8.191556395715185,1072.213064594782,3391.1278053749675,9.965574970333758,805.5525782539386
1028,605.6598775144412,18.612894479540046,101.29682435444498,3.451028880358608,15.246412163464395,0.16862714138017154,146.5732763314501,6.646442373154231,0.26132644705687674,1.978446296021807,2.6488847338922095,2.2327761125615817,2.2734484724462254,2.3111893935368992,25.173524365070772,6.6069020232337,0.07338962572858385,0.7365749856221873,8,0.040106477373558116,0.1686483288967761,4,0.07173397955399567,0.7131594033447076,277.0,16,1204.2386589744892,0.5006406158072134,3.3022917905026086,19.025949456074738,37.855112547550284,28.254578293596012,10.39916268993438,12.60239445494644,494.5735926124088,3263.400024712179,6.214604284938069,647.8443743744963
1029,612.8720677142693,37.601716005183604,7.379480424967822,3.4721271188315264,7.265094585808771,0.17259207668301857,71.21831670261118,3.5593272653926897,0.30404691373834647,1.5553305259320025,2.6764095097626543,2.53536518558352,2.30144911979716,2.4300560493282415,14.44488385452801,545.158177575567,0.04724264514333215,0.8237812710401957,1,0.0002957704821058858,0.17261165335699497,3,0.05009798608689911,0.7481071961384261,34.0,3,239.39894475466426,0.44671296080772116,1.9813750743015652,17.918214383439384,19.551660470178287,54.80485458451878,8.139890535208007,15.122873345935728,562.8442190703071,3701.3305734165997,8.480881792933562,686.912033777461
1030,402.9026617295174,10.413699128259614,121.92286935841068,6.600217022272886,17.843838203067346,0.22365815526558752,48.275651962049295,0.6213886299069288,0.09303909245062099,1.5731239556394128,2.653491978269594,2.469815756448887,2.34566614211912,2.4250468905893077,58.88705001000691,20.183651450232766,0.048227212600916405,0.5875183286424441,12,0.03288967761017451,0.22366163856847088,4,0.04716346613052406,0.5704813576063902,0.0,0,0.0,0.36398828177537457,2.641833432402087,8.414151845282063,13.483913182269054,34.08602052681658,6.75292369626941,13.862633900441084,246.3892348296194,1696.1339363644622,8.330071729598028,394.18475817205996
1031,562.3984200609032,46.170455399310406,99.32320070092273,7.425449203330535,4.373854239053404,0.22748431123723672,32.73437968782493,4.404198533457933,0.3118060430628421,1.0353767187854297,2.622210025011586,2.1780094093038267,2.343176117186386,2.3966102872281367,12.227996003179637,13.799047619706968,0.09433313374908696,0.9140350259225026,11,0.04389233954451346,0.2275066548358474,3,0.08928733315063753,0.8194636773563816,462.0,33,2599.2859162031896,0.42554665563150307,1.3209167162010436,18.523622026144604,31.500169888190822,47.93610815530041,14.424518428586362,12.60239445494644,1095.5752923531927,3172.040545381823,9.467132600833164,746.4023399105996
1032,627.2090022031763,14.589539103214927,149.47374682320358,7.707268715998934,11.224759251516279,0.13993816855337599,31.69593386376854,3.724330762663002,0.2833596153005403,3.913586284650497,2.650154329185743,2.332363037639698,2.2231976701093243,2.359843324574481,88.60480035354739,35.852767391960064,0.0583000637482716,0.7458159333749109,12,0.027861579414374445,0.13995859213250517,5,0.06074233412456028,0.6946174773489022,121.0,12,672.5994994861559,0.48002151082023437,3.9627501486031305,12.568946365513295,22.722743672407553,16.524522746765278,10.587926580740156,13.232514177693762,620.3392795735925,3202.5022561675423,8.95623198216277,717.3456828578461
1033,609.848344495822,40.75670538010232,138.09926234618302,7.005421957156707,10.440248360797593,0.27145953883814333,79.43680332746517,4.321118300894458,0.19319070751652972,1.84937151375046,2.654207993561531,2.3873310182019662,2.290633811036754,2.4401072468874747,10.999631466717315,44.885177636927615,0.09341120111937752,0.817518114454806,11,0.05116829340431825,0.271458148476782,4,0.08122092561872177,0.8017499465937462,799.0,31,1287.5519038088607,0.3327067901103895,3.3022917905026086,11.001437813188238,28.23312388540135,12.257335203001883,13.220955197268026,15.752993068683049,441.90752904568905,2899.3597181623704,7.136496464611085,664.7064546136933
1034,663.0914690629438,12.960071736262105,11.636416097965324,9.365794462872854,15.342101222018098,0.08522881004498077,34.55039426988641,2.3485103932417815,0.22322825811508795,3.7147644019262125,2.6907907323831277,2.577061306559123,2.345641568541742,2.496669868801312,12.616313939965266,137.8278555026996,0.06257761708174621,0.958531401278919,19,0.05412599822537711,0.0852410529429163,1,0.06342822091918097,0.8483477749816755,231.0,9,184.4750315903797,0.3396351898203389,1.3209167162010436,21.40049734429293,26.834489838840096,59.25662090295524,9.829988943197174,12.60239445494644,358.7416661284176,3648.516674689718,5.917025732138443,880.3554251571418
1035,431.961666557231,18.43750289409079,118.40945771628827,9.547608314802389,9.848023536995914,0.05127864110551715,122.26660899212655,7.3285782467024845,0.2798331399185052,1.9332101046899655,2.675993422521966,2.257770927843696,2.3293053227805385,2.414914940734564,11.000051434100868,334.4968163574763,0.048179647941270144,0.9465661553609502,9,0.027624963028689737,0.05128660159716061,6,0.04525207588915537,0.7907264079567643,37.0,4,99.13457358255106,0.4572074369233743,3.3022917905026086,8.53730641660392,15.161991237422317,29.03247455203703,7.377484855639437,10.712035286704474,1104.8630159340603,3433.2362044309093,12.766152972845846,765.5129501435557
1036,422.92035070744686,36.29279837450065,74.50258955304761,2.3298621311727086,5.586784212678097,0.14285668648768074,35.90223855378171,11.971077722216975,0.26368833869943936,4.961765219243313,2.6541672305649118,2.3627400994557317,2.5396736185937963,2.537316384635379,11.080457846760059,9.299604568742986,0.07433917536421983,0.550620478222857,5,0.020763087843833187,0.14285714285714285,0,0.07027385414005995,0.5663254558194325,409.0,34,2893.2233424166757,0.2905805561303825,1.9813750743015652,22.896832760591042,25.689237937258316,55.908881962751,11.93188183597296,15.752993068683049,237.48687200714915,2180.8980495472742,7.046725639945928,434.2468494698422
1037,432.81669798511,16.444583974317222,91.35460813542007,5.637642237346025,10.848763668341649,0.23895237895034083,127.56218004417401,12.721116694314796,0.17366404178249611,2.2736704337236042,2.6436601726177584,2.5096371474043244,2.659262787625278,2.429120365793605,26.323612830119565,4.591439622300966,0.03640331506804525,0.9579195332820378,6,0.02052647145814848,0.23898254954155576,2,0.037343813492116115,0.9274080455007284,670.0,37,2335.389452708089,0.3291543707554663,1.9813750743015652,8.382962615875387,14.161719936705824,29.42452872043851,6.873978946431687,10.081915563957152,1022.5226187831001,4169.562514421282,6.179528547030358,1011.313319027088
1038,434.36476425882495,11.718264968329768,59.05924039870419,5.05780692691181,10.473178073837145,0.20573139758226122,100.29809154644018,14.103437963708334,0.317113094764345,1.7471142169709526,2.6590027049890694,2.3030470177605067,2.2734561262948834,2.4682240064771825,16.647775158326425,2.518608921132806,0.08383470928781019,0.9758443845928888,11,0.017272996154983733,0.2057379473528542,4,0.08188123380725364,0.7726884817596493,1057.0,81,5907.455725407587,0.3520705419266177,4.623208506703652,12.266852984082693,21.68010726792287,19.544100476116796,9.438556421555525,17.013232514177695,864.6572242935224,3580.891183939056,8.444016491289505,788.8736420402848
1039,624.263011035972,21.67403290749644,83.08416263560933,8.094725041102913,12.877918333165393,0.27141510254390894,87.91132606423882,9.937437627325327,0.2878078866297339,2.974066107481912,2.633208365983543,2.41026803333502,2.26779854632782,2.579734613432017,39.51943377362691,6.967774358021905,0.0803128425700204,0.799987587236489,18,0.030286897367642708,0.271458148476782,6,0.07966601301540496,0.78760399596556,1841.0,125,7542.2518384227415,0.22717961599402248,1.9813750743015652,20.53206568079388,38.245627683532966,48.45465633447048,13.711067251022609,11.972274732199118,658.1630499070635,3445.0998298215404,9.640875829802336,675.4467383749462
1040,610.5665903600147,35.191494393537006,106.74947310528684,7.458814257906858,4.524541901360562,0.2576038588139528,114.1494770082496,5.998879259810234,0.22135020933895092,3.941457492093051,2.6588243568039513,2.2985458977891593,2.645373993639015,2.448563555846096,11.576293341272006,1.3077842230306451,0.03045216110619012,0.528284901689749,12,0.032061520260278024,0.2576160899142266,3,0.031864774124093095,0.49478447582591223,818.0,39,1645.3840259151684,0.3506201752792446,1.3209167162010436,8.041513897670098,12.219785048542596,46.53175360381739,5.237073185707618,11.342155009451794,248.79500885899193,1853.377854216193,6.98940083140573,377.1472627502728
1041,635.5093899249124,19.08635732738722,132.5782782807507,5.546342407219801,12.280301857470246,0.17529922822734695,120.94629206443405,10.561533334185995,0.32491690777371995,2.087553145047053,2.6727056889391974,2.4831527340411643,2.3116869019451816,2.4442192804609792,48.129954776446475,16.839901716397552,0.08352701166593793,0.6833279177575928,8,0.009997042295178941,0.17533274179236913,4,0.07430092388340041,0.693100078385662,840.0,60,3779.039431688765,0.3476579448319219,0.6604583581005218,29.391694307825926,29.391694307825926,95.11908433583697,11.634068354051001,13.232514177693762,402.1949066742298,2604.530129308671,9.440697438826296,602.0238174772622
1042,445.09296863891666,18.203826511490032,86.400549351293,7.976735138271756,4.138324972396921,0.1961514115477011,70.94325042916782,9.037382528499368,0.158682551494145,1.0586591210911798,2.6231658970789056,2.5446874394228063,2.6478205214376818,2.372572388583742,25.35400145983534,353.2661317519583,0.08695776705434169,0.5738098659183188,15,0.04992605737947353,0.1961549837326235,8,0.08372662736881527,0.5848977382293536,1113.0,38,3759.338186752889,0.4102630425088214,3.9627501486031305,24.047806889106752,30.60769385492093,32.57463329403474,12.217224572940113,18.27347195967234,134.0208396439396,1208.1804833827082,6.4820448144285745,514.996987498349
1043,378.5643086898428,11.785276586530626,59.732225507206486,8.927028998787883,3.4187421295710294,0.19754829376369198,48.879883477805514,12.518477271891722,0.1875198451657945,3.949857548279041,2.6204592363924593,2.5153853560450887,2.4525387222535198,2.436485824598551,16.673771904894892,5.6450722692315205,0.06092072045645354,0.9634631622527527,20,0.060810411120970125,0.19757468204673173,4,0.06192338863666987,0.8584238740536757,1813.0,73,3782.0123235739875,0.36436910229620967,1.3209167162010436,19.96066708489055,27.480439310368727,58.96391362087485,11.714737000133654,19.533711405166983,311.0341942746078,2940.82538928861,6.579524642479541,861.0948262393878
1044,324.32966915973736,39.81466851118488,4.809004906531145,9.395804830101527,14.249547335448167,0.24842749190635977,86.25037588213547,9.756359520043322,0.26083583717130493,2.3431016370639375,2.644481956855791,2.337959369326032,2.4858190053752454,2.4444141223105214,42.58422323286726,247.07423339238377,0.07964841414495497,0.6935515728091102,16,0.03921916592724046,0.2484472049689441,6,0.077821377458911,0.6372539466031337,1123.0,78,3393.3754037648705,0.34883953787282884,1.3209167162010436,27.060110789532878,27.491258693467973,67.28652236856377,14.616787654713146,11.342155009451794,279.3527452419031,2241.7116553841092,6.950366585984057,690.3326490537961
1045,616.966570114919,16.268829781407902,107.91454514630459,6.473605834058547,13.827367181504686,0.18702973568655923,52.6800866050751,1.626662038433112,0.11349586095509831,3.3897595327442116,2.6350938749584576,2.4661569882074983,2.2090852920305064,2.5398221073095586,53.52308402662998,53.664996171007694,0.05144121128432906,0.8155474093939592,7,0.01816030760130139,0.1870452528837622,2,0.0516806700969153,0.7550514859600416,40.0,2,81.1035613020062,0.26267411849275346,0.6604583581005218,23.516142110537626,23.516142110537626,90.86780754264697,9.112624014796394,11.342155009451794,554.8693596937107,2952.652529980773,7.037429099228232,801.3759294796521
1046,350.7696389981849,37.022646678923685,98.24562977024604,5.747923062035185,6.309206456723005,0.1556672185126478,35.70368100074251,13.052937298307032,0.2604550392783105,4.442815221250223,2.6262294227219187,2.383882436577736,2.3684506617456647,2.4768513129112257,71.23441472015895,8.88379122037213,0.08600381113653532,0.5817312602283595,7,0.011771665187814256,0.1556935817805383,4,0.08026313465883071,0.5815272807908459,826.0,47,2515.965005559044,0.3999811299572591,1.9813750743015652,25.785253827963245,36.994728143331,40.65298179797198,14.634563105926944,11.972274732199118,300.8543383860259,3541.1884452535846,5.4115163798060095,616.1078208597329
1047,513.6771176633126,19.819302122951314,49.38273611324085,6.5705633125146115,14.3214638791633,0.11758431613724181,32.37996710939392,10.423754096456689,0.32043195471289454,2.534880561892413,2.676702814775368,2.518446626471004,2.6449606111235275,2.3569132243997752,24.24601264192814,955.3544965195662,0.09284743324274948,0.539326454986766,11,0.014788524105294291,0.11759834368530021,2,0.09024167188636105,0.5350085851123653,407.0,32,1459.644523315033,0.4996760564095033,1.3209167162010436,21.700394169003413,34.76600653428789,47.03217839795859,12.795063306888261,18.27347195967234,196.02066356603908,2447.8267568788733,6.579524642479541,471.9758080305414
1048,574.8741356361722,12.100445943798967,141.2265811268606,3.74592993428653,13.19138690711249,0.07502928211908795,31.251841020373295,0.34061313829187423,0.1903015322140299,2.335603215541188,2.6096922074688926,2.5320849140816937,2.6448651369389826,2.4090775436048752,93.43748829045195,137.08522144954642,0.051722233660596834,0.6704901030934289,11,0.0246081041112097,0.07506654835847383,1,0.04969214214791845,0.6728488374039852,0.0,0,0.0,0.4079838941391718,1.3209167162010436,15.668655389683629,23.764834096707197,48.141785245414475,8.597417196000059,10.712035286704474,309.82234319702656,2946.463735400564,6.4820448144285745,618.23418484776
1049,410.3610238058083,24.118246966665183,116.65608794374339,7.83700864461779,8.22101062585499,0.1814868975510847,62.69602214636796,13.80745560040123,0.2857239819728511,2.3175145263151484,2.663552201679656,2.3359747126845076,2.6145609776704357,2.4612951684920774,26.281093764858987,80.14423232514046,0.09812807479696711,0.6489471242199081,12,0.035433303756285124,0.18148476782017153,3,0.08746444481624027,0.639938878630618,1435.0,82,4935.202017356711,0.3381782739193122,2.641833432402087,28.99579023045413,38.889620660097705,34.262595921649634,15.296689535716498,8.821676118462507,515.8485800461672,3511.222608087644,9.162781942703626,612.1189414939173
1050,494.83503558207724,16.152083622812793,149.40508489498447,2.6819843030017863,5.988639191360489,0.24463409616716003,128.8529440802355,5.1771212440186005,0.1579257404001217,1.8640415419862464,2.6216287909549654,2.5181820863172195,2.3652460191772007,2.462536924693308,66.72402115916424,6.680772335050526,0.03176206876993219,0.6905374528451012,8,0.02443064182194617,0.24466134279798876,4,0.03003058312096573,0.654924164488678,702.0,23,2038.4500865955695,0.4078624806822808,3.9627501486031305,3.8142457699087933,10.638726352233576,6.853299574668448,5.634954183624899,11.342155009451794,209.06512394806407,3148.247981098951,5.108573994933366,619.3954000571889
1051,589.8792292464353,13.770334128561844,29.227428845884845,3.510183009260933,13.174169517358099,0.17707080213007864,77.90007185438958,13.145350785395863,0.3156244525994809,1.4067129288407787,2.656671722116695,2.251743584128037,2.2145896732805506,2.45294304309171,11.120707405233302,39.119403310628904,0.03874593870348658,0.6285663938549684,8,0.013427979887607217,0.17710736468500443,2,0.0379604949728222,0.6068601136745051,576.0,40,2246.598624144081,0.3025893357720735,1.9813750743015652,4.401315615515139,12.565162934445903,8.058239062071396,6.142669427642871,16.38311279143037,223.03853367388734,958.5081494377885,8.057851749142547,455.5354674024078
1052,418.5919261991327,21.711909024123035,62.45484097039983,9.466753631749263,16.16968832119027,0.08868124711034724,68.21858400562827,0.01919964753764325,0.13699556609037825,1.9846123209860655,2.6404698768808674,2.3104997904750872,2.3111631123554064,2.436929891938352,15.172152650677884,1.359382730718488,0.05424056641598744,0.7918634442009691,18,0.04939367051168293,0.08873114463176575,3,0.05208134387519248,0.7623747663875765,0.0,0,0.0,0.39574107253057766,2.641833432402087,14.434592238283688,16.54242182519395,47.325995107473936,9.178578852336557,14.492753623188406,677.143765636858,3759.568659703971,7.48482063701911,791.7976300273037
1053,615.8567566126286,16.368506211690125,124.25860663041031,3.1073868744783937,14.607224514625612,0.13373616942787414,80.85386007604224,10.576647390186006,0.3308287561991654,1.621458727809086,2.6799026421930567,2.586591003449743,2.5093003011492474,2.47434645098086,32.454836347291526,1.1798609550629404,0.05850877928425332,0.9053328861423311,2,0.004791481810115351,0.13374741200828158,5,0.058206508235262425,0.8596200073060386,145.0,8,184.75632571693643,0.2667075265045544,1.3209167162010436,24.215128238435895,24.215507884680534,58.81911118600733,9.726034050793753,15.122873345935728,392.0121067983089,3344.094069042416,7.0904741660728074,829.1716900709732
1054,329.2278030122936,36.55773224226802,72.1737579280182,7.857869669813612,7.770294049422055,0.08976262927764626,117.05429686286665,14.445799993311313,0.17553188801093283,2.207739431713096,2.631975104385511,2.292704503517098,2.6978096568210095,2.4579639830857656,70.8557927672036,218.467566559258,0.04775573330376168,0.9551904975983314,6,0.014965986394557823,0.08979591836734693,5,0.04777652687927356,0.8993990017755771,285.0,7,320.9961336506769,0.33928638720415005,1.9813750743015652,20.62052662780399,21.629188817242337,32.7618823667344,8.593305060469318,8.191556395715185,1140.9515145639975,4253.777970224636,10.092530088080641,1009.0246197015124
1055,599.1711782595037,11.561106369579164,87.5035498156022,5.207225430093878,1.0117185026703224,0.14216427563913286,45.41658847883901,6.865557166772314,0.20154534240308494,1.1865083308618023,2.6469138677906976,2.147707942306304,2.5721102123751214,2.4884197580014105,32.94739440790703,534.8481973664757,0.05089035396125757,0.850194894056985,12,0.028985507246376812,0.1422064477965099,5,0.05061842702833389,0.7411163801426991,493.0,22,1352.5659018495276,0.3616081993810094,3.3022917905026086,14.477463588010027,17.228131650988953,23.452920571340155,9.153424163644255,15.122873345935728,623.0933633860864,2981.505503981569,7.399277020331919,637.6474678821995
1056,642.6237451971488,12.181643583611386,69.08558803924686,6.677530659400398,13.677958105829134,0.2472774819127972,47.32518439505018,4.835383315440651,0.24230526937882513,3.0289659851265203,2.645671590003437,2.3655044984193925,2.3035661162538776,2.534171588784235,42.55430118794463,1.8285884900396177,0.09739176502534302,0.5783740248496945,9,0.016030760130139012,0.24726412304052056,2,0.09778903201054098,0.5614451688262555,214.0,9,724.1207014687698,0.23432239963488,1.9813750743015652,35.278136971013765,36.515088354176065,54.408473067246184,16.267674227869787,20.163831127914303,347.52669911403893,1427.0476090537954,8.018542335050025,458.6406763991541
1057,459.6783203690145,21.986025062412615,49.031287025961554,3.3862958850219247,7.385881786598512,0.23275389967933907,128.33909343379918,8.120760256833591,0.09368097855701477,1.6728718156551392,2.6909134292036185,2.4813267837230075,2.3293815937037183,2.4430270590881684,25.12220589990735,14.333575510387783,0.06539011384315091,0.521164960467295,5,0.01129843241644484,0.23277136941733215,1,0.06382217950611573,0.5116101938490982,294.0,3,208.80997283378903,0.38982382330351184,3.3022917905026086,22.561605619708985,24.723505784576997,40.1011414426137,10.263293940480247,11.342155009451794,110.32928804991818,1890.0363191127283,6.068351939087258,471.41636258541206
1058,335.3037715114853,12.899787679818502,71.23139446346252,8.319378199749307,9.257677117014792,0.27230656038961054,52.565937264247744,5.865656639957068,0.09071366911683745,4.116143873987767,2.6913532804877254,2.2092094084307567,2.637055518045231,2.4920215453299184,38.57539468833146,189.93708124876943,0.07112709644904501,0.8614515544309473,11,0.03277136941733215,0.27234545992309966,6,0.06927956050052828,0.8099454635423956,812.0,12,1070.0564664601493,0.3440859401302694,1.3209167162010436,16.457932442236974,25.12460562583043,47.804940458269606,11.273322234141954,11.342155009451794,406.49694922049906,3248.9762632202055,6.767660490390794,815.7052860422075
1059,477.75179578330517,16.899700263450658,64.93167386548532,4.510010398940903,11.023223760936666,0.286443928267957,98.48883497082916,1.18455391836781,0.2163551274926291,3.052834133702441,2.685784301678945,2.3116587670634887,2.321460963540981,2.42732969946715,33.63855456471744,2.938880834094961,0.0757143065074788,0.9998434061838681,6,0.02922212363206152,0.28648328896776104,0,0.07198828044725915,0.9509113142334938,46.0,3,155.4594628139577,0.4314712651024406,1.9813750743015652,5.628089476914254,20.634960018723813,24.35835848013133,11.835325218429176,10.712035286704474,1319.7943397342356,3893.732490916066,8.51907589177983,1009.9331269422225
1060,664.5765037628806,11.49975294270188,138.75970345493224,5.551785190846888,4.965258373479004,0.07399378090922358,50.00158284351313,14.884240347584525,0.23051863765459044,4.963661590112247,2.6869702928285633,2.2395296079467544,2.549330842164465,2.5013711441461464,69.04601485419782,797.6235542612194,0.07737821010051801,0.9895649295385204,9,0.03643892339544513,0.07400177462289263,5,0.0827996684095014,0.8234077708303921,293.0,14,465.4281479457166,0.2973126981988976,0.6604583581005218,35.36640814572189,35.36640814572189,98.0132254597654,11.999110196877083,12.60239445494644,394.75817892537543,3476.3091517577777,5.970821321441846,847.6862392477218
1061,535.4416522455705,24.21971992048062,44.635076889730676,3.9931810462733823,4.135798551634276,0.1854628119322368,57.550413274207045,3.1411953760589766,0.11301742071972892,1.235176815673615,2.6748364252374506,2.4995081587784522,2.4439048787846422,2.440567889016811,94.56785420555144,1.8039635517741663,0.0389337265824755,0.7590011066321749,8,0.016622301094350783,0.1855072463768116,2,0.036330722902780374,0.7189210847704107,187.0,6,199.96280703225509,0.3871575008282355,3.3022917905026086,9.590326639452421,11.713079681060188,40.76245338395847,5.918342564375646,13.232514177693762,214.00794036494088,3290.6541553939396,4.51351666838205,713.6646993411408
1062,548.625449293178,13.23859253273914,114.64306323294664,4.842011057696384,16.40090834682286,0.05850930650726403,148.39251940855493,1.4812529310547307,0.28898415891563667,2.299753498489149,2.630685786795962,2.101965177847395,2.3142243514589307,2.449311953589971,46.81144053850608,103.69913008244177,0.06679668719239262,0.5023231382945204,3,0.011949127477077787,0.05856255545696539,1,0.06687115151174806,0.5137927621525153,29.0,2,126.0614381535786,0.27794267608805123,2.641833432402087,21.23341264474456,28.10972278954085,41.62190113889497,12.131252353366904,11.342155009451794,410.3625138956806,1572.3133104965968,7.653039857325812,344.11469959038743
1063,656.766598757464,36.43508256302849,44.77565109676052,9.62278783784133,8.725736398110097,0.20108310684387043,120.50534875991376,1.1542045366188698,0.31070328681506326,4.92049670327001,2.6207150075849257,2.4614752399236606,2.5478144682687978,2.3998177010974793,91.7972480251939,28.974003036112826,0.08386922828389975,0.9621986205983972,14,0.04897959183673469,0.20112392783200236,9,0.07707053899294491,0.7942439143463904,93.0,6,227.11756270987965,0.4313731783572097,1.9813750743015652,16.30252386646885,27.172340505487206,36.70268979693181,12.373412332998988,11.342155009451794,568.1867080808881,3453.433186365637,7.856985240632573,806.412976949803
1064,410.3223620689533,20.023841941376403,21.392557682411606,2.492253102029009,2.9988286337855605,0.11728818994658392,46.31338729339386,5.560218507429319,0.19040401362306655,1.571040527320902,2.6714851677769422,2.5374348715402704,2.5599274956477513,2.5111960403573126,93.97258134077988,90.93333020914405,0.07528224063844643,0.6999409898757393,3,0.018870156758355516,0.11730257320319432,3,0.07697081242409604,0.6733246305977812,283.0,16,900.5347257947072,0.40392128772538527,3.3022917905026086,24.42814093114027,28.65750227090346,31.229817342839755,12.658325140250907,14.492753623188406,784.3255206074863,3292.6868451262603,8.884866446580956,585.201512629314
1065,669.2267540593905,13.872947454571602,126.87278317695755,7.63138396835585,9.30428523757773,0.07321430765150179,61.18277032957397,12.034419880880975,0.15475491730979252,4.984870185445822,2.6236818283769994,2.3717783149354568,2.600797068802748,2.4429455473487334,51.46317131880336,14.224603373421496,0.06646780143491676,0.5710323475221246,12,0.013013901212658977,0.07323277136941733,6,0.06453329390814863,0.5526238636362247,344.0,9,1205.2449157397607,0.39115719664666493,2.641833432402087,19.881096368657573,23.84409042132534,38.375639110789784,9.247573230324234,14.492753623188406,199.02408351530437,2616.6165143318444,6.180387232371033,579.6499453983604
1066,465.55155268991075,29.062400205691297,4.028043122339025,4.90638578628355,14.494771540193613,0.22825064195363887,64.40418035781302,11.666194031686642,0.2082979977380539,4.990096892216743,2.6466835795294474,2.514997148068601,2.4763040991555796,2.396797023138519,22.935666109404433,18.8866058882936,0.05943320414376215,0.7797668508913673,6,0.03797692990239574,0.22827565808932268,5,0.05926186442623765,0.7558573167112346,969.0,61,3193.5452014903085,0.33996875659564685,3.3022917905026086,4.793967723878445,28.405582790329237,6.579524642479541,8.454091422285744,14.492753623188406,343.8400379870657,3557.418871794898,6.579524642479541,826.5373389538188
1067,642.5404936511626,46.33963138530328,0.7591485823680022,6.584344289399748,10.046797995476581,0.14161847958866364,89.22023692765791,9.703838218315425,0.29991173603222177,2.0069343823466443,2.6840286211771835,2.1970974465547872,2.4254628508534553,2.4376704736554373,35.25944756488016,14.378161179966689,0.08885729317795975,0.884633493930945,13,0.03241644483880509,0.14161490683229813,0,0.08732689731927663,0.8372267859246738,553.0,39,2033.7500711701214,0.40715351735308136,1.3209167162010436,36.42450279278306,36.48309917676188,68.1541514332715,14.035074056653388,7.561436672967864,1535.6558720189307,3841.766651859001,16.32507234621713,863.1276913224908
1068,604.9475597910543,34.39913656872028,25.24059025887836,6.123054199781807,5.209882146868351,0.08671048062798363,106.5527333193333,11.761021937990968,0.3336519858996691,4.2564206759825005,2.662706365259737,2.3223791850067705,2.5842747755339586,2.342032625307957,14.214362380712807,79.8100367209975,0.0704691664482464,0.5266342588143149,8,0.034545992309967466,0.08671990535344573,5,0.06831443110458506,0.5085348366604768,256.0,21,1681.6830146787026,0.41428423590026764,3.9627501486031305,3.709552842669499,20.30138708699923,4.493459852247077,10.786081078355577,13.862633900441084,125.80324529649972,960.7704305881681,5.584901113509465,435.8888542901097
1069,668.2168826598745,44.12277222337025,23.75790582593404,3.989421353819906,15.041557260657818,0.19703594690879767,101.7836462634777,0.04647111865535403,0.18075253016699794,2.082414530091153,2.636256211233647,2.4565153065431837,2.2769351946359997,2.4194269498113594,51.71904619144159,743.593263434675,0.04948737171767746,0.9789953699506195,12,0.01685891748003549,0.19704229517894115,2,0.04902271450285135,0.8344539754299608,0.0,0,0.0,0.4309407334403117,3.9627501486031305,5.399658035967615,17.251905901398935,12.778488027888569,7.5929221285623125,8.191556395715185,1336.6525517317673,3390.636961537177,12.666024736934256,784.909926962299
1070,398.30619560452925,48.158762589459656,14.6063188203718,7.105299508154804,12.81331081761911,0.16142108357792223,37.135060338881004,12.221650307078562,0.33177500080241995,3.901285661402832,2.6405439420689265,2.1278669507177836,2.294335026371859,2.568241286542946,86.15975745389945,679.3035013745507,0.07236190708554857,0.7142996982099671,8,0.016563146997929608,0.16143152913339248,3,0.06853679571744248,0.6949683384601991,804.0,59,2547.0274718621886,0.26574820774762964,2.641833432402087,18.883778896791675,21.746175828670047,44.70474024071933,9.68092302716885,11.972274732199118,440.64092201023965,3046.106373595993,6.4820448144285745,749.7316586853905
1071,404.4802729791022,40.786534083946414,34.872384779128964,9.615716343617663,6.471621880541606,0.2568050627615408,36.138228291015125,5.557673264583208,0.30686028830682444,2.826083405563559,2.65391254384587,2.5151085586237136,2.2178448623867837,2.429642287884628,39.120207309239575,66.75196467486712,0.09311578708292124,0.5786726634608816,17,0.05010351966873706,0.25684708666075123,5,0.09146362301789343,0.5328618543733815,757.0,59,3232.551066960736,0.40109445755824114,1.9813750743015652,23.273808123466,26.74735910966758,46.00134914706133,11.325930033834013,14.492753623188406,375.7728118705784,2782.7515185854077,9.373021315815206,463.0331985483089
1072,501.56349850468746,30.05575564843089,133.06541305304094,5.49585308171912,9.997357497256843,0.17818264162050862,41.26410987768697,8.351949729980413,0.2975287072055438,3.037513407358048,2.673140744237638,2.499668420099525,2.6223421023367974,2.4935430849262348,23.93502220733732,28.5376596548813,0.0718487893476196,0.8781417036582916,6,0.024489795918367346,0.17817213842058563,0,0.07085664850547169,0.859646603148676,270.0,15,700.2582667422764,0.3544635066197297,2.641833432402087,7.1887855106161815,21.71953215103283,10.469712353316584,11.979470312690134,12.60239445494644,1106.0249232241267,3757.620163814178,5.469711385673689,877.8046587339459
1073,433.55472599483954,44.36012996641251,90.00604539804425,6.716797988274428,8.306010211758668,0.16673274964053048,98.59030911800365,4.475589280075042,0.17776264813406203,1.3198644716287267,2.6355715883202615,2.396116345629979,2.245103499272674,2.397836195494423,12.099567381440012,4.814959223615872,0.057752420323271624,0.7785378075316933,8,0.03200236616385685,0.16675539781129844,2,0.05685881914610943,0.7478354163155289,302.0,16,502.0450374389184,0.46042277064142745,3.9627501486031305,10.282037886727684,20.817342175158903,31.293377171204888,6.746883630342587,11.342155009451794,646.1845307573684,3686.927369559966,8.394836810190833,782.442031031659
1074,669.9582412614641,17.72930277146441,148.14096291660474,8.679593932783419,9.684704864703352,0.14063456643690714,47.81775433008153,3.8026324956250606,0.23491768928201118,3.5454072230500846,2.634646354568459,2.353293386735339,2.3127854985819845,2.4327791575854834,35.85302012975417,3.2241166339101714,0.09884547537838004,0.5594928776397781,18,0.0707482993197279,0.1406684412895593,3,0.09684133129635943,0.5435131499361773,368.0,20,1296.612068956129,0.3796752433817785,1.9813750743015652,9.777524595898617,30.372720443476226,15.26443044094783,15.49644790843586,15.122873345935728,171.0539319773482,3207.7203052888203,6.3328129003685705,615.41854996586
1075,595.5734367678365,47.89884500338728,19.571918592636123,4.072632183058235,4.44749559625623,0.13545968756441795,95.50464311139066,10.4517486497506,0.28190080954434893,4.056278823362567,2.6894000705037784,2.130961707841694,2.365175680482501,2.440993086910932,53.43257481211873,18.896599201009487,0.05024778345983462,0.7092233783847652,14,0.056669624371487724,0.1354628808044957,2,0.050245823028025036,0.6982931072391537,801.0,45,2067.4164755718234,0.36768481345270754,3.3022917905026086,15.565520854879743,21.292212479769717,30.52886088189566,8.28188628864716,8.821676118462507,152.2890085334978,3062.2016211529062,8.310670184790155,796.1267345885977
1076,449.40734218912246,14.214464793079193,126.41810327389331,6.0888443711114055,13.203070568712374,0.22683798137473976,56.173025906941206,7.677441676332916,0.17053654693606674,2.934187520808596,2.6179603144367993,2.4722005245590988,2.5137844371186766,2.5078421079833086,12.722143999287193,93.62478547005406,0.04752660158734373,0.6967137884861296,8,0.014137829044661343,0.22685595977521444,6,0.04586617379681947,0.6941309649453898,617.0,27,1738.2714783882109,0.26304632285093277,3.3022917905026086,6.354297302455976,16.182609530479176,18.19456736586892,6.937276082412537,11.972274732199118,324.5604063988859,3408.37473340808,9.0270333367641,653.8092934509363
1077,643.1354443714664,10.931237604118534,34.71152426393023,7.669455307673669,17.55017770633224,0.2366777506774113,130.4346831793931,7.17060933923585,0.31893525160005876,3.0003667384214943,2.691139096074798,2.143207463027654,2.432103067567657,2.5382684856605597,41.4002395488525,40.58120643625466,0.05656387855987827,0.8968783301963784,14,0.023010943507837917,0.23667553978112985,7,0.05594816599803011,0.8542431402807193,370.0,31,2211.728560111554,0.26001446165776354,1.3209167162010436,16.850718726039794,18.313919442874354,69.08350278801677,8.95042108746252,12.60239445494644,169.9201195795998,3632.3068301210674,4.849345767860799,785.3288719743696
1078,633.1197711364675,12.876074047250352,17.297436633331266,5.063581648584961,8.897415263120386,0.11263313114619021,60.8620925791983,0.4956894739814266,0.29731422184777967,4.472594878594929,2.6741035737260748,2.318004472110709,2.57904852694233,2.465244879461608,14.038717445847572,4.79218706106747,0.06668413549782115,0.7414336137135467,9,0.0163265306122449,0.11262939958592133,2,0.06866387071466247,0.6841319550665043,0.0,0,0.0,0.36380863166847943,1.9813750743015652,2.684895515509316,18.750264500858535,4.652426491681278,9.65946336254583,13.232514177693762,472.71210965663056,2715.3157670892224,8.667244841319219,564.5569448907569
1079,649.6034983791828,44.85854800028857,144.82171267427543,4.527455006269749,10.42743499502106,0.18808817394630162,62.83865414217861,8.295778108079086,0.3211839144623265,3.942158915044735,2.659620863828117,2.325790130211299,2.540236621367343,2.459400428844099,89.95625391225352,234.257911398001,0.04318105151240373,0.583228500484196,9,0.022478556640047324,0.1881100266193434,7,0.0427729218278251,0.5584765442449455,593.0,41,1240.1096083623402,0.3692316035591623,3.3022917905026086,10.738422829712341,17.746362394899123,34.02021084832166,6.18608755002352,11.972274732199118,157.50285961564055,1192.5063629510587,7.046725639945928,524.6369933803712
1080,637.400549075827,39.602559005485304,83.77347613006123,5.795388440104254,17.966686793095842,0.13912243410908237,143.73789088042406,5.054671130803652,0.14130396615198418,4.314269749236343,2.6947656655646117,2.109292118224431,2.654385051681379,2.4543331094909417,31.183446288480038,87.50134722382226,0.08001172486845179,0.8886988345746074,9,0.02863058266784975,0.1391304347826087,3,0.07544992151728118,0.8283828237347123,4.0,0,0.0,0.36304250499001256,3.9627501486031305,4.692618397602994,34.35177609132906,7.8867675338451,12.847854895846755,10.081915563957152,1202.315875584996,3658.8398061509142,12.125403066440533,847.298104567768
1081,475.8606906333375,44.67985645038728,50.33844092501104,3.8876058000475338,16.69524148558496,0.10274109979129424,89.03997327033852,2.3860333009955648,0.33713889094854244,4.705551912576192,2.660139559496765,2.4540093357350075,2.6422444289254314,2.5423319278832044,32.21337248500146,32.729722103228575,0.093016988686511,0.826421171148318,4,0.002425317953268264,0.10275066548358473,1,0.08719373852513276,0.7540417032709381,0.0,0,0.0,0.2617684637902782,3.3022917905026086,9.14348453061616,40.72926148864196,22.025082668269306,15.915367805350193,8.821676118462507,390.23982454495155,3555.519839723542,5.584901113509465,795.7089949628587
1082,563.1048346117441,17.469673460639168,55.89903450278694,8.231292316726343,8.762877515138712,0.10911679083935417,33.263738774051376,12.040712657413794,0.30340729814348655,4.472849206207021,2.697367751577368,2.237068062269327,2.3340919567778484,2.3817125095945673,82.0293347902385,9.501835942362789,0.09148576030276526,0.9274728548930555,17,0.06021887015675836,0.10913930789707187,4,0.08353817221100203,0.8780633529056934,879.0,63,2606.028777716998,0.45107271227654167,3.3022917905026086,25.03953689334584,37.44750394083964,31.79547449747714,13.976170112404365,6.30119722747322,682.5808346895149,3459.0942262805565,11.865179304692967,828.4354494973029
1083,461.38540818410263,37.09279777174425,8.216990204245251,2.7044724150667445,11.095720025649225,0.14112770782601874,105.5419852283142,9.618234376057806,0.10006982011664681,1.6586922560438802,2.6376570314300736,2.3333123078526916,2.393537664076835,2.3914444507658574,16.735653048393118,16.673232752092503,0.048908715028080786,0.5603961965056693,5,0.01254066844128956,0.14114167406092873,2,0.05002267471363162,0.570632848729636,532.0,15,1127.9278173220684,0.45049501464992137,3.3022917905026086,5.180946744522568,22.475303464663885,13.159049284959082,7.851300345994014,10.712035286704474,377.46617643011626,2099.274888116055,7.978845608028654,496.0578151972438
1084,614.671621587264,10.88065186605191,103.55030066099292,2.2873322802476928,12.1160960885312,0.07361037795357346,31.849573337355643,2.2698209523553876,0.19987494222134036,2.39148044543322,2.696222346254994,2.5002346685508,2.49798311527673,2.499192392330438,93.7000753567992,240.47735180442825,0.07464758299559746,0.6947424418168016,5,0.030582667849748595,0.07364685004436557,5,0.07603514745413958,0.6798492983460399,35.0,0,0.0,0.2678809220022327,1.9813750743015652,10.57876886789528,22.008735711029548,26.86869594648831,10.285947731069907,10.081915563957152,466.93461563097287,1394.0758669123593,6.955194078761813,687.4109128884413
1085,618.093732294295,20.877372389196744,106.93701464890948,6.083754648778464,11.784958683385028,0.0863144936391828,58.91330082895357,12.194926209394888,0.22895719606477016,2.5265289780376015,2.6671798950076075,2.126824850870228,2.3269172006557666,2.422553866947128,87.83026219939191,10.492253957746518,0.08036597564790658,0.717538200653389,15,0.035847382431233366,0.08636498077491866,2,0.08060702699182994,0.7144898155093183,673.0,41,2008.79935661152,0.3768795070801527,1.9813750743015652,15.141358376425595,27.625325394718153,17.697935698969246,12.45644492292492,6.30119722747322,1142.6031199012782,2700.07977130938,16.42631035709602,640.1823767314188
1086,611.8952364482545,12.72156299558917,119.38526936377123,9.870766525648797,11.131634350340358,0.25966305426079944,31.058379208584828,8.597222031662335,0.21833091549529787,1.2182502968633315,2.6694915554848673,2.2934666284649508,2.361213346360159,2.4946967938765923,14.868843207710388,32.67923617049007,0.06936230129983517,0.6188502700425614,20,0.048802129547471165,0.25968648328896776,10,0.06870042457403497,0.6308064911149549,1435.0,82,5342.602664914671,0.32126915250410226,2.641833432402087,2.9360492440842334,22.46559192973789,4.145218595386486,10.217767147487457,10.081915563957152,598.5300484754048,1034.7596899020987,12.327359498228226,570.7689389542753
1087,489.9067553095702,11.178112181516473,63.7047631415404,2.3791850363769056,10.069153411161345,0.2528588040753261,58.57927661311192,6.261753365611599,0.28257449580453614,4.421659152310451,2.6728806532657643,2.3553885258086424,2.3126550618852124,2.494751236600521,23.158345086698798,8.573160466774144,0.03664614406880133,0.8090474589338723,6,0.02230109435078379,0.2528837622005324,1,0.03694307808948803,0.7515974093538731,516.0,43,3174.6967577923856,0.31474426011030054,1.9813750743015652,11.838830378612325,15.58557471485608,51.51146679359926,7.2322390326859,11.972274732199118,307.64638060560037,3765.931551461481,6.180387232371033,812.2621101790434
1088,518.7535296667983,10.646744503655153,130.28406300169334,4.571779169586683,15.082513139976916,0.08987701966950735,44.906900748883366,13.801414289588347,0.16675289367067747,4.300519355872586,2.6583259402280963,2.5512173156454905,2.489106077540307,2.449280102439342,45.68485089924937,19.54060691623692,0.06283567045176679,0.9127805077482163,8,0.026678497485950903,0.0899142265601893,4,0.06523319520450285,0.8997677037937637,430.0,14,658.02159041642,0.39083787719979,1.9813750743015652,2.7360973472410146,16.930863462093694,5.527906391541368,9.583734786484134,10.712035286704474,837.1613244734682,3503.4377676386403,7.48482063701911,925.6050885889977
1089,354.162773544322,35.92043835517241,89.5782648739124,3.360223851611118,14.949017753310452,0.11440900871227501,74.42343221867381,5.8830764990138436,0.3101063879980511,2.4351034879497946,2.644967012025028,2.5043879226201042,2.688678796112024,2.4550590904386884,25.951569966696706,3.940886834072047,0.08169906824519951,0.5879197092426062,5,0.008695652173913044,0.11440402247855665,2,0.07858881868956948,0.5951504319569492,327.0,28,1442.1425942819221,0.34123866685848325,2.641833432402087,25.318638195487374,32.35784952491146,38.37770755542866,13.022554735597678,10.712035286704474,169.20996528555224,2317.2627189278246,7.978845608028654,635.3997273038352
1090,556.9323068882653,13.174983237729364,50.01816040216626,7.484865080603698,2.8442583430378514,0.2969587427236306,87.84881894937493,7.650176023324315,0.330991262787378,3.5585886038162613,2.6802694027453877,2.598569735230052,2.45671397765157,2.5145033106867434,19.495028035349314,102.78923734155305,0.09274315752187128,0.6916038024036149,16,0.05974563738538894,0.2969535640343094,6,0.09041691066634305,0.6604871367131938,1742.0,135,7762.461447127112,0.27901522215110397,1.3209167162010436,24.622116087108733,32.66030577436507,58.94549874886401,13.680547350200358,10.081915563957152,385.0404470347911,2970.2972856666624,7.878048901119065,684.4299749735156
1091,346.93355214115127,12.818890191251505,80.62462295625762,2.595692970136998,15.068652171938547,0.27417353364860764,94.89714380450141,3.298780444327945,0.17731506664725066,1.814978202659617,2.6682942119207747,2.3781122142303803,2.4665137096301124,2.440054831342837,10.207065956912091,15.393213163297753,0.06401788468694838,0.8478307064972621,4,0.009109730848861283,0.2741792369121562,0,0.06217831508202434,0.8068482517528622,238.0,10,595.6418461450326,0.30991294410589765,0.6604583581005218,21.56272571946194,21.56272571946194,93.32180070052502,10.685798667350198,15.752993068683049,316.71868076906946,3188.802528150123,6.4820448144285745,866.681397916639
1092,327.0763447530357,18.614379439510625,56.257918367319604,9.9066408368932,10.227424809667443,0.0743002701117086,145.57276809378203,12.64406576002206,0.18981783539574548,4.262480179772636,2.681827637550251,2.135060284760071,2.5139650153494024,2.465608433864818,39.7450338380863,8.066780498397623,0.08934602956216245,0.5683665482155336,24,0.07654540076900325,0.07429754510499852,7,0.0865954542693462,0.5673795329915319,508.0,28,993.1666461149899,0.4011719554019981,1.9813750743015652,4.348719061361126,23.061871353769313,7.569397566060481,12.66690991183726,16.38311279143037,270.1959166796456,2789.879057896724,8.848894735344253,585.7552990237667
1093,581.5432769533065,23.841425118451042,115.0129844261896,6.788374855676805,6.918127332711496,0.2674348521595579,65.48082615472612,7.900759180083815,0.32815588133610885,1.198213591025715,2.6963752758760444,2.235320798497517,2.4605877610074014,2.390328868934324,24.334638152236117,208.31201977283607,0.062435875415307464,0.9146911872399129,15,0.028512274475007395,0.26743566992014195,6,0.06474378104704005,0.8631654134973672,1078.0,88,4393.210775119651,0.4496422811631078,2.641833432402087,12.218474782396159,20.21891570024852,38.84319553369761,8.16764835368702,8.821676118462507,661.0950658871897,3594.335148168537,11.351291044880243,824.8729690230423
1094,575.9351837494332,14.19901594343066,25.708222161589863,8.937805417175941,1.6750443803761703,0.09249039487975326,107.41537261334858,1.8058554865513166,0.14606417699690663,3.598661773785606,2.6111484780638783,2.2142396518746357,2.2882619662443098,2.4280204813394524,44.90295248039539,115.05946547853863,0.03799067332694929,0.9830522887608402,16,0.025495415557527358,0.09251700680272108,2,0.038785507798728774,0.879606579244636,77.0,1,6.828924697631912,0.389580834450455,1.9813750743015652,14.649911969379458,15.34103569899239,45.21971593060566,5.60370909835536,9.45179584120983,426.74769791961046,3527.5649117530934,8.444016491289505,900.996742687807
1095,481.0750850545976,16.181407801903497,47.158081978965605,2.1998562415282104,12.01922554704452,0.14241324765745955,84.61111189759626,13.010010704386199,0.2401829888770328,4.6048114261002615,2.629918682979842,2.1507256669458648,2.470739522052704,2.4947425927398115,79.62504042166823,5.976138342807769,0.09842615150197312,0.9980507385965856,7,0.015025140490979,0.14244306418219463,0,0.09656775662939572,0.8961914382451394,280.0,15,942.231604456166,0.25018236071867905,1.3209167162010436,24.66688962237066,38.822214913381,50.69129919822645,14.66729532086242,10.081915563957152,755.3943539340809,3830.0136934708207,7.239089406074065,893.4687903479362
1096,656.799104114222,42.1786889053,36.41982365590256,9.803552343278476,11.56930591700363,0.1283524872887758,51.894774373833116,3.897237301775032,0.30125598344111626,1.1030606534468355,2.6954415352484276,2.481885870154373,2.2815439489489933,2.4915128764220915,13.756416441628982,1.7871326581397828,0.0674402258126845,0.5442163882533788,9,0.025436261461106183,0.12836438923395446,6,0.06959950957867171,0.515362924039248,220.0,19,1081.0844160509926,0.28298843955573894,2.641833432402087,17.328534504084846,31.27836827591973,37.273258457241155,10.321928177225606,10.712035286704474,231.45389586577284,1734.276168195366,8.444016491289505,407.5516635185151
1097,481.4537705033554,23.03708755889525,36.72101348579088,2.6492624757395884,17.97043939068934,0.20651691423167434,60.97327106386563,9.676839116349145,0.24625041765926825,3.70598892510496,2.628896043070396,2.102191465788888,2.43315551952438,2.4268132770384256,26.05800208440232,44.81297279896438,0.03783980997609968,0.6944194719155525,6,0.023543330375628512,0.20650695060632948,1,0.037309495738204565,0.6674074135215844,751.0,51,3565.034021951863,0.4235609620025129,3.3022917905026086,3.549471807361954,12.75412426072656,11.451797811161432,5.229456615409032,18.27347195967234,488.8101736501636,2749.1341099463025,6.863662517577698,657.9938416094595
1098,501.4273444299961,18.274373181988928,137.1165924837486,6.2625510214650575,13.279161062469232,0.2796357930847967,114.71159533812592,1.8175306944561198,0.2559003819648884,2.476056047771364,2.6820730274622084,2.1011027085710565,2.2899083400725027,2.4521691190596857,14.6457470694839,2.908647189904044,0.05123054495698051,0.8870636127538135,10,0.024726412304052054,0.27962141378290445,2,0.04822400657874818,0.8025406238187816,144.0,5,644.744521474361,0.4370011725100649,1.9813750743015652,14.986179189500609,16.289288255003115,47.136005405240475,7.42014035119423,16.38311279143037,525.3109537819549,3113.016526611035,7.34988274863587,847.4705451014155
1099,340.27861781557226,24.126864459678995,84.92314097817967,7.257217382952908,10.747443612792857,0.10481156593007605,128.1256379514849,10.95210887540847,0.09608599139261928,1.0755988856382475,2.6923353326541766,2.477141015271329,2.493159588674935,2.4214834235985623,38.45964401058996,22.645419963839164,0.06723579212437691,0.5652404460329588,14,0.03590653652765454,0.10482105885832593,2,0.06750704364554706,0.5682119139976163,317.0,11,538.9121747974035,0.46306608005702277,2.641833432402087,24.80128506776206,27.955536687463518,39.011857712952434,11.490063997349054,11.342155009451794,642.1835718289361,3001.744103239958,7.735777827895049,596.5121357781208
1100,387.7436501866371,14.32104910518744,109.327762062237,2.0417873904610007,4.5944179053269405,0.18818891698502782,48.18938685612503,3.9830329737849937,0.1253229227692111,3.6124719724868384,2.649842182119099,2.4482426489630833,2.660797601003394,2.4476090811427573,19.650266622571543,1.4576682716155385,0.07057903000900553,0.8206272203225231,2,0.01230405205560485,0.18822833481218573,0,0.06930228184999841,0.7633871407955743,56.0,1,8.632221091501934,0.40918709295638056,1.9813750743015652,28.31315127924294,31.99648292645242,62.21453380035002,12.446206741334365,8.821676118462507,336.5053824889379,3913.923071414729,5.8063585784597045,856.1676322852201
1101,630.8556608845754,11.209913105075618,122.24371466311632,9.164759963642595,9.10153220359294,0.18838453001382904,92.85232878606924,12.874542296365153,0.3226160917609808,3.012152381243309,2.6666745420398867,2.431592865096439,2.5350933431536187,2.4302536031639925,12.156406016522554,2.2024663035550307,0.05720993067534174,0.7332383421788504,16,0.07932564330079858,0.18840579710144928,3,0.060259669468286356,0.6838620850946933,1571.0,119,8545.175852863713,0.36717861820662057,2.641833432402087,7.043438201225516,18.511572108804938,13.605240122855673,10.542000184595382,15.122873345935728,431.2777339916248,2007.30501900469,8.201511334607133,674.412100762076
1102,510.2291314985621,10.883340259212138,122.96116680286009,4.434589778898249,8.491215510183862,0.08196054705740659,76.3927530487623,1.5860262068115127,0.11815217229453856,3.120946413253769,2.6711699837735483,2.2914989429168946,2.3896121820604246,2.4585062830382953,75.35757339422646,702.4509024396658,0.06904452978002712,0.9776994211823298,3,0.010943507837917775,0.08198757763975155,4,0.0722956325779819,0.8653617539308343,0.0,0,0.0,0.3425860035679231,1.9813750743015652,3.7021622166640284,28.764049642811486,7.225151993843567,13.354760904720903,10.081915563957152,1355.725410810313,4129.784267104584,10.729477339401466,913.5765439084657
1103,399.9975095544347,33.132003176212805,87.3186905017857,3.4109966215314866,15.383648436648114,0.18078524864073486,33.45193961931468,12.300221853639751,0.2983001375669205,3.1320996827222256,2.6330127702155828,2.2902055500681353,2.581189030312968,2.434085795302303,18.844442929072535,97.67098456548963,0.04659028460527062,0.6350943229024595,4,0.021532091097308487,0.18077491866311743,1,0.04612458467019273,0.6717914777624425,818.0,55,3829.812352036989,0.4113385054359697,1.9813750743015652,16.370899836867192,18.41248121068555,48.33626552174903,8.282108360807522,10.712035286704474,276.9637821527367,3401.1510324975284,6.383076486422923,592.0731713367061
1104,345.30769101952336,10.203939815351205,98.28546539087317,7.945986012331913,9.326672507656808,0.05995904489194738,35.59584012309835,14.222863447445466,0.13454979237564071,4.8043210089681345,2.691261131497614,2.4864006620961585,2.4993120998678484,2.531035272290658,36.54761722871744,147.7120848826652,0.09773187521969673,0.8383789603373171,10,0.0225377107364685,0.05998225377107365,2,0.09341203553473418,0.8136435387309717,395.0,11,1032.981543975312,0.28118165824909314,4.623208506703652,9.000611374562236,42.32285746998902,6.180387232371033,16.134679346098043,9.45179584120983,610.2420237333404,4006.582940087104,7.136496464611085,913.0494724178251
1105,548.4482927846087,23.433037994355153,71.64683966116895,5.291983526314478,14.048665927614065,0.15533907295269173,68.05992738835778,2.080211574784601,0.16287441258759072,2.4448158274497707,2.680859298529142,2.4797193699116327,2.456395733520469,2.3467660678834417,10.337890706385936,262.055722246117,0.03386408785390463,0.7625300967768696,15,0.04584442472641231,0.15533865720201123,5,0.03349928111064735,0.7611289805212995,238.0,13,701.0355353813311,0.5018886135751326,4.623208506703652,3.460931357955231,15.320351170828506,8.51907589177983,5.541760303992631,11.972274732199118,278.5562555951379,2743.658644140817,7.136496464611085,661.7095897485112
1106,594.2191461854534,42.83522782422941,27.124663120201788,5.153437145909793,11.218821897162552,0.2916675006801565,104.87017241734702,14.027804885255211,0.3353170584462013,3.973899370815288,2.6857064913410564,2.3742599370093638,2.6343146553117496,2.4887054095096404,66.09545659610464,8.614785959097311,0.08183284934695792,0.5350350679616274,6,0.022182786157941437,0.2916888494528246,3,0.0780799928171107,0.5300046924754201,1808.0,160,9992.428150840915,0.2868561454756171,3.9627501486031305,4.526389423114497,21.22985074883278,12.662053309680369,11.38193230970837,11.342155009451794,187.6213203387755,1490.0889597754012,7.521396092145142,357.9490431876815
1107,576.5478277669035,22.636924194211144,25.31109747028551,6.99540667451829,15.652884417591768,0.22502808040862965,114.9675532401926,13.859907347536973,0.18136146069936745,2.907356653936106,2.6863448004128165,2.320077621326449,2.563278718453932,2.4374667776272996,12.647710441463454,5.097337813046603,0.04828732302721521,0.7857926669464554,9,0.024253179532682637,0.22502218278615793,3,0.04711729374315587,0.7345527769566189,1762.0,72,5755.398105741186,0.39231618605045826,1.9813750743015652,15.488800990230141,15.879083015694059,54.60702348388668,6.156627619275852,13.862633900441084,564.3551074576983,3074.3442302153762,7.3669101200979705,762.8961913209937
1108,470.86447905124703,26.591657640994942,29.076317395713332,7.342172028449248,12.205799608290336,0.05111713519973725,31.18039598716576,10.97639390842094,0.2297411557638066,1.6587002015172856,2.6631487747740015,2.178518596076683,2.636848281297865,2.435091874257369,14.75858986876157,527.515663945169,0.07380453468519829,0.6651151407323685,12,0.03158828748890861,0.05116829340431825,3,0.0703409891642869,0.6611131193756299,387.0,23,1125.7666736463823,0.4107801625463554,2.641833432402087,18.12197243831523,32.000392196827534,44.36836593591614,11.832013158186644,13.232514177693762,331.17195822021006,3074.9515389996777,8.444016491289505,656.1224988915774
1109,473.42513609444256,14.260574560662208,4.48692188495492,8.024932460185447,2.3771561754528907,0.1791250736388973,117.75295836389404,11.722198832355843,0.297889109936928,3.573130175510876,2.6283074845983387,2.3502184095313057,2.40142131281557,2.4145688804057315,56.61305357172538,42.30344856606871,0.03036808219364802,0.7976911356053389,8,0.022774327122153208,0.17911860396332446,2,0.03080989864820865,0.7647139421286383,677.0,43,1689.1485934771083,0.30964713829395896,2.641833432402087,8.495022543913247,11.838806668151516,27.754674907599995,5.122913397066972,11.342155009451794,514.8768280278346,3665.1635194225946,9.330962215595044,855.8036092208381
1110,490.68256642797,24.55606609621743,77.97326614865828,2.047422656728168,13.857674822366555,0.2876891726313812,38.878030749320075,10.40505327133699,0.25752967353680034,4.036214135481419,2.6055896930911815,2.4183443614965414,2.480777720159625,2.4518161272429557,11.261405713965946,9.377969404440483,0.07844378013866175,0.7575893930720154,4,0.017391304347826087,0.28772552499260573,2,0.07565155560959755,0.7218019540124154,823.0,47,2349.2967108360895,0.3513487388534138,1.9813750743015652,13.2650952299424,25.089045433375514,25.68147355921802,12.882792721745044,12.60239445494644,304.2982716511959,1612.2330670819033,7.641695527957481,594.8253766419325
1111,620.7705237702273,28.778527369027486,72.2677399335747,7.2903412833808545,10.061559845259636,0.21197637657832924,73.56302609061449,0.8366532667833559,0.1961123604783256,1.8716509425168995,2.6756088829461895,2.3861879632264267,2.417211494034996,2.409583250307476,97.86426655518476,141.97907149000181,0.06514557427697312,0.5944879573362518,12,0.035965690624075716,0.21200828157349896,7,0.06624564158093657,0.5951350357593069,0.0,0,0.0,0.39954486277681767,2.641833432402087,13.018742988309427,27.476390130207953,35.067607856827685,10.8698734457837,14.492753623188406,196.61310824304397,2639.7263679304438,5.863230142835039,538.5455634124822
1112,525.6846542104445,23.79041645869494,129.57828367877192,6.557050402023238,7.163518381793613,0.20497598851934845,146.9959685789618,7.883333197347221,0.11346774639506338,1.8462869399558528,2.6726093190274303,2.1411504172698153,2.35351927839032,2.460899135910973,25.351246204884028,252.62260087990583,0.035660987974914835,0.5553626942411205,9,0.027506654835847383,0.20496894409937888,2,0.037327740538643,0.5498516322630468,1049.0,32,1083.681531439192,0.3448729302057245,3.3022917905026086,6.220897456871865,12.698755087748928,23.26213245840639,5.659836923298624,10.081915563957152,210.15089985106982,2230.9598334159323,7.8455683038219854,616.7741666848073
1113,660.757344984291,10.820169238843889,134.74740630535499,7.483705643669847,8.863962524922725,0.218610487926851,98.07689044999047,3.266558689067419,0.2972829181292431,1.3654651693034974,2.6508726429175486,2.2091252375458175,2.477476244517346,2.397929773952509,24.39863378287465,1.7021514295319227,0.03516192379897742,0.9375667518444251,10,0.022064477965099083,0.2186335403726708,6,0.034316667273188856,0.8735006300683578,85.0,6,534.8733520567059,0.4038535894613564,2.641833432402087,3.8133369888343873,11.850991902972698,16.112006397624246,5.292532302000605,7.561436672967864,1035.7885085789503,3189.5615482272055,10.494138376261326,863.6588993739881
1114,376.79306405656763,35.92453720865809,75.19345404153262,8.246757564410245,14.43354260639276,0.22876330654811539,41.41511783956823,4.829268607370723,0.18882176473630655,2.6310615875546453,2.64308031976345,2.3567618354152544,2.6283691354203262,2.3710626395921635,19.129375233560324,337.97958196245827,0.061063830858026094,0.5887323438741436,18,0.04649511978704525,0.2288080449571133,4,0.06174475977053087,0.5816046458673866,769.0,38,2820.77190347928,0.41474854542271666,1.9813750743015652,5.90268512503636,18.952577843657597,11.170383851240114,10.500601405772745,8.821676118462507,115.62535033450999,1684.859626489697,5.280193297421748,635.2679855956751
1115,401.02613981039576,28.521150377128148,51.253819450042975,2.073013523870917,12.773577998838533,0.28551216662832996,131.65008167935233,11.266759003056476,0.11283514873939121,3.660073874299165,2.6941956719201827,2.3432842828607447,2.5856561671710727,2.427705105121523,53.431014600494095,24.18044343536115,0.03847784544082561,0.537295420907877,3,0.010884353741496598,0.2855368234250222,2,0.038243568736645944,0.5663587662637948,886.0,24,1348.8786049738476,0.34606814013459086,3.3022917905026086,8.666918354666391,14.558298121660432,27.868909599918855,6.107694135032936,11.972274732199118,392.0427053308107,1876.1527740560243,11.227230955528665,492.8572333199651
1116,647.6311541605967,25.878834726518637,80.31797247641745,9.501346306126496,13.60321596167393,0.27637650469721764,95.7852240654592,13.02748663457183,0.31461671504664535,2.8588849510932057,2.67510914741441,2.223694940439245,2.4648760865337507,2.4629174953985378,13.89236063140502,2.255421862000723,0.09982119324796077,0.930319245730075,18,0.030878438331854483,0.2763679384797397,5,0.09199766418011435,0.8832245738251311,2031.0,147,7247.478220343401,0.31540930509668463,1.9813750743015652,30.191190971207263,33.80000501565102,67.30665866144084,15.10276063108248,15.122873345935728,270.5385592366918,2945.060704985103,9.022620214049596,796.2216943761379
1117,551.3926899051743,32.522336890464736,32.325184312353116,4.316204033133309,13.657223597150585,0.0685415189213091,32.55417441927145,2.2677859585695486,0.3064512811483217,1.1398151475394123,2.638421589894606,2.1320647917573123,2.3213395529536522,2.5023739750520266,11.444954776704613,759.0087907882511,0.0958252147863015,0.6469300406196321,9,0.029695356403430937,0.06855959775214433,3,0.09396837422695965,0.5929588694004683,10.0,0,0.0,0.2732650719500329,3.3022917905026086,17.45954268476954,40.41003698669936,48.54653846882171,14.213873597191238,17.643352236925015,301.6721497140661,2316.6188311209157,6.815688758213296,597.0553049446187
1118,452.4654921838285,39.93428709616334,1.3953945277236701,2.0762785460587114,3.1090591745943095,0.1994014017478874,87.95851188779571,0.9882130769400749,0.27718958982060826,2.3191844284470013,2.612096088428117,2.2141659242907767,2.4862260795683264,2.4214873329927937,68.32376383883026,1.3530933899094417,0.06576872666379296,0.9137092869161778,5,0.027565808932268558,0.19940845903578822,3,0.06622202586276338,0.8205097331642294,0.0,0,0.0,0.38891399155466333,1.3209167162010436,18.69289567825337,30.532761981146415,48.86025119029199,10.519478759946935,10.712035286704474,1293.032414151572,3920.0555126982254,9.706684619910241,904.6796918645299
1119,571.2059005682034,33.76335969295743,136.30336991633783,2.7777541322297,16.740156855068683,0.13043254044567626,134.35756611176126,14.293684147195023,0.22809282054304514,1.3042123492041875,2.610095406025668,2.5458369684128908,2.687290055894537,2.5179725463125755,11.424980792853736,2.655251305203774,0.04009145950983683,0.8112342363317313,3,0.013191363501922508,0.13043478260869565,1,0.040141674529044005,0.7550362255361124,342.0,19,864.7329557108264,0.26574818602275707,1.9813750743015652,13.629175987052461,18.819681061858542,50.689223719401724,6.926875426232046,12.60239445494644,288.3927666573142,2383.4204522928903,7.258351187451755,793.2101690244496
1120,421.40090457227006,26.200099957328128,85.15749610704162,7.6309424295745725,1.8346545332692266,0.16802487159148644,34.77216839718015,13.404090686432056,0.11132397466685096,4.130736148994428,2.681248088290676,2.1700236444860916,2.486849621922053,2.431512135835158,11.669569072363295,18.270107992471466,0.05089014001899731,0.6148004705475039,8,0.029340431824903875,0.16805678793256432,7,0.049186520977310355,0.5752047378047658,1155.0,28,1350.3648818644085,0.3592229173278403,3.3022917905026086,4.891553588196102,26.371602101975743,13.351162356249091,9.47397848675234,13.862633900441084,393.04050968922695,1819.053532958294,6.722928090348811,530.0549069870058
1121,364.16790238492734,29.650105172424173,145.88048841996522,5.409910499046929,8.97377873653242,0.25268693091095507,44.73114968425888,6.512735068160616,0.11091726265737101,4.195747641883161,2.6958904150551684,2.277451727284241,2.5448572534987144,2.465550891108962,14.45909359491767,14.74668031830352,0.07682068036389884,0.7497445034648267,8,0.029044661342797987,0.25270629991126886,4,0.07336625452215935,0.7348639191853762,381.0,7,598.2135132418235,0.336569693639186,1.9813750743015652,26.46061668574925,28.91771545553777,59.52668017786611,13.524922884219903,17.013232514177695,387.9376984715667,2556.115401003612,8.058239062071396,778.2962903554493
1122,669.0192601634825,21.117759827603045,109.48827081015625,2.633799761832737,13.644979507376652,0.29843300596039385,76.91467945539736,10.610574837415038,0.20121650985487344,4.32340814478254,2.6346143740309627,2.1827256882797488,2.3229658992893634,2.4825552803563884,75.1005694193364,385.229873578201,0.06178031538105148,0.6155887443679487,9,0.030168589174800354,0.2984324164448388,2,0.06599154930577258,0.6207882970839039,1184.0,48,2189.992706269645,0.3003611254399199,1.9813750743015652,20.704026403885578,23.511997369097514,47.77989643888051,10.705662557044029,11.972274732199118,376.7226861902908,2836.116789192304,11.11324596323283,466.1012834445559
1123,453.2267637344648,16.254581191440348,22.00590093696021,5.710550324884179,4.417550851295928,0.06996682242956155,55.806497121214356,10.905987216690631,0.32379169841525157,3.3712972753451624,2.6840770280501034,2.5446007286506416,2.333745945055627,2.3853700600604575,28.58016358400543,28.111932089185604,0.0869497766430217,0.5749068249512563,17,0.06506950606329488,0.06997929606625258,0,0.08006124604146826,0.5898703722294026,644.0,66,3479.537831011062,0.42463535781974215,3.3022917905026086,5.970144242870532,38.17247780785871,14.138550439257221,13.971967860858923,13.862633900441084,374.3623162806705,2750.6024647849054,6.909729427939872,571.0629986599789
1124,383.0146018015875,20.274396598937404,5.217102184673977,5.798106618342742,4.0277669850491105,0.16421285276405906,81.07095154052104,5.177766013727926,0.252128446383061,4.99445879598669,2.6855805592416484,2.3796995916703,2.4662318637678924,2.4713696858687246,30.51208848006436,355.3243102403671,0.09470180984694423,0.5681419873396342,12,0.04123040520556048,0.16421177166518783,1,0.08980217101072982,0.5366632176391752,192.0,13,327.00622059712924,0.3308550551990339,3.3022917905026086,17.839022190876413,33.86560397346368,29.2726871606753,15.231214669536023,16.38311279143037,325.89231772298916,1986.2737696809686,8.848894735344253,461.8824597646977
1125,661.273486767647,14.799493690883141,90.20055481009531,9.044949838479031,2.421293486936486,0.0832431817518,43.386124063183814,9.724874154606631,0.20056495247043976,1.1717791219066855,2.693352406142523,2.4495392540281045,2.635913887614518,2.45271023593065,20.686924988007387,2.1299709235258524,0.06944025266862952,0.5233631689602829,11,0.031824903874593316,0.08328896776101745,10,0.07042327847517912,0.48996653725391415,200.0,8,119.47507092159933,0.30389873129041556,3.9627501486031305,16.065214975069033,26.643086018095005,28.282455545434928,10.760261652941507,11.342155009451794,471.593229348108,2150.0619721197354,10.446247624993864,343.3611774360498
1126,397.2424508897881,33.73718808009052,88.84064908489336,7.6583294934713155,8.18194383570723,0.08001359547668814,49.39041748482643,6.720590877048402,0.282810018383633,3.978483286729188,2.6906187408794073,2.154838684533745,2.308822163862865,2.485743004326441,20.78812197318286,6.554950643015112,0.09471981776650053,0.8287157224156361,18,0.03430937592428276,0.0800354924578527,3,0.08909725937652649,0.7670764868684,152.0,10,1120.5652755419883,0.29732132550662094,0.6604583581005218,34.56083481743731,34.56083481743731,96.52094979240096,15.08345178618635,17.643352236925015,443.7896046350241,3566.903876748386,7.62382796280705,732.6211746922964
1127,609.1706551996258,24.86366179666145,11.402549592997651,6.458185743634757,10.426596555479696,0.11018952322629373,32.26059025173978,9.59147746755235,0.24167494045450524,1.5531498575109803,2.6392759889046227,2.280697967098655,2.612149362803601,2.397304814479151,68.02018179446257,15.562813260205644,0.0977108956411605,0.9820051514461754,13,0.04803312629399586,0.11020408163265306,2,0.09471823720222268,0.9354105202844077,677.0,44,1642.3005421082653,0.35741429400034974,1.3209167162010436,27.4524875738239,36.704040528459316,56.45786476195202,16.314653998154125,9.45179584120983,290.07451005164273,2477.515014810196,6.282549314314218,922.3261137809711
1128,636.4151764252365,19.713828866750646,22.060540978578103,2.1866889180330915,13.245357804190322,0.08434695933514492,88.24536234811978,4.254004161756914,0.1427578845882241,1.0565507987249534,2.6268499717067306,2.320715108221236,2.451686095911872,2.412389170434189,11.654360441827533,600.0487095811241,0.07240719762055285,0.6616488337331257,2,0.011180124223602485,0.08435374149659863,1,0.07109211757376137,0.6239404160639821,0.0,0,0.0,0.39172901799740645,4.623208506703652,3.9453724492445383,23.146246505155794,8.291859587312052,10.351807771347461,14.492753623188406,444.3369641958279,2684.319224830287,7.046725639945928,613.2823278806378
1129,489.7428450560245,32.66814252753487,77.65159278178136,8.80999198600011,15.732882164049313,0.12770788087062163,111.8010475312758,7.771833523397665,0.1899908996732436,3.8783043608335652,2.6706170774843803,2.442827270239634,2.669723246450033,2.437894590363456,13.200273916182065,4.172918117041607,0.09259112257660362,0.9646058943936678,11,0.05075421472937001,0.1277136941733215,2,0.08884523393867061,0.9314211825835517,635.0,28,1351.599094129981,0.3377660102607205,1.9813750743015652,28.768791727590973,30.739078926049412,49.146062063634396,13.011507596710642,13.232514177693762,1328.088031927741,3514.8485781539357,6.282549314314218,911.9113679928244
1130,399.3055203165118,19.00054218261978,92.61025648175692,7.570603922477045,5.018572701485128,0.24015183528158113,133.5196277535244,0.21471893580636559,0.2987801870611727,2.868488138737396,2.660406469841468,2.109169157737694,2.3073715835042123,2.4699116613450234,16.560899811581002,9.231690417986053,0.031046705192016612,0.9059725602531512,16,0.03969239869860988,0.2401656314699793,5,0.030307535793390038,0.8697035483971259,0.0,0,0.0,0.3313477077863132,3.3022917905026086,9.918324245095747,12.866474489777694,34.961549778946534,5.0281307041813355,13.862633900441084,763.1065741672733,4058.382961186654,6.8630356704375615,1005.3757199514647
1131,545.7113731885909,10.32621786381962,81.16384517239203,2.4136049576358785,9.683210701817647,0.1719976390473495,115.65056566735613,11.3690173168624,0.2209306310063361,4.696960800537793,2.6358132769421547,2.3942936634735315,2.403731468709511,2.378455790949647,11.246371989979092,909.4975991285149,0.051017459692683426,0.8079512120146379,4,0.01567583555161195,0.1720201123927832,1,0.04933391342881615,0.7675165200169628,643.0,34,1385.8669012475304,0.4155410556010759,3.3022917905026086,14.720064893851356,15.075113923088475,16.774562271083887,7.062582252582684,10.081915563957152,1477.7250965170188,3299.128667877614,11.428880128204813,738.2033211204571
1132,346.86278667266504,11.273013000187442,55.365536044020985,9.992488808352224,1.801946154985505,0.13557225789632704,91.09850116884016,5.497623959074723,0.14582849507625606,2.668312234231956,2.6059936175132146,2.2487794839011093,2.3424609525647795,2.4263706300208185,63.09341951762697,253.3556639571237,0.06516881240484663,0.925709781313913,13,0.01963916001183082,0.13558118899733806,5,0.06532580624918663,0.7780312040618537,329.0,11,264.7687863887909,0.3612853284547919,1.9813750743015652,31.389534263629972,34.00073197019984,55.497445515215915,12.004974531319553,13.232514177693762,601.40626822335,3022.6773977907797,7.817640190446719,863.8004459365078
1133,468.4634028368628,49.91267838245829,122.7674998387432,6.765974928553797,3.4623915195551986,0.15312769701225626,133.11701065823215,1.9005503039197402,0.3243503867557074,4.846256205928411,2.6089356582061853,2.5325313163118635,2.621247805555523,2.437082040844003,73.14322244872723,66.8796922733484,0.04965578289273814,0.9469315771076174,15,0.031233362910381545,0.15314995563442768,4,0.04869568840412415,0.8461384038305151,2.0,0,0.0,0.36581148513235284,3.3022917905026086,9.939831542152396,17.709929435156585,18.0540666735282,8.856246373115829,10.712035286704474,1125.8881142128798,3837.4298203600483,9.83698151873187,963.5349701681139
1134,502.87343501484173,17.42312454732268,10.502591105654696,5.58182838809541,16.931446387110952,0.14141026705530357,33.533133754134155,3.6224261318461934,0.284842309601273,1.42450911254747,2.6234686902743016,2.1808555557602225,2.306577786017688,2.4839530939808494,31.559697676222385,46.53745976357065,0.07227115818897367,0.5227665052161429,10,0.02608695652173913,0.1414374445430346,2,0.07464677463034866,0.5037713099866429,140.0,10,347.79786797845964,0.3735338948197895,1.9813750743015652,22.28225486434216,28.71686449397485,62.551299914319564,12.385314209667422,12.60239445494644,147.56312298001987,1445.9721199451924,6.282549314314218,423.95992563945487
1135,571.4315865243484,24.15349240434763,67.09084323457756,6.649777685448961,15.689300697159116,0.22722997339262124,61.196701796919605,10.791293271709467,0.1251353380087455,1.2830680879800611,2.6311246841800484,2.3898049657803777,2.453294869222639,2.3526724472534752,13.82962311692503,36.65691213158333,0.09840315226848069,0.9951782417301043,12,0.04194025436261461,0.22727003845016266,2,0.09600733668468252,0.9146019086680575,1591.0,50,3025.9684751347845,0.4815908003670817,3.3022917905026086,29.762269332468982,44.62765751960136,31.574460621325464,13.895007172717134,12.60239445494644,604.0958246700591,3757.337672145568,7.5619030817560775,970.5579851357561
1136,661.0866104340945,12.924093005873242,123.60103757263303,7.980248124301407,6.824095639344961,0.13571100308584944,43.59119904901258,10.694698380908608,0.34041717405007266,1.7828341696333396,2.608403746998786,2.3899619397983343,2.323090916860277,2.4411658068785007,46.277244126296154,22.0032092191811,0.08973723399335326,0.9747322047782927,13,0.05270629991126886,0.13575865128660158,5,0.0843043989909475,0.9190735562131584,987.0,77,3792.0055257558643,0.3348396275164012,0.6604583581005218,31.679301293705926,31.679301293705926,94.37999711256194,13.433583469471273,12.60239445494644,507.0635512998025,3812.9050807999265,7.48482063701911,808.2963853360397
1137,373.66342902309435,36.845019933497355,92.31261545509744,6.55606281624302,4.32296532375223,0.21529201946962262,54.93705148613297,14.283119883037683,0.14098135004666995,4.130055723071153,2.63246081162512,2.229608788261836,2.465860286676135,2.436168797346429,21.156953594161426,289.97394297309046,0.08970316880336457,0.6012677188634519,13,0.028157349896480333,0.2153209109730849,0,0.08007732356782087,0.5979113217134843,1396.0,46,2356.0119424553413,0.3340215244398417,2.641833432402087,5.280282443694084,28.07148530007034,7.500260203917068,12.724420163564725,12.60239445494644,681.1934154144342,3451.0074525763316,7.689061314180286,622.2676318398039
1138,513.6566120940136,25.440240754266554,133.3604223599363,3.3058968087968115,5.819763069692066,0.26283134179620377,70.98203079494387,7.102370854486947,0.2986715949815938,4.279589344572391,2.6952514794932494,2.466354652441998,2.5058714692390054,2.5034653888096416,15.52038847533522,891.8929074100016,0.06916946024459672,0.57524097197446,7,0.0362614611061816,0.2628216503992902,2,0.06822256562992869,0.6011634790696514,700.0,47,3611.9183638234545,0.30201205614871407,1.3209167162010436,27.00558333196016,30.68422208764161,64.66249818330165,12.54430283337908,11.972274732199118,261.8120474628993,1990.0875488291747,6.383076486422923,425.6279170903823
1139,551.638057054694,13.673488053026203,143.85386585905528,3.176834412504249,15.96977541383576,0.20957881828833785,46.353405902230136,13.476000804131957,0.21935953621650964,4.2397439362764855,2.689905846622862,2.4763217406718607,2.2481288763637592,2.3685229594663757,14.18536724881684,4.367963380561475,0.09348766553248791,0.9717846941949744,2,0.010943507837917775,0.2095829636202307,2,0.09464809196792774,0.8250283676361708,420.0,22,1568.7448682710228,0.46561543741572775,0.6604583581005218,33.795766623224196,33.795766623224196,92.93899650568292,13.65076722181775,11.972274732199118,288.36474964706025,3170.6706523436696,7.399277020331919,708.492366384926
1140,366.3814567639149,15.630270722955867,18.191108809813745,5.405820202437735,8.762596254942487,0.11171828046157219,66.4462961681266,13.881053870203074,0.21067594968825742,2.656174144156713,2.6678084893433596,2.5961043252613822,2.6695896976196187,2.384871264040825,64.43984162805437,39.95693858064979,0.060655468978684485,0.7897286619175681,8,0.016030760130139012,0.11174208813960367,1,0.06188361281839104,0.7708757388654432,392.0,16,736.1261324841827,0.469267899208476,3.3022917905026086,5.445682481002625,23.28304099133544,12.666024736934256,9.625984598608037,13.862633900441084,911.4860377938903,3734.3640367128846,8.593160366549524,747.2564580881896
1141,382.2076997770907,21.868310573750517,128.41368193027657,8.263361302638263,2.8907711763484825,0.11895124819304524,41.463391065172516,11.658888897277981,0.22033171914083874,3.05914083514779,2.679677092048508,2.213198273949313,2.252009779028782,2.446954148143171,26.359162389880908,185.0894296838453,0.058804755443025075,0.8887742317404963,11,0.017923691215616683,0.11895888790298728,7,0.057671261609402426,0.8495451414328801,763.0,35,2454.530901550803,0.36771207148609575,3.3022917905026086,13.645875662825938,29.894603996251167,32.48869930584249,10.093875941067589,5.671077504725897,1657.0110256935745,3813.4213661594135,7.046725639945928,914.1405658671147
1142,336.57430125139854,13.633861856296727,42.150534853430166,6.569719393629257,13.49922512385079,0.09726792224477031,79.67724006808673,10.67695715345588,0.2954845739112573,4.829725227494867,2.605687410247983,2.187270273285198,2.6636906193995866,2.4740265055743267,54.536218440802514,266.5169933690795,0.04557480056220396,0.6212341044057006,12,0.027802425317953267,0.09730848861283643,2,0.04445817469450124,0.653058604911622,437.0,40,1846.8113221846545,0.2581225188550804,2.641833432402087,9.71521018174327,15.611027521849673,33.46447661781028,6.958234576823291,9.45179584120983,537.6783146523778,3372.3894881279853,7.735777827895049,661.9234643235278
1143,612.3356088708035,16.93918979177506,9.558040870743723,3.688969694795267,8.576313711361648,0.06486771266766501,46.50732719288479,5.978051961024178,0.20029383353918023,1.893675778385357,2.6015690033674024,2.598781585961412,2.6748471573960906,2.440258624135331,42.771947851476206,2.0191155803181875,0.06330043699276236,0.7296156249604326,6,0.022478556640047324,0.06489204377403135,0,0.06326968411678001,0.707535678951108,43.0,5,153.36997105270407,0.3563554187157565,1.3209167162010436,16.226506909522897,23.056103065219798,58.86693297855737,10.021127830174324,10.712035286704474,134.77456938282674,1582.068914477501,4.370193722368317,697.640476854628
1144,582.2080638329957,17.789177717047234,126.81661202816802,8.337268101170014,2.5507921539440743,0.2199450721063408,120.07119185791704,5.499006496741644,0.1133978988134776,4.504617669502049,2.647875809153237,2.104503267906999,2.2203154030493977,2.4364486744090614,45.25613451056656,110.83712832816992,0.07782306210489617,0.9231965663412015,13,0.025791186039633245,0.2199349304939367,7,0.07637583604374215,0.8033660936866119,435.0,15,955.5683854881147,0.39698483336909973,1.9813750743015652,12.453834207466286,28.776986658843867,19.248706645328987,12.425661132420034,11.342155009451794,415.26283104568074,3483.3200983208767,8.391760308124772,732.3255038148011
1145,473.790604112904,13.19793429458378,95.24843251108433,4.873282316008493,14.520713544901437,0.23590330227709966,129.70607003280045,5.820544065277515,0.23443762246559557,2.9799666474608277,2.6741301185096815,2.256487454145247,2.257810688799715,2.456502171663734,35.33516898183198,4.247770480606214,0.050808195765829636,0.5247096561826545,6,0.010411120970127181,0.23590653652765453,3,0.052197742832164225,0.5319709204053031,93.0,8,368.13537221240426,0.34088069175202573,3.3022917905026086,7.726679784704967,21.49509740682187,15.180789096653193,9.303486227826559,11.342155009451794,370.0099347954652,3301.725458795858,9.93229016306952,454.38195325672183
1146,465.4924578321726,46.21666953980009,37.930617588318555,2.4646615222437713,16.260155120674753,0.17159122990271847,86.4130635714881,7.233154532089106,0.23635375336373596,2.6272573562534207,2.651599565960328,2.1128820089707516,2.2202167773961463,2.4659748561170485,14.644401787470509,82.91248376756936,0.058001035272133586,0.7385094275289492,3,0.026205264714581483,0.17160603371783495,3,0.05823976361726539,0.7154874829503176,338.0,23,1807.1902572610916,0.42358656486681445,1.9813750743015652,19.162533194400588,20.439021653700586,29.83277462405867,9.984734468855834,8.191556395715185,948.2523729765082,3361.645757948507,8.51907589177983,692.8287693816357
1147,535.1492822913422,31.053878206848985,94.19332127741588,4.129663609576606,11.31905795835018,0.24062574384447066,80.76411131647133,1.5243516370337429,0.10759868168387979,4.695908642691889,2.6916175969092544,2.536437831028688,2.259944015757987,2.434311082614542,46.54963890918811,345.13300814086625,0.0706160022784566,0.676261210692866,9,0.041407867494824016,0.24063886424134873,2,0.07032472706812871,0.6728318404866267,239.0,7,369.5165497070764,0.3603712932311418,1.9813750743015652,20.62562035370929,24.73399516785297,32.23295624828558,9.969482601873828,10.081915563957152,904.9341562733832,3715.956286381649,4.757287837022989,659.357555253264
1148,654.0742222517077,22.84200195526942,32.52585923376953,8.652853198470563,2.25207615198621,0.2817989216522323,103.56021041116311,11.048584815185169,0.2012416317665051,4.949287869660651,2.6689834757064284,2.284989422911398,2.346254635348591,2.448550586333053,13.107997487939794,64.65237134796686,0.07992839727065132,0.6607757653058014,11,0.037917775805974566,0.281810115350488,2,0.08030772697747507,0.6519670180219113,1358.0,62,2279.2252413179745,0.3879847011669795,1.9813750743015652,20.71743036516594,32.38471643307835,47.71322988424144,9.461535460175265,18.27347195967234,220.98246781333106,1337.941699460699,7.225151993843567,540.7975433183868
1149,527.1687208228216,37.177946712504,123.5985764648181,8.611775571211986,6.477772039121924,0.25918502215455425,47.02450388262837,7.924555446248382,0.23210353760904187,2.3292670100471025,2.609724568839817,2.2100268658357995,2.357979793593797,2.4631428399014776,33.66248874908018,1.6814727780848373,0.08725888622125011,0.9327162058280708,10,0.030582667849748595,0.25921325051759836,4,0.08685832037103781,0.8824666077924096,792.0,35,2417.4101965420905,0.37987479596509566,1.3209167162010436,18.978468262849645,30.276846619759453,49.01289728465702,14.467011533466453,13.862633900441084,457.11712666449625,3630.5423988489583,7.652587696977765,832.1273410564489
1150,484.46549860285967,26.38238609042816,144.46888482515237,6.419046394031138,6.614286227490027,0.08715719689963221,119.97479647636885,13.059885511561696,0.3247790301456986,1.9171598377956305,2.6469426593468897,2.2282532590990396,2.5212428967173084,2.356421213530988,39.597241972692316,1.0866126799423965,0.05128347746753141,0.8146470965359003,14,0.04625850340136054,0.08719313812481515,4,0.0496792977799587,0.7734744753521104,925.0,60,3165.6680430650244,0.42424272389717466,3.9627501486031305,4.894861507200222,17.619536365739567,9.028090876523006,8.644755190767418,11.342155009451794,731.0931695585364,3328.985427788524,10.248589197756218,767.852328817198
1151,583.1180728998927,12.59873442505846,90.06020784105957,5.105586763316114,16.499682172629512,0.10172512684589159,90.01223466432218,3.2350557472296924,0.20183637273980293,3.7553574107998133,2.6337144304078564,2.4431038613841944,2.5630919110846504,2.4515667341757084,11.790945330395369,5.055555610096941,0.09013684045227233,0.9612176386883644,6,0.025140490979000295,0.10174504584442473,5,0.08903327728171224,0.8385826014002153,67.0,3,201.20161167413147,0.37539312647922607,2.641833432402087,15.593504347463217,33.76662592024165,18.155140964113265,12.265860951221981,8.191556395715185,1949.364268147349,3881.6651495466936,11.67204486311899,934.2741346920752
1152,400.5586457581329,13.903592152882643,33.200088851783306,2.7713004429823522,10.308468782313534,0.1561525624878628,37.092709348267306,8.279960285566359,0.17013221941082785,2.352654016162324,2.636515381940974,2.3772313471112816,2.5491847287345153,2.4760609746492928,50.8502795566748,203.7286259868815,0.05832859439175585,0.9590150957741705,6,0.005737947352854185,0.15616681455190773,2,0.05524940106969798,0.8700211019109012,282.0,9,193.37860304327054,0.42902495382763917,1.9813750743015652,19.210732698770737,25.19645012102562,50.348981455116935,9.202004058952188,7.561436672967864,1291.7307915162028,3850.8325988952806,8.240505824608924,916.2949572410172
1153,382.8456383722414,34.26967326214429,130.51339104792504,6.311884085090132,7.0652249714674,0.273153133553254,39.02991485595902,14.501561984684683,0.32195143962650685,1.7447740012757769,2.6245484545716886,2.266866958270737,2.514497395272198,2.350169278768048,11.543673809500225,218.71518669080976,0.08495555571005509,0.7387024766756495,8,0.015498373262348418,0.27317361727299616,4,0.0825413162990123,0.7118287931184092,1956.0,156,11254.9622310438,0.4189301156427918,3.3022917905026086,10.03513025394652,31.552625842502607,10.02925341359355,15.691686027701493,12.60239445494644,304.3600808414142,3136.724607140448,6.568091785336541,742.0692031892552
1154,480.2162603407315,10.447244774503854,48.63823988708263,4.934516889774897,17.40959254015248,0.10824514527191083,109.48706202357441,6.982831523119314,0.20683906854549328,3.386897021573944,2.6201809058784797,2.585640566168655,2.3613063631034223,2.5280954064501717,13.646616276347208,793.9490547796843,0.06651629946832027,0.8216728370418085,10,0.026027802425317954,0.10825199645075421,2,0.0680783835082579,0.7620949630311817,427.0,26,2038.3940549954013,0.2914486057138719,1.9813750743015652,28.472867890708432,32.09417403744209,37.61075822422045,11.08020353925199,15.752993068683049,226.13578098014042,3587.5128694178893,5.170882945826411,809.6024225842838
1155,461.8922767345075,36.376198381248365,61.15791855188278,9.557918129764722,1.742283215627259,0.25039266521607184,122.29291490001907,12.233089778191363,0.23917844390093052,4.927111981119918,2.6412376976891174,2.3823541408122937,2.3966139442716967,2.50333678276753,34.310886589211556,1.1508575065234283,0.06300270529319779,0.7638616227849288,19,0.0375628512274475,0.25039929015084295,0,0.06191487517468037,0.7429064980187001,1922.0,114,5202.804282849246,0.35470928032789617,1.3209167162010436,14.490152951486273,23.40824532718296,49.6120963968213,10.073901136483018,15.752993068683049,245.33976380715006,4054.5642876323686,5.4115163798060095,852.3560619686775
1156,611.0613956834022,10.738993455421534,111.70880939389711,4.138765907134962,13.251778992216124,0.18154231745646054,59.13100286901911,13.03613631670367,0.15480374281743564,1.5046008431751177,2.6092669046733232,2.402511008261825,2.2062018967295236,2.423906883555032,22.5375016316912,4.562492336705176,0.0585242508953338,0.8820147312026402,4,0.015498373262348418,0.18154392191659272,0,0.05695693514718666,0.8133594244196747,589.0,22,1148.8787628812656,0.38869943941055674,1.9813750743015652,23.294594113997395,23.735339983254057,59.376765652666414,9.125414007637715,11.972274732199118,315.3068567054626,2755.9427070616202,5.4115163798060095,683.6332316122742
1157,572.0701669528057,38.960458958820794,98.95318116244246,4.744457327255578,12.70049485350128,0.10517313263512469,109.62914634777084,11.20234970037453,0.15085728934370507,2.718624870730389,2.6121305833848787,2.5103163384395426,2.5741551041588377,2.3470807122167527,27.742810886417903,32.175000135247444,0.08949790120074902,0.7375731003042105,8,0.0375628512274475,0.105175983436853,6,0.08537451350006582,0.7105372055682763,882.0,34,1586.9159193256874,0.40227438799850956,3.9627501486031305,8.786202590280379,31.469633861349795,17.855804314536446,11.36068056578978,11.972274732199118,323.66372135140506,2058.2960374699414,8.667244841319219,784.6817939639617
1158,344.28505394761885,23.187742218518956,93.39741721957073,2.777499112107982,6.9155646562544835,0.26402642960350914,38.92230415266342,2.783949690844753,0.29635940942605815,4.719356453767495,2.699405117001629,2.5243395444540693,2.4899404367462066,2.4193503225227095,13.390350419912027,22.72042355128996,0.07671389711784558,0.6775203070443476,2,0.01230405205560485,0.26406388642413486,0,0.07488084742086211,0.7128058668331538,92.0,7,199.00717405604223,0.39351901406732637,1.3209167162010436,15.098636319400523,22.797798072180754,49.20779221314949,10.952508493445482,7.561436672967864,1877.5076990950045,3206.976264333926,16.74199873171868,730.8911442964326
1159,623.9924588846035,29.634901774379955,93.0722844818731,7.223963618329882,9.566653436626547,0.16334375701607995,107.935151004364,8.187517299582886,0.32702243097297545,1.5801051457700859,2.6991181026232978,2.410653612276828,2.3775511193371104,2.3316887372916635,58.69082609624969,151.49148576746254,0.034193966824256766,0.9175413190998933,15,0.04448388050872523,0.16338361431529133,3,0.03533059890182434,0.8874347006119075,1001.0,77,4227.104830150113,0.5403511188855079,3.3022917905026086,4.8422217741432085,14.175127108756685,10.464157913908982,5.944274647330503,13.862633900441084,1087.333549159033,3127.061376434144,9.67333248384639,820.618091974644
1160,375.3610185922215,22.42144576998478,123.18787504960044,7.241119064157176,8.168555170487314,0.2275557430553506,69.20274576791499,11.06621255733409,0.13505743891599192,2.8757036162476344,2.6967940465140248,2.4554718464812004,2.424904236443637,2.426773289978162,85.80156155470152,739.4189575111046,0.05088035671052323,0.7291011858679334,10,0.02738834664300503,0.22756580893226855,3,0.04970036571134443,0.7071610560802983,942.0,39,1930.8517926250026,0.31311063556193597,1.3209167162010436,12.376644947829094,19.255456921744678,48.085407344524924,8.250060148169476,11.972274732199118,340.84814796824537,3721.3424368807164,6.579524642479541,800.7031680472459
1161,573.9556236540301,30.16187446647316,123.64213601579098,4.557672831479645,8.987220089964822,0.2715219314270221,108.9701312914236,12.920401075134421,0.2524249085402264,2.104289928438122,2.662793823859576,2.419490474030653,2.5526255098653277,2.4594914180098617,10.23423532266382,181.3979506770751,0.04495492012076013,0.9144294514652722,8,0.009997042295178941,0.27151730257320317,4,0.04385351184431619,0.8285406319809997,709.0,37,2748.9675133235983,0.3525113812656153,3.3022917905026086,14.496234245756057,16.47312385206588,44.85218479273398,7.873226689612315,11.972274732199118,1054.960332367888,3631.4162460475527,7.136496464611085,889.0692737951717
1162,463.37106843982974,10.212969703968858,44.77220442188423,3.937356870355516,15.397052838891625,0.09021529686251996,64.06628774410312,4.180744716912773,0.1538692938472057,1.5676421374827543,2.638827346295702,2.430545859729229,2.5414411001018387,2.365667666026094,20.197222392075197,53.07041272965494,0.057170650506347134,0.9336373824542067,7,0.01774622892635315,0.09020999704229518,3,0.05751220683304346,0.8504440829387219,2.0,0,0.0,0.42166032100347595,1.9813750743015652,21.538325849840504,23.056959475749448,40.87163175960233,10.071456418214327,11.972274732199118,521.3083800981256,3096.8616478602366,7.978845608028654,849.6354308098488
1163,410.7308889131386,42.33738372798266,106.45246332525574,5.927201031441925,12.91408640661684,0.24642588066626409,61.43096953355291,9.280372242261627,0.34976095362936954,4.682364684795779,2.609037834016617,2.212452677527362,2.2949368943594877,2.5146790660047666,14.831718472558606,23.37010148120813,0.03688736124272888,0.7857014656552817,8,0.024548950014788525,0.24643596569062406,5,0.03613506928636953,0.796385889095597,738.0,62,3756.604819268906,0.27137078763614353,1.9813750743015652,12.455809269839374,14.525646128806478,51.54852985160959,5.612702025782546,12.60239445494644,1073.5634854931172,3689.653332094777,8.017756029962513,784.172604825088
1164,568.6908728816155,27.09579388621393,130.1578462220443,3.5482743476970873,7.200943020081216,0.19530706518443675,62.746090629702906,4.343064863394542,0.13430092107695182,4.86593853210576,2.6541769059405045,2.1375970231788948,2.6880769838190326,2.3940158665317166,84.5196319448293,2.7437560146286533,0.04375542379356753,0.5668709713615669,6,0.025436261461106183,0.195326826382727,1,0.04376423219036621,0.5550164864383104,273.0,6,265.8356736139012,0.48803945050038156,1.9813750743015652,4.157154019281304,15.453510953358753,6.6755811781245455,7.258854756634855,14.492753623188406,119.54232549389005,1139.1658557804772,7.48482063701911,384.72878278338453
1165,566.473872346236,22.46292848730496,139.00564829908245,3.3110011675609314,3.256524074033948,0.14055937597031892,69.88258463417996,2.2838746770967866,0.14031118612066507,3.689470989494868,2.6877169943298918,2.359857087792005,2.2306990719939064,2.4079959714734573,71.38021460694846,188.55843897717781,0.06901478258829062,0.5487075428715086,2,0.016563146997929608,0.14060928719313812,0,0.06968127814256028,0.5628005794637402,92.0,1,41.06913667291311,0.3403659167514177,3.9627501486031305,4.238531507295509,21.117762717382114,11.081551521192953,9.78856007489369,14.492753623188406,276.84903646281543,2101.5631356673316,9.965574970333758,488.2142692530199
1166,649.6760792302149,28.46468199701734,73.02564778323462,6.364337885684514,16.834357450521463,0.11315369258615739,47.186590120509024,9.74654921154656,0.2600195372954558,2.5654109142580586,2.666612161718522,2.1017037990678267,2.6275664521059756,2.4440637385680475,33.33053412560427,312.0875198603771,0.09641352982811842,0.9363893407456708,16,0.03578822833481218,0.11316178645371192,3,0.09190325657551782,0.8511937968830957,727.0,54,2869.1582000399585,0.37475038468574695,3.9627501486031305,25.722410605812335,41.094556056529,21.839940752975245,13.700940871150038,12.60239445494644,2201.3984183411094,3407.366307789018,11.82670308671395,897.2471322313664
1167,562.7485261823283,16.650220004051228,65.99092057613159,3.9309091323107506,8.818376682845253,0.26511262912396766,135.36233801486685,3.125249703687754,0.306732142399179,2.627749923245216,2.66659769673282,2.28490348814914,2.5569957018745946,2.4249312769164177,12.116965132714354,90.2783364622861,0.09125861975864058,0.5046244430141305,2,0.0044365572315882874,0.26512866015971603,2,0.08983313451956942,0.5004603294308203,92.0,9,193.66824605618092,0.3764673715318736,1.9813750743015652,26.357979095598594,33.1437180035278,38.990357992890814,12.53126712280374,13.862633900441084,282.0114583593316,1541.5676620730444,8.951713192213798,379.9355166022072
1168,472.1832302166018,23.395851666802496,121.50401435308324,5.9033131710480635,7.271391650702528,0.20256571513652205,72.71573134090703,13.595957123242941,0.10064065040155196,4.386421264842916,2.6972704727398584,2.547737564386986,2.4105319497978672,2.5379649288861423,67.4985184535445,36.12567820146457,0.030256000332927226,0.6530802447125343,18,0.04324164448388051,0.20260278024253178,4,0.028902646473969205,0.5888703425570102,2486.0,58,2034.5958158997105,0.2768696675627482,5.283666864804174,3.993339595337063,12.19275328975608,20.358411898655525,4.344294247300904,10.712035286704474,187.2003907710631,2810.5131645509164,5.641895835477563,644.5713578075744
1169,381.21810372403314,49.055081922313185,139.58259244703757,5.9397951308241845,15.528276075388984,0.15081213251384912,38.55413057484001,7.6834897925310734,0.0900202944674921,3.3541485610469106,2.6182725975213414,2.374484349087448,2.2222069375245335,2.34946759104619,72.73195068872253,2.7887489731046293,0.08891986079888375,0.5232609208791832,7,0.026027802425317954,0.15084294587400177,8,0.08887253980357548,0.553785267584302,530.0,6,166.4334522522767,0.4673621904417544,1.9813750743015652,11.621016695952965,33.74486998913403,27.685559519911603,12.969758897418656,8.821676118462507,149.93752795793324,885.3033048035372,7.758505790577809,461.59207156833656
1170,387.6398678471628,22.651388028723087,65.72160612916795,4.620189655154125,17.30812408596078,0.06605629916892482,54.44150653837792,11.709036070827434,0.33015788082630554,1.6176166421905211,2.636631957276737,2.449544698717808,2.52901951136615,2.44565330225279,39.35722800939966,29.778678727461426,0.06557112487835862,0.5371361801651281,6,0.0129547471162378,0.0660751257024549,7,0.06535439986963092,0.5223832713061175,216.0,13,732.5187134823914,0.35390405404001823,3.9627501486031305,4.0299659677402895,22.003508026736828,5.256342660541316,11.993628830729348,13.862633900441084,343.02753479436933,2832.905777212232,7.312214507087743,430.27168250385586
1171,545.0100528059872,26.470821056679814,103.32423942966557,5.947160059165522,9.981676086379522,0.2769844187993788,40.11541664261622,10.452143604801226,0.33339195456535414,3.407555161459019,2.6863530002020695,2.378500466905952,2.6935801233698693,2.4756712165559183,16.21144313237414,5.117003733464542,0.05116842172386356,0.8075940619343902,8,0.006921029281277728,0.27701863354037265,7,0.05309429274341891,0.7551927053794582,1264.0,111,6550.094085479857,0.32385582445518235,1.9813750743015652,8.026378014833652,19.399400725867345,22.025082668269306,9.46274392745814,10.712035286704474,340.07372031195655,2984.401096859662,8.136857890256438,733.6513166920275
1172,631.5724221555406,17.699352761504972,54.42098802442879,2.07801372313304,8.697409775118858,0.06641681397663728,91.85103340707663,2.4943634310344236,0.14435344235512548,2.7658275752578394,2.6794167928333126,2.3209259333084282,2.4715569544434164,2.3733224796836887,16.930129491257098,13.144346838521647,0.07474572179128167,0.9877783361386123,5,0.024903874593315587,0.06643005028098196,2,0.0743837169734389,0.9065272920453199,39.0,2,113.23002492207397,0.5033625024877009,2.641833432402087,18.260482310547772,29.42749831713645,34.80409058085033,12.042127214632293,8.191556395715185,862.0143542670361,2246.318717070501,5.970821321441846,799.8043158543322
1173,537.6349951824642,22.226848651074587,66.87773619788568,2.3782209651986763,4.934794794680732,0.28092769578530496,64.10411156710887,14.631999787067882,0.10474480267141255,3.5448070133582315,2.696806074540763,2.2650586493649634,2.3888615075933646,2.3971828301708276,47.0413373882814,6.335605465902354,0.0348926493037698,0.528277318706216,5,0.012836438923395446,0.28092280390417035,1,0.033690453732296545,0.5231001607415986,1169.0,35,3821.362584696344,0.3354721918993535,3.9627501486031305,6.7653245572364735,12.170781886462226,31.067685972927144,5.646995862585782,10.081915563957152,236.93944019538745,1596.1892980541184,11.183393093083245,423.8024549843292
1174,501.0987621055079,25.78043694067059,99.93349936577773,7.944303680779549,7.179078012318569,0.09090678492955061,97.22005685402696,11.484486548631239,0.11908796729305557,1.5047758522780281,2.691599565169761,2.579042624912764,2.271270230816487,2.4398954485271163,15.55658753335519,1.6381907339535369,0.06861810999851645,0.9999668422412087,14,0.04111209701271813,0.0909198461993493,6,0.06807438458370793,0.9002129869212604,511.0,14,609.4335932982541,0.33226768936189766,2.641833432402087,9.902047442788794,24.684213817303323,12.949461058963763,11.57706383518371,8.191556395715185,456.1616062658841,4033.348826944848,8.368283871884005,1018.1300988592874
1175,570.4484606302361,16.331889629310496,70.62117096608553,6.092297069727798,16.664871669001776,0.15248714748286946,54.701673507504815,9.112271098042912,0.2076517229688742,4.760407653097792,2.646075127881476,2.355082878930565,2.3995191586423426,2.5194591732843614,16.272443711685135,3.1597637121441577,0.09042674058077503,0.8471086124482528,5,0.004614019520851819,0.15249926057379473,3,0.08746652632888839,0.841851378312028,330.0,19,656.0650965104426,0.35540248282942244,3.3022917905026086,10.415537883014771,34.96366201860063,11.617374563210365,13.825765119343638,12.60239445494644,773.4038286242874,3446.809336966623,10.976034158516413,810.9205359636171
1176,601.3478001761086,11.725548326670499,43.180052226816116,2.1283738348567844,1.0480822434670358,0.24560037818272318,84.64455819881987,2.87466989496691,0.13921720554963896,3.6204112419326635,2.6007395244162805,2.3745577064429746,2.5691389435532255,2.471117836836655,14.544286286606152,2.026051739808616,0.0924601215882041,0.8261895201379241,4,0.0075125702454895,0.2456078083407276,0,0.09056044956374301,0.7690787521192893,84.0,1,1.3760410274183261,0.4061254865730426,3.9627501486031305,13.952648143738474,39.61888254169658,24.97748703774279,15.704187552062718,6.931316950220542,645.0473292070025,3400.647053461074,8.667244841319219,743.0567192453855
1177,384.67893958615696,24.666774449941016,34.148670689479275,2.1109099368699793,7.379991716601315,0.20302829007041756,81.13795637921487,1.7437446436038528,0.15623447706637106,1.1190665184585122,2.67484502406331,2.1938447676501385,2.5033970975629516,2.419072082582226,27.955644845158957,557.020782283986,0.06122469672745137,0.9501197488649187,2,0.017923691215616683,0.20301685891748003,1,0.060626577357609554,0.8910791612944147,39.0,0,0.0,0.45686379387576403,3.3022917905026086,18.116206671295977,32.055528937684166,36.59846992787254,11.333070663081251,10.712035286704474,511.2168972295891,4183.803294658407,7.136496464611085,940.8172009326577
1178,346.3629788392162,14.896862359090203,139.95135918324948,4.890989675211493,12.072967731409422,0.11056950011095286,38.39302074989898,3.701440829356239,0.3393882152019413,2.5802373304169968,2.604396114182791,2.1956911580745224,2.6547538039649954,2.500683718613404,15.292668303704657,52.86103872154553,0.03394148095395974,0.5519371582173014,7,0.028098195800059154,0.1106181603076013,3,0.03253735345434811,0.5533175885768917,28.0,3,123.8986847363202,0.3069191517035872,3.3022917905026086,4.379406886281413,11.878661193143348,17.517155313611116,5.372221750892357,17.013232514177695,219.87200380252438,1659.1029337958394,6.383076486422923,454.49712106059667
1179,423.8633569845373,21.74166734853865,20.09138664618791,5.470872539457895,3.8957331393140575,0.061380753564295856,61.37804731180706,3.9123531642621585,0.2792152731001871,2.6709149775999386,2.69162308991027,2.437115507959119,2.294214638181761,2.4698966896986123,15.081022682790005,24.439131614723212,0.05033317690585071,0.6774470004764772,14,0.05193729665779355,0.0614019520851819,5,0.04891355516365562,0.6360394646165898,136.0,10,243.8606104920711,0.33603420878546375,1.9813750743015652,19.31754637575719,19.829633328559567,57.7020052466329,8.011540782048227,11.972274732199118,551.7161748998424,3215.992585487962,8.667244841319219,686.0591969154184
1180,522.6355633480156,37.49195962185161,56.27549842229975,7.093652385972653,5.292014476413372,0.2568265603752964,55.64700856581285,13.289642173839189,0.32234414674390865,4.86422411997786,2.672316053548971,2.4277931862952715,2.2827475666453396,2.5304707049242787,10.337920288360204,151.66416811964703,0.06772604036607348,0.9590582594940888,8,0.033362910381543924,0.25684708666075123,5,0.06514052532225302,0.931365112668022,1488.0,118,5922.196511285956,0.2224023062597058,3.3022917905026086,17.525453348028876,30.937410976577937,39.5093872623369,12.398440921848287,8.821676118462507,313.5491905561146,3845.159985827885,5.623695362786455,940.3830397506994
1181,443.04308191624483,34.989413769478375,18.72285192575992,6.874464106054635,11.368003129653077,0.14781891378014445,33.51592226170376,11.400179331681622,0.13819488880012692,3.7576659822003107,2.620655911405389,2.1254652626021895,2.4185672023708737,2.5236155243308174,94.51533495382182,3.451901283356485,0.03940542699772935,0.5023215928867648,21,0.04856551316178646,0.14782608695652175,2,0.03925754271003152,0.5282251709922325,1573.0,55,2651.9225633661003,0.30648621927488184,2.641833432402087,10.31734708385005,17.04928307436608,42.16899223543439,6.642966064085951,14.492753623188406,231.3688556285655,1540.7137627617626,7.978845608028654,384.35663954756274
1182,585.4221259213577,17.549793666158685,98.24516464587687,6.851112493324233,7.233227165808604,0.27154033878439204,123.86800657275252,0.0072622132834820885,0.30329568804395685,4.194734677718566,2.6449486098221247,2.487306076688409,2.53869277291162,2.4854972537345477,12.9161693104964,89.00645220871941,0.04015313192465887,0.6970714163045582,13,0.038686779059449866,0.2715764566696244,2,0.04185928201655698,0.6767900979142454,0.0,0,0.0,0.34943970416643166,2.641833432402087,8.812515537536962,14.491343076696085,32.352977408318424,6.92023680757857,11.342155009451794,1505.6960428329924,3676.9800273678125,8.404102023606638,651.1141702599659
1183,380.8161397407407,11.375833761543179,82.72530887265182,5.026286148299798,9.627477597358437,0.12818650642423107,35.206833644245286,5.954586744328211,0.2716560366355498,1.963805932318674,2.6314367571992605,2.5965322766674372,2.4346700793407017,2.483322766535201,21.730237534287348,47.68740446745633,0.05983026356118492,0.9313728991570361,10,0.04158532978408755,0.12818692694469092,2,0.059781262250624155,0.8667971041144444,319.0,22,1015.1592580611608,0.3797156653659366,1.9813750743015652,19.279461140151703,20.165146294275047,34.52176435050956,9.925718462656365,11.342155009451794,668.0740976712946,4321.239504083043,6.068351939087258,1024.3152413918956
1184,545.6297818792361,38.7917255596304,49.904993492529385,9.768253442118354,11.109541787567412,0.13517989943893283,46.01694015506257,13.247410855220618,0.32367760411504276,4.105306454010263,2.696285030286944,2.1687359906527486,2.325962677890052,2.418972361224064,82.32525939422823,14.175980593145928,0.05532935003805883,0.9901014858517945,16,0.05282460810411121,0.135226264418811,8,0.05759809298717102,0.8975148021657273,1077.0,97,4768.368675637632,0.39312937535439607,3.3022917905026086,4.684135288663172,19.65079863486923,11.888212206450685,7.924268531773022,11.342155009451794,759.5228818776429,3777.200476470718,9.557025922577065,901.0175117654464
1185,571.962573071813,11.977132096040972,83.12403731515377,6.78521841751957,7.425794902712681,0.054888950758602464,37.45506383190507,14.916967463242221,0.29161273034640867,1.8885913319211798,2.6906628160650112,2.2300393130976275,2.604022288005708,2.425894157260725,10.577298158679659,4.775335743138615,0.05477181518728505,0.5397159691630207,9,0.031292517006802724,0.05489500147885241,2,0.05665849681936693,0.5702889058906249,349.0,27,1350.5092773086078,0.3659328643723301,2.641833432402087,11.556002754407475,19.835207824141847,34.93912907708609,9.73390716593272,10.712035286704474,122.61590737481428,1523.160248070839,6.076507779746499,465.4107913358842
1186,621.4360003320642,15.871442840522144,138.755450840592,2.4372710314527604,9.967876809363052,0.05027090963417917,66.47965006204517,5.788300221081174,0.14831677186820216,2.4362024829290565,2.660460842937207,2.1244662786167563,2.280133497806216,2.484714341842535,10.266461352893016,3.843176396759262,0.048579731611875114,0.6821961147267652,3,0.0027210884353741495,0.05028098195800059,2,0.04816678831609079,0.6787270042156196,53.0,1,4.823268417376593,0.2896008490237243,0.6604583581005218,17.68223945785312,17.68223945785312,85.72711736790967,6.501732860845189,16.38311279143037,416.1419393121474,2716.475966035686,5.970578974199743,623.7889639237198
1187,615.8099952641858,16.365632868112314,47.21698357968162,8.454267818717987,14.83748564470329,0.23995859806144793,54.73885660278935,14.34197333993575,0.12039005982324921,4.633360077509436,2.6461565644790586,2.4760563059784566,2.636206439985021,2.5533129339024523,39.85538843751464,30.031203901635994,0.09022660522173079,0.6601885899508575,10,0.039574090505767524,0.23998816918071578,2,0.08857898968632323,0.6677125045119686,1627.0,41,2587.988674849481,0.22287182659980243,2.641833432402087,11.218027335903674,23.946313161423056,13.361018098571646,13.116241277152882,13.232514177693762,255.12018137588706,3052.769064713896,6.383076486422923,603.7077327914035
1188,374.18211720328424,28.90354495381476,18.479405741907794,8.542304733691898,8.191011301100243,0.21324081831389513,135.74547223256215,7.051247660079348,0.2686346537651958,3.6042820976473298,2.624197207233082,2.226855309364444,2.4907150671947447,2.401466145533168,17.665017638349486,15.959532943262756,0.08656042640897087,0.7141313594281111,22,0.06418219461697723,0.21325051759834368,7,0.0840076710213336,0.6788316589097632,562.0,35,1602.953613724233,0.42337862307739726,1.9813750743015652,29.935374999421807,43.87161392326946,51.201564650015335,14.423644732514042,11.342155009451794,175.0881914083115,3616.9081180403473,5.03993739660921,721.774451069628
1189,613.6435356789477,13.15842009225116,14.819910879459202,5.662914899676005,10.136837908094813,0.07737299933661994,97.17301737150669,0.7354585001049202,0.34226725125213353,4.251238214553947,2.6530236839694497,2.2025885634234585,2.4983349192263913,2.4137518330772005,41.85357258532191,157.05677748508944,0.05815831691712131,0.9242871470023915,12,0.028098195800059154,0.07737355811889973,4,0.05686132371203546,0.8660289821462526,0.0,0,0.0,0.40352966239951593,5.283666864804174,5.077001068082464,29.21763300090605,17.780535063785912,8.895581440921124,10.712035286704474,543.4065171047079,2976.6504403580916,7.569397566060481,849.2242764252208
1190,488.6676505406863,35.46872424037282,105.73057922320314,5.660787666089248,14.017468285016633,0.1565457433472236,64.69064376121473,0.7540375953008743,0.1936003447942332,2.9936992543203997,2.6798086425002703,2.5364045837401017,2.363487612525574,2.426886300193041,84.35281419679919,39.55032622658273,0.04322340685930509,0.6072645462407333,9,0.02803904170363798,0.15658089322685595,3,0.041641167963484486,0.5823826015928469,0.0,0,0.0,0.4175760057935296,2.641833432402087,11.997522725479445,16.32142498779826,35.78344569368991,6.697051478037192,15.752993068683049,357.7067585567396,1079.797962203902,6.282549314314218,509.80394322527957
1191,364.81383086766647,29.036623135899436,22.731176651614586,5.521086375198452,14.569032084334623,0.050258852248067934,139.7363650748268,11.37553915336852,0.17044820942175953,3.5019624347432208,2.676968698970045,2.2345987709958695,2.448556572537937,2.550420910648158,15.44767700506989,637.4443615599905,0.036273365808652744,0.5511818935959376,13,0.03797692990239574,0.05028098195800059,2,0.035868152228277855,0.5500994107871643,362.0,21,1455.4292213768397,0.2291782274457117,1.3209167162010436,16.41702467982173,17.768051198258547,60.19964147454702,6.886823185470924,11.342155009451794,318.80716526590334,2436.083752012737,12.10512041880304,461.42821762802345
1192,618.1929919510354,42.53401816747473,104.75519817270397,4.278457793232646,5.576054500697108,0.29113388729672557,122.48911440990572,12.409647915796725,0.14812594541981144,3.648088255400656,2.62162184473332,2.443123226182474,2.6903200584716895,2.4645858970488375,28.233125989935505,395.545121115494,0.040892899026375294,0.9004768830538971,6,0.011002661934338954,0.291156462585034,3,0.04169661587699979,0.8168492049701908,508.0,20,1082.1992328994768,0.30951757188150575,3.9627501486031305,10.923756540680689,16.368799766936007,22.71740483598735,7.050829194627804,12.60239445494644,648.2863157973236,3797.77164572484,8.590603447995775,807.8840192613901
1193,374.9575019152249,21.070895077225277,59.10163271158718,2.903137293558972,9.649913436175433,0.09731913937403332,41.817019083893484,3.7594713961850887,0.2909611350412927,4.186425416817157,2.677948337810172,2.535081609130739,2.6412336055881585,2.340146980883983,30.674528875281233,10.105922682712391,0.0861476085808612,0.6944558474743835,7,0.020644779650990833,0.09736764270925762,3,0.08015308688718023,0.6598156050416212,85.0,6,343.4257826189848,0.5101513355444371,3.3022917905026086,18.440721213942517,26.794150329049224,23.31680264534386,9.139431277943673,11.342155009451794,343.8558468363398,2271.037393270734,7.9644185641543075,551.4745129259136
1194,494.3309210474898,17.168834974267998,144.32459060377295,3.859471168889078,11.773448863320082,0.13270787660555294,79.18548144437068,11.673620423118342,0.196341942736978,4.684543234200108,2.6073758947223227,2.1814302835558648,2.458877995164369,2.4093089063503563,14.7996006263866,135.84801854046356,0.0884093014172546,0.9342318721943073,6,0.013605442176870748,0.13274179236912156,2,0.08708629814705748,0.8722977814640691,357.0,17,1073.9984090251328,0.37614107642439043,1.9813750743015652,12.416485670471047,32.69430570315009,20.806283791440396,14.177489323528478,11.342155009451794,508.2018066717782,2851.5440648191598,6.101743784832957,956.6712325164752
1195,653.1928984089604,18.12419506757689,101.8996517964591,7.557983463650225,3.56349628071631,0.09861908052491232,113.83703240785748,13.132116161464861,0.34545033218169774,4.304356479975635,2.6867309480352026,2.3848282386523776,2.3268104320977976,2.4340719939568216,47.490148433356595,26.7874938618299,0.04528669275459297,0.745949627281965,12,0.02945874001774623,0.09866903283052351,3,0.04553620621853564,0.7060229663592391,398.0,27,1984.3004509437096,0.36884077452099895,1.3209167162010436,12.547555966630023,18.638853277320084,51.99426819639191,7.948572306673129,9.45179584120983,544.456758052505,3211.3702663187223,8.368283871884005,689.7110578177483
1196,350.27069537504843,10.592288935167542,42.45249880346257,7.8521843275676675,4.167301614126691,0.16603038375824514,132.4518095629732,12.566400851478873,0.19280865010451242,1.131231078445715,2.6283759173763035,2.5682418627293377,2.4312692350508516,2.4078697981696395,71.44023632044023,3.238726612894411,0.04068618383608129,0.58851382293949,20,0.024726412304052054,0.1660455486542443,3,0.04067151245074985,0.577594425075795,846.0,31,1434.819399691308,0.370517134141894,3.3022917905026086,9.150209623454018,15.382010130119529,17.625846048215095,6.072223657125288,14.492753623188406,281.7304404549774,1861.6211619663898,7.978845608028654,467.0516314948227
1197,525.6898686232249,10.335670932822376,33.26491612849588,6.9667619718037175,16.390517998286143,0.11309967153654586,30.974697276882708,4.241406240228194,0.2104362471479504,2.0916639837856352,2.6922390826300453,2.238562007655925,2.6073862589688415,2.416040027029464,21.72437877759624,33.5516077177377,0.05568531350091914,0.9006724822141052,7,0.019284235433303758,0.11310263235729075,3,0.053626332469531926,0.8232463194090704,154.0,7,853.6953704861808,0.4673679938647277,5.283666864804174,7.259660991399526,19.49862203933358,16.565140475327333,8.791796236189573,11.342155009451794,918.9315161186803,3819.8831015874093,7.782900765862879,886.8423171756289
1198,450.6307795683408,28.399894848448508,16.115958760161153,6.60856445648444,14.09946046007272,0.29302397521334267,90.77344579276465,1.388831706946299,0.22987842863954153,1.3636999820676001,2.6424692170220148,2.1722303196100667,2.245257264822902,2.406087863792908,28.074725679331085,13.661207800646698,0.040524149371300944,0.5680229209322705,15,0.03602484472049689,0.2930493936705117,2,0.04228859140298066,0.5502012140617613,131.0,7,488.6884527953267,0.39776200318378363,2.641833432402087,6.20545676700403,12.509001874132874,14.268023887478023,5.908418689263377,11.972274732199118,316.2681455313864,1705.0985917091855,7.48482063701911,490.4973553544543
1199,661.1366583791514,19.15425044183393,82.9878046731678,9.99372396683967,10.401220259350104,0.12008120451579281,68.67569718043357,11.580744728751604,0.24076507324801882,1.4074850387728461,2.6258804225123034,2.469623728049502,2.4863380394030985,2.3952103524074966,10.167582371882721,112.50248339231935,0.04008048031953916,0.7860853393635682,16,0.02531795326826383,0.12008281573498965,5,0.03886605209326374,0.7768715049615733,598.0,44,3042.8239619817978,0.40692981402253503,4.623208506703652,4.01866184585969,15.642248859709994,11.834540545406394,6.165753822891568,10.081915563957152,1004.7861465651774,3872.5353529480417,11.866079871734609,755.6463470379401
