seed,L1-1 cover_total_m,L1-2 corr_length_km,L1-3 relief_m,L2-1 intensity_per_1e4km2,L2-3 basalt_multiplier,L3-1 p_reduced,L3-2 belt_length_km,L4-1 reach_d_km,L4-2 p_ore,L4-3 ore_multiplier,L5-2 rho_quartzite,L5-2 rho_shale,L5-2 rho_limestone,L5-2 rho_pandurra,L5-2 k_cover,L5-2 res_cover,L5-4 basement_sd,L5-4 basement_logk_sd,n_basalt,basalt_frac,reduced_frac,n_iron,basement_sd_realized,basement_logk_sd_realized,zone_km2,n_ore,Mt_total,contrast,loglik_grav,loglik_mag,w_grav,w_mag,w_joint
1000,502.4850082912719,26.428185010195232,70.64126959833808,3.6259835403574305,9.988903435540895,0.0977590700201972,47.19686836519294,11.30522328287391,0.23343466195011567,4.454888302833554,2.6805372220905923,2.2241863316030694,2.2949287060407704,2.368559665636132,46.77320890213518,6.936629362653407,0.03196325561421841,0.6572719385371715,3,0.007808340727595386,0.09778172138420585,2,0.033811337963528164,0.620168076516738,328.0,24,679.9581640491804,0.3531699156825816,-17426.536765244247,-359805485.4783728,0.0,0.0,0.0
1001,534.4082249994829,10.255908937059518,28.15343653228945,8.863120516329,2.295376782552842,0.10027256111135603,82.70713042732014,1.4784320028146147,0.12957314517267793,1.720980029650836,2.6131928388017993,2.592058489799478,2.5825766055904698,2.4373488976950743,30.947173077102423,4.29781982224413,0.05804472913624123,0.6904556412531264,15,0.046081041112097015,0.10032534753031648,0,0.05728971497934466,0.6683762571023198,93.0,2,35.709273809923374,0.35189420682209915,-26907.965180232794,-538360464.9880977,0.0,0.0,0.0
1002,453.28740581909057,17.76906732679669,112.14184756022867,5.115935352839292,6.731230175592124,0.18872363238240603,40.54910769267358,1.7947856855531796,0.30849095439210017,2.610800229861213,2.6928851452998264,2.2739566008533574,2.3829768697362606,2.3663845823311385,19.190070068108398,1.2479939941686924,0.05323519832619561,0.5364188390235687,2,0.01230405205560485,0.18876072167997635,3,0.05573615197665833,0.5100020827485847,35.0,3,232.28757998228724,0.3338684468991113,-23238.580105360423,-255851355.10977918,0.0,0.0,0.0
1003,385.7150788940217,15.115748635330883,74.2018990783277,7.286332459873482,13.785918648493306,0.23077446703491922,51.88916063245023,8.963108827472343,0.34235004925313883,3.8268165618668357,2.6217034735465674,2.17035015469755,2.553598747813632,2.5255512691959296,24.52029656403858,2.2094375690458445,0.04982241152642917,0.7207275472552435,11,0.030227743271221533,0.2308192842354333,2,0.047004589339835756,0.6874563468078074,849.0,70,3759.6619867643967,0.2626663886141989,-16219.087985963204,-521865750.71765345,0.0,0.0,0.0
1004,320.30815845925025,12.330249461962088,20.7716047947887,5.0452370955779,11.55145468258579,0.2592731919789963,36.71441699137599,8.407150011576633,0.16130488948512953,4.299947979321587,2.6641750237551616,2.207354323114944,2.220252898972055,2.4225123113527016,92.31662766297741,218.13628293449983,0.09524401736552192,0.704331591068984,9,0.045666962437148774,0.2592724046140195,3,0.08728900123622939,0.6905860615586393,1111.0,40,1648.3553849825876,0.37782343872449387,-57223.888018876154,-554402331.9586151,0.0,0.0,0.0
1005,348.7767105737628,44.71311789977599,43.09260425516557,7.108464388963989,15.19147631724947,0.2941805008632601,38.95098516782217,7.452069821680674,0.27637505510040655,2.360014759599683,2.694459202800036,2.1852937596144937,2.5338943527222897,2.352404835943803,27.993856735469905,726.8983127055619,0.046720152186113584,0.9234478164125589,12,0.040875480627033424,0.2941733215025141,6,0.04736367215715102,0.91976643720895,780.0,46,3079.8859228948654,0.4603335298410305,-24320.028185791947,-789048915.5300288,0.0,0.0,0.0
1006,437.92250175048855,26.301528051002208,44.67469491137633,3.900579557564585,14.596087554817569,0.13376128879882887,57.64274874809825,5.346535232562648,0.26546202536758556,2.9557825168440908,2.686291143099387,2.485932752873002,2.241509676643214,2.499502755879019,62.364703481270915,1.147872961862391,0.07783289516446316,0.7063461843325514,7,0.006388642413487134,0.13380656610470276,3,0.07621055761198185,0.7287253520344348,109.0,4,88.19545491596722,0.20022699689783474,-29314.701928445214,-604765688.623081,0.0,0.0,0.0
1007,344.92872811131,37.1831163362743,96.4392769377986,3.5727619586211876,11.009919489783389,0.27383428790458164,62.01305718175481,2.96427860399994,0.18307748862413803,1.1718359917309167,2.681644353901304,2.342438004222668,2.6044872785229507,2.4629636300708846,93.88424276124962,314.7699846555175,0.03956400857072159,0.6250690124188738,2,0.0027210884353741495,0.2738243123336291,1,0.041427701229393696,0.5845090272798744,6.0,0,0.0,0.25361609774359817,-20575.804696101135,-442784578.12412816,0.0,0.0,0.0
1008,378.53846216911654,37.008210414487685,32.614924382136266,9.870155636390885,17.714200660434525,0.26106892208372945,57.00617995292947,0.3410493045229268,0.1600470930510191,2.4906765366217143,2.6188970406500296,2.1998439678000814,2.4097585077735526,2.3477067024109446,28.288718792059477,451.9117905403451,0.0707506314045082,0.9989123693767982,26,0.0756580893226856,0.261106181603076,6,0.0706407690638699,0.9102242202875495,0.0,0,0.0,0.4523235804973482,-56942.044125587076,-829127040.9140495,0.0,0.0,0.0
1009,339.77516171870377,16.924045713522183,7.477719310979736,4.250611347410606,15.039379832116124,0.20224437075728163,74.15982861417262,7.46949325393358,0.09732126470721687,1.6090480395956686,2.693196196568441,2.128542523958244,2.5779927641296436,2.419915772556457,18.979604687716943,78.42177276415832,0.051725217020739754,0.865768107414691,4,0.013842058562555456,0.20224785566400474,3,0.051260113841004686,0.8186928970863401,608.0,16,865.6484074152112,0.3814755542822037,-16292.977285858116,-742799466.3234919,0.0,0.0,0.0
1010,353.2472990365503,23.68711313188477,137.6515099670191,9.851726791110424,15.429932165476808,0.23653621399059893,57.98220219028584,8.473723981800163,0.11181579594440637,3.5875859698941093,2.6261140463200463,2.5367665695504016,2.2200731296267544,2.355017047262357,49.333137958557046,349.56696001183644,0.09664193171392062,0.6869467731018153,11,0.04483880508725229,0.23655723158828748,3,0.09766033583326232,0.6930937298482276,1095.0,27,1555.4372602808821,0.43863808158522266,-50755.03658005665,-512712698.6680815,0.0,0.0,0.0
1011,419.4436941226528,24.75974993003876,31.890020198098462,2.656311846573338,2.747741614627537,0.1494158863002204,58.89114673587152,14.736222035748607,0.3465631070436066,3.066254671739789,2.603098163644091,2.284367399274256,2.4446377100330374,2.4779675438870212,10.051397378191503,346.5696645450306,0.0484965850526433,0.8267882328119974,5,0.011416740609287193,0.14942324755989353,1,0.05035756135563278,0.7227468191324262,352.0,22,1249.222636341641,0.3331842787312542,-30340.56541127416,-584672527.4585865,0.0,0.0,0.0
1012,427.21216914472365,35.127611127764546,35.76546293305135,8.88320542773631,9.39334902866506,0.2162968840573305,76.0168324288093,1.9800303523369789,0.34757877903425305,3.799589995626651,2.673260565391815,2.203353768400026,2.364389056554494,2.427510590579583,78.19699898161096,28.974003833344433,0.05550703308298589,0.6229793261021876,10,0.024253179532682637,0.2163265306122449,8,0.05657003889470316,0.6157749024884948,166.0,20,1227.238101462875,0.41232521486174933,-29104.56935142271,-479044192.51975894,0.0,0.0,0.0
1013,598.0725203571658,11.355448228078748,100.89893869451538,5.58054805906645,13.105929393539064,0.10988014161550437,69.71592583990142,8.54785071947305,0.2885128174027786,3.1983424773771563,2.6495967944806793,2.1414971257208824,2.695574020149606,2.3709324220995645,64.04046242031225,338.6797072559725,0.08448232659997404,0.6640926158081124,9,0.0259094942324756,0.10990831115054718,1,0.08011738569662794,0.6814780511071813,390.0,32,2445.687146445718,0.37403029337595006,-36991.81549381506,-432820330.5391437,0.0,0.0,0.0
1014,472.43340056797996,25.667782045115686,134.694721047756,9.940645123337525,9.693693308845226,0.10824085207752278,116.56867360851119,9.712174702023065,0.2419441523624498,3.266133221807054,2.6758358060432923,2.332527467011725,2.3692812217642243,2.4282635003140265,39.711602728954865,3.5610222950919974,0.08946107749797493,0.7748893744529697,21,0.061461106181603074,0.10825199645075421,10,0.08500114463496057,0.7193332346071953,1259.0,72,2648.8682833228318,0.3740767176142765,-48799.31649751601,-677476631.9438385,0.0,0.0,0.0
1015,445.9660273319204,26.565757428647714,96.19576797266687,2.7434824358314582,1.5183212446194088,0.08665197667648215,52.815368248806394,10.407990744916132,0.1712538639469423,2.2979157668299077,2.6256660482964618,2.164068733418532,2.6712562869468752,2.4085645227718517,50.055447976591516,114.46666800782509,0.07763899693010244,0.536028692640625,6,0.019994084590357883,0.08666075125702455,3,0.07400924845482285,0.5209000839665694,517.0,17,833.025259165493,0.3562483648689825,-34129.34332924508,-346526337.0229311,0.0,0.0,0.0
1016,399.7970588492649,20.39059134470729,53.043593082709165,6.637661356969516,8.054343238527263,0.17101195812605402,135.61408808142608,8.66771202666428,0.27185951854620927,3.906825600261465,2.6354615599018545,2.105891666702946,2.568576684545598,2.4703756112720536,76.26329871472316,468.43852318727505,0.07428084084447853,0.7446924824697074,12,0.04868382135462881,0.17101449275362318,6,0.07165106057038965,0.7197260442090818,870.0,56,2762.772075392881,0.359196033696362,-40875.38842115998,-501045267.6424058,0.0,0.0,0.0
1017,641.4231140085967,37.5047559065993,145.8869088115652,6.796973861906826,2.1664740480936886,0.15418192516692786,80.37595486033491,7.057339375003297,0.1719141655371081,1.6046898196198218,2.6302284074960633,2.54604771287399,2.60260739637515,2.478328547892106,63.80876910341684,44.032825004960166,0.07364581925923037,0.9004352692607065,10,0.007690032534753032,0.15421472937000888,5,0.07110172879262676,0.8275999475318805,578.0,18,507.6920296415682,0.3366590590515983,-33673.37311009263,-650070336.810431,0.0,0.0,0.0
1018,527.8914072160412,20.7970984217847,130.727083162954,8.515107100389198,9.980111453376102,0.21912186283704582,47.77566202894675,8.988678414112046,0.21602674221442122,3.6046364755058096,2.680410705596284,2.4374965038419094,2.241305490952071,2.4584408707383822,21.033456856894137,12.27598254929584,0.030990070976653593,0.6429702665516451,19,0.047737355811889974,0.2191659272404614,4,0.03132187120813769,0.6268016332475651,1653.0,86,4714.309803344065,0.3388337631376581,-8189.286765541088,-409780241.668552,1.0,0.0,0.0
1019,395.92440051230705,18.914229761424227,70.03262463763211,8.63001558293143,4.608505076420464,0.22621628061928029,46.235642002170906,1.5077488677033024,0.22161554939752087,3.0394594510132924,2.667436466481558,2.3325119139247326,2.3443971256975105,2.509082534860427,84.5248313494741,2.1186773305453643,0.09696375754280816,0.5734462189259782,15,0.04998521147589471,0.2262052647145815,6,0.0870738826043343,0.5657297194224643,220.0,14,413.1676718684016,0.26782347801394524,-50517.76097873893,-370403434.2665483,0.0,0.0,0.0
1020,522.5450850485513,15.78630584461237,11.353916745797592,7.6557362280456465,2.5090920772616365,0.15852952932498476,65.95465981853278,8.149641691861163,0.27272137706749566,2.600408661031916,2.6874406539020654,2.4746524320884498,2.2142961749586476,2.4288134758153017,41.30481526418685,157.29452215006876,0.048817564315113166,0.9157273517114161,16,0.04897959183673469,0.1585329784087548,6,0.04671552300608304,0.8515212661281159,788.0,52,3713.3091404267866,0.4314569980528846,-20878.996386177005,-706822821.5859734,0.0,0.0,0.0
1021,451.03584988519304,11.389711203880164,148.71950634626083,2.9031765333751833,3.9690893731203762,0.2881984105260338,93.08017705429297,8.636029428346182,0.2029339301242808,3.9509011383483266,2.678342351326784,2.129509298409776,2.417560283939817,2.3963788405983157,33.54923845938924,7.0140488065995354,0.05212411886470163,0.9945785850199154,5,0.010884353741496598,0.28819875776397513,0,0.05093015557964836,0.8788015201061945,448.0,24,880.0065395194206,0.4792689274634485,-31252.33263088188,-687866419.3969791,0.0,0.0,0.0
1022,320.18432589851056,43.84759361256366,88.47216596692623,7.16853589021338,9.739835869449267,0.2356480036052599,106.70757058113668,5.6988910267161,0.12597810831634193,4.005499487073917,2.639124704080452,2.5370730598042814,2.630696304600865,2.4200724894988817,14.528126439366021,137.18939241766537,0.05138792719713903,0.7741638545172191,18,0.07110322389825495,0.23566992014196983,4,0.051037100912428204,0.7535548169192303,843.0,31,1094.1009714850356,0.40300849819979145,-22865.126562122558,-529659514.5928337,0.0,0.0,0.0
1023,438.6041780029842,42.9730365511961,136.44029267555436,7.977787057674937,14.992739469390523,0.11690913924934294,34.54788956691081,4.009794182171802,0.27242908683998696,4.106633304750002,2.6373645044166314,2.1808261561475297,2.3533421941409562,2.4173583889882266,56.055189937841604,215.12687579376183,0.07237209781417603,0.7114430177554991,17,0.04986690328305235,0.11694764862466726,6,0.07194414549865945,0.7049990272704586,514.0,38,1482.9660128765904,0.3665962323539187,-57652.492201712186,-562352449.128247,0.0,0.0,0.0
1024,432.86168919079944,15.155869766150566,55.546772122243546,9.08039725338963,11.603384853455516,0.06050480126991274,124.93605810351933,12.18545549444077,0.2671861609993399,1.925073499218151,2.684218495934352,2.310500992695389,2.6929496679187874,2.4781099698169706,33.387091812438435,21.227589525670922,0.0429604665423423,0.7740094956622299,15,0.05968648328896776,0.06051464063886424,3,0.04267923326733767,0.7064191912668992,238.0,16,778.6349173499125,0.33381883238092147,-9197.491200963812,-492648501.37011904,0.0,0.0,0.0
1025,607.3910783109504,27.520566627958292,24.321742285888497,4.061828504569898,5.566757456935459,0.21087121467803616,85.5900538319273,0.08715786610415444,0.24734173723605699,4.5022545195887815,2.622758517772061,2.521239109230946,2.447017554356649,2.335329790684158,52.744123000280865,3.4066474467338113,0.04549264134136849,0.7981805598829912,8,0.019698314108251996,0.2108843537414966,2,0.0465540002711715,0.7585924343624457,0.0,0,0.0,0.45546592218492954,-21100.84741363779,-511862189.1087389,0.0,0.0,0.0
1026,379.75801856653595,26.059682310628375,29.185520421140264,2.2844481315489302,10.69157173115957,0.17281686690111564,60.288420295705635,2.5904209306297448,0.2704316647733197,2.6551755451159536,2.676441083605788,2.319081405996175,2.66860070517221,2.4927539422519516,49.80542951908084,6.13558555371295,0.07201073640419794,0.6841610331540426,3,0.009050576752440106,0.1728482697426797,0,0.0724997589507465,0.6377460084529015,41.0,3,123.36392462081187,0.27092091001029317,-46390.909773372805,-438915830.84046984,0.0,0.0,0.0
1027,329.7910946388919,24.712856240957453,84.77430916640895,2.092127104052639,16.398962912712385,0.2979714793908168,53.487886164090895,1.6604065948211004,0.10081558623157082,4.385818370097627,2.6508964131512838,2.437206359081987,2.458207275779988,2.4349626840040375,17.19672105578711,42.97814000683559,0.0890557683713247,0.7837130685424005,2,0.006211180124223602,0.2979591836734694,2,0.08977645656502609,0.7699636203057858,36.0,1,1.7961740537673268,0.41874909901722335,-52103.574468188555,-632637492.4035747,0.0,0.0,0.0
1028,605.6598775144412,18.612894479540046,101.29682435444498,3.451028880358608,15.246412163464395,0.16862714138017154,146.5732763314501,6.646442373154231,0.26132644705687674,1.978446296021807,2.6488847338922095,2.2327761125615817,2.2734484724462254,2.3111893935368992,25.173524365070772,6.6069020232337,0.07338962572858385,0.7365749856221873,8,0.040106477373558116,0.1686483288967761,4,0.07173397955399567,0.7131594033447076,277.0,16,1204.2386589744892,0.5006406158072134,-29075.91297272319,-478741683.4575358,0.0,0.0,0.0
1029,612.8720677142693,37.601716005183604,7.379480424967822,3.4721271188315264,7.265094585808771,0.17259207668301857,71.21831670261118,3.5593272653926897,0.30404691373834647,1.5553305259320025,2.6764095097626543,2.53536518558352,2.30144911979716,2.4300560493282415,14.44488385452801,545.158177575567,0.04724264514333215,0.8237812710401957,1,0.0002957704821058858,0.17261165335699497,3,0.05009798608689911,0.7481071961384261,34.0,3,239.39894475466426,0.44671296080772116,-17719.172558201186,-512056163.5076959,0.0,0.0,0.0
1030,402.9026617295174,10.413699128259614,121.92286935841068,6.600217022272886,17.843838203067346,0.22365815526558752,48.275651962049295,0.6213886299069288,0.09303909245062099,1.5731239556394128,2.653491978269594,2.469815756448887,2.34566614211912,2.4250468905893077,58.88705001000691,20.183651450232766,0.048227212600916405,0.5875183286424441,12,0.03288967761017451,0.22366163856847088,4,0.04716346613052406,0.5704813576063902,0.0,0,0.0,0.36398828177537457,-18457.255826960078,-250591302.59609172,0.0,0.0,0.0
1031,562.3984200609032,46.170455399310406,99.32320070092273,7.425449203330535,4.373854239053404,0.22748431123723672,32.73437968782493,4.404198533457933,0.3118060430628421,1.0353767187854297,2.622210025011586,2.1780094093038267,2.343176117186386,2.3966102872281367,12.227996003179637,13.799047619706968,0.09433313374908696,0.9140350259225026,11,0.04389233954451346,0.2275066548358474,3,0.08928733315063753,0.8194636773563816,462.0,33,2599.2859162031896,0.42554665563150307,-39187.3322974688,-552682323.2518153,0.0,0.0,0.0
1032,627.2090022031763,14.589539103214927,149.47374682320358,7.707268715998934,11.224759251516279,0.13993816855337599,31.69593386376854,3.724330762663002,0.2833596153005403,3.913586284650497,2.650154329185743,2.332363037639698,2.2231976701093243,2.359843324574481,88.60480035354739,35.852767391960064,0.0583000637482716,0.7458159333749109,12,0.027861579414374445,0.13995859213250517,5,0.06074233412456028,0.6946174773489022,121.0,12,672.5994994861559,0.48002151082023437,-27484.54239310399,-484399215.7980088,0.0,0.0,0.0
1033,609.848344495822,40.75670538010232,138.09926234618302,7.005421957156707,10.440248360797593,0.27145953883814333,79.43680332746517,4.321118300894458,0.19319070751652972,1.84937151375046,2.654207993561531,2.3873310182019662,2.290633811036754,2.4401072468874747,10.999631466717315,44.885177636927615,0.09341120111937752,0.817518114454806,11,0.05116829340431825,0.271458148476782,4,0.08122092561872177,0.8017499465937462,799.0,31,1287.5519038088607,0.3327067901103895,-52559.403433842366,-528887895.2434274,0.0,0.0,0.0
1034,663.0914690629438,12.960071736262105,11.636416097965324,9.365794462872854,15.342101222018098,0.08522881004498077,34.55039426988641,2.3485103932417815,0.22322825811508795,3.7147644019262125,2.6907907323831277,2.577061306559123,2.345641568541742,2.496669868801312,12.616313939965266,137.8278555026996,0.06257761708174621,0.958531401278919,19,0.05412599822537711,0.0852410529429163,1,0.06342822091918097,0.8483477749816755,231.0,9,184.4750315903797,0.3396351898203389,-32954.24866390442,-708301504.7659029,0.0,0.0,0.0
1035,431.961666557231,18.43750289409079,118.40945771628827,9.547608314802389,9.848023536995914,0.05127864110551715,122.26660899212655,7.3285782467024845,0.2798331399185052,1.9332101046899655,2.675993422521966,2.257770927843696,2.3293053227805385,2.414914940734564,11.000051434100868,334.4968163574763,0.048179647941270144,0.9465661553609502,9,0.027624963028689737,0.05128660159716061,6,0.04525207588915537,0.7907264079567643,37.0,4,99.13457358255106,0.4572074369233743,-20725.621499170746,-612187387.7923565,0.0,0.0,0.0
1036,422.92035070744686,36.29279837450065,74.50258955304761,2.3298621311727086,5.586784212678097,0.14285668648768074,35.90223855378171,11.971077722216975,0.26368833869943936,4.961765219243313,2.6541672305649118,2.3627400994557317,2.5396736185937963,2.537316384635379,11.080457846760059,9.299604568742986,0.07433917536421983,0.550620478222857,5,0.020763087843833187,0.14285714285714285,0,0.07027385414005995,0.5663254558194325,409.0,34,2893.2233424166757,0.2905805561303825,-36447.35569330161,-309908308.9747895,0.0,0.0,0.0
1037,432.81669798511,16.444583974317222,91.35460813542007,5.637642237346025,10.848763668341649,0.23895237895034083,127.56218004417401,12.721116694314796,0.17366404178249611,2.2736704337236042,2.6436601726177584,2.5096371474043244,2.659262787625278,2.429120365793605,26.323612830119565,4.591439622300966,0.03640331506804525,0.9579195332820378,6,0.02052647145814848,0.23898254954155576,2,0.037343813492116115,0.9274080455007284,670.0,37,2335.389452708089,0.3291543707554663,-17351.112518253634,-880283145.744988,0.0,0.0,0.0
1038,434.36476425882495,11.718264968329768,59.05924039870419,5.05780692691181,10.473178073837145,0.20573139758226122,100.29809154644018,14.103437963708334,0.317113094764345,1.7471142169709526,2.6590027049890694,2.3030470177605067,2.2734561262948834,2.4682240064771825,16.647775158326425,2.518608921132806,0.08383470928781019,0.9758443845928888,11,0.017272996154983733,0.2057379473528542,4,0.08188123380725364,0.7726884817596493,1057.0,81,5907.455725407587,0.3520705419266177,-32808.55802266348,-673273280.9904037,0.0,0.0,0.0
1039,624.263011035972,21.67403290749644,83.08416263560933,8.094725041102913,12.877918333165393,0.27141510254390894,87.91132606423882,9.937437627325327,0.2878078866297339,2.974066107481912,2.633208365983543,2.41026803333502,2.26779854632782,2.579734613432017,39.51943377362691,6.967774358021905,0.0803128425700204,0.799987587236489,18,0.030286897367642708,0.271458148476782,6,0.07966601301540496,0.78760399596556,1841.0,125,7542.2518384227415,0.22717961599402248,-45162.49893666625,-484216380.4389056,0.0,0.0,0.0
1040,610.5665903600147,35.191494393537006,106.74947310528684,7.458814257906858,4.524541901360562,0.2576038588139528,114.1494770082496,5.998879259810234,0.22135020933895092,3.941457492093051,2.6588243568039513,2.2985458977891593,2.645373993639015,2.448563555846096,11.576293341272006,1.3077842230306451,0.03045216110619012,0.528284901689749,12,0.032061520260278024,0.2576160899142266,3,0.031864774124093095,0.49478447582591223,818.0,39,1645.3840259151684,0.3506201752792446,-13176.572681171969,-234410506.59463277,0.0,0.0,0.0
1041,635.5093899249124,19.08635732738722,132.5782782807507,5.546342407219801,12.280301857470246,0.17529922822734695,120.94629206443405,10.561533334185995,0.32491690777371995,2.087553145047053,2.6727056889391974,2.4831527340411643,2.3116869019451816,2.4442192804609792,48.129954776446475,16.839901716397552,0.08352701166593793,0.6833279177575928,8,0.009997042295178941,0.17533274179236913,4,0.07430092388340041,0.693100078385662,840.0,60,3779.039431688765,0.3476579448319219,-52552.411200741786,-488640158.9016296,0.0,0.0,0.0
1042,445.09296863891666,18.203826511490032,86.400549351293,7.976735138271756,4.138324972396921,0.1961514115477011,70.94325042916782,9.037382528499368,0.158682551494145,1.0586591210911798,2.6231658970789056,2.5446874394228063,2.6478205214376818,2.372572388583742,25.35400145983534,353.2661317519583,0.08695776705434169,0.5738098659183188,15,0.04992605737947353,0.1961549837326235,8,0.08372662736881527,0.5848977382293536,1113.0,38,3759.338186752889,0.4102630425088214,-55701.48039405844,-385764675.6618453,0.0,0.0,0.0
1043,378.5643086898428,11.785276586530626,59.732225507206486,8.927028998787883,3.4187421295710294,0.19754829376369198,48.879883477805514,12.518477271891722,0.1875198451657945,3.949857548279041,2.6204592363924593,2.5153853560450887,2.4525387222535198,2.436485824598551,16.673771904894892,5.6450722692315205,0.06092072045645354,0.9634631622527527,20,0.060810411120970125,0.19757468204673173,4,0.06192338863666987,0.8584238740536757,1813.0,73,3782.0123235739875,0.36436910229620967,-34560.516847577404,-756563740.5935344,0.0,0.0,0.0
1044,324.32966915973736,39.81466851118488,4.809004906531145,9.395804830101527,14.249547335448167,0.24842749190635977,86.25037588213547,9.756359520043322,0.26083583717130493,2.3431016370639375,2.644481956855791,2.337959369326032,2.4858190053752454,2.4444141223105214,42.58422323286726,247.07423339238377,0.07964841414495497,0.6935515728091102,16,0.03921916592724046,0.2484472049689441,6,0.077821377458911,0.6372539466031337,1123.0,78,3393.3754037648705,0.34883953787282884,-61978.26479929836,-462410344.6786798,0.0,0.0,0.0
1045,616.966570114919,16.268829781407902,107.91454514630459,6.473605834058547,13.827367181504686,0.18702973568655923,52.6800866050751,1.626662038433112,0.11349586095509831,3.3897595327442116,2.6350938749584576,2.4661569882074983,2.2090852920305064,2.5398221073095586,53.52308402662998,53.664996171007694,0.05144121128432906,0.8155474093939592,7,0.01816030760130139,0.1870452528837622,2,0.0516806700969153,0.7550514859600416,40.0,2,81.1035613020062,0.26267411849275346,-42143.07584371961,-634954120.7250638,0.0,0.0,0.0
1046,350.7696389981849,37.022646678923685,98.24562977024604,5.747923062035185,6.309206456723005,0.1556672185126478,35.70368100074251,13.052937298307032,0.2604550392783105,4.442815221250223,2.6262294227219187,2.383882436577736,2.3684506617456647,2.4768513129112257,71.23441472015895,8.88379122037213,0.08600381113653532,0.5817312602283595,7,0.011771665187814256,0.1556935817805383,4,0.08026313465883071,0.5815272807908459,826.0,47,2515.965005559044,0.3999811299572591,-50677.43743883083,-334299037.2634139,0.0,0.0,0.0
1047,513.6771176633126,19.819302122951314,49.38273611324085,6.5705633125146115,14.3214638791633,0.11758431613724181,32.37996710939392,10.423754096456689,0.32043195471289454,2.534880561892413,2.676702814775368,2.518446626471004,2.6449606111235275,2.3569132243997752,24.24601264192814,955.3544965195662,0.09284743324274948,0.539326454986766,11,0.014788524105294291,0.11759834368530021,2,0.09024167188636105,0.5350085851123653,407.0,32,1459.644523315033,0.4996760564095033,-49408.53743877425,-312818746.785953,0.0,0.0,0.0
1048,574.8741356361722,12.100445943798967,141.2265811268606,3.74592993428653,13.19138690711249,0.07502928211908795,31.251841020373295,0.34061313829187423,0.1903015322140299,2.335603215541188,2.6096922074688926,2.5320849140816937,2.6448651369389826,2.4090775436048752,93.43748829045195,137.08522144954642,0.051722233660596834,0.6704901030934289,11,0.0246081041112097,0.07506654835847383,1,0.04969214214791845,0.6728488374039852,0.0,0,0.0,0.4079838941391718,-20183.147147260635,-416399649.1216084,0.0,0.0,0.0
1049,410.3610238058083,24.118246966665183,116.65608794374339,7.83700864461779,8.22101062585499,0.1814868975510847,62.69602214636796,13.80745560040123,0.2857239819728511,2.3175145263151484,2.663552201679656,2.3359747126845076,2.6145609776704357,2.4612951684920774,26.281093764858987,80.14423232514046,0.09812807479696711,0.6489471242199081,12,0.035433303756285124,0.18148476782017153,3,0.08746444481624027,0.639938878630618,1435.0,82,4935.202017356711,0.3381782739193122,-69256.43200518575,-433776968.7597502,0.0,0.0,0.0
1050,494.83503558207724,16.152083622812793,149.40508489498447,2.6819843030017863,5.988639191360489,0.24463409616716003,128.8529440802355,5.1771212440186005,0.1579257404001217,1.8640415419862464,2.6216287909549654,2.5181820863172195,2.3652460191772007,2.462536924693308,66.72402115916424,6.680772335050526,0.03176206876993219,0.6905374528451012,8,0.02443064182194617,0.24466134279798876,4,0.03003058312096573,0.654924164488678,702.0,23,2038.4500865955695,0.4078624806822808,-13636.025722818207,-456584577.53074485,0.0,0.0,0.0
1051,589.8792292464353,13.770334128561844,29.227428845884845,3.510183009260933,13.174169517358099,0.17707080213007864,77.90007185438958,13.145350785395863,0.3156244525994809,1.4067129288407787,2.656671722116695,2.251743584128037,2.2145896732805506,2.45294304309171,11.120707405233302,39.119403310628904,0.03874593870348658,0.6285663938549684,8,0.013427979887607217,0.17710736468500443,2,0.0379604949728222,0.6068601136745051,576.0,40,2246.598624144081,0.3025893357720735,-16038.275682677184,-326761729.0601449,0.0,0.0,0.0
1052,418.5919261991327,21.711909024123035,62.45484097039983,9.466753631749263,16.16968832119027,0.08868124711034724,68.21858400562827,0.01919964753764325,0.13699556609037825,1.9846123209860655,2.6404698768808674,2.3104997904750872,2.3111631123554064,2.436929891938352,15.172152650677884,1.359382730718488,0.05424056641598744,0.7918634442009691,18,0.04939367051168293,0.08873114463176575,3,0.05208134387519248,0.7623747663875765,0.0,0,0.0,0.39574107253057766,-35311.659836939616,-591740380.200347,0.0,0.0,0.0
1053,615.8567566126286,16.368506211690125,124.25860663041031,3.1073868744783937,14.607224514625612,0.13373616942787414,80.85386007604224,10.576647390186006,0.3308287561991654,1.621458727809086,2.6799026421930567,2.586591003449743,2.5093003011492474,2.47434645098086,32.454836347291526,1.1798609550629404,0.05850877928425332,0.9053328861423311,2,0.004791481810115351,0.13374741200828158,5,0.058206508235262425,0.8596200073060386,145.0,8,184.75632571693643,0.2667075265045544,-23290.83636205715,-641829074.1923616,0.0,0.0,0.0
1054,329.2278030122936,36.55773224226802,72.1737579280182,7.857869669813612,7.770294049422055,0.08976262927764626,117.05429686286665,14.445799993311313,0.17553188801093283,2.207739431713096,2.631975104385511,2.292704503517098,2.6978096568210095,2.4579639830857656,70.8557927672036,218.467566559258,0.04775573330376168,0.9551904975983314,6,0.014965986394557823,0.08979591836734693,5,0.04777652687927356,0.8993990017755771,285.0,7,320.9961336506769,0.33928638720415005,-31957.02350775781,-888785487.1085589,0.0,0.0,0.0
1055,599.1711782595037,11.561106369579164,87.5035498156022,5.207225430093878,1.0117185026703224,0.14216427563913286,45.41658847883901,6.865557166772314,0.20154534240308494,1.1865083308618023,2.6469138677906976,2.147707942306304,2.5721102123751214,2.4884197580014105,32.94739440790703,534.8481973664757,0.05089035396125757,0.850194894056985,12,0.028985507246376812,0.1422064477965099,5,0.05061842702833389,0.7411163801426991,493.0,22,1352.5659018495276,0.3616081993810094,-26930.528521417506,-491681709.88701403,0.0,0.0,0.0
1056,642.6237451971488,12.181643583611386,69.08558803924686,6.677530659400398,13.677958105829134,0.2472774819127972,47.32518439505018,4.835383315440651,0.24230526937882513,3.0289659851265203,2.645671590003437,2.3655044984193925,2.3035661162538776,2.534171588784235,42.55430118794463,1.8285884900396177,0.09739176502534302,0.5783740248496945,9,0.016030760130139012,0.24726412304052056,2,0.09778903201054098,0.5614451688262555,214.0,9,724.1207014687698,0.23432239963488,-74937.6197642109,-321428201.6605734,0.0,0.0,0.0
1057,459.6783203690145,21.986025062412615,49.031287025961554,3.3862958850219247,7.385881786598512,0.23275389967933907,128.33909343379918,8.120760256833591,0.09368097855701477,1.6728718156551392,2.6909134292036185,2.4813267837230075,2.3293815937037183,2.4430270590881684,25.12220589990735,14.333575510387783,0.06539011384315091,0.521164960467295,5,0.01129843241644484,0.23277136941733215,1,0.06382217950611573,0.5116101938490982,294.0,3,208.80997283378903,0.38982382330351184,-33674.32343759602,-343400833.48635983,0.0,0.0,0.0
1058,335.3037715114853,12.899787679818502,71.23139446346252,8.319378199749307,9.257677117014792,0.27230656038961054,52.565937264247744,5.865656639957068,0.09071366911683745,4.116143873987767,2.6913532804877254,2.2092094084307567,2.637055518045231,2.4920215453299184,38.57539468833146,189.93708124876943,0.07112709644904501,0.8614515544309473,11,0.03277136941733215,0.27234545992309966,6,0.06927956050052828,0.8099454635423956,812.0,12,1070.0564664601493,0.3440859401302694,-43401.44917902739,-624983269.0600017,0.0,0.0,0.0
1059,477.75179578330517,16.899700263450658,64.93167386548532,4.510010398940903,11.023223760936666,0.286443928267957,98.48883497082916,1.18455391836781,0.2163551274926291,3.052834133702441,2.685784301678945,2.3116587670634887,2.321460963540981,2.42732969946715,33.63855456471744,2.938880834094961,0.0757143065074788,0.9998434061838681,6,0.02922212363206152,0.28648328896776104,0,0.07198828044725915,0.9509113142334938,46.0,3,155.4594628139577,0.4314712651024406,-35258.35247248683,-858141374.4166273,0.0,0.0,0.0
1060,664.5765037628806,11.49975294270188,138.75970345493224,5.551785190846888,4.965258373479004,0.07399378090922358,50.00158284351313,14.884240347584525,0.23051863765459044,4.963661590112247,2.6869702928285633,2.2395296079467544,2.549330842164465,2.5013711441461464,69.04601485419782,797.6235542612194,0.07737821010051801,0.9895649295385204,9,0.03643892339544513,0.07400177462289263,5,0.0827996684095014,0.8234077708303921,293.0,14,465.4281479457166,0.2973126981988976,-46541.282040896906,-636648940.2447753,0.0,0.0,0.0
1061,535.4416522455705,24.21971992048062,44.635076889730676,3.9931810462733823,4.135798551634276,0.1854628119322368,57.550413274207045,3.1411953760589766,0.11301742071972892,1.235176815673615,2.6748364252374506,2.4995081587784522,2.4439048787846422,2.440567889016811,94.56785420555144,1.8039635517741663,0.0389337265824755,0.7590011066321749,8,0.016622301094350783,0.1855072463768116,2,0.036330722902780374,0.7189210847704107,187.0,6,199.96280703225509,0.3871575008282355,-19689.447026944566,-572320967.9302516,0.0,0.0,0.0
1062,548.625449293178,13.23859253273914,114.64306323294664,4.842011057696384,16.40090834682286,0.05850930650726403,148.39251940855493,1.4812529310547307,0.28898415891563667,2.299753498489149,2.630685786795962,2.101965177847395,2.3142243514589307,2.449311953589971,46.81144053850608,103.69913008244177,0.06679668719239262,0.5023231382945204,3,0.011949127477077787,0.05856255545696539,1,0.06687115151174806,0.5137927621525153,29.0,2,126.0614381535786,0.27794267608805123,-37197.94924359103,-265024902.33326203,0.0,0.0,0.0
1063,656.766598757464,36.43508256302849,44.77565109676052,9.62278783784133,8.725736398110097,0.20108310684387043,120.50534875991376,1.1542045366188698,0.31070328681506326,4.92049670327001,2.6207150075849257,2.4614752399236606,2.5478144682687978,2.3998177010974793,91.7972480251939,28.974003036112826,0.08386922828389975,0.9621986205983972,14,0.04897959183673469,0.20112392783200236,9,0.07707053899294491,0.7942439143463904,93.0,6,227.11756270987965,0.4313731783572097,-41065.06345516647,-718910443.7764077,0.0,0.0,0.0
1064,410.3223620689533,20.023841941376403,21.392557682411606,2.492253102029009,2.9988286337855605,0.11728818994658392,46.31338729339386,5.560218507429319,0.19040401362306655,1.571040527320902,2.6714851677769422,2.5374348715402704,2.5599274956477513,2.5111960403573126,93.97258134077988,90.93333020914405,0.07528224063844643,0.6999409898757393,3,0.018870156758355516,0.11730257320319432,3,0.07697081242409604,0.6733246305977812,283.0,16,900.5347257947072,0.40392128772538527,-41131.77526905588,-401624101.92735267,0.0,0.0,0.0
1065,669.2267540593905,13.872947454571602,126.87278317695755,7.63138396835585,9.30428523757773,0.07321430765150179,61.18277032957397,12.034419880880975,0.15475491730979252,4.984870185445822,2.6236818283769994,2.3717783149354568,2.600797068802748,2.4429455473487334,51.46317131880336,14.224603373421496,0.06646780143491676,0.5710323475221246,12,0.013013901212658977,0.07323277136941733,6,0.06453329390814863,0.5526238636362247,344.0,9,1205.2449157397607,0.39115719664666493,-27626.546163498395,-424398832.1615989,0.0,0.0,0.0
1066,465.55155268991075,29.062400205691297,4.028043122339025,4.90638578628355,14.494771540193613,0.22825064195363887,64.40418035781302,11.666194031686642,0.2082979977380539,4.990096892216743,2.6466835795294474,2.514997148068601,2.4763040991555796,2.396797023138519,22.935666109404433,18.8866058882936,0.05943320414376215,0.7797668508913673,6,0.03797692990239574,0.22827565808932268,5,0.05926186442623765,0.7558573167112346,969.0,61,3193.5452014903085,0.33996875659564685,-25304.407386909326,-556967600.0015655,0.0,0.0,0.0
1067,642.5404936511626,46.33963138530328,0.7591485823680022,6.584344289399748,10.046797995476581,0.14161847958866364,89.22023692765791,9.703838218315425,0.29991173603222177,2.0069343823466443,2.6840286211771835,2.1970974465547872,2.4254628508534553,2.4376704736554373,35.25944756488016,14.378161179966689,0.08885729317795975,0.884633493930945,13,0.03241644483880509,0.14161490683229813,0,0.08732689731927663,0.8372267859246738,553.0,39,2033.7500711701214,0.40715351735308136,-55536.14528561333,-747550695.9811869,0.0,0.0,0.0
1068,604.9475597910543,34.39913656872028,25.24059025887836,6.123054199781807,5.209882146868351,0.08671048062798363,106.5527333193333,11.761021937990968,0.3336519858996691,4.2564206759825005,2.662706365259737,2.3223791850067705,2.5842747755339586,2.342032625307957,14.214362380712807,79.8100367209975,0.0704691664482464,0.5266342588143149,8,0.034545992309967466,0.08671990535344573,5,0.06831443110458506,0.5085348366604768,256.0,21,1681.6830146787026,0.41428423590026764,-28828.53037549408,-302052156.02823746,0.0,0.0,0.0
1069,668.2168826598745,44.12277222337025,23.75790582593404,3.989421353819906,15.041557260657818,0.19703594690879767,101.7836462634777,0.04647111865535403,0.18075253016699794,2.082414530091153,2.636256211233647,2.4565153065431837,2.2769351946359997,2.4194269498113594,51.71904619144159,743.593263434675,0.04948737171767746,0.9789953699506195,12,0.01685891748003549,0.19704229517894115,2,0.04902271450285135,0.8344539754299608,0.0,0,0.0,0.4309407334403117,-13418.242181444552,-602317726.1530917,0.0,0.0,0.0
1070,398.30619560452925,48.158762589459656,14.6063188203718,7.105299508154804,12.81331081761911,0.16142108357792223,37.135060338881004,12.221650307078562,0.33177500080241995,3.901285661402832,2.6405439420689265,2.1278669507177836,2.294335026371859,2.568241286542946,86.15975745389945,679.3035013745507,0.07236190708554857,0.7142996982099671,8,0.016563146997929608,0.16143152913339248,3,0.06853679571744248,0.6949683384601991,804.0,59,2547.0274718621886,0.26574820774762964,-32525.41387799962,-599775863.3009429,0.0,0.0,0.0
1071,404.4802729791022,40.786534083946414,34.872384779128964,9.615716343617663,6.471621880541606,0.2568050627615408,36.138228291015125,5.557673264583208,0.30686028830682444,2.826083405563559,2.65391254384587,2.5151085586237136,2.2178448623867837,2.429642287884628,39.120207309239575,66.75196467486712,0.09311578708292124,0.5786726634608816,17,0.05010351966873706,0.25684708666075123,5,0.09146362301789343,0.5328618543733815,757.0,59,3232.551066960736,0.40109445755824114,-36469.40924943545,-334838970.6381948,0.0,0.0,0.0
1072,501.56349850468746,30.05575564843089,133.06541305304094,5.49585308171912,9.997357497256843,0.17818264162050862,41.26410987768697,8.351949729980413,0.2975287072055438,3.037513407358048,2.673140744237638,2.499668420099525,2.6223421023367974,2.4935430849262348,23.93502220733732,28.5376596548813,0.0718487893476196,0.8781417036582916,6,0.024489795918367346,0.17817213842058563,0,0.07085664850547169,0.859646603148676,270.0,15,700.2582667422764,0.3544635066197297,-39088.48850428972,-616318337.3360685,0.0,0.0,0.0
1073,433.55472599483954,44.36012996641251,90.00604539804425,6.716797988274428,8.306010211758668,0.16673274964053048,98.59030911800365,4.475589280075042,0.17776264813406203,1.3198644716287267,2.6355715883202615,2.396116345629979,2.245103499272674,2.397836195494423,12.099567381440012,4.814959223615872,0.057752420323271624,0.7785378075316933,8,0.03200236616385685,0.16675539781129844,2,0.05685881914610943,0.7478354163155289,302.0,16,502.0450374389184,0.46042277064142745,-16311.237355477611,-597689150.7034082,0.0,0.0,0.0
1074,669.9582412614641,17.72930277146441,148.14096291660474,8.679593932783419,9.684704864703352,0.14063456643690714,47.81775433008153,3.8026324956250606,0.23491768928201118,3.5454072230500846,2.634646354568459,2.353293386735339,2.3127854985819845,2.4327791575854834,35.85302012975417,3.2241166339101714,0.09884547537838004,0.5594928776397781,18,0.0707482993197279,0.1406684412895593,3,0.09684133129635943,0.5435131499361773,368.0,20,1296.612068956129,0.3796752433817785,-66677.70015701253,-380195693.9590659,0.0,0.0,0.0
1075,595.5734367678365,47.89884500338728,19.571918592636123,4.072632183058235,4.44749559625623,0.13545968756441795,95.50464311139066,10.4517486497506,0.28190080954434893,4.056278823362567,2.6894000705037784,2.130961707841694,2.365175680482501,2.440993086910932,53.43257481211873,18.896599201009487,0.05024778345983462,0.7092233783847652,14,0.056669624371487724,0.1354628808044957,2,0.050245823028025036,0.6982931072391537,801.0,45,2067.4164755718234,0.36768481345270754,-28141.778181215745,-655015732.2739673,0.0,0.0,0.0
1076,449.40734218912246,14.214464793079193,126.41810327389331,6.0888443711114055,13.203070568712374,0.22683798137473976,56.173025906941206,7.677441676332916,0.17053654693606674,2.934187520808596,2.6179603144367993,2.4722005245590988,2.5137844371186766,2.5078421079833086,12.722143999287193,93.62478547005406,0.04752660158734373,0.6967137884861296,8,0.014137829044661343,0.22685595977521444,6,0.04586617379681947,0.6941309649453898,617.0,27,1738.2714783882109,0.26304632285093277,-14945.505705065796,-459101217.3947874,0.0,0.0,0.0
1077,643.1354443714664,10.931237604118534,34.71152426393023,7.669455307673669,17.55017770633224,0.2366777506774113,130.4346831793931,7.17060933923585,0.31893525160005876,3.0003667384214943,2.691139096074798,2.143207463027654,2.432103067567657,2.5382684856605597,41.4002395488525,40.58120643625466,0.05656387855987827,0.8968783301963784,14,0.023010943507837917,0.23667553978112985,7,0.05594816599803011,0.8542431402807193,370.0,31,2211.728560111554,0.26001446165776354,-25299.555240036258,-654074542.970315,0.0,0.0,0.0
1078,633.1197711364675,12.876074047250352,17.297436633331266,5.063581648584961,8.897415263120386,0.11263313114619021,60.8620925791983,0.4956894739814266,0.29731422184777967,4.472594878594929,2.6741035737260748,2.318004472110709,2.57904852694233,2.465244879461608,14.038717445847572,4.79218706106747,0.06668413549782115,0.7414336137135467,9,0.0163265306122449,0.11262939958592133,2,0.06866387071466247,0.6841319550665043,0.0,0,0.0,0.36380863166847943,-19744.93545281642,-446929370.7527257,0.0,0.0,0.0
1079,649.6034983791828,44.85854800028857,144.82171267427543,4.527455006269749,10.42743499502106,0.18808817394630162,62.83865414217861,8.295778108079086,0.3211839144623265,3.942158915044735,2.659620863828117,2.325790130211299,2.540236621367343,2.459400428844099,89.95625391225352,234.257911398001,0.04318105151240373,0.583228500484196,9,0.022478556640047324,0.1881100266193434,7,0.0427729218278251,0.5584765442449455,593.0,41,1240.1096083623402,0.3692316035591623,-11155.701957763573,-303470253.52049327,0.0,0.0,0.0
1080,637.400549075827,39.602559005485304,83.77347613006123,5.795388440104254,17.966686793095842,0.13912243410908237,143.73789088042406,5.054671130803652,0.14130396615198418,4.314269749236343,2.6947656655646117,2.109292118224431,2.654385051681379,2.4543331094909417,31.183446288480038,87.50134722382226,0.08001172486845179,0.8886988345746074,9,0.02863058266784975,0.1391304347826087,3,0.07544992151728118,0.8283828237347123,4.0,0,0.0,0.36304250499001256,-37856.99131300516,-594458347.9963769,0.0,0.0,0.0
1081,475.8606906333375,44.67985645038728,50.33844092501104,3.8876058000475338,16.69524148558496,0.10274109979129424,89.03997327033852,2.3860333009955648,0.33713889094854244,4.705551912576192,2.660139559496765,2.4540093357350075,2.6422444289254314,2.5423319278832044,32.21337248500146,32.729722103228575,0.093016988686511,0.826421171148318,4,0.002425317953268264,0.10275066548358473,1,0.08719373852513276,0.7540417032709381,0.0,0,0.0,0.2617684637902782,-63024.90684375487,-597020342.4625949,0.0,0.0,0.0
1082,563.1048346117441,17.469673460639168,55.89903450278694,8.231292316726343,8.762877515138712,0.10911679083935417,33.263738774051376,12.040712657413794,0.30340729814348655,4.472849206207021,2.697367751577368,2.237068062269327,2.3340919567778484,2.3817125095945673,82.0293347902385,9.501835942362789,0.09148576030276526,0.9274728548930555,17,0.06021887015675836,0.10913930789707187,4,0.08353817221100203,0.8780633529056934,879.0,63,2606.028777716998,0.45107271227654167,-43078.9483602822,-724881324.5895698,0.0,0.0,0.0
1083,461.38540818410263,37.09279777174425,8.216990204245251,2.7044724150667445,11.095720025649225,0.14112770782601874,105.5419852283142,9.618234376057806,0.10006982011664681,1.6586922560438802,2.6376570314300736,2.3333123078526916,2.393537664076835,2.3914444507658574,16.735653048393118,16.673232752092503,0.048908715028080786,0.5603961965056693,5,0.01254066844128956,0.14114167406092873,2,0.05002267471363162,0.570632848729636,532.0,15,1127.9278173220684,0.45049501464992137,-21748.30491343962,-324671839.6163238,0.0,0.0,0.0
1084,614.671621587264,10.88065186605191,103.55030066099292,2.2873322802476928,12.1160960885312,0.07361037795357346,31.849573337355643,2.2698209523553876,0.19987494222134036,2.39148044543322,2.696222346254994,2.5002346685508,2.49798311527673,2.499192392330438,93.7000753567992,240.47735180442825,0.07464758299559746,0.6947424418168016,5,0.030582667849748595,0.07364685004436557,5,0.07603514745413958,0.6798492983460399,35.0,0,0.0,0.2678809220022327,-27832.942969042437,-390869472.3311444,0.0,0.0,0.0
1085,618.093732294295,20.877372389196744,106.93701464890948,6.083754648778464,11.784958683385028,0.0863144936391828,58.91330082895357,12.194926209394888,0.22895719606477016,2.5265289780376015,2.6671798950076075,2.126824850870228,2.3269172006557666,2.422553866947128,87.83026219939191,10.492253957746518,0.08036597564790658,0.717538200653389,15,0.035847382431233366,0.08636498077491866,2,0.08060702699182994,0.7144898155093183,673.0,41,2008.79935661152,0.3768795070801527,-24881.88760325148,-355587634.06834215,0.0,0.0,0.0
1086,611.8952364482545,12.72156299558917,119.38526936377123,9.870766525648797,11.131634350340358,0.25966305426079944,31.058379208584828,8.597222031662335,0.21833091549529787,1.2182502968633315,2.6694915554848673,2.2934666284649508,2.361213346360159,2.4946967938765923,14.868843207710388,32.67923617049007,0.06936230129983517,0.6188502700425614,20,0.048802129547471165,0.25968648328896776,10,0.06870042457403497,0.6308064911149549,1435.0,82,5342.602664914671,0.32126915250410226,-40586.88699191557,-400386196.0777389,0.0,0.0,0.0
1087,489.9067553095702,11.178112181516473,63.7047631415404,2.3791850363769056,10.069153411161345,0.2528588040753261,58.57927661311192,6.261753365611599,0.28257449580453614,4.421659152310451,2.6728806532657643,2.3553885258086424,2.3126550618852124,2.494751236600521,23.158345086698798,8.573160466774144,0.03664614406880133,0.8090474589338723,6,0.02230109435078379,0.2528837622005324,1,0.03694307808948803,0.7515974093538731,516.0,43,3174.6967577923856,0.31474426011030054,-24559.438021624675,-684725418.6574093,0.0,0.0,0.0
1088,518.7535296667983,10.646744503655153,130.28406300169334,4.571779169586683,15.082513139976916,0.08987701966950735,44.906900748883366,13.801414289588347,0.16675289367067747,4.300519355872586,2.6583259402280963,2.5512173156454905,2.489106077540307,2.449280102439342,45.68485089924937,19.54060691623692,0.06283567045176679,0.9127805077482163,8,0.026678497485950903,0.0899142265601893,4,0.06523319520450285,0.8997677037937637,430.0,14,658.02159041642,0.39083787719979,-27484.63696671401,-752119748.5868101,0.0,0.0,0.0
1089,354.162773544322,35.92043835517241,89.5782648739124,3.360223851611118,14.949017753310452,0.11440900871227501,74.42343221867381,5.8830764990138436,0.3101063879980511,2.4351034879497946,2.644967012025028,2.5043879226201042,2.688678796112024,2.4550590904386884,25.951569966696706,3.940886834072047,0.08169906824519951,0.5879197092426062,5,0.008695652173913044,0.11440402247855665,2,0.07858881868956948,0.5951504319569492,327.0,28,1442.1425942819221,0.34123866685848325,-41589.82717614969,-408442510.524809,0.0,0.0,0.0
1090,556.9323068882653,13.174983237729364,50.01816040216626,7.484865080603698,2.8442583430378514,0.2969587427236306,87.84881894937493,7.650176023324315,0.330991262787378,3.5585886038162613,2.6802694027453877,2.598569735230052,2.45671397765157,2.5145033106867434,19.495028035349314,102.78923734155305,0.09274315752187128,0.6916038024036149,16,0.05974563738538894,0.2969535640343094,6,0.09041691066634305,0.6604871367131938,1742.0,135,7762.461447127112,0.27901522215110397,-30041.576429336164,-426108344.43677616,0.0,0.0,0.0
1091,346.93355214115127,12.818890191251505,80.62462295625762,2.595692970136998,15.068652171938547,0.27417353364860764,94.89714380450141,3.298780444327945,0.17731506664725066,1.814978202659617,2.6682942119207747,2.3781122142303803,2.4665137096301124,2.440054831342837,10.207065956912091,15.393213163297753,0.06401788468694838,0.8478307064972621,4,0.009109730848861283,0.2741792369121562,0,0.06217831508202434,0.8068482517528622,238.0,10,595.6418461450326,0.30991294410589765,-25040.48360995454,-750034535.287258,0.0,0.0,0.0
1092,327.0763447530357,18.614379439510625,56.257918367319604,9.9066408368932,10.227424809667443,0.0743002701117086,145.57276809378203,12.64406576002206,0.18981783539574548,4.262480179772636,2.681827637550251,2.135060284760071,2.5139650153494024,2.465608433864818,39.7450338380863,8.066780498397623,0.08934602956216245,0.5683665482155336,24,0.07654540076900325,0.07429754510499852,7,0.0865954542693462,0.5673795329915319,508.0,28,993.1666461149899,0.4011719554019981,-43183.5095504427,-437139136.2624531,0.0,0.0,0.0
1093,581.5432769533065,23.841425118451042,115.0129844261896,6.788374855676805,6.918127332711496,0.2674348521595579,65.48082615472612,7.900759180083815,0.32815588133610885,1.198213591025715,2.6963752758760444,2.235320798497517,2.4605877610074014,2.390328868934324,24.334638152236117,208.31201977283607,0.062435875415307464,0.9146911872399129,15,0.028512274475007395,0.26743566992014195,6,0.06474378104704005,0.8631654134973672,1078.0,88,4393.210775119651,0.4496422811631078,-24537.180545129093,-641887379.2216522,0.0,0.0,0.0
1094,575.9351837494332,14.19901594343066,25.708222161589863,8.937805417175941,1.6750443803761703,0.09249039487975326,107.41537261334858,1.8058554865513166,0.14606417699690663,3.598661773785606,2.6111484780638783,2.2142396518746357,2.2882619662443098,2.4280204813394524,44.90295248039539,115.05946547853863,0.03799067332694929,0.9830522887608402,16,0.025495415557527358,0.09251700680272108,2,0.038785507798728774,0.879606579244636,77.0,1,6.828924697631912,0.389580834450455,-15648.002772390351,-721348143.2719021,0.0,0.0,0.0
1095,481.0750850545976,16.181407801903497,47.158081978965605,2.1998562415282104,12.01922554704452,0.14241324765745955,84.61111189759626,13.010010704386199,0.2401829888770328,4.6048114261002615,2.629918682979842,2.1507256669458648,2.470739522052704,2.4947425927398115,79.62504042166823,5.976138342807769,0.09842615150197312,0.9980507385965856,7,0.015025140490979,0.14244306418219463,0,0.09656775662939572,0.8961914382451394,280.0,15,942.231604456166,0.25018236071867905,-42408.93520840901,-703456896.7956187,0.0,0.0,0.0
1096,656.799104114222,42.1786889053,36.41982365590256,9.803552343278476,11.56930591700363,0.1283524872887758,51.894774373833116,3.897237301775032,0.30125598344111626,1.1030606534468355,2.6954415352484276,2.481885870154373,2.2815439489489933,2.4915128764220915,13.756416441628982,1.7871326581397828,0.0674402258126845,0.5442163882533788,9,0.025436261461106183,0.12836438923395446,6,0.06959950957867171,0.515362924039248,220.0,19,1081.0844160509926,0.28298843955573894,-28761.57330831157,-270114515.5215016,0.0,0.0,0.0
1097,481.4537705033554,23.03708755889525,36.72101348579088,2.6492624757395884,17.97043939068934,0.20651691423167434,60.97327106386563,9.676839116349145,0.24625041765926825,3.70598892510496,2.628896043070396,2.102191465788888,2.43315551952438,2.4268132770384256,26.05800208440232,44.81297279896438,0.03783980997609968,0.6944194719155525,6,0.023543330375628512,0.20650695060632948,1,0.037309495738204565,0.6674074135215844,751.0,51,3565.034021951863,0.4235609620025129,-14698.77477076037,-499734769.4616524,0.0,0.0,0.0
1098,501.4273444299961,18.274373181988928,137.1165924837486,6.2625510214650575,13.279161062469232,0.2796357930847967,114.71159533812592,1.8175306944561198,0.2559003819648884,2.476056047771364,2.6820730274622084,2.1011027085710565,2.2899083400725027,2.4521691190596857,14.6457470694839,2.908647189904044,0.05123054495698051,0.8870636127538135,10,0.024726412304052054,0.27962141378290445,2,0.04822400657874818,0.8025406238187816,144.0,5,644.744521474361,0.4370011725100649,-25797.674104086225,-729961981.2823167,0.0,0.0,0.0
1099,340.27861781557226,24.126864459678995,84.92314097817967,7.257217382952908,10.747443612792857,0.10481156593007605,128.1256379514849,10.95210887540847,0.09608599139261928,1.0755988856382475,2.6923353326541766,2.477141015271329,2.493159588674935,2.4214834235985623,38.45964401058996,22.645419963839164,0.06723579212437691,0.5652404460329588,14,0.03590653652765454,0.10482105885832593,2,0.06750704364554706,0.5682119139976163,317.0,11,538.9121747974035,0.46306608005702277,-44553.62652173948,-396994056.2288594,0.0,0.0,0.0
1100,387.7436501866371,14.32104910518744,109.327762062237,2.0417873904610007,4.5944179053269405,0.18818891698502782,48.18938685612503,3.9830329737849937,0.1253229227692111,3.6124719724868384,2.649842182119099,2.4482426489630833,2.660797601003394,2.4476090811427573,19.650266622571543,1.4576682716155385,0.07057903000900553,0.8206272203225231,2,0.01230405205560485,0.18822833481218573,0,0.06930228184999841,0.7633871407955743,56.0,1,8.632221091501934,0.40918709295638056,-36459.54435270575,-713634716.9000969,0.0,0.0,0.0
1101,630.8556608845754,11.209913105075618,122.24371466311632,9.164759963642595,9.10153220359294,0.18838453001382904,92.85232878606924,12.874542296365153,0.3226160917609808,3.012152381243309,2.6666745420398867,2.431592865096439,2.5350933431536187,2.4302536031639925,12.156406016522554,2.2024663035550307,0.05720993067534174,0.7332383421788504,16,0.07932564330079858,0.18840579710144928,3,0.060259669468286356,0.6838620850946933,1571.0,119,8545.175852863713,0.36717861820662057,-35378.696113888334,-402324860.42075217,0.0,0.0,0.0
1102,510.2291314985621,10.883340259212138,122.96116680286009,4.434589778898249,8.491215510183862,0.08196054705740659,76.3927530487623,1.5860262068115127,0.11815217229453856,3.120946413253769,2.6711699837735483,2.2914989429168946,2.3896121820604246,2.4585062830382953,75.35757339422646,702.4509024396658,0.06904452978002712,0.9776994211823298,3,0.010943507837917775,0.08198757763975155,4,0.0722956325779819,0.8653617539308343,0.0,0,0.0,0.3425860035679231,-35203.052397204665,-764125747.3820262,0.0,0.0,0.0
1103,399.9975095544347,33.132003176212805,87.3186905017857,3.4109966215314866,15.383648436648114,0.18078524864073486,33.45193961931468,12.300221853639751,0.2983001375669205,3.1320996827222256,2.6330127702155828,2.2902055500681353,2.581189030312968,2.434085795302303,18.844442929072535,97.67098456548963,0.04659028460527062,0.6350943229024595,4,0.021532091097308487,0.18077491866311743,1,0.04612458467019273,0.6717914777624425,818.0,55,3829.812352036989,0.4113385054359697,-33901.47821665752,-448674327.8187665,0.0,0.0,0.0
1104,345.30769101952336,10.203939815351205,98.28546539087317,7.945986012331913,9.326672507656808,0.05995904489194738,35.59584012309835,14.222863447445466,0.13454979237564071,4.8043210089681345,2.691261131497614,2.4864006620961585,2.4993120998678484,2.531035272290658,36.54761722871744,147.7120848826652,0.09773187521969673,0.8383789603373171,10,0.0225377107364685,0.05998225377107365,2,0.09341203553473418,0.8136435387309717,395.0,11,1032.981543975312,0.28118165824909314,-60884.57692189423,-761265968.6449316,0.0,0.0,0.0
1105,548.4482927846087,23.433037994355153,71.64683966116895,5.291983526314478,14.048665927614065,0.15533907295269173,68.05992738835778,2.080211574784601,0.16287441258759072,2.4448158274497707,2.680859298529142,2.4797193699116327,2.456395733520469,2.3467660678834417,10.337890706385936,262.055722246117,0.03386408785390463,0.7625300967768696,15,0.04584442472641231,0.15533865720201123,5,0.03349928111064735,0.7611289805212995,238.0,13,701.0355353813311,0.5018886135751326,-14413.964833843263,-459376755.32211256,0.0,0.0,0.0
1106,594.2191461854534,42.83522782422941,27.124663120201788,5.153437145909793,11.218821897162552,0.2916675006801565,104.87017241734702,14.027804885255211,0.3353170584462013,3.973899370815288,2.6857064913410564,2.3742599370093638,2.6343146553117496,2.4887054095096404,66.09545659610464,8.614785959097311,0.08183284934695792,0.5350350679616274,6,0.022182786157941437,0.2916888494528246,3,0.0780799928171107,0.5300046924754201,1808.0,160,9992.428150840915,0.2868561454756171,-19054.251519202357,-240813076.49367422,0.0,0.0,0.0
1107,576.5478277669035,22.636924194211144,25.31109747028551,6.99540667451829,15.652884417591768,0.22502808040862965,114.9675532401926,13.859907347536973,0.18136146069936745,2.907356653936106,2.6863448004128165,2.320077621326449,2.563278718453932,2.4374667776272996,12.647710441463454,5.097337813046603,0.04828732302721521,0.7857926669464554,9,0.024253179532682637,0.22502218278615793,3,0.04711729374315587,0.7345527769566189,1762.0,72,5755.398105741186,0.39231618605045826,-20672.36690462984,-537944628.3583103,0.0,0.0,0.0
1108,470.86447905124703,26.591657640994942,29.076317395713332,7.342172028449248,12.205799608290336,0.05111713519973725,31.18039598716576,10.97639390842094,0.2297411557638066,1.6587002015172856,2.6631487747740015,2.178518596076683,2.636848281297865,2.435091874257369,14.75858986876157,527.515663945169,0.07380453468519829,0.6651151407323685,12,0.03158828748890861,0.05116829340431825,3,0.0703409891642869,0.6611131193756299,387.0,23,1125.7666736463823,0.4107801625463554,-49363.42139492091,-478643176.3095222,0.0,0.0,0.0
1109,473.42513609444256,14.260574560662208,4.48692188495492,8.024932460185447,2.3771561754528907,0.1791250736388973,117.75295836389404,11.722198832355843,0.297889109936928,3.573130175510876,2.6283074845983387,2.3502184095313057,2.40142131281557,2.4145688804057315,56.61305357172538,42.30344856606871,0.03036808219364802,0.7976911356053389,8,0.022774327122153208,0.17911860396332446,2,0.03080989864820865,0.7647139421286383,677.0,43,1689.1485934771083,0.30964713829395896,-14791.43435315507,-762090718.9725218,0.0,0.0,0.0
1110,490.68256642797,24.55606609621743,77.97326614865828,2.047422656728168,13.857674822366555,0.2876891726313812,38.878030749320075,10.40505327133699,0.25752967353680034,4.036214135481419,2.6055896930911815,2.4183443614965414,2.480777720159625,2.4518161272429557,11.261405713965946,9.377969404440483,0.07844378013866175,0.7575893930720154,4,0.017391304347826087,0.28772552499260573,2,0.07565155560959755,0.7218019540124154,823.0,47,2349.2967108360895,0.3513487388534138,-39604.054682789465,-478504354.8524815,0.0,0.0,0.0
1111,620.7705237702273,28.778527369027486,72.2677399335747,7.2903412833808545,10.061559845259636,0.21197637657832924,73.56302609061449,0.8366532667833559,0.1961123604783256,1.8716509425168995,2.6756088829461895,2.3861879632264267,2.417211494034996,2.409583250307476,97.86426655518476,141.97907149000181,0.06514557427697312,0.5944879573362518,12,0.035965690624075716,0.21200828157349896,7,0.06624564158093657,0.5951350357593069,0.0,0,0.0,0.39954486277681767,-31727.351017300967,-351446288.86404085,0.0,0.0,0.0
1112,525.6846542104445,23.79041645869494,129.57828367877192,6.557050402023238,7.163518381793613,0.20497598851934845,146.9959685789618,7.883333197347221,0.11346774639506338,1.8462869399558528,2.6726093190274303,2.1411504172698153,2.35351927839032,2.460899135910973,25.351246204884028,252.62260087990583,0.035660987974914835,0.5553626942411205,9,0.027506654835847383,0.20496894409937888,2,0.037327740538643,0.5498516322630468,1049.0,32,1083.681531439192,0.3448729302057245,-21734.54395618555,-358425639.74765193,0.0,0.0,0.0
1113,660.757344984291,10.820169238843889,134.74740630535499,7.483705643669847,8.863962524922725,0.218610487926851,98.07689044999047,3.266558689067419,0.2972829181292431,1.3654651693034974,2.6508726429175486,2.2091252375458175,2.477476244517346,2.397929773952509,24.39863378287465,1.7021514295319227,0.03516192379897742,0.9375667518444251,10,0.022064477965099083,0.2186335403726708,6,0.034316667273188856,0.8735006300683578,85.0,6,534.8733520567059,0.4038535894613564,-15994.801537938714,-715645432.666342,0.0,0.0,0.0
1114,376.79306405656763,35.92453720865809,75.19345404153262,8.246757564410245,14.43354260639276,0.22876330654811539,41.41511783956823,4.829268607370723,0.18882176473630655,2.6310615875546453,2.64308031976345,2.3567618354152544,2.6283691354203262,2.3710626395921635,19.129375233560324,337.97958196245827,0.061063830858026094,0.5887323438741436,18,0.04649511978704525,0.2288080449571133,4,0.06174475977053087,0.5816046458673866,769.0,38,2820.77190347928,0.41474854542271666,-27944.30347830474,-497174996.9493933,0.0,0.0,0.0
1115,401.02613981039576,28.521150377128148,51.253819450042975,2.073013523870917,12.773577998838533,0.28551216662832996,131.65008167935233,11.266759003056476,0.11283514873939121,3.660073874299165,2.6941956719201827,2.3432842828607447,2.5856561671710727,2.427705105121523,53.431014600494095,24.18044343536115,0.03847784544082561,0.537295420907877,3,0.010884353741496598,0.2855368234250222,2,0.038243568736645944,0.5663587662637948,886.0,24,1348.8786049738476,0.34606814013459086,-18609.67083111207,-293425496.3047333,0.0,0.0,0.0
1116,647.6311541605967,25.878834726518637,80.31797247641745,9.501346306126496,13.60321596167393,0.27637650469721764,95.7852240654592,13.02748663457183,0.31461671504664535,2.8588849510932057,2.67510914741441,2.223694940439245,2.4648760865337507,2.4629174953985378,13.89236063140502,2.255421862000723,0.09982119324796077,0.930319245730075,18,0.030878438331854483,0.2763679384797397,5,0.09199766418011435,0.8832245738251311,2031.0,147,7247.478220343401,0.31540930509668463,-62930.00094050841,-640331113.8694768,0.0,0.0,0.0
1117,551.3926899051743,32.522336890464736,32.325184312353116,4.316204033133309,13.657223597150585,0.0685415189213091,32.55417441927145,2.2677859585695486,0.3064512811483217,1.1398151475394123,2.638421589894606,2.1320647917573123,2.3213395529536522,2.5023739750520266,11.444954776704613,759.0087907882511,0.0958252147863015,0.6469300406196321,9,0.029695356403430937,0.06855959775214433,3,0.09396837422695965,0.5929588694004683,10.0,0,0.0,0.2732650719500329,-55641.73708139806,-373132791.94061065,0.0,0.0,0.0
1118,452.4654921838285,39.93428709616334,1.3953945277236701,2.0762785460587114,3.1090591745943095,0.1994014017478874,87.95851188779571,0.9882130769400749,0.27718958982060826,2.3191844284470013,2.612096088428117,2.2141659242907767,2.4862260795683264,2.4214873329927937,68.32376383883026,1.3530933899094417,0.06576872666379296,0.9137092869161778,5,0.027565808932268558,0.19940845903578822,3,0.06622202586276338,0.8205097331642294,0.0,0,0.0,0.38891399155466333,-36064.09640048712,-751282884.4084486,0.0,0.0,0.0
1119,571.2059005682034,33.76335969295743,136.30336991633783,2.7777541322297,16.740156855068683,0.13043254044567626,134.35756611176126,14.293684147195023,0.22809282054304514,1.3042123492041875,2.610095406025668,2.5458369684128908,2.687290055894537,2.5179725463125755,11.424980792853736,2.655251305203774,0.04009145950983683,0.8112342363317313,3,0.013191363501922508,0.13043478260869565,1,0.040141674529044005,0.7550362255361124,342.0,19,864.7329557108264,0.26574818602275707,-23242.949485529905,-576923606.6222968,0.0,0.0,0.0
1120,421.40090457227006,26.200099957328128,85.15749610704162,7.6309424295745725,1.8346545332692266,0.16802487159148644,34.77216839718015,13.404090686432056,0.11132397466685096,4.130736148994428,2.681248088290676,2.1700236444860916,2.486849621922053,2.431512135835158,11.669569072363295,18.270107992471466,0.05089014001899731,0.6148004705475039,8,0.029340431824903875,0.16805678793256432,7,0.049186520977310355,0.5752047378047658,1155.0,28,1350.3648818644085,0.3592229173278403,-33355.72220445922,-419399131.63353175,0.0,0.0,0.0
1121,364.16790238492734,29.650105172424173,145.88048841996522,5.409910499046929,8.97377873653242,0.25268693091095507,44.73114968425888,6.512735068160616,0.11091726265737101,4.195747641883161,2.6958904150551684,2.277451727284241,2.5448572534987144,2.465550891108962,14.45909359491767,14.74668031830352,0.07682068036389884,0.7497445034648267,8,0.029044661342797987,0.25270629991126886,4,0.07336625452215935,0.7348639191853762,381.0,7,598.2135132418235,0.336569693639186,-37715.92836977396,-630070837.997004,0.0,0.0,0.0
1122,669.0192601634825,21.117759827603045,109.48827081015625,2.633799761832737,13.644979507376652,0.29843300596039385,76.91467945539736,10.610574837415038,0.20121650985487344,4.32340814478254,2.6346143740309627,2.1827256882797488,2.3229658992893634,2.4825552803563884,75.1005694193364,385.229873578201,0.06178031538105148,0.6155887443679487,9,0.030168589174800354,0.2984324164448388,2,0.06599154930577258,0.6207882970839039,1184.0,48,2189.992706269645,0.3003611254399199,-41669.58509838949,-326625076.26291543,0.0,0.0,0.0
1123,453.2267637344648,16.254581191440348,22.00590093696021,5.710550324884179,4.417550851295928,0.06996682242956155,55.806497121214356,10.905987216690631,0.32379169841525157,3.3712972753451624,2.6840770280501034,2.5446007286506416,2.333745945055627,2.3853700600604575,28.58016358400543,28.111932089185604,0.0869497766430217,0.5749068249512563,17,0.06506950606329488,0.06997929606625258,0,0.08006124604146826,0.5898703722294026,644.0,66,3479.537831011062,0.42463535781974215,-53002.908772086506,-403509220.3473306,0.0,0.0,0.0
1124,383.0146018015875,20.274396598937404,5.217102184673977,5.798106618342742,4.0277669850491105,0.16421285276405906,81.07095154052104,5.177766013727926,0.252128446383061,4.99445879598669,2.6855805592416484,2.3796995916703,2.4662318637678924,2.4713696858687246,30.51208848006436,355.3243102403671,0.09470180984694423,0.5681419873396342,12,0.04123040520556048,0.16421177166518783,1,0.08980217101072982,0.5366632176391752,192.0,13,327.00622059712924,0.3308550551990339,-74974.2626802879,-322274543.11668324,0.0,0.0,0.0
1125,661.273486767647,14.799493690883141,90.20055481009531,9.044949838479031,2.421293486936486,0.0832431817518,43.386124063183814,9.724874154606631,0.20056495247043976,1.1717791219066855,2.693352406142523,2.4495392540281045,2.635913887614518,2.45271023593065,20.686924988007387,2.1299709235258524,0.06944025266862952,0.5233631689602829,11,0.031824903874593316,0.08328896776101745,10,0.07042327847517912,0.48996653725391415,200.0,8,119.47507092159933,0.30389873129041556,-34207.04445740205,-251698734.20717305,0.0,0.0,0.0
1126,397.2424508897881,33.73718808009052,88.84064908489336,7.6583294934713155,8.18194383570723,0.08001359547668814,49.39041748482643,6.720590877048402,0.282810018383633,3.978483286729188,2.6906187408794073,2.154838684533745,2.308822163862865,2.485743004326441,20.78812197318286,6.554950643015112,0.09471981776650053,0.8287157224156361,18,0.03430937592428276,0.0800354924578527,3,0.08909725937652649,0.7670764868684,152.0,10,1120.5652755419883,0.29732132550662094,-54823.59435182209,-544700542.1910524,0.0,0.0,0.0
1127,609.1706551996258,24.86366179666145,11.402549592997651,6.458185743634757,10.426596555479696,0.11018952322629373,32.26059025173978,9.59147746755235,0.24167494045450524,1.5531498575109803,2.6392759889046227,2.280697967098655,2.612149362803601,2.397304814479151,68.02018179446257,15.562813260205644,0.0977108956411605,0.9820051514461754,13,0.04803312629399586,0.11020408163265306,2,0.09471823720222268,0.9354105202844077,677.0,44,1642.3005421082653,0.35741429400034974,-53920.53792215184,-795105251.622934,0.0,0.0,0.0
1128,636.4151764252365,19.713828866750646,22.060540978578103,2.1866889180330915,13.245357804190322,0.08434695933514492,88.24536234811978,4.254004161756914,0.1427578845882241,1.0565507987249534,2.6268499717067306,2.320715108221236,2.451686095911872,2.412389170434189,11.654360441827533,600.0487095811241,0.07240719762055285,0.6616488337331257,2,0.011180124223602485,0.08435374149659863,1,0.07109211757376137,0.6239404160639821,0.0,0,0.0,0.39172901799740645,-22970.39498029486,-418334898.0397902,0.0,0.0,0.0
1129,489.7428450560245,32.66814252753487,77.65159278178136,8.80999198600011,15.732882164049313,0.12770788087062163,111.8010475312758,7.771833523397665,0.1899908996732436,3.8783043608335652,2.6706170774843803,2.442827270239634,2.669723246450033,2.437894590363456,13.200273916182065,4.172918117041607,0.09259112257660362,0.9646058943936678,11,0.05075421472937001,0.1277136941733215,2,0.08884523393867061,0.9314211825835517,635.0,28,1351.599094129981,0.3377660102607205,-25719.4302926179,-816220397.1356019,0.0,0.0,0.0
1130,399.3055203165118,19.00054218261978,92.61025648175692,7.570603922477045,5.018572701485128,0.24015183528158113,133.5196277535244,0.21471893580636559,0.2987801870611727,2.868488138737396,2.660406469841468,2.109169157737694,2.3073715835042123,2.4699116613450234,16.560899811581002,9.231690417986053,0.031046705192016612,0.9059725602531512,16,0.03969239869860988,0.2401656314699793,5,0.030307535793390038,0.8697035483971259,0.0,0,0.0,0.3313477077863132,-22647.934822361378,-830508497.4170141,0.0,0.0,0.0
1131,545.7113731885909,10.32621786381962,81.16384517239203,2.4136049576358785,9.683210701817647,0.1719976390473495,115.65056566735613,11.3690173168624,0.2209306310063361,4.696960800537793,2.6358132769421547,2.3942936634735315,2.403731468709511,2.378455790949647,11.246371989979092,909.4975991285149,0.051017459692683426,0.8079512120146379,4,0.01567583555161195,0.1720201123927832,1,0.04933391342881615,0.7675165200169628,643.0,34,1385.8669012475304,0.4155410556010759,-28696.02329240666,-610913449.1174141,0.0,0.0,0.0
1132,346.86278667266504,11.273013000187442,55.365536044020985,9.992488808352224,1.801946154985505,0.13557225789632704,91.09850116884016,5.497623959074723,0.14582849507625606,2.668312234231956,2.6059936175132146,2.2487794839011093,2.3424609525647795,2.4263706300208185,63.09341951762697,253.3556639571237,0.06516881240484663,0.925709781313913,13,0.01963916001183082,0.13558118899733806,5,0.06532580624918663,0.7780312040618537,329.0,11,264.7687863887909,0.3612853284547919,-40273.81019089384,-563243949.404697,0.0,0.0,0.0
1133,468.4634028368628,49.91267838245829,122.7674998387432,6.765974928553797,3.4623915195551986,0.15312769701225626,133.11701065823215,1.9005503039197402,0.3243503867557074,4.846256205928411,2.6089356582061853,2.5325313163118635,2.621247805555523,2.437082040844003,73.14322244872723,66.8796922733484,0.04965578289273814,0.9469315771076174,15,0.031233362910381545,0.15314995563442768,4,0.04869568840412415,0.8461384038305151,2.0,0,0.0,0.36581148513235284,-22160.308910587257,-885491181.8208628,0.0,0.0,0.0
1134,502.87343501484173,17.42312454732268,10.502591105654696,5.58182838809541,16.931446387110952,0.14141026705530357,33.533133754134155,3.6224261318461934,0.284842309601273,1.42450911254747,2.6234686902743016,2.1808555557602225,2.306577786017688,2.4839530939808494,31.559697676222385,46.53745976357065,0.07227115818897367,0.5227665052161429,10,0.02608695652173913,0.1414374445430346,2,0.07464677463034866,0.5037713099866429,140.0,10,347.79786797845964,0.3735338948197895,-53169.08779257589,-277627093.9840644,0.0,0.0,0.0
1135,571.4315865243484,24.15349240434763,67.09084323457756,6.649777685448961,15.689300697159116,0.22722997339262124,61.196701796919605,10.791293271709467,0.1251353380087455,1.2830680879800611,2.6311246841800484,2.3898049657803777,2.453294869222639,2.3526724472534752,13.82962311692503,36.65691213158333,0.09840315226848069,0.9951782417301043,12,0.04194025436261461,0.22727003845016266,2,0.09600733668468252,0.9146019086680575,1591.0,50,3025.9684751347845,0.4815908003670817,-49799.36954329789,-813937932.0400256,0.0,0.0,0.0
1136,661.0866104340945,12.924093005873242,123.60103757263303,7.980248124301407,6.824095639344961,0.13571100308584944,43.59119904901258,10.694698380908608,0.34041717405007266,1.7828341696333396,2.608403746998786,2.3899619397983343,2.323090916860277,2.4411658068785007,46.277244126296154,22.0032092191811,0.08973723399335326,0.9747322047782927,13,0.05270629991126886,0.13575865128660158,5,0.0843043989909475,0.9190735562131584,987.0,77,3792.0055257558643,0.3348396275164012,-53583.916161318666,-630004935.7233089,0.0,0.0,0.0
1137,373.66342902309435,36.845019933497355,92.31261545509744,6.55606281624302,4.32296532375223,0.21529201946962262,54.93705148613297,14.283119883037683,0.14098135004666995,4.130055723071153,2.63246081162512,2.229608788261836,2.465860286676135,2.436168797346429,21.156953594161426,289.97394297309046,0.08970316880336457,0.6012677188634519,13,0.028157349896480333,0.2153209109730849,0,0.08007732356782087,0.5979113217134843,1396.0,46,2356.0119424553413,0.3340215244398417,-32784.15790397606,-371268187.2219721,0.0,0.0,0.0
1138,513.6566120940136,25.440240754266554,133.3604223599363,3.3058968087968115,5.819763069692066,0.26283134179620377,70.98203079494387,7.102370854486947,0.2986715949815938,4.279589344572391,2.6952514794932494,2.466354652441998,2.5058714692390054,2.5034653888096416,15.52038847533522,891.8929074100016,0.06916946024459672,0.57524097197446,7,0.0362614611061816,0.2628216503992902,2,0.06822256562992869,0.6011634790696514,700.0,47,3611.9183638234545,0.30201205614871407,-42862.65706462565,-280067092.54489315,0.0,0.0,0.0
1139,551.638057054694,13.673488053026203,143.85386585905528,3.176834412504249,15.96977541383576,0.20957881828833785,46.353405902230136,13.476000804131957,0.21935953621650964,4.2397439362764855,2.689905846622862,2.4763217406718607,2.2481288763637592,2.3685229594663757,14.18536724881684,4.367963380561475,0.09348766553248791,0.9717846941949744,2,0.010943507837917775,0.2095829636202307,2,0.09464809196792774,0.8250283676361708,420.0,22,1568.7448682710228,0.46561543741572775,-41800.655253310164,-584699672.6401542,0.0,0.0,0.0
1140,366.3814567639149,15.630270722955867,18.191108809813745,5.405820202437735,8.762596254942487,0.11171828046157219,66.4462961681266,13.881053870203074,0.21067594968825742,2.656174144156713,2.6678084893433596,2.5961043252613822,2.6695896976196187,2.384871264040825,64.43984162805437,39.95693858064979,0.060655468978684485,0.7897286619175681,8,0.016030760130139012,0.11174208813960367,1,0.06188361281839104,0.7708757388654432,392.0,16,736.1261324841827,0.469267899208476,-23527.830277318102,-511722540.38015807,0.0,0.0,0.0
1141,382.2076997770907,21.868310573750517,128.41368193027657,8.263361302638263,2.8907711763484825,0.11895124819304524,41.463391065172516,11.658888897277981,0.22033171914083874,3.05914083514779,2.679677092048508,2.213198273949313,2.252009779028782,2.446954148143171,26.359162389880908,185.0894296838453,0.058804755443025075,0.8887742317404963,11,0.017923691215616683,0.11895888790298728,7,0.057671261609402426,0.8495451414328801,763.0,35,2454.530901550803,0.36771207148609575,-25399.527390026742,-755295833.3466175,0.0,0.0,0.0
1142,336.57430125139854,13.633861856296727,42.150534853430166,6.569719393629257,13.49922512385079,0.09726792224477031,79.67724006808673,10.67695715345588,0.2954845739112573,4.829725227494867,2.605687410247983,2.187270273285198,2.6636906193995866,2.4740265055743267,54.536218440802514,266.5169933690795,0.04557480056220396,0.6212341044057006,12,0.027802425317953267,0.09730848861283643,2,0.04445817469450124,0.653058604911622,437.0,40,1846.8113221846545,0.2581225188550804,-16507.137229930453,-472472360.75615203,0.0,0.0,0.0
1143,612.3356088708035,16.93918979177506,9.558040870743723,3.688969694795267,8.576313711361648,0.06486771266766501,46.50732719288479,5.978051961024178,0.20029383353918023,1.893675778385357,2.6015690033674024,2.598781585961412,2.6748471573960906,2.440258624135331,42.771947851476206,2.0191155803181875,0.06330043699276236,0.7296156249604326,6,0.022478556640047324,0.06489204377403135,0,0.06326968411678001,0.707535678951108,43.0,5,153.36997105270407,0.3563554187157565,-14037.71865620081,-494683097.1917171,0.0,0.0,0.0
1144,582.2080638329957,17.789177717047234,126.81661202816802,8.337268101170014,2.5507921539440743,0.2199450721063408,120.07119185791704,5.499006496741644,0.1133978988134776,4.504617669502049,2.647875809153237,2.104503267906999,2.2203154030493977,2.4364486744090614,45.25613451056656,110.83712832816992,0.07782306210489617,0.9231965663412015,13,0.025791186039633245,0.2199349304939367,7,0.07637583604374215,0.8033660936866119,435.0,15,955.5683854881147,0.39698483336909973,-30970.7464095144,-531705376.41407186,0.0,0.0,0.0
1145,473.790604112904,13.19793429458378,95.24843251108433,4.873282316008493,14.520713544901437,0.23590330227709966,129.70607003280045,5.820544065277515,0.23443762246559557,2.9799666474608277,2.6741301185096815,2.256487454145247,2.257810688799715,2.456502171663734,35.33516898183198,4.247770480606214,0.050808195765829636,0.5247096561826545,6,0.010411120970127181,0.23590653652765453,3,0.052197742832164225,0.5319709204053031,93.0,8,368.13537221240426,0.34088069175202573,-36644.860547321325,-315783079.6237995,0.0,0.0,0.0
1146,465.4924578321726,46.21666953980009,37.930617588318555,2.4646615222437713,16.260155120674753,0.17159122990271847,86.4130635714881,7.233154532089106,0.23635375336373596,2.6272573562534207,2.651599565960328,2.1128820089707516,2.2202167773961463,2.4659748561170485,14.644401787470509,82.91248376756936,0.058001035272133586,0.7385094275289492,3,0.026205264714581483,0.17160603371783495,3,0.05823976361726539,0.7154874829503176,338.0,23,1807.1902572610916,0.42358656486681445,-30023.8707453844,-504726070.27976286,0.0,0.0,0.0
1147,535.1492822913422,31.053878206848985,94.19332127741588,4.129663609576606,11.31905795835018,0.24062574384447066,80.76411131647133,1.5243516370337429,0.10759868168387979,4.695908642691889,2.6916175969092544,2.536437831028688,2.259944015757987,2.434311082614542,46.54963890918811,345.13300814086625,0.0706160022784566,0.676261210692866,9,0.041407867494824016,0.24063886424134873,2,0.07032472706812871,0.6728318404866267,239.0,7,369.5165497070764,0.3603712932311418,-23424.60532464925,-430889892.14488834,0.0,0.0,0.0
1148,654.0742222517077,22.84200195526942,32.52585923376953,8.652853198470563,2.25207615198621,0.2817989216522323,103.56021041116311,11.048584815185169,0.2012416317665051,4.949287869660651,2.6689834757064284,2.284989422911398,2.346254635348591,2.448550586333053,13.107997487939794,64.65237134796686,0.07992839727065132,0.6607757653058014,11,0.037917775805974566,0.281810115350488,2,0.08030772697747507,0.6519670180219113,1358.0,62,2279.2252413179745,0.3879847011669795,-36454.468586348594,-345139079.5667196,0.0,0.0,0.0
1149,527.1687208228216,37.177946712504,123.5985764648181,8.611775571211986,6.477772039121924,0.25918502215455425,47.02450388262837,7.924555446248382,0.23210353760904187,2.3292670100471025,2.609724568839817,2.2100268658357995,2.357979793593797,2.4631428399014776,33.66248874908018,1.6814727780848373,0.08725888622125011,0.9327162058280708,10,0.030582667849748595,0.25921325051759836,4,0.08685832037103781,0.8824666077924096,792.0,35,2417.4101965420905,0.37987479596509566,-54873.08384281723,-660442729.8134255,0.0,0.0,0.0
1150,484.46549860285967,26.38238609042816,144.46888482515237,6.419046394031138,6.614286227490027,0.08715719689963221,119.97479647636885,13.059885511561696,0.3247790301456986,1.9171598377956305,2.6469426593468897,2.2282532590990396,2.5212428967173084,2.356421213530988,39.597241972692316,1.0866126799423965,0.05128347746753141,0.8146470965359003,14,0.04625850340136054,0.08719313812481515,4,0.0496792977799587,0.7734744753521104,925.0,60,3165.6680430650244,0.42424272389717466,-30501.967349997234,-517148692.1721568,0.0,0.0,0.0
1151,583.1180728998927,12.59873442505846,90.06020784105957,5.105586763316114,16.499682172629512,0.10172512684589159,90.01223466432218,3.2350557472296924,0.20183637273980293,3.7553574107998133,2.6337144304078564,2.4431038613841944,2.5630919110846504,2.4515667341757084,11.790945330395369,5.055555610096941,0.09013684045227233,0.9612176386883644,6,0.025140490979000295,0.10174504584442473,5,0.08903327728171224,0.8385826014002153,67.0,3,201.20161167413147,0.37539312647922607,-52478.794138262194,-732531637.3856838,0.0,0.0,0.0
1152,400.5586457581329,13.903592152882643,33.200088851783306,2.7713004429823522,10.308468782313534,0.1561525624878628,37.092709348267306,8.279960285566359,0.17013221941082785,2.352654016162324,2.636515381940974,2.3772313471112816,2.5491847287345153,2.4760609746492928,50.8502795566748,203.7286259868815,0.05832859439175585,0.9590150957741705,6,0.005737947352854185,0.15616681455190773,2,0.05524940106969798,0.8700211019109012,282.0,9,193.37860304327054,0.42902495382763917,-26177.490716852277,-716233875.3212016,0.0,0.0,0.0
1153,382.8456383722414,34.26967326214429,130.51339104792504,6.311884085090132,7.0652249714674,0.273153133553254,39.02991485595902,14.501561984684683,0.32195143962650685,1.7447740012757769,2.6245484545716886,2.266866958270737,2.514497395272198,2.350169278768048,11.543673809500225,218.71518669080976,0.08495555571005509,0.7387024766756495,8,0.015498373262348418,0.27317361727299616,4,0.0825413162990123,0.7118287931184092,1956.0,156,11254.9622310438,0.4189301156427918,-52420.97775122777,-514337175.59648037,0.0,0.0,0.0
1154,480.2162603407315,10.447244774503854,48.63823988708263,4.934516889774897,17.40959254015248,0.10824514527191083,109.48706202357441,6.982831523119314,0.20683906854549328,3.386897021573944,2.6201809058784797,2.585640566168655,2.3613063631034223,2.5280954064501717,13.646616276347208,793.9490547796843,0.06651629946832027,0.8216728370418085,10,0.026027802425317954,0.10825199645075421,2,0.0680783835082579,0.7620949630311817,427.0,26,2038.3940549954013,0.2914486057138719,-32197.050976832703,-621869528.3924997,0.0,0.0,0.0
1155,461.8922767345075,36.376198381248365,61.15791855188278,9.557918129764722,1.742283215627259,0.25039266521607184,122.29291490001907,12.233089778191363,0.23917844390093052,4.927111981119918,2.6412376976891174,2.3823541408122937,2.3966139442716967,2.50333678276753,34.310886589211556,1.1508575065234283,0.06300270529319779,0.7638616227849288,19,0.0375628512274475,0.25039929015084295,0,0.06191487517468037,0.7429064980187001,1922.0,114,5202.804282849246,0.35470928032789617,-35667.66841941468,-606976577.9099376,0.0,0.0,0.0
1156,611.0613956834022,10.738993455421534,111.70880939389711,4.138765907134962,13.251778992216124,0.18154231745646054,59.13100286901911,13.03613631670367,0.15480374281743564,1.5046008431751177,2.6092669046733232,2.402511008261825,2.2062018967295236,2.423906883555032,22.5375016316912,4.562492336705176,0.0585242508953338,0.8820147312026402,4,0.015498373262348418,0.18154392191659272,0,0.05695693514718666,0.8133594244196747,589.0,22,1148.8787628812656,0.38869943941055674,-31769.222317915057,-547554020.7273898,0.0,0.0,0.0
1157,572.0701669528057,38.960458958820794,98.95318116244246,4.744457327255578,12.70049485350128,0.10517313263512469,109.62914634777084,11.20234970037453,0.15085728934370507,2.718624870730389,2.6121305833848787,2.5103163384395426,2.5741551041588377,2.3470807122167527,27.742810886417903,32.175000135247444,0.08949790120074902,0.7375731003042105,8,0.0375628512274475,0.105175983436853,6,0.08537451350006582,0.7105372055682763,882.0,34,1586.9159193256874,0.40227438799850956,-45853.60175094342,-492044008.94088644,0.0,0.0,0.0
1158,344.28505394761885,23.187742218518956,93.39741721957073,2.777499112107982,6.9155646562544835,0.26402642960350914,38.92230415266342,2.783949690844753,0.29635940942605815,4.719356453767495,2.699405117001629,2.5243395444540693,2.4899404367462066,2.4193503225227095,13.390350419912027,22.72042355128996,0.07671389711784558,0.6775203070443476,2,0.01230405205560485,0.26406388642413486,0,0.07488084742086211,0.7128058668331538,92.0,7,199.00717405604223,0.39351901406732637,-22903.545599664834,-501395635.0965715,0.0,0.0,0.0
1159,623.9924588846035,29.634901774379955,93.0722844818731,7.223963618329882,9.566653436626547,0.16334375701607995,107.935151004364,8.187517299582886,0.32702243097297545,1.5801051457700859,2.6991181026232978,2.410653612276828,2.3775511193371104,2.3316887372916635,58.69082609624969,151.49148576746254,0.034193966824256766,0.9175413190998933,15,0.04448388050872523,0.16338361431529133,3,0.03533059890182434,0.8874347006119075,1001.0,77,4227.104830150113,0.5403511188855079,-15727.630941441725,-653034459.6696612,0.0,0.0,0.0
1160,375.3610185922215,22.42144576998478,123.18787504960044,7.241119064157176,8.168555170487314,0.2275557430553506,69.20274576791499,11.06621255733409,0.13505743891599192,2.8757036162476344,2.6967940465140248,2.4554718464812004,2.424904236443637,2.426773289978162,85.80156155470152,739.4189575111046,0.05088035671052323,0.7291011858679334,10,0.02738834664300503,0.22756580893226855,3,0.04970036571134443,0.7071610560802983,942.0,39,1930.8517926250026,0.31311063556193597,-27289.838857306277,-592645164.6322083,0.0,0.0,0.0
1161,573.9556236540301,30.16187446647316,123.64213601579098,4.557672831479645,8.987220089964822,0.2715219314270221,108.9701312914236,12.920401075134421,0.2524249085402264,2.104289928438122,2.662793823859576,2.419490474030653,2.5526255098653277,2.4594914180098617,10.23423532266382,181.3979506770751,0.04495492012076013,0.9144294514652722,8,0.009997042295178941,0.27151730257320317,4,0.04385351184431619,0.8285406319809997,709.0,37,2748.9675133235983,0.3525113812656153,-23265.5712079487,-595147422.038615,0.0,0.0,0.0
1162,463.37106843982974,10.212969703968858,44.77220442188423,3.937356870355516,15.397052838891625,0.09021529686251996,64.06628774410312,4.180744716912773,0.1538692938472057,1.5676421374827543,2.638827346295702,2.430545859729229,2.5414411001018387,2.365667666026094,20.197222392075197,53.07041272965494,0.057170650506347134,0.9336373824542067,7,0.01774622892635315,0.09020999704229518,3,0.05751220683304346,0.8504440829387219,2.0,0,0.0,0.42166032100347595,-27610.701325187987,-623143570.452638,0.0,0.0,0.0
1163,410.7308889131386,42.33738372798266,106.45246332525574,5.927201031441925,12.91408640661684,0.24642588066626409,61.43096953355291,9.280372242261627,0.34976095362936954,4.682364684795779,2.609037834016617,2.212452677527362,2.2949368943594877,2.5146790660047666,14.831718472558606,23.37010148120813,0.03688736124272888,0.7857014656552817,8,0.024548950014788525,0.24643596569062406,5,0.03613506928636953,0.796385889095597,738.0,62,3756.604819268906,0.27137078763614353,-19201.464081599268,-621976987.4021533,0.0,0.0,0.0
1164,568.6908728816155,27.09579388621393,130.1578462220443,3.5482743476970873,7.200943020081216,0.19530706518443675,62.746090629702906,4.343064863394542,0.13430092107695182,4.86593853210576,2.6541769059405045,2.1375970231788948,2.6880769838190326,2.3940158665317166,84.5196319448293,2.7437560146286533,0.04375542379356753,0.5668709713615669,6,0.025436261461106183,0.195326826382727,1,0.04376423219036621,0.5550164864383104,273.0,6,265.8356736139012,0.48803945050038156,-13507.460000232471,-246153237.15230724,0.0,0.0,0.0
1165,566.473872346236,22.46292848730496,139.00564829908245,3.3110011675609314,3.256524074033948,0.14055937597031892,69.88258463417996,2.2838746770967866,0.14031118612066507,3.689470989494868,2.6877169943298918,2.359857087792005,2.2306990719939064,2.4079959714734573,71.38021460694846,188.55843897717781,0.06901478258829062,0.5487075428715086,2,0.016563146997929608,0.14060928719313812,0,0.06968127814256028,0.5628005794637402,92.0,1,41.06913667291311,0.3403659167514177,-24578.971106337165,-312453777.02279353,0.0,0.0,0.0
1166,649.6760792302149,28.46468199701734,73.02564778323462,6.364337885684514,16.834357450521463,0.11315369258615739,47.186590120509024,9.74654921154656,0.2600195372954558,2.5654109142580586,2.666612161718522,2.1017037990678267,2.6275664521059756,2.4440637385680475,33.33053412560427,312.0875198603771,0.09641352982811842,0.9363893407456708,16,0.03578822833481218,0.11316178645371192,3,0.09190325657551782,0.8511937968830957,727.0,54,2869.1582000399585,0.37475038468574695,-58408.179883588105,-797090527.6895788,0.0,0.0,0.0
1167,562.7485261823283,16.650220004051228,65.99092057613159,3.9309091323107506,8.818376682845253,0.26511262912396766,135.36233801486685,3.125249703687754,0.306732142399179,2.627749923245216,2.66659769673282,2.28490348814914,2.5569957018745946,2.4249312769164177,12.116965132714354,90.2783364622861,0.09125861975864058,0.5046244430141305,2,0.0044365572315882874,0.26512866015971603,2,0.08983313451956942,0.5004603294308203,92.0,9,193.66824605618092,0.3764673715318736,-26933.866520916243,-237333537.96972427,0.0,0.0,0.0
1168,472.1832302166018,23.395851666802496,121.50401435308324,5.9033131710480635,7.271391650702528,0.20256571513652205,72.71573134090703,13.595957123242941,0.10064065040155196,4.386421264842916,2.6972704727398584,2.547737564386986,2.4105319497978672,2.5379649288861423,67.4985184535445,36.12567820146457,0.030256000332927226,0.6530802447125343,18,0.04324164448388051,0.20260278024253178,4,0.028902646473969205,0.5888703425570102,2486.0,58,2034.5958158997105,0.2768696675627482,-9963.511104488009,-457725865.1801267,0.0,0.0,0.0
1169,381.21810372403314,49.055081922313185,139.58259244703757,5.9397951308241845,15.528276075388984,0.15081213251384912,38.55413057484001,7.6834897925310734,0.0900202944674921,3.3541485610469106,2.6182725975213414,2.374484349087448,2.2222069375245335,2.34946759104619,72.73195068872253,2.7887489731046293,0.08891986079888375,0.5232609208791832,7,0.026027802425317954,0.15084294587400177,8,0.08887253980357548,0.553785267584302,530.0,6,166.4334522522767,0.4673621904417544,-35974.848437553934,-313346070.37772125,0.0,0.0,0.0
1170,387.6398678471628,22.651388028723087,65.72160612916795,4.620189655154125,17.30812408596078,0.06605629916892482,54.44150653837792,11.709036070827434,0.33015788082630554,1.6176166421905211,2.636631957276737,2.449544698717808,2.52901951136615,2.44565330225279,39.35722800939966,29.778678727461426,0.06557112487835862,0.5371361801651281,6,0.0129547471162378,0.0660751257024549,7,0.06535439986963092,0.5223832713061175,216.0,13,732.5187134823914,0.35390405404001823,-43495.086843337405,-308007093.5260465,0.0,0.0,0.0
1171,545.0100528059872,26.470821056679814,103.32423942966557,5.947160059165522,9.981676086379522,0.2769844187993788,40.11541664261622,10.452143604801226,0.33339195456535414,3.407555161459019,2.6863530002020695,2.378500466905952,2.6935801233698693,2.4756712165559183,16.21144313237414,5.117003733464542,0.05116842172386356,0.8075940619343902,8,0.006921029281277728,0.27701863354037265,7,0.05309429274341891,0.7551927053794582,1264.0,111,6550.094085479857,0.32385582445518235,-22070.519132762878,-602059463.4018852,0.0,0.0,0.0
1172,631.5724221555406,17.699352761504972,54.42098802442879,2.07801372313304,8.697409775118858,0.06641681397663728,91.85103340707663,2.4943634310344236,0.14435344235512548,2.7658275752578394,2.6794167928333126,2.3209259333084282,2.4715569544434164,2.3733224796836887,16.930129491257098,13.144346838521647,0.07474572179128167,0.9877783361386123,5,0.024903874593315587,0.06643005028098196,2,0.0743837169734389,0.9065272920453199,39.0,2,113.23002492207397,0.5033625024877009,-32399.582924480164,-649194575.5166715,0.0,0.0,0.0
1173,537.6349951824642,22.226848651074587,66.87773619788568,2.3782209651986763,4.934794794680732,0.28092769578530496,64.10411156710887,14.631999787067882,0.10474480267141255,3.5448070133582315,2.696806074540763,2.2650586493649634,2.3888615075933646,2.3971828301708276,47.0413373882814,6.335605465902354,0.0348926493037698,0.528277318706216,5,0.012836438923395446,0.28092280390417035,1,0.033690453732296545,0.5231001607415986,1169.0,35,3821.362584696344,0.3354721918993535,-11543.232988694175,-256073487.9641012,0.0,0.0,0.0
1174,501.0987621055079,25.78043694067059,99.93349936577773,7.944303680779549,7.179078012318569,0.09090678492955061,97.22005685402696,11.484486548631239,0.11908796729305557,1.5047758522780281,2.691599565169761,2.579042624912764,2.271270230816487,2.4398954485271163,15.55658753335519,1.6381907339535369,0.06861810999851645,0.9999668422412087,14,0.04111209701271813,0.0909198461993493,6,0.06807438458370793,0.9002129869212604,511.0,14,609.4335932982541,0.33226768936189766,-40538.82613213165,-886929472.2978609,0.0,0.0,0.0
1175,570.4484606302361,16.331889629310496,70.62117096608553,6.092297069727798,16.664871669001776,0.15248714748286946,54.701673507504815,9.112271098042912,0.2076517229688742,4.760407653097792,2.646075127881476,2.355082878930565,2.3995191586423426,2.5194591732843614,16.272443711685135,3.1597637121441577,0.09042674058077503,0.8471086124482528,5,0.004614019520851819,0.15249926057379473,3,0.08746652632888839,0.841851378312028,330.0,19,656.0650965104426,0.35540248282942244,-53037.90914822342,-629942496.1699557,0.0,0.0,0.0
1176,601.3478001761086,11.725548326670499,43.180052226816116,2.1283738348567844,1.0480822434670358,0.24560037818272318,84.64455819881987,2.87466989496691,0.13921720554963896,3.6204112419326635,2.6007395244162805,2.3745577064429746,2.5691389435532255,2.471117836836655,14.544286286606152,2.026051739808616,0.0924601215882041,0.8261895201379241,4,0.0075125702454895,0.2456078083407276,0,0.09056044956374301,0.7690787521192893,84.0,1,1.3760410274183261,0.4061254865730426,-61262.249677306696,-622300309.7556105,0.0,0.0,0.0
1177,384.67893958615696,24.666774449941016,34.148670689479275,2.1109099368699793,7.379991716601315,0.20302829007041756,81.13795637921487,1.7437446436038528,0.15623447706637106,1.1190665184585122,2.67484502406331,2.1938447676501385,2.5033970975629516,2.419072082582226,27.955644845158957,557.020782283986,0.06122469672745137,0.9501197488649187,2,0.017923691215616683,0.20301685891748003,1,0.060626577357609554,0.8910791612944147,39.0,0,0.0,0.45686379387576403,-28767.801767794946,-868643359.102633,0.0,0.0,0.0
1178,346.3629788392162,14.896862359090203,139.95135918324948,4.890989675211493,12.072967731409422,0.11056950011095286,38.39302074989898,3.701440829356239,0.3393882152019413,2.5802373304169968,2.604396114182791,2.1956911580745224,2.6547538039649954,2.500683718613404,15.292668303704657,52.86103872154553,0.03394148095395974,0.5519371582173014,7,0.028098195800059154,0.1106181603076013,3,0.03253735345434811,0.5533175885768917,28.0,3,123.8986847363202,0.3069191517035872,-18273.909969793458,-310289633.6433367,0.0,0.0,0.0
1179,423.8633569845373,21.74166734853865,20.09138664618791,5.470872539457895,3.8957331393140575,0.061380753564295856,61.37804731180706,3.9123531642621585,0.2792152731001871,2.6709149775999386,2.69162308991027,2.437115507959119,2.294214638181761,2.4698966896986123,15.081022682790005,24.439131614723212,0.05033317690585071,0.6774470004764772,14,0.05193729665779355,0.0614019520851819,5,0.04891355516365562,0.6360394646165898,136.0,10,243.8606104920711,0.33603420878546375,-27522.522155273786,-491988927.22409666,0.0,0.0,0.0
1180,522.6355633480156,37.49195962185161,56.27549842229975,7.093652385972653,5.292014476413372,0.2568265603752964,55.64700856581285,13.289642173839189,0.32234414674390865,4.86422411997786,2.672316053548971,2.4277931862952715,2.2827475666453396,2.5304707049242787,10.337920288360204,151.66416811964703,0.06772604036607348,0.9590582594940888,8,0.033362910381543924,0.25684708666075123,5,0.06514052532225302,0.931365112668022,1488.0,118,5922.196511285956,0.2224023062597058,-53186.46104149369,-757632980.9341104,0.0,0.0,0.0
1181,443.04308191624483,34.989413769478375,18.72285192575992,6.874464106054635,11.368003129653077,0.14781891378014445,33.51592226170376,11.400179331681622,0.13819488880012692,3.7576659822003107,2.620655911405389,2.1254652626021895,2.4185672023708737,2.5236155243308174,94.51533495382182,3.451901283356485,0.03940542699772935,0.5023215928867648,21,0.04856551316178646,0.14782608695652175,2,0.03925754271003152,0.5282251709922325,1573.0,55,2651.9225633661003,0.30648621927488184,-26407.900922438384,-214830602.86182016,0.0,0.0,0.0
1182,585.4221259213577,17.549793666158685,98.24516464587687,6.851112493324233,7.233227165808604,0.27154033878439204,123.86800657275252,0.0072622132834820885,0.30329568804395685,4.194734677718566,2.6449486098221247,2.487306076688409,2.53869277291162,2.4854972537345477,12.9161693104964,89.00645220871941,0.04015313192465887,0.6970714163045582,13,0.038686779059449866,0.2715764566696244,2,0.04185928201655698,0.6767900979142454,0.0,0,0.0,0.34943970416643166,-9666.290697636065,-504555471.10585064,0.0,0.0,0.0
1183,380.8161397407407,11.375833761543179,82.72530887265182,5.026286148299798,9.627477597358437,0.12818650642423107,35.206833644245286,5.954586744328211,0.2716560366355498,1.963805932318674,2.6314367571992605,2.5965322766674372,2.4346700793407017,2.483322766535201,21.730237534287348,47.68740446745633,0.05983026356118492,0.9313728991570361,10,0.04158532978408755,0.12818692694469092,2,0.059781262250624155,0.8667971041144444,319.0,22,1015.1592580611608,0.3797156653659366,-17109.034117817922,-912022814.6828876,0.0,0.0,0.0
1184,545.6297818792361,38.7917255596304,49.904993492529385,9.768253442118354,11.109541787567412,0.13517989943893283,46.01694015506257,13.247410855220618,0.32367760411504276,4.105306454010263,2.696285030286944,2.1687359906527486,2.325962677890052,2.418972361224064,82.32525939422823,14.175980593145928,0.05532935003805883,0.9901014858517945,16,0.05282460810411121,0.135226264418811,8,0.05759809298717102,0.8975148021657273,1077.0,97,4768.368675637632,0.39312937535439607,-29046.209863680015,-698679099.5607882,0.0,0.0,0.0
1185,571.962573071813,11.977132096040972,83.12403731515377,6.78521841751957,7.425794902712681,0.054888950758602464,37.45506383190507,14.916967463242221,0.29161273034640867,1.8885913319211798,2.6906628160650112,2.2300393130976275,2.604022288005708,2.425894157260725,10.577298158679659,4.775335743138615,0.05477181518728505,0.5397159691630207,9,0.031292517006802724,0.05489500147885241,2,0.05665849681936693,0.5702889058906249,349.0,27,1350.5092773086078,0.3659328643723301,-37328.33927310819,-270524158.8457106,0.0,0.0,0.0
1186,621.4360003320642,15.871442840522144,138.755450840592,2.4372710314527604,9.967876809363052,0.05027090963417917,66.47965006204517,5.788300221081174,0.14831677186820216,2.4362024829290565,2.660460842937207,2.1244662786167563,2.280133497806216,2.484714341842535,10.266461352893016,3.843176396759262,0.048579731611875114,0.6821961147267652,3,0.0027210884353741495,0.05028098195800059,2,0.04816678831609079,0.6787270042156196,53.0,1,4.823268417376593,0.2896008490237243,-27401.06391485042,-403187034.2611681,0.0,0.0,0.0
1187,615.8099952641858,16.365632868112314,47.21698357968162,8.454267818717987,14.83748564470329,0.23995859806144793,54.73885660278935,14.34197333993575,0.12039005982324921,4.633360077509436,2.6461565644790586,2.4760563059784566,2.636206439985021,2.5533129339024523,39.85538843751464,30.031203901635994,0.09022660522173079,0.6601885899508575,10,0.039574090505767524,0.23998816918071578,2,0.08857898968632323,0.6677125045119686,1627.0,41,2587.988674849481,0.22287182659980243,-28367.700114002262,-419995238.4102862,0.0,0.0,0.0
1188,374.18211720328424,28.90354495381476,18.479405741907794,8.542304733691898,8.191011301100243,0.21324081831389513,135.74547223256215,7.051247660079348,0.2686346537651958,3.6042820976473298,2.624197207233082,2.226855309364444,2.4907150671947447,2.401466145533168,17.665017638349486,15.959532943262756,0.08656042640897087,0.7141313594281111,22,0.06418219461697723,0.21325051759834368,7,0.0840076710213336,0.6788316589097632,562.0,35,1602.953613724233,0.42337862307739726,-62799.45897862218,-509149683.01569915,0.0,0.0,0.0
1189,613.6435356789477,13.15842009225116,14.819910879459202,5.662914899676005,10.136837908094813,0.07737299933661994,97.17301737150669,0.7354585001049202,0.34226725125213353,4.251238214553947,2.6530236839694497,2.2025885634234585,2.4983349192263913,2.4137518330772005,41.85357258532191,157.05677748508944,0.05815831691712131,0.9242871470023915,12,0.028098195800059154,0.07737355811889973,4,0.05686132371203546,0.8660289821462526,0.0,0,0.0,0.40352966239951593,-22456.626726616807,-554268989.3353413,0.0,0.0,0.0
1190,488.6676505406863,35.46872424037282,105.73057922320314,5.660787666089248,14.017468285016633,0.1565457433472236,64.69064376121473,0.7540375953008743,0.1936003447942332,2.9936992543203997,2.6798086425002703,2.5364045837401017,2.363487612525574,2.426886300193041,84.35281419679919,39.55032622658273,0.04322340685930509,0.6072645462407333,9,0.02803904170363798,0.15658089322685595,3,0.041641167963484486,0.5823826015928469,0.0,0,0.0,0.4175760057935296,-13088.613753828351,-282040639.4282365,0.0,0.0,0.0
1191,364.81383086766647,29.036623135899436,22.731176651614586,5.521086375198452,14.569032084334623,0.050258852248067934,139.7363650748268,11.37553915336852,0.17044820942175953,3.5019624347432208,2.676968698970045,2.2345987709958695,2.448556572537937,2.550420910648158,15.44767700506989,637.4443615599905,0.036273365808652744,0.5511818935959376,13,0.03797692990239574,0.05028098195800059,2,0.035868152228277855,0.5500994107871643,362.0,21,1455.4292213768397,0.2291782274457117,-26220.720082991444,-284486460.39732134,0.0,0.0,0.0
1192,618.1929919510354,42.53401816747473,104.75519817270397,4.278457793232646,5.576054500697108,0.29113388729672557,122.48911440990572,12.409647915796725,0.14812594541981144,3.648088255400656,2.62162184473332,2.443123226182474,2.6903200584716895,2.4645858970488375,28.233125989935505,395.545121115494,0.040892899026375294,0.9004768830538971,6,0.011002661934338954,0.291156462585034,3,0.04169661587699979,0.8168492049701908,508.0,20,1082.1992328994768,0.30951757188150575,-16815.77634732418,-697789716.0898632,0.0,0.0,0.0
1193,374.9575019152249,21.070895077225277,59.10163271158718,2.903137293558972,9.649913436175433,0.09731913937403332,41.817019083893484,3.7594713961850887,0.2909611350412927,4.186425416817157,2.677948337810172,2.535081609130739,2.6412336055881585,2.340146980883983,30.674528875281233,10.105922682712391,0.0861476085808612,0.6944558474743835,7,0.020644779650990833,0.09736764270925762,3,0.08015308688718023,0.6598156050416212,85.0,6,343.4257826189848,0.5101513355444371,-26378.576928558894,-437456835.6752348,0.0,0.0,0.0
1194,494.3309210474898,17.168834974267998,144.32459060377295,3.859471168889078,11.773448863320082,0.13270787660555294,79.18548144437068,11.673620423118342,0.196341942736978,4.684543234200108,2.6073758947223227,2.1814302835558648,2.458877995164369,2.4093089063503563,14.7996006263866,135.84801854046356,0.0884093014172546,0.9342318721943073,6,0.013605442176870748,0.13274179236912156,2,0.08708629814705748,0.8722977814640691,357.0,17,1073.9984090251328,0.37614107642439043,-50752.92129237913,-703007880.2967701,0.0,0.0,0.0
1195,653.1928984089604,18.12419506757689,101.8996517964591,7.557983463650225,3.56349628071631,0.09861908052491232,113.83703240785748,13.132116161464861,0.34545033218169774,4.304356479975635,2.6867309480352026,2.3848282386523776,2.3268104320977976,2.4340719939568216,47.490148433356595,26.7874938618299,0.04528669275459297,0.745949627281965,12,0.02945874001774623,0.09866903283052351,3,0.04553620621853564,0.7060229663592391,398.0,27,1984.3004509437096,0.36884077452099895,-21003.34930024261,-439585101.5151419,0.0,0.0,0.0
1196,350.27069537504843,10.592288935167542,42.45249880346257,7.8521843275676675,4.167301614126691,0.16603038375824514,132.4518095629732,12.566400851478873,0.19280865010451242,1.131231078445715,2.6283759173763035,2.5682418627293377,2.4312692350508516,2.4078697981696395,71.44023632044023,3.238726612894411,0.04068618383608129,0.58851382293949,20,0.024726412304052054,0.1660455486542443,3,0.04067151245074985,0.577594425075795,846.0,31,1434.819399691308,0.370517134141894,-17732.340343717162,-320298410.19131756,0.0,0.0,0.0
1197,525.6898686232249,10.335670932822376,33.26491612849588,6.9667619718037175,16.390517998286143,0.11309967153654586,30.974697276882708,4.241406240228194,0.2104362471479504,2.0916639837856352,2.6922390826300453,2.238562007655925,2.6073862589688415,2.416040027029464,21.72437877759624,33.5516077177377,0.05568531350091914,0.9006724822141052,7,0.019284235433303758,0.11310263235729075,3,0.053626332469531926,0.8232463194090704,154.0,7,853.6953704861808,0.4673679938647277,-27018.26248137714,-773531326.597647,0.0,0.0,0.0
1198,450.6307795683408,28.399894848448508,16.115958760161153,6.60856445648444,14.09946046007272,0.29302397521334267,90.77344579276465,1.388831706946299,0.22987842863954153,1.3636999820676001,2.6424692170220148,2.1722303196100667,2.245257264822902,2.406087863792908,28.074725679331085,13.661207800646698,0.040524149371300944,0.5680229209322705,15,0.03602484472049689,0.2930493936705117,2,0.04228859140298066,0.5502012140617613,131.0,7,488.6884527953267,0.39776200318378363,-13174.227305162989,-417630985.7690015,0.0,0.0,0.0
1199,661.1366583791514,19.15425044183393,82.9878046731678,9.99372396683967,10.401220259350104,0.12008120451579281,68.67569718043357,11.580744728751604,0.24076507324801882,1.4074850387728461,2.6258804225123034,2.469623728049502,2.4863380394030985,2.3952103524074966,10.167582371882721,112.50248339231935,0.04008048031953916,0.7860853393635682,16,0.02531795326826383,0.12008281573498965,5,0.03886605209326374,0.7768715049615733,598.0,44,3042.8239619817978,0.40692981402253503,-24838.65393390497,-534484014.9174732,0.0,0.0,0.0
1200,521.9722237367248,11.553376005779374,102.54095794786983,3.4714815273133857,6.514609741360216,0.1401900624723032,49.398814435618824,9.697936934355482,0.2921168081289207,4.873713245006652,2.618126122306425,2.3140305107417367,2.644168472154492,2.4417672216611224,17.162654677020097,177.61710210851922,0.041213772298730626,0.9286615103904263,9,0.020763087843833187,0.1401952085181899,1,0.039948972882331645,0.8732203076831015,357.0,28,1333.6580589271264,0.31347250200951615,-10186.247787821849,-690405716.4644226,0.0,0.0,0.0
1201,475.70709759318265,13.754733457962153,37.63762735192629,5.291723377345524,9.919780279425575,0.1967821910456582,74.50515522071949,14.952236555499853,0.175330328032726,1.7245173525251394,2.676272162868332,2.4807663349833877,2.263150443101541,2.4903231751118176,27.713620053219778,48.61598363064945,0.05825995384991685,0.8978097845014525,9,0.03507837917775806,0.19680567879325644,3,0.059640725868953894,0.805428991746984,878.0,32,1255.13879354617,0.3053716586709614,-16118.867833699227,-759741830.2901229,0.0,0.0,0.0
1202,336.1464498819396,17.405752552683417,9.242414596249427,3.6981749316002777,15.752435374165941,0.13413849249859539,32.52888297492167,3.902785609760878,0.32467454554111763,4.303236170979824,2.611015933650204,2.1666090179378514,2.3592946685676126,2.4041187989464468,11.442812045696034,1.3088826193157943,0.059745049324153775,0.9756301115732622,7,0.01922508133688258,0.1341614906832298,3,0.05902001903302908,0.9178163127294711,65.0,2,39.488138330500774,0.37921322335768526,-19112.004614869955,-872807762.3321697,0.0,0.0,0.0
1203,341.1810189515999,26.33410950514886,76.62194293415172,9.746851001047279,10.09989864434853,0.1321191175166042,148.27335790977213,3.3103880551000984,0.1297558373294292,1.8450027734426926,2.6090615000547883,2.447842791577426,2.4971226375153104,2.436017239107826,33.63602102058296,8.37060997064374,0.09592818478767533,0.6145035595575328,14,0.055131617864537116,0.1321502514049098,6,0.0906375479079184,0.6234379377717516,139.0,4,199.0147922641434,0.38718717019496074,-48044.80253215207,-422344066.9500471,0.0,0.0,0.0
1204,559.7191542876401,12.879414315135172,126.85321915331738,5.461775255000776,16.64156512619347,0.1167297279462574,34.96725453853862,14.445160173820307,0.21741314288864425,4.22638972672586,2.6906500587096827,2.383108718765072,2.691606283114684,2.417561687991678,47.23838108818175,5.428864420016391,0.09732409436090149,0.5610678708325949,11,0.0246081041112097,0.11677018633540373,6,0.0908280870281824,0.5518604525815287,698.0,38,1474.7891494053226,0.3954875085333298,-53150.75442502185,-331777056.2997035,0.0,0.0,0.0
1205,601.0881948170008,12.366598679318058,114.9135232837869,3.1084627966211773,14.87594050735522,0.12615437740551932,31.996912903026587,11.422502968202256,0.1431659902030814,4.157679172987179,2.609270536914674,2.2336627015172654,2.6062712310106195,2.4717888697722,10.957349827349503,2.366140979019253,0.04247702423184892,0.9658461980606887,4,0.019698314108251996,0.12617568766637088,2,0.04214253010703932,0.9084959933993766,452.0,14,133.10518826734517,0.3168282171980623,-17008.706865523847,-658661899.7307847,0.0,0.0,0.0
1206,381.45188067595524,41.49689370267512,94.88450816704048,9.915345346807015,1.5597177131571445,0.243620221704324,56.34252444702339,6.323838520100471,0.1600898871873338,4.664216963043104,2.6047809294911386,2.4370952088703284,2.4642398937592036,2.4023934837967507,42.34802671481401,520.4188990457267,0.06207130870856189,0.9307382253627167,18,0.04365572315882875,0.24365572315882875,8,0.05919261019101272,0.8341771459382061,1181.0,52,2981.8242226813713,0.3831810957396842,-37444.33495071877,-761367863.2233591,0.0,0.0,0.0
1207,382.20416453749175,20.54082820911737,118.31674203094494,2.51626509375334,1.483796170383905,0.21125329195229775,53.016922313683004,5.085672706415222,0.30976612150775673,4.38676416441009,2.6671084917791714,2.491236906210321,2.4171998323129418,2.450325601066382,46.31023954807078,4.322887062348604,0.06218058473930382,0.903696093502576,3,0.01401952085181899,0.21129843241644483,1,0.061467682195208574,0.8235831410671095,127.0,8,555.2898912206728,0.3503398545761116,-36834.73155754124,-1046248969.1586585,0.0,0.0,0.0
1208,488.15529553979894,33.25860465645604,144.58058075429742,9.664644377362261,17.618752011236097,0.16779448341194997,42.65735192271466,4.889480051135201,0.09642258701296615,2.482418470397898,2.6649009400750927,2.5087226713252058,2.670597821959335,2.412982014162964,65.24257167833916,415.20770675824815,0.08301131460797989,0.7997449697249455,17,0.02803904170363798,0.16782017154687962,7,0.07794417166530555,0.7325236809252904,377.0,9,541.6583456557889,0.3863233475016541,-39856.73016908152,-602713586.5224104,0.0,0.0,0.0
1209,429.2147703595007,14.428924578961732,142.6413879967125,3.843291102762305,3.641348847742976,0.1663002031408693,36.34997590683708,12.303968860324439,0.2574546613682741,3.338291698822971,2.6002636322550194,2.4997209494262584,2.531217620896125,2.401378957324849,23.97590476967133,47.400071241158386,0.0905751071298642,0.5697129187301619,4,0.0065661047027506655,0.1663413191363502,5,0.08558446214095584,0.5801073370134128,317.0,30,1871.1255989132515,0.39539982459909684,-44676.31019736089,-312317800.096713,0.0,0.0,0.0
1210,433.7392330335854,17.01359133893788,83.94304260719356,9.358445674168102,3.267678070315019,0.18353591970990862,41.34334511752871,14.917895942685695,0.18997889037145452,3.4933149388942546,2.6970662813511765,2.113273471109573,2.273786802228032,2.3324831648129245,44.986635606863146,14.932618211249295,0.09294611862339239,0.839374321176039,15,0.06430050280981958,0.18355516119491275,3,0.08723489179160618,0.7767821012181537,2047.0,76,3127.8306756346965,0.510966963229742,-27404.34951641154,-611582397.071052,0.0,0.0,0.0
1211,482.09864701450465,41.809734235777,18.164080688317934,3.5431350401704327,17.200947270821995,0.1885355591242483,80.87675506363954,3.2928732361141106,0.2618211384548339,1.1165117644050229,2.627761047336616,2.104585056331104,2.5524090769138725,2.337855433232531,14.49487244970149,25.325657278477856,0.089486771294777,0.740961930691828,8,0.015971606033717833,0.1885832593907128,3,0.08755757499028141,0.739726348836357,43.0,1,22.143348467710144,0.4544185812054313,-37525.057156774434,-506893307.51251525,0.0,0.0,0.0
1212,419.9055942117527,33.72175164500911,36.38159652557698,4.3410269868044935,15.401637440148049,0.11291424637158874,78.72532161635105,5.561314539100814,0.0933604697490019,2.8392656079674916,2.6216546321996996,2.4448223961344584,2.6569525497107334,2.3709563652156573,11.26068324549026,17.368832797821625,0.04829528972017096,0.7120506039681622,3,0.013842058562555456,0.11292517006802721,3,0.04805108311318542,0.689227344597288,76.0,3,174.33070043949806,0.34492173161801487,-22903.904249155297,-469559129.310788,0.0,0.0,0.0
1213,518.6343759624792,11.948219582625121,101.47982977813251,7.801828763574781,11.682890048560838,0.0964556346739567,47.11022755826188,12.375534924031497,0.21614457465568176,4.654324707552067,2.6629878359183654,2.1213919671998136,2.217102161536305,2.445682653355218,17.168923022880467,157.51805539406087,0.06434209931697979,0.6438330733435309,12,0.04868382135462881,0.09648033126293996,4,0.064554802186523,0.6453393066110203,893.0,44,2102.5840167753313,0.3533449509934785,-34378.15173765282,-322507126.0320852,0.0,0.0,0.0
1214,656.6088391469523,37.33539623982487,60.30544867857729,3.317620544736905,11.991412776186682,0.10195837984563426,81.53420083038021,2.3877346234782277,0.249989492661951,3.1029836235468022,2.6046708708439943,2.5211747895576098,2.5952987533174183,2.4278653101696337,43.48778658267318,1.6130693267223262,0.03328645620102874,0.6322392531345347,3,0.01685891748003549,0.10198166223010943,6,0.033940549253175585,0.6574409261427574,109.0,5,89.53266087038975,0.3676228133506845,-14326.158519980361,-445657909.3609973,0.0,0.0,0.0
1215,332.95962130291497,18.72723142657219,22.10136207896455,2.118641254971763,3.5920935718690856,0.07983328232894944,86.71185616740209,11.146232243182386,0.16186329525200646,1.7814429671546987,2.628219610376669,2.3645596972430685,2.5669733076442767,2.4659411698800664,34.02542379121532,337.3180253027436,0.03990267856987613,0.6732200055196138,3,0.015143448683821354,0.07985803016858918,0,0.04054145750026106,0.6401711242682615,0.0,0,0.0,0.28816745963963664,-13776.15460841191,-481441956.11153495,0.0,0.0,0.0
1216,349.6439808999654,38.996785104325355,117.82599295115291,6.700425564567323,16.964873179901765,0.22307798181810362,37.91628069083853,14.394672783133448,0.23684439346964656,3.6099375072216597,2.6117500023807705,2.5108392939753252,2.640027249339503,2.491961885413842,30.044169783933597,7.7837045961090165,0.06446950771683252,0.9294975980662601,11,0.03821354628808045,0.22307009760425908,6,0.061971606754948005,0.8559377490255513,1812.0,96,3366.306155363266,0.21142966227798698,-25303.446716255832,-849903220.6476443,0.0,0.0,0.0
1217,497.2556030905008,25.819390075576756,29.866811229582922,8.79639213760107,10.49058972605694,0.18039994069045479,86.23522693659194,10.116539049611845,0.3309206065886494,3.263010408275587,2.6709194649663934,2.2060804717853753,2.5912766796051754,2.474003180641455,34.3960880232917,35.785429786515145,0.09076836025622487,0.8200749668960482,19,0.04862466725820763,0.18041999408459036,5,0.08439624169617446,0.7467766949812462,1058.0,85,4361.624513788772,0.35419536241370064,-28206.318862881402,-524417139.46775925,0.0,0.0,0.0
1218,499.94382801309285,16.582671557157408,87.44300937333942,6.55527158428385,8.160588207385072,0.2347089720525099,79.8954284367223,4.458411711623562,0.29153112372473405,1.404122563386177,2.668904817963757,2.3235612077800702,2.6374550511393355,2.4503868361983305,88.03674134370426,5.388923353059006,0.0899831131658833,0.8609439611589731,12,0.044128955930198166,0.234723454599231,7,0.08699167274612715,0.7835562431664627,171.0,12,442.68744832148485,0.36069769535823326,-54085.63211961428,-557807385.9493394,0.0,0.0,0.0
1219,540.3150368711089,20.397020122732638,77.31147469957095,4.419487040439689,7.1869137205513205,0.05712551039041382,60.69624410572871,1.782979843920283,0.15866782203939928,1.0546277464412972,2.6544160051588523,2.465326438979761,2.415695006780908,2.4228366483509642,18.7736794007581,97.47606085413203,0.05163564749864927,0.7308474721082034,3,0.010056196391600119,0.05714285714285714,3,0.05195667717057806,0.700411549282804,0.0,0,0.0,0.3359876364643344,-26466.602842945624,-538990820.3984679,0.0,0.0,0.0
1220,539.4096040587931,41.52740922722164,20.30853425329557,2.4072159270337785,6.7391757333861495,0.2769897241581311,76.9697631508638,13.146734021318556,0.2641666227559938,3.1743903314713706,2.640862468390958,2.3069046892191496,2.212982086406082,2.438297589465218,29.01319239905184,2.2494860270277743,0.0814224105879006,0.7487918889018559,5,0.009760425909494233,0.27701863354037265,1,0.07937488963558106,0.740370133198761,857.0,60,3580.9104700527027,0.3717097531006788,-32924.76939473289,-474482531.3819531,0.0,0.0,0.0
1221,602.7235974851601,17.16762860989131,25.756030802377865,9.950534228826363,5.220511722252943,0.1139007524936496,57.55876911225136,12.637598072182193,0.21432162925168335,1.082949726402962,2.6217185254101194,2.1282562400603937,2.356836429736484,2.4679938336222067,16.519580783173136,522.6420313283228,0.09063698705519675,0.6162596134394073,21,0.049038745933155874,0.11393078970718722,4,0.08817468943047865,0.6184505220051337,613.0,31,1019.0923170780158,0.3248325402048917,-49730.32687393704,-327849764.95648885,0.0,0.0,0.0
1222,334.7929832695882,22.99280471818482,23.343590388481033,9.92118800322023,3.63142907669327,0.06738008911314179,121.15730453040595,8.906522440604485,0.25495335415709264,3.364616178039734,2.640932461365034,2.543463410389708,2.235700146150711,2.3214721475384232,12.640583772305037,55.45581769491962,0.058442957086521405,0.5597124382152132,18,0.04111209701271813,0.0673765158237208,4,0.05614397262260468,0.5594324742770171,442.0,22,1649.5976159262234,0.5062331083360858,-28745.80094072564,-316775700.76407844,0.0,0.0,0.0
1223,367.2771633096653,43.55498796961184,66.93418114613627,9.173608521584466,16.74650032122399,0.06261103474746309,92.15044873489398,1.1768904368672022,0.12308306255873049,1.6852446194247626,2.636677881233416,2.261563314607037,2.205306429089291,2.4940038994624985,30.76938511015962,146.65954100132393,0.0788651549505697,0.9923808499327146,15,0.048920437740313516,0.06264418811002662,7,0.07711753420060095,0.8716732916611202,25.0,1,80.3476665274065,0.29851833455525423,-49522.58675756879,-874709257.5869482,0.0,0.0,0.0
1224,437.22590589177236,44.92974672260275,134.39177619049437,6.191470564582009,3.904233883753978,0.15887515246940437,42.78293864305892,8.6304931145324,0.30129172391299275,4.9847182826103005,2.690921382090336,2.3360876406139255,2.6007583646083257,2.380945947402136,36.94528620269569,1.5707733425443968,0.0318133013758657,0.8248990280453359,9,0.02443064182194617,0.15888790298728186,1,0.03194387666862761,0.822762860446356,453.0,35,1064.4872113393624,0.3719228545193407,-20670.598998610436,-666890327.9550607,0.0,0.0,0.0
1225,520.5562635278204,33.21170198238856,35.513381880275375,8.658628253745427,10.33620256200074,0.26655339949970763,34.11790951022495,13.917931776530919,0.22466024889590183,3.8371078785332497,2.6445609119940676,2.412692565619169,2.633624063909928,2.4436328776407454,53.91659228969752,859.6369696413801,0.06058538891041225,0.520552699928658,16,0.05950902099970423,0.2665483584738243,5,0.05721537218443061,0.5203079357134489,2708.0,157,7433.7762462250375,0.41388268126609695,-31671.823471344036,-233511718.56107232,0.0,0.0,0.0
1226,462.64482024911337,27.985972861551403,16.276406748028823,2.0551599391295214,1.4545927109187777,0.178166361155093,54.0658018357218,6.469483317184183,0.15535849214060915,2.8552254583112715,2.66429904713245,2.4758578298436653,2.4411582998667574,2.3693618323077272,15.692776714032568,130.222590023093,0.09815969719811934,0.7316980924829157,2,0.009228039041703637,0.17817213842058563,2,0.09702710198507362,0.7287383789681215,161.0,5,262.407230186363,0.4234111523602073,-33914.65700464383,-403973264.30795306,0.0,0.0,0.0
1227,476.7874223418313,23.64041064866451,44.81358182921794,5.965448576500585,3.6157992198328386,0.13215717788890718,34.569937544598965,4.174593366544268,0.1754625940709647,1.877386334437705,2.64037016490853,2.381672613233823,2.3919146804579157,2.5587307921319025,48.91083654468674,15.81075538647374,0.09598347808168582,0.6726742145280329,10,0.03845016267376516,0.1321502514049098,5,0.0939943011274102,0.6292806938443021,294.0,16,1126.8017509702597,0.2505153791832093,-48502.940707659414,-368581200.48242986,0.0,0.0,0.0
1228,479.5972015997262,11.109058670634836,68.84600172796281,3.968603972994477,14.034065374542394,0.23708370860835604,35.141028977052876,12.695473378022434,0.1295506948381941,4.588100813320004,2.626490751872523,2.418580262078615,2.5945575112686616,2.438728745471148,24.127249491189062,762.5512042140531,0.03179031479208874,0.9615647496544565,7,0.030523513753327416,0.2370896184560781,3,0.03256706642624063,0.914289435104952,949.0,27,1444.4833563554466,0.32793300026015837,-17573.42055312834,-880653657.2715013,0.0,0.0,0.0
1229,420.607437668707,37.71715980027463,99.05472285975715,5.148197624497464,4.412577226938634,0.11345050363963184,100.03555258498095,7.3970702258349865,0.17046235000428558,3.116331252713902,2.6803826146635075,2.299292585555315,2.232006863484491,2.4143383500706848,19.416277573239203,163.76105476079633,0.09146416059494517,0.7756716284097047,8,0.018515232179828454,0.1134575569358178,3,0.09122837888578587,0.7231602253549081,576.0,27,1806.5958844250451,0.404883500806938,-75773.34947052553,-532306475.8669367,0.0,0.0,0.0
1230,353.61115029506993,25.472426556504253,94.81086153942917,2.1416967683465415,6.4120211643178715,0.10605130017933871,35.8864167560928,6.281483768000033,0.22835575289957888,4.275224997361299,2.6802459868214217,2.2415205217963465,2.304414615052544,2.404658205332224,80.59718175160906,189.06862655192586,0.05222068663820358,0.6352957440798691,1,0.002780242531795327,0.10606329488317066,1,0.052914963112351075,0.6193182177147322,14.0,0,0.0,0.2943264356747255,-41213.44125830217,-339849751.24871635,0.0,0.0,0.0
1231,669.4052813730273,11.665381851799498,88.59480699092386,7.559751792657829,1.2267098492323694,0.2132506880052049,69.34166096668852,8.983353454307453,0.17491075797547403,1.6315526674955563,2.646549427998104,2.4473589713995003,2.5592302557106077,2.3989488443455986,31.405053127143805,21.983913891982375,0.07370050959421201,0.8428266438581888,11,0.041526175687666374,0.21325051759834368,4,0.07188924283276775,0.7948025135906306,747.0,36,1478.211124693203,0.3709718687395336,-35436.28111828003,-399973700.69885796,0.0,0.0,0.0
1232,660.4592528453222,14.59308540608554,69.56814029011039,9.366869768835102,8.542413945706544,0.17867133701368176,33.84807443645629,11.59545445149118,0.3196651153566542,3.212055777879313,2.6827311068972883,2.3758030458407813,2.669025617334101,2.486279181220997,83.5729159789412,10.373719284538655,0.05693270629525293,0.6541928544481586,17,0.03720792664892044,0.17870452528837621,6,0.05888531338478049,0.6230327389192089,981.0,86,5582.086734954543,0.3458433283578848,-48171.81568009533,-488298351.90762925,0.0,0.0,0.0
1233,522.7463519314446,25.92742099446478,19.41559273400484,5.4887524110634,17.150030010197256,0.14809946891434161,67.13880514808042,3.020023319209101,0.33970510345317617,2.759606236716362,2.644186655238473,2.185063401311854,2.6115483476424783,2.5340992135761855,23.13272112402404,71.3826410085788,0.08861112838141029,0.8911626259142025,14,0.03318544809228039,0.14812185743862763,3,0.08981684418675533,0.8225240846671655,138.0,8,651.6585134053587,0.2384233144962269,-63494.56630834275,-641655032.911813,0.0,0.0,0.0
1234,661.8449183443497,18.4393417950608,138.48693506459333,4.0935393909083535,6.424649993041358,0.0795228082416607,44.269910274885575,4.778008931733396,0.34066060374637785,2.054599217100375,2.644100612205351,2.404935404711254,2.6318106482849806,2.5061879478344284,47.30219709607714,95.41640373507947,0.05050866875533151,0.8869840472908881,6,0.021354628808044958,0.07956225968648328,1,0.048467167447278574,0.7608077651233923,82.0,4,449.84736859721363,0.353570079274665,-21042.42359763335,-538585593.7347218,0.0,0.0,0.0
1235,382.11800160386326,13.434551975875516,64.2007020466976,8.704834195969813,15.059166208530048,0.12330355829056423,46.35257250433624,8.900532971876025,0.09803077021676193,3.598375329900163,2.6413152512735625,2.2465673003907867,2.370472217022202,2.4207633213987996,18.183556466002038,1.3580555637308411,0.06773444760998731,0.7164603377461739,19,0.07258207630878438,0.1233362910381544,4,0.06553171835072885,0.6834521835696526,433.0,8,162.9807746070347,0.37007122828344485,-33613.46433249633,-604393200.6400172,0.0,0.0,0.0
1236,538.03699141419,47.70589909174979,41.11136420434293,3.261607806801762,11.734027710741458,0.2034828508353832,36.34023900128508,11.556666798222965,0.2738024831006577,1.568530041819597,2.6917697550524693,2.2249203760820198,2.5174724662178414,2.4241361635474687,17.191140531718553,67.22961958211229,0.07583123467716366,0.6090342948774068,5,0.009464655427388346,0.20349009168884946,0,0.06978525773869752,0.6034939541709675,660.0,43,1936.009822329243,0.43520450975958225,-32577.85266428841,-311336019.06588507,0.0,0.0,0.0
1237,495.1424181594311,28.979582208195637,35.19856820629234,2.3438428995297516,7.799808379219874,0.18822066702634077,48.129901086601365,7.67283791550505,0.2972024385306688,1.2265199033405754,2.6525077149547527,2.151661686574537,2.2384375042856623,2.428885627837609,37.399693400190216,90.526188821953,0.08250534470756944,0.56844604509039,4,0.0065661047027506655,0.18822833481218573,0,0.08481929494714047,0.6022945819261238,43.0,1,27.35429163701833,0.3609430999624288,-47119.49897319217,-263638906.12083322,0.0,0.0,0.0
1238,646.7616197137381,10.359680197459692,116.38495750455739,6.551484912075213,4.744244547385916,0.15283254829729553,62.03952892013381,9.322919197585005,0.1092500464708904,2.0720850887514137,2.6836940095303943,2.151546695001583,2.4312446041345463,2.4547207658648666,36.33523002234056,17.95913487127703,0.035847746884638106,0.9224496506049131,11,0.03010943507837918,0.1528541851523218,4,0.035899876120541706,0.8324854744809762,613.0,22,1371.6248540620181,0.36493781139934756,-16111.32122000587,-521483993.1132228,0.0,0.0,0.0
1239,519.4137136352767,27.024209717715987,102.59165038446054,2.8158081246870683,16.05851497916312,0.057511044647072976,63.2084134400362,4.118096059025217,0.13174402946132496,1.3139022645930396,2.6152116206691574,2.59188119001963,2.6846882547262765,2.487738676800217,10.681249399774847,333.095550510159,0.08904673502850288,0.8499886377360217,3,0.002484472049689441,0.05755693581780538,1,0.0804763307089599,0.8385931375359965,0.0,0,0.0,0.24869455202942659,-61695.501496239616,-565928137.8643467,0.0,0.0,0.0
1240,340.1585123909048,46.72410893588287,84.79983816391004,3.6273921961873405,8.804369601934223,0.190903887832943,40.375031070937005,2.028143631967496,0.19581536883269762,2.7325498464766493,2.6385090900851553,2.5756533848374397,2.698874732274336,2.4490657619012226,49.39207276795149,66.01844653475476,0.06125557359665022,0.9574912426944012,5,0.018041999408459037,0.1909494232475599,3,0.06106238188291958,0.8941820260341687,70.0,3,33.36400696130257,0.35652065397109967,-33780.426209715006,-841673998.1262987,0.0,0.0,0.0
1241,576.8443978591754,31.87578182675463,4.633381854892132,4.83716649256251,11.30827609506617,0.14821646439615316,97.03286168258673,2.2286908289495266,0.11243943199613285,3.786661644532758,2.6985378392456107,2.201638024289993,2.686006440871754,2.433223072776818,10.274910605016673,13.077820007638207,0.07085821183088253,0.8769985830406963,7,0.0430050280981958,0.14824016563146997,2,0.07323358776134127,0.8343934845276408,25.0,1,8.537037519742602,0.3845408006578821,-36092.1412810206,-664118314.9505657,0.0,0.0,0.0
1242,391.86484551440986,13.98379150694665,15.728469133587296,8.666784771621419,3.6915390480569847,0.2591335448270974,81.71873738779792,8.274364303591238,0.20743427993216612,1.6913878416384773,2.6310959332837482,2.538811093406787,2.6737973084096653,2.4927135487974708,45.01232149195201,309.142435795599,0.08790271862417821,0.7007034479917776,20,0.036616385684708666,0.25915409642117715,2,0.08684006742488348,0.6373875044543611,1721.0,86,4080.8157316717775,0.3251434975308971,-42135.64468163026,-336056370.28629094,0.0,0.0,0.0
1243,367.7423271356358,25.568198627286634,21.418084606861225,3.931948482189852,8.693124120795874,0.22205750919491368,47.97273244367957,8.930316178036472,0.33238615350448397,3.6487039370831345,2.6684382987494017,2.213087791733064,2.672819865331108,2.4679260789937096,38.02875056860844,541.7514913827409,0.033754662710056366,0.5360450461047974,2,0.010943507837917775,0.2220644779650991,1,0.03481601686330361,0.5437932770589334,260.0,21,1170.6719168500795,0.395445492481759,-16459.555877698524,-356033612.4387893,0.0,0.0,0.0
1244,619.8910214665145,21.600945192996367,136.50181848359705,3.98729359556482,15.086958083356684,0.1265992094156685,148.11207508137542,14.340381494414704,0.24981290275486526,4.8498941371488975,2.6060007002644814,2.4852615398477407,2.668040088837722,2.3975296890992217,38.05797003776089,11.089096480617204,0.032949443101911245,0.6768048466319543,9,0.013309671694764862,0.12664892043774031,5,0.03208985623749849,0.6051372618426544,290.0,16,595.6084681662679,0.39321053954696605,-16816.891765361044,-441866652.4644569,0.0,0.0,0.0
1245,606.1896683059178,48.662478500496455,110.095898268788,9.583497859747656,6.159791991266352,0.1799006394021923,40.25157757298771,11.816039062977628,0.11610461781283396,1.6021124018597201,2.6696272657433546,2.3297360486536993,2.201048401887888,2.5191773954343177,66.147256234795,25.877041424447263,0.05405304728991556,0.659329683107081,14,0.018041999408459037,0.17994676131322093,6,0.05482308433232667,0.636593382256678,776.0,19,1316.8405420198153,0.30198662329186154,-45664.34206392433,-329931177.65932894,0.0,0.0,0.0
1246,537.6319002167113,24.502940824788976,111.53463586055103,2.8396950876618163,9.789555993650453,0.11748209423261986,59.699562708421915,6.984835981561709,0.13978254522970582,3.6770305762844657,2.672606283996194,2.164971186606357,2.43804717468801,2.411159390846336,81.78969143373193,70.32554225437958,0.07065309987557802,0.7656111401912081,3,0.004968944099378882,0.11748003549245785,3,0.06956692593079512,0.7544411296343537,152.0,9,366.9857118916906,0.4706433638688736,-34003.37372162782,-522589415.7597924,0.0,0.0,0.0
1247,409.87868133688096,14.708578191290155,95.28975873263161,6.585495627127514,16.99101682869088,0.2348379562684798,30.917709523460097,11.77266142748871,0.21550167473907678,3.0536178530721583,2.6232398895788567,2.3369913633698527,2.5404771562410113,2.4759772232019492,15.663452172747894,17.5527839439425,0.09363677131523598,0.9327485187727951,7,0.026027802425317954,0.23484176279207336,6,0.09244297537038301,0.8827284866369348,884.0,39,2023.1414580370538,0.28179469878355556,-45958.55222416253,-943771416.3330096,0.0,0.0,0.0
1248,373.121310899672,26.708917165277324,134.80403453521023,9.024217193935069,11.225829793779365,0.28430491302937383,34.32931483741892,12.638073338929908,0.14046093017839664,4.8045173395436915,2.637337523745857,2.426211353843302,2.5192556036819,2.4524060130985963,30.373202200213257,1.5029676140872574,0.06833474144740927,0.8318521954296314,13,0.03448683821354629,0.2842945874001775,3,0.06708153350249754,0.8194940573178843,2164.0,72,3972.503773221765,0.3562516878171862,-26384.665086889476,-800981172.9743762,0.0,0.0,0.0
1249,320.8802881028251,16.366972770511193,83.06447173137217,9.85664671546791,1.9908039899041348,0.27004224752978473,74.44919171030554,8.533015937529427,0.13993235751525382,1.9819355870669684,2.6405667007723936,2.272248698485596,2.5955393194549377,2.4005496196580625,97.65444962959482,1.447410681553522,0.06537994077487207,0.8675831845273362,13,0.030227743271221533,0.27003845016267375,8,0.060349048434064946,0.8207904703157868,1234.0,42,1872.7669685462738,0.4040124845518811,-32277.503469811294,-594590420.0155439,0.0,0.0,0.0
1250,556.333300372243,47.491412543704826,3.682991232408778,7.3924207588602195,11.062783469100642,0.13917141992626453,99.70837387300865,4.896336923615635,0.18974823485451592,2.765067255269816,2.685703856118155,2.1103825683764135,2.5041318005261974,2.4328773207752574,44.38471445447164,721.5426516284145,0.06762142507623992,0.6802376169552378,8,0.03365868086364981,0.13918958887902988,2,0.06328788505242938,0.6700811790796707,55.0,1,35.80878436309397,0.3484209051991436,-39254.85673051539,-427880491.1412226,0.0,0.0,0.0
1251,423.7966555452545,29.012096011081216,75.1161578895967,5.345354867415006,11.94419229209721,0.1276355144217251,52.959566887526584,1.6574153221337051,0.20309639780146038,2.376984113491871,2.628830024563177,2.2716941651689666,2.4063916263893073,2.35052414341964,66.11239446647193,3.150001415852111,0.08438036573325175,0.9483416667132009,14,0.020999704229517895,0.12765454007690033,4,0.08920412422943096,0.8690624220954432,94.0,12,196.86292804069615,0.4678726911682096,-75821.93954759969,-719435904.9547312,0.0,0.0,0.0
1252,333.9964685854643,17.551923390625582,38.247968733508245,3.7531223467924937,12.897729483461168,0.19169635381570088,33.13828223201939,5.674131243316757,0.14346717223216143,2.3241610645398936,2.6355307072008536,2.161315419213203,2.4863391930880714,2.489230004268664,16.980022509966542,288.2108497682,0.05920184406728043,0.6370317734469924,10,0.021354628808044958,0.19171842650103518,6,0.057882597863639015,0.6281978786152775,304.0,9,390.701173155249,0.33812210538739595,-32206.54000140065,-460148571.4406427,0.0,0.0,0.0
1253,573.53558540614,40.11185100671183,86.26995300666118,4.2267671672398,16.085415908430846,0.07298555088087826,50.96005789962943,12.482441456065402,0.12831130880998565,1.2562153300363414,2.626784359561901,2.3908348900800256,2.21637046120908,2.440394538583679,57.2324651317306,16.86044559896593,0.037783597916899475,0.7132536080644772,12,0.02981366459627329,0.07299615498373262,4,0.038324615390981503,0.7059159856421362,824.0,26,1718.95395653941,0.3719050750250519,-18605.609222270803,-481826381.87774193,0.0,0.0,0.0
1254,416.4412919099965,20.430599395401057,137.7784072624998,4.722941301638746,5.819545894881243,0.25981260430251235,32.99368451966928,0.1681080041521832,0.12421103201326739,1.2095471376451692,2.632781273974737,2.268599981617392,2.57217034933728,2.452482614906314,52.34866771127221,2.4166586639246987,0.09367259526796635,0.6935529367691153,8,0.02857142857142857,0.2598047914818101,1,0.08950897011545414,0.6488307983819914,0.0,0,0.0,0.3781461478752739,-64798.46434603383,-595102547.0507581,0.0,0.0,0.0
1255,335.5420127885526,21.487971286849504,23.59775058879959,2.589710858817986,12.658288777301125,0.2376390552876972,76.59645725209245,4.318846780655604,0.2867136109221914,1.1828194280433615,2.619035442435191,2.2555062575374416,2.6283084410300823,2.457722923839743,30.467064141722915,56.15903088075307,0.04380412256312292,0.9494547167017382,2,0.00981958000591541,0.23768115942028986,1,0.04354883279609855,0.8763681925466026,59.0,1,4.77253669494718,0.38970968984432197,-29372.77784538224,-830148217.3970245,0.0,0.0,0.0
1256,431.300021460243,12.174115738821884,38.061564896198014,2.9206239403280563,11.72505768208496,0.06256120281261417,31.535758105995907,7.486870412343328,0.33470945958073894,4.555191229565416,2.601859509376916,2.185376593329232,2.535212960768879,2.4605644861931224,26.870170437589188,2.9207840965182945,0.03979407461176433,0.9982920289351009,4,0.00396332446021887,0.06258503401360545,1,0.03868856925544463,0.8584542158728248,20.0,2,144.41628295828173,0.27223709402078855,-12568.181884904105,-654128840.7026393,0.0,0.0,0.0
1257,330.73316046663456,13.663429076991562,43.90903516899244,7.206151118584007,16.563250401694873,0.27665019908365135,141.04327038468875,1.5809551625051905,0.31832723273309665,4.468580819804538,2.6014288838955353,2.266764428360971,2.2320373662571993,2.480608473110935,40.902291572778786,12.524298403809706,0.03726057258126879,0.8191968823815325,14,0.035433303756285124,0.2766637089618456,6,0.039388016251276595,0.7758032712023477,216.0,12,943.2442469378975,0.31501317066399315,-16844.032917735676,-704824190.2634082,0.0,0.0,0.0
1258,571.461838663633,14.773280042812885,84.93206673659868,6.942077429028533,13.289080670626586,0.05124015432573838,43.527832586182974,2.458840639666458,0.3307508341237271,4.894518842213118,2.634914218244748,2.3309959812065695,2.4715660479482993,2.379830618393161,59.87367488017938,270.20366708365634,0.05501401404002684,0.8781358536223108,6,0.01816030760130139,0.05128660159716061,3,0.05694172269166245,0.8218558023295821,1.0,0,0.0,0.4091794131725046,-40811.18227228455,-661939623.5394152,0.0,0.0,0.0
1259,321.690320201132,35.707325576667756,55.77807888890182,5.885854227737098,1.0238494489272973,0.07561147199276201,48.42430295233484,5.828758085140989,0.3477839547355772,4.349696191336555,2.694761308704894,2.2589514882568777,2.6645405666625903,2.396808190360316,29.291780381984967,42.38722760276961,0.03419174276210029,0.6379023663628993,10,0.024194025436261462,0.0756580893226856,5,0.035637519292303715,0.6505657655072828,126.0,11,194.07725986693288,0.39516442536158314,-19316.348660322394,-472653506.8874493,0.0,0.0,0.0
1260,477.79869752379994,34.64230899929615,69.5557498955762,6.589396832801268,11.475123458321752,0.2537527961970344,137.42440784130906,10.66916809071583,0.1290392301624237,2.9817717990439006,2.649653446831547,2.5683716141283877,2.2467413910206373,2.4757709427712924,58.46817617634535,1.737317258979221,0.06888863816078108,0.5219304790979371,12,0.018456078083407275,0.25377107364685003,6,0.07294835605210606,0.5118836118194086,1403.0,48,3230.452227533198,0.33861244361289256,-60463.51440899243,-303318669.9687085,0.0,0.0,0.0
1261,427.3423165207616,16.833547594146957,122.4148939553197,4.110466811250053,1.6275944794377484,0.11483865151446378,40.890434759105126,10.993783051664966,0.3486592099288831,4.57833302289629,2.671682191800968,2.402726048618828,2.40652514034186,2.372042136344079,30.769314297894656,22.073121214633993,0.03601437256840789,0.8271600674315496,8,0.02738834664300503,0.11487725524992606,8,0.03650859822169717,0.7946535562273962,750.0,73,4080.3783816674436,0.44086075224795485,-19696.20454417556,-576078353.4796532,0.0,0.0,0.0
1262,656.0222915951942,12.6715289268637,20.722473839017535,9.144564136137081,11.665155294727212,0.2548014572524858,32.50221681640326,6.187153344473809,0.16953589685870957,3.4544557141472065,2.618581847513991,2.5355409637014183,2.386121323276727,2.4792562931869053,23.7467757878752,81.16209237624601,0.0519313608555422,0.6612484698164413,10,0.04779650990831115,0.25483584738243126,3,0.05236806642330835,0.6422369936796057,689.0,31,1165.6704567319646,0.32378965746831145,-19823.59939921122,-415084317.28573,0.0,0.0,0.0
1263,442.89562899441887,21.46957149583298,98.12003331543497,9.995272883242706,8.429582601474578,0.07145381617443759,138.374667480636,1.615263615979536,0.3483763132406521,2.962655806371388,2.677438256364501,2.3352726832247557,2.2857565430458404,2.5012601049482934,61.41583374405474,150.84927860447166,0.08634534175906158,0.5718799993743799,21,0.07033422064477965,0.07145814847678202,4,0.08017387915591219,0.5681832815320931,84.0,6,790.4789215505367,0.3053981074580592,-44399.06473586911,-317382399.8290324,0.0,0.0,0.0
1264,648.4899950816597,13.260880330936143,112.61411908573331,9.044378377669474,8.343058263438458,0.2998846075177024,83.64064201460886,13.622855865316026,0.3188479383095272,1.8619865395431128,2.6819194415857206,2.2202813409314053,2.634248167507747,2.45748542510848,44.63993440677368,105.50946723472046,0.08529026637776486,0.9142759739535381,26,0.06051464063886424,0.29991126885536823,12,0.0845103837266757,0.8309909256343637,3215.0,243,15195.356186167584,0.3808830392284124,-53237.37007333584,-738268295.1678638,0.0,0.0,0.0
1265,484.25212128703254,19.18644846450354,63.322099839894285,8.13576869045756,12.723319416728032,0.16159630112163947,38.0443432658083,4.73284797751057,0.1641946275521262,2.0280222028230246,2.664166860756992,2.376813617196993,2.2889425381880564,2.4344809340220137,34.206580251393255,124.77966321297308,0.034688181872628454,0.7353370116540796,14,0.029991126885536824,0.16160899142265603,5,0.03460812294109322,0.7276114149594287,359.0,13,530.5912976690266,0.3722648673209834,-13845.981488066227,-444232667.2654419,0.0,0.0,0.0
1266,570.0695415687951,15.605421161216963,140.59111716189432,3.539416982516742,9.077346584185294,0.070225284079012,44.77824629305106,11.537737678737955,0.2685549892703928,3.8616416056588854,2.672996042670173,2.5482091337511226,2.6170706321193813,2.487948055643485,39.083176176410305,15.849880902080868,0.07460815862962175,0.5031355789879555,3,0.021591245193729666,0.07027506654835847,2,0.0754610651709139,0.49893913469402623,136.0,10,531.2274315163747,0.33029159953829,-30478.382630244,-230368879.50423694,0.0,0.0,0.0
1267,339.6633638494607,34.726187617766264,17.334266624206478,7.356088527740692,10.856133818565832,0.25841895003510906,68.5773711256341,14.861998715953058,0.2841075014284967,4.389691311466368,2.6359113990454373,2.2909590914479026,2.368967868825703,2.45232904395991,36.920375851256374,83.19680961313661,0.07000797202384396,0.723679055517791,16,0.046317657497781724,0.258444247264123,9,0.06513554216417229,0.7229087065133725,2546.0,154,7789.41648123145,0.35723987423808756,-41819.22266621598,-503099773.52902895,0.0,0.0,0.0
1268,645.1620594732087,28.558267861241042,107.33255296348933,3.989615949740436,4.56141977483257,0.06660922490662628,70.15227474144031,7.3820260069287915,0.10903123384010027,3.921775603449908,2.686974955381247,2.1458262872063845,2.2461451124846614,2.4300155675736916,61.02788493285799,11.31664199589853,0.0398437294499735,0.5996249508361533,8,0.024844720496894408,0.06660751257024548,3,0.039339221599409196,0.5364098931722541,60.0,4,35.5937597790782,0.3714209375833444,-22972.070188431353,-253736671.25391167,0.0,0.0,0.0
1269,459.7609012304149,43.35992718732881,35.57070370961537,4.743465189474692,5.861499454581917,0.13278833445696303,46.75833431141039,9.743712297934971,0.20515931843325844,2.391092929335661,2.6589618386353098,2.110243143040066,2.42949634348721,2.4838048212847132,21.268459448037174,17.240945174262386,0.05073232895054307,0.8364633748591119,5,0.007690032534753032,0.13280094646554275,3,0.05262199909893561,0.7867141890071082,196.0,9,638.1549757474342,0.3608156290314031,-33580.85842768277,-706706343.0050901,0.0,0.0,0.0
1270,653.9735958878159,38.182883719734086,91.30804075620891,9.792600600379508,7.731341072140799,0.1433612751821196,71.24881100092146,3.2729928304937754,0.18724080260497733,1.3775614470372917,2.6456310171394537,2.137307396569555,2.2053531168066884,2.4674474222054705,11.262579178566984,197.9747630218515,0.09448375525455162,0.6714916096413512,14,0.03306713989943803,0.14338952972493346,8,0.08968679653340336,0.6647140006968604,245.0,13,979.7123286156991,0.3127071591470334,-46470.10609243183,-385664349.7261046,0.0,0.0,0.0
1271,637.450361484069,24.610557071867124,36.246159018218286,2.6781343558405517,10.255110296512644,0.08318168349256287,60.09712847001702,4.76375105202945,0.09036802269597127,3.5926500725640707,2.6741016868478087,2.320923854490923,2.6539079588523378,2.4541644402084577,22.677313105769016,7.810404667289205,0.0709941284506311,0.8790366255001958,4,0.024194025436261462,0.08322981366459627,2,0.06887117133982809,0.7887998892598049,43.0,2,49.68378043955114,0.402455200611751,-30561.939675130827,-624660648.3631079,0.0,0.0,0.0
1272,498.42898081686246,48.196151683785644,134.011308981095,3.6896160211627995,3.581400412982319,0.17459174602746796,34.59977657629854,11.141233089494104,0.10047318853681014,1.713889567059511,2.6242659951084453,2.3797648775117297,2.6539046408387765,2.3950996168285608,22.672276792055506,117.21562793497266,0.042181773702745465,0.5428660819457566,6,0.01750961254066844,0.174622892635315,2,0.04211071792491449,0.5149594788675614,420.0,9,742.9631217771243,0.3999978575443248,-24167.6368264763,-337734306.3797583,0.0,0.0,0.0
1273,562.7365649285167,31.379532439670342,36.25013063010006,2.3272797223314345,13.775558885277105,0.09223900976171508,119.49147168136354,11.897239387614897,0.18714383907383897,3.1802326660830063,2.6971289812672756,2.116149005205095,2.4848774157860998,2.5204768953557695,78.5320451791799,1.204541360338357,0.03225954367212816,0.9347190335915105,2,0.003845016267376516,0.09228039041703638,2,0.03386617756088941,0.8865086497219621,111.0,5,297.2615373498492,0.3073986692469606,-18100.62227470686,-803996918.1443448,0.0,0.0,0.0
1274,476.8239749472534,22.30071996242998,80.54154193554847,4.15907824485952,5.475950893992978,0.10324811508739624,46.77475905265332,3.931615906117019,0.15520853281746813,4.963692145440894,2.6902245678462267,2.534498736039003,2.368515983740945,2.4498420824212626,87.4083380665245,33.15666995716537,0.06361403425898646,0.8621279518154138,6,0.011357586512866016,0.10328305235137533,3,0.059644541946169735,0.809840323112894,18.0,1,200.84062043242324,0.3899620713966909,-32706.34300827576,-694422054.2850611,0.0,0.0,0.0
1275,349.4225577331938,26.1425668608342,47.5156323486364,9.706375146261227,15.226694425927223,0.12143818814680145,33.39259233399842,14.257978504685074,0.10136057519314433,3.0458135774111144,2.672196893690505,2.1231813483723228,2.5587898986398625,2.500709804592912,31.737103117839055,601.097335288217,0.030944344473172465,0.5630706453088895,25,0.07553978112984325,0.12144335995267672,5,0.031021326756159973,0.5373306495682061,1368.0,44,3563.09426398404,0.31269747629066114,-10003.844888646905,-229133253.64015633,0.0,0.0,0.0
1276,354.97293537444943,12.764078284308384,57.95025640427806,4.918837842677635,6.291931884694033,0.2719847189896196,61.459897552860454,9.189126362005526,0.23407861038640163,2.01970873472475,2.6102320461496924,2.5669783475026993,2.4372238793784518,2.48691977597854,78.94073587595501,185.35746926706062,0.052947279203994904,0.8690643727046057,8,0.024844720496894408,0.2719905353445726,4,0.05240274019312116,0.81137987117515,1141.0,66,4694.044574838077,0.29810692953587514,-27971.93076824087,-709481125.2285099,0.0,0.0,0.0
1277,405.68806046619864,34.58197958281581,141.03930127738406,9.661749004996448,14.538130994558482,0.26878592240443905,113.76588878181542,7.870279526273317,0.274676779810404,2.6217726526202516,2.686373382720751,2.138622966020225,2.514155826550378,2.4482905332635223,15.321504398284802,40.01724263776686,0.07172075834571115,0.5672669059993085,11,0.022774327122153208,0.26879621413782906,12,0.07112415248255013,0.5638842721416641,1027.0,67,2024.3848934953103,0.31015832864190784,-45028.686774449336,-298734679.7586802,0.0,0.0,0.0
1278,519.1951923328263,10.248527079989715,49.469270588995684,9.973969581057613,2.5191968415969708,0.24953053890494464,91.13129091615609,13.037868495958007,0.268399044355481,1.6956689074822666,2.6829554914723963,2.5634244858412374,2.625654668031888,2.455887441430522,91.63817952645326,9.108661819355216,0.037528999586981485,0.7206147507643266,22,0.03732623484176279,0.24957113280094648,13,0.0389851132661101,0.7200250321092002,2434.0,164,8370.241511297885,0.3596328439563643,-16498.233119482426,-647584445.7869487,0.0,0.0,0.0
1279,573.3453646903756,40.6318528616626,130.3279334056948,3.4086447847729584,17.546194246266108,0.2205692569875169,54.47299812577859,14.73541669243636,0.20482322082541826,2.6445136759169108,2.661990414057928,2.460701121859823,2.3545227584524806,2.370960997068784,13.43576643882291,1.3829681046387978,0.05593079045672594,0.9707620185611907,5,0.004081632653061225,0.22058562555456965,2,0.05374345807859584,0.8699984619045602,604.0,29,1563.53348082536,0.4740236698617224,-21533.90907106058,-698243972.2033716,0.0,0.0,0.0
1280,654.0203825251858,32.77817489586152,117.28369050943066,7.230946037299236,6.402101680870046,0.2556019237311209,145.66172535339402,5.237051864016671,0.3219993333455553,3.1129119077054757,2.698988779175626,2.400026217992742,2.6413148138104656,2.429363541488887,12.622811240144909,144.76122357424472,0.04357871551198943,0.6982282451814986,10,0.03064182194616977,0.25560485063590654,4,0.0400269566437224,0.7159246928709696,366.0,18,915.9273061349327,0.3642631849701998,-20181.864661906555,-405552898.7130551,0.0,0.0,0.0
1281,612.482913850186,42.793710508870994,108.8669804480244,5.506960549189965,9.6753586444119,0.18834687605698663,149.56052155271064,1.5362904784865368,0.3295902750483158,3.565150359068151,2.672067753485944,2.451155441139584,2.600878173224893,2.4274280390885434,73.8684964399214,103.21446244321375,0.03454083924912929,0.6200157454969291,18,0.06027802425317953,0.1883466430050281,0,0.035148035226067645,0.5871199743037547,266.0,21,714.3240947716902,0.3925355610105479,-23213.986625157093,-264289431.71466827,0.0,0.0,0.0
1282,578.4455958884146,48.45430598577264,104.971423547316,8.207347085789376,17.32693633280289,0.10716114382852109,75.78816547130745,3.6269363696610624,0.20740993750179576,2.3328261495025338,2.685693667959411,2.125174283562853,2.277268129945831,2.4429905277227775,40.89937128339837,34.13318089960187,0.04223745466159984,0.8251044627242913,12,0.042827565808932266,0.10718722271517303,6,0.04227473761480174,0.8102389665076754,311.0,20,2062.677552933117,0.36015842253397246,-22145.84694115127,-724561098.0856552,0.0,0.0,0.0
1283,517.8836293569414,32.56331457541511,5.667467806805149,2.821862437155838,11.731541138266694,0.26133895036277527,50.629323326768684,5.082526610518282,0.09811342051330342,4.916712515398894,2.6153929148682526,2.3895690198567743,2.452324436463317,2.488587685760745,51.636271496464225,20.171037041209,0.04816982572832654,0.824417441859855,5,0.023306713989943804,0.2613427979887607,2,0.0490667777783342,0.7333834360794846,394.0,15,1222.2820432226415,0.3969367916004214,-30209.74038107852,-523364900.31060004,0.0,0.0,0.0
1284,395.7466365459916,15.514909199268079,58.36012359244423,2.4816610045226453,8.396986761889927,0.19821019239542725,33.276514195444115,4.83276347300134,0.15388036250609724,4.79536850987568,2.660000651297914,2.2404588823525735,2.2568584086945807,2.399196478434677,18.265891918685586,12.382766871760627,0.08557852041798586,0.6078667280405324,5,0.015794143744454304,0.19822537710736468,1,0.08190118273936178,0.5823733717634652,267.0,13,934.9518602579014,0.38017224235281777,-36013.744535075835,-403328436.2092546,0.0,0.0,0.0
1285,409.26045840481396,22.790188019786573,13.330704987761315,2.4342837993732784,11.017828247120347,0.054638214613138905,51.08064890138676,1.4749165806296678,0.12822562886668526,2.272465628992739,2.661616638426558,2.4310120199136036,2.5785815158854044,2.4618551382437195,12.16609734361216,7.718097677807785,0.04101281920463919,0.8803423989643668,3,0.014492753623188406,0.0546583850931677,0,0.040211352816852786,0.7746511952965222,2.0,0,0.0,0.2518419098145772,-15870.992833681374,-602074961.8247685,0.0,0.0,0.0
1286,366.5250118574187,11.211813565748503,6.855411661492789,8.97469364372093,9.74977933408956,0.26768019842984914,34.084938853839695,1.009649933268248,0.24919082877185683,4.094166842572075,2.6839932889114184,2.5092047513580855,2.5854614955680493,2.3734930659269,35.974826244002934,32.93910984161467,0.07737341285463867,0.671768786076337,17,0.04986690328305235,0.2676722863058267,1,0.07655866589783698,0.6186121860843123,104.0,4,439.55662118400204,0.4368849461151165,-37622.889587903715,-392641265.0607735,0.0,0.0,0.0
1287,534.6102930921406,10.545852866981832,102.66118101380961,2.0542248075793275,7.535932122957506,0.10247292900261652,119.07992571051815,3.581396397629696,0.2738122931265833,2.0701403243487846,2.6152124995511032,2.255105549016543,2.310968714047573,2.436115657072354,54.542041406287794,68.53334970676028,0.05441333511744022,0.7256425823688857,6,0.007985803016858917,0.10251404909790003,1,0.057091269736835024,0.6857980755436223,125.0,12,454.6899232136874,0.3945228314546112,-30843.925147435508,-565110698.5121186,0.0,0.0,0.0
1288,444.3518285239986,12.186122512261662,69.07513195136929,5.953093532130743,4.006445589558826,0.16715511424068963,53.71717730473622,8.298151301757333,0.3254622448086506,1.358076953471159,2.6874619589168254,2.333077154356757,2.4584916480607983,2.4183818904689987,11.958391121915604,4.08430313615131,0.05033179433897749,0.9774421949568666,8,0.02165039929015084,0.16716947648624667,5,0.049215210153760285,0.9143387001124579,277.0,24,1439.7130774256132,0.37471578746399636,-21405.118208987544,-901548594.4427407,0.0,0.0,0.0
1289,371.5369214241225,41.49942760330593,8.694108694857967,6.04002407150202,1.1211523681612157,0.2811522187432107,105.65487616236186,0.9814540482208267,0.2310336351006011,1.235574640746496,2.6616543042439793,2.5407201786862825,2.2431108535774555,2.47557953163291,12.002484318113817,11.759309833503533,0.09876275016844298,0.7774299730513697,10,0.01750961254066844,0.2811594202898551,1,0.09621279881144877,0.7378889764134421,0.0,0,0.0,0.3504604347559228,-53568.25040000296,-710549481.1810268,0.0,0.0,0.0
1290,541.1710419048043,21.00174574741729,116.19285761754355,6.266444577954985,15.853773651879255,0.28306597412159706,149.13158022163358,6.724465967016684,0.10661280279957805,1.8058121698553933,2.6336874677318143,2.1774353098986685,2.518027959399783,2.40926026654918,21.236110852206103,11.015100112500525,0.03264068330197442,0.7107057750679505,9,0.028275658089322687,0.28305235137533274,3,0.031899362966343055,0.6531226274329707,1173.0,31,1813.1141376920586,0.4322090985796869,-11087.758820134612,-349900766.24624383,0.0,0.0,0.0
1291,418.69749088560553,24.715807472859375,116.41785809407294,5.6163526393656955,11.966913561044873,0.1646361450092622,146.35975536437664,6.863938941872188,0.32963048515740845,2.8793292835966957,2.6286785633693173,2.371533139203386,2.4058259061575926,2.4013968963190426,16.76454048260692,1.0638339141835513,0.0867771232568332,0.7021025411611708,6,0.0183969239869861,0.16468500443655723,6,0.08159673405703219,0.6888185230735371,117.0,12,558.302126160381,0.42365336939123166,-41031.960355285875,-479571273.2277098,0.0,0.0,0.0
1292,573.5731898210015,13.41679809224967,73.2985999689472,4.782441535406513,3.8096095784980366,0.29877683548936235,145.45007394768052,13.800378223767169,0.2215943401784126,3.2983212055389286,2.609883093712725,2.1345702454593276,2.4368695750895815,2.4363361499130733,10.330118288686858,1.1417760231761562,0.06534445475561583,0.9020848980639639,11,0.03354037267080745,0.29878734102336585,1,0.06728243047695565,0.8452842596188646,1434.0,77,4800.394468250277,0.38780623058685126,-24124.324086729517,-626059691.6759036,0.0,0.0,0.0
1293,667.0724462148937,14.427103001878246,120.44646032971148,3.760176103241058,1.6788731288455507,0.10879708608078324,63.18245469148759,12.36000387249337,0.25593295170975483,3.9852633485203914,2.682863450300286,2.229566400610705,2.3476777912369178,2.3565415105374234,46.76706960649658,1.121195812195503,0.07999874604428198,0.9815053886284967,5,0.010115350488021296,0.10884353741496598,3,0.08247337242534596,0.8921933821156184,117.0,6,453.3966752730493,0.3523772699863934,-32799.14875016789,-679119180.5840745,0.0,0.0,0.0
1294,321.17764000529013,26.192933266085866,59.977714332255935,9.259011684453437,5.055196677891171,0.09083907833603204,117.06330834442049,6.120274597544335,0.10511461727765394,2.9057063566135306,2.613637286442397,2.5010783972129884,2.202772662849933,2.3850612635557793,34.64301929198733,134.45619020451844,0.037891067787488006,0.8251627963466935,13,0.05211475894705708,0.09086069210292813,4,0.03725306107574875,0.7878263177263258,113.0,2,30.18540476910715,0.4597863984684203,-18316.34902002527,-662978282.6211121,0.0,0.0,0.0
1295,410.59151137228883,21.460844579220986,35.92815813086037,4.117512210261518,14.190906015433518,0.17092552210958983,69.72743495350893,10.43364894651247,0.3159411474508828,1.438980006590902,2.667955355274714,2.289878742668602,2.4775961279636927,2.5131862811258907,77.80869304288962,28.432248035835382,0.052242772907248394,0.9646332734168663,6,0.02567287784679089,0.170955338657202,3,0.051807662677032,0.8990313627439501,679.0,46,3341.3749836904767,0.2678657308809851,-24529.783661331192,-873310628.8430085,0.0,0.0,0.0
1296,402.6535375975509,22.73102338288697,46.1258490200847,5.718957624592869,7.797754784109829,0.14974382876852305,54.75398416741586,4.9108668712929475,0.1637508771227774,3.2517429478798814,2.670581025264886,2.4576600137321423,2.5934384111457054,2.378658971985789,22.393735027335403,43.63393897410788,0.0333053793398919,0.5047826544837806,11,0.025732031943212066,0.1497781721384206,4,0.0341219507978332,0.5263322751038415,276.0,12,659.0808725206648,0.4345002844897956,-25820.51078297037,-254713777.43988508,0.0,0.0,0.0
1297,490.96244629069224,27.09658303427319,62.38191274730126,6.168443838761924,13.43277702458926,0.2620023909585812,87.30703364548164,2.032209085367644,0.24754160299857259,2.1928558539971235,2.6469944641777183,2.572468130740037,2.2327212490860764,2.400488758389982,12.978775124177051,56.306302219938175,0.060738809277368716,0.7163066556115707,10,0.0476782017154688,0.2619934930493937,4,0.06090473420577553,0.709982623532826,281.0,17,1439.9080963229094,0.46858727792172505,-32279.730974631784,-529711258.2092346,0.0,0.0,0.0
1298,447.73045996357405,14.46556848329793,78.83963733339024,3.466416795702468,11.420844187014389,0.23802238902596112,121.00118688345567,6.207592586724076,0.2682885796165151,3.8710362444114352,2.6539518479899518,2.47312855492119,2.5134728775860937,2.4523174296865062,41.997657826209114,8.87561305555424,0.04231237340146152,0.7180242417234457,3,0.007808340727595386,0.23803608399881693,2,0.04438667036071484,0.7568859861252116,56.0,2,81.40014944831277,0.3960161154218742,-30072.296975812296,-505371713.687734,0.0,0.0,0.0
1299,442.5550920878835,47.418299925241335,58.93264325471831,6.059204587342795,16.49284769546786,0.16075116299309922,65.65096717851496,2.3007495198779577,0.3203884319677713,4.775809357166279,2.6658133761502896,2.4563331802078343,2.372914746793008,2.444464344083699,11.09096484806181,430.8710635644614,0.07242916405719252,0.5751794760491824,9,0.01963916001183082,0.16078083407275953,4,0.07034494474098939,0.6102858288150274,33.0,0,0.0,0.35096662604874274,-27610.417210206186,-338661862.87554073,0.0,0.0,0.0
1300,641.4591723117146,11.627984164443058,136.4136695104178,2.539063919855101,11.843966640838865,0.1733641496424732,148.05806785285728,3.4294469472098643,0.2249081579287807,3.428234782556165,2.6037819939092954,2.3478853701953546,2.4163422051798285,2.4324800182871438,16.023434201060752,2.6815896734954507,0.05707228501013045,0.8421777870140645,5,0.014906832298136646,0.17338065661047028,1,0.058038211928053834,0.7579543400151921,0.0,0,0.0,0.3426845223044026,-21992.84881626989,-472725561.98669344,0.0,0.0,0.0
1301,330.53949889787606,39.506458427991255,28.276451895650606,2.232963312718474,3.078440491269219,0.273456966029539,115.540768565022,11.923329254311215,0.16796171724750836,1.388505496265732,2.6302127824222086,2.2179847277325653,2.5701506485072647,2.40683534338664,50.04160809391194,6.167822961400621,0.08573689414765434,0.5842407875703439,2,0.008044957113280094,0.27346938775510204,1,0.0853009821734263,0.6122185891837608,315.0,9,198.5800824600392,0.3447660718231127,-56104.547744036114,-306085913.6481971,0.0,0.0,0.0
1302,498.2541536079858,29.89239947998905,35.17568658870117,6.549650545956429,13.56064232802844,0.11090231602343563,37.79910179871684,2.394982422612502,0.10562423028495585,2.326933318993639,2.6981068680150058,2.187591637307184,2.504988133079017,2.46421047095697,55.27717185128353,2.7004292712488205,0.030227504705422403,0.9465236387876438,9,0.027624963028689737,0.11091393078970718,2,0.031320338605721094,0.8726069287895815,147.0,6,577.5927551797762,0.2765862320508621,-12435.817464371374,-710957756.6259308,0.0,0.0,0.0
1303,551.1301768056901,12.456750197923492,13.488425814276889,4.182063388006941,10.86744772576666,0.20008622517577468,55.97722202018188,6.9078190627053395,0.17792901140772238,1.4602882312227075,2.6298657032007293,2.1512163074575743,2.234272595501632,2.3878208208799467,46.354531883687926,5.821993081572353,0.0595886922794261,0.9419309109196266,4,0.01567583555161195,0.20011830819284235,2,0.058563551011388444,0.8372545859687864,146.0,10,806.3219989558817,0.34072182694217545,-32180.592280176585,-708990740.0087855,0.0,0.0,0.0
1304,398.5397818294516,44.28265862563529,113.96467766435812,2.2956815899846044,15.229653209313838,0.28202325745202805,96.8519545850449,14.341188813865857,0.3150846783526408,3.8975430383975436,2.6523598940929016,2.559517817230014,2.604308339660165,2.3893126052419342,10.406614077875268,1.1084957822048789,0.0664163865967991,0.6352897416748793,0,0.0,0.28204673173617273,1,0.06760057404015342,0.5995852891304293,0.0,0,0.0,,-27897.930152213412,-383354215.1306079,0.0,0.0,0.0
1305,668.4826502413994,40.40087960267632,40.923915567567235,5.331074951331998,6.724405956143952,0.11745019701499694,43.093683757801315,11.280435859108675,0.12374173890841081,1.7442077267092184,2.6433089540675527,2.4374343542757497,2.3061003148797243,2.45563403849232,16.465748875442326,452.93287341578485,0.03434070634911106,0.5053263713759335,10,0.026855959775214433,0.11748003549245785,3,0.03490420877584043,0.5183564996622736,473.0,19,1078.060382604885,0.31599290371017075,-20621.569255813207,-263140585.50738168,0.0,0.0,0.0
1306,350.6719854819967,14.47603655177043,82.35864768993463,7.420620671145727,12.313543376262002,0.058933218677002616,142.82133839552503,3.1326849529986727,0.18149164630864706,4.173310700363409,2.6650215973118385,2.128666026373857,2.4049887333991107,2.460693251214816,33.99116363980333,93.14507232205848,0.07519033500570999,0.7641756874383071,13,0.04004732327713694,0.05897663413191363,4,0.07106062543711016,0.7447150054865185,88.0,3,107.40789229293954,0.3760515209827471,-31171.037878951654,-523795800.1703918,0.0,0.0,0.0
1307,576.3977290552929,31.592171485630555,64.99131851500658,7.2061740113703,8.811885213674419,0.24671740016276827,99.37691298825058,14.899084801079459,0.2166136280170437,4.967486715748934,2.6352808415894957,2.5407924105154382,2.226160896187048,2.4296778654267577,61.90456727872561,2.0025742561905244,0.04720087005507419,0.928430499886121,11,0.030405205560485062,0.24673173617272995,4,0.04726629214193135,0.8237629855391488,1127.0,65,2997.144790821093,0.3749263154592417,-19234.527365328333,-529573315.28151834,0.0,0.0,0.0
1308,626.7634955194826,10.2029695927312,121.61527230084738,5.851828494569079,6.8290002175932605,0.06673999936822174,35.309433222756866,14.280021445730567,0.2917461183930774,3.657741917738617,2.6710639082709715,2.4018509879067613,2.416739477385631,2.430976114202874,32.283999803834355,7.744735489066568,0.08823815870195617,0.6426943081180245,12,0.040638864241348716,0.06678497485950902,4,0.0897576973360365,0.626499413859755,391.0,22,1825.2111855971166,0.39901587931427374,-56661.03036401079,-435699102.2742397,0.0,0.0,0.0
1309,370.1880484949817,39.079891144786004,33.705670999893364,3.2198028607389055,14.203151997558555,0.10738682364029194,127.11287581892687,1.5318687584333168,0.17035184958744723,1.8016966779766435,2.6223211851692265,2.59746556687889,2.248454767190323,2.3925519005463967,11.951563682543792,672.9793189018671,0.08701994799692261,0.6990220283030731,5,0.01650399290150843,0.10742383910085773,2,0.08155584173027482,0.6882287126747513,26.0,1,9.855375804278259,0.46102059312775756,-38113.58859309034,-412159329.65423024,0.0,0.0,0.0
1310,380.5827379442877,37.97880098668237,33.24766565536406,8.93634176575764,2.91384854402542,0.12447664825213399,37.80791858848415,1.6085826821533016,0.24530992848153838,1.8834783147098118,2.6919053352198747,2.11114981395884,2.2099637297823067,2.4290534212094617,62.5559254028013,242.3508845205174,0.04240544824764457,0.5526953305256337,8,0.03318544809228039,0.12451937296657793,5,0.04137685860034031,0.5378151911232116,27.0,1,7.210975578937773,0.41185696434428376,-16123.924372491729,-343142658.12042224,0.0,0.0,0.0
1311,573.6510706178196,26.592671231753336,51.89712768267609,8.989484647242456,3.5222194837494554,0.15437308380922138,91.25748443668571,14.897928813944407,0.32678262239871625,2.4815219408463713,2.6325720012994096,2.2357843309791283,2.242983999092255,2.4442541099892243,28.856347522302997,64.80466646140364,0.07107221802726663,0.5989938304713087,9,0.014551907719609583,0.1543921916592724,5,0.06881594177490756,0.5982186441116005,1122.0,67,2462.734097974212,0.4109953380196125,-23460.037581270655,-377216190.40922165,0.0,0.0,0.0
1312,385.8829863549015,10.351274689454467,133.13675012166365,6.987110282043324,15.218018940595211,0.26087597380376704,113.56285534790354,11.396527615311669,0.09218576970489493,3.699818227135918,2.6037663382409617,2.1104488267999746,2.2055421612740034,2.4223149782193736,94.30052043858639,34.35075812203693,0.08399121498559953,0.6636063132256251,15,0.04158532978408755,0.2608695652173913,2,0.08400673070883535,0.645110917631294,1549.0,40,2465.333568964271,0.3721292457922303,-44816.43206469688,-523685816.95619255,0.0,0.0,0.0
1313,437.00038539379494,10.185902876373959,80.60202455104405,8.384379463591817,12.450151953262338,0.21883955907596891,49.970923603346705,5.2865940839014005,0.12331016744284079,3.587189378864154,2.6035410551872196,2.148683394988122,2.510832930517166,2.479913176399551,11.978983763284612,186.45741408666495,0.07206934710249976,0.7630615346220788,25,0.05956817509612541,0.21887015675835553,7,0.07174726249523909,0.7708688358167222,1052.0,34,1113.1322481221605,0.35996395892035826,-34186.34496854465,-558644964.9648424,0.0,0.0,0.0
1314,414.78379732827676,39.03126774749995,128.89883504954418,4.845595136966148,13.3333769597748,0.06955533125822715,105.752134172842,14.044094387000172,0.2764217045861353,2.114327457215691,2.619256598296075,2.5085642968420596,2.215303787617896,2.3789560025535805,11.052979654512638,2.2947137024839175,0.07416849638711558,0.839313877226479,3,0.001774622892635315,0.06956521739130435,2,0.07345957682225145,0.8126038821809842,440.0,26,1202.998260731577,0.382569347718861,-40148.33431849057,-682781767.7342674,0.0,0.0,0.0
1315,582.459076202804,28.664516052091894,126.73566246455188,5.745299384252779,7.66738553768977,0.06551592035118924,133.41794778858156,3.334105675131714,0.2878533505263951,3.8756856037692495,2.684475773724503,2.1017549831272078,2.3717025254633834,2.4330122989100462,10.529270250312466,32.77127573120142,0.05959034936913646,0.8661209825240752,7,0.039574090505767524,0.0655427388346643,7,0.05617205128539693,0.8278814684692084,0.0,0,0.0,0.47079226542000896,-21005.82300899826,-569792208.6033351,0.0,0.0,0.0
1316,500.8526320916927,27.52529930803519,2.006686619316722,5.269980724215467,11.24893118880611,0.09342078475614211,145.98211917283618,2.9483272349062255,0.1435490165775164,1.8817769255824714,2.6787451495717094,2.3039468905405767,2.297430383666151,2.2965035296261758,12.043881046897326,99.74774368519043,0.04935443906481882,0.5387918924165183,7,0.022419402543626146,0.09346347234545992,3,0.04967340219379696,0.5342235311603355,9.0,2,49.73758126423297,0.5439872223571034,-20884.389494705865,-298545735.34042877,0.0,0.0,0.0
1317,511.04539175730747,11.17553209490781,128.78742191154535,3.5803260514687993,17.26407133907607,0.18024225830891005,121.86486781469182,12.674674046087523,0.17621686672630943,4.776925900878043,2.6207185953940275,2.2253231873436725,2.3992135745470664,2.5459716916384187,54.37486688769115,17.515207225896475,0.0868802689050179,0.7416449200859404,7,0.020703933747412008,0.18024253179532682,1,0.08433374811226638,0.713581890558518,628.0,29,1089.5529559967786,0.2752127404569529,-55072.53914441091,-500859262.89870775,0.0,0.0,0.0
1318,643.8743124213504,21.234086146142424,73.63404449508873,7.5840190447830915,5.034868598714269,0.21427340689290242,125.32196126377863,8.336149569328946,0.28665441460276403,1.7008575889981543,2.6013221654469256,2.1347015263065345,2.5619754351521595,2.42785667630504,41.125064777860025,2.0727636061992722,0.047149238827546125,0.621591102221897,17,0.035551611949127475,0.21431529133392488,3,0.046588281704898274,0.6315077236114387,745.0,59,2867.6768595882318,0.4047642750605074,-19598.80449761253,-344944078.64089394,0.0,0.0,0.0
1319,355.84592130712963,28.550388771768063,103.66256615912617,6.816138863698416,1.0937818899267668,0.12502831812969994,70.91122879362612,10.201921197210616,0.0995362071877342,1.62659881986513,2.6152155616981023,2.1684746510960062,2.489794317339958,2.3534732078631184,26.79455089571418,10.532666302330895,0.07981832386860549,0.708510965493615,19,0.07985803016858918,0.12505175983436853,0,0.07602873507457007,0.6668319514252086,1129.0,30,2094.2614925536973,0.4164245403199276,-42325.76369471944,-522192761.2030841,0.0,0.0,0.0
1320,413.64067488405726,28.698808885448777,119.84945684401808,8.302695085096651,2.254429059014034,0.07929181110163537,130.13091076957468,2.7765780958178747,0.19560884337358392,4.2574353690161315,2.636623963592034,2.2367412442572814,2.598514708895264,2.430595680127291,10.79408161763295,76.43765926509799,0.050046511447783104,0.7238409108119573,12,0.033481218574386275,0.07932564330079858,6,0.048944441257583175,0.6769331544243405,28.0,2,134.74680812452087,0.3962721918647656,-21002.366559361013,-535370714.48259246,0.0,0.0,0.0
1321,631.3747770329339,46.565503244934625,59.26599866246937,2.2370877159602474,11.530453680703074,0.1266443523690991,39.28202815486025,14.862242159708654,0.16497753306673996,2.892875695924363,2.651305769755361,2.5721151861443325,2.5587283068485087,2.433530894082778,93.84259298188424,156.1366295310567,0.06267038923117854,0.7349116688490784,0,0.0,0.12664892043774031,1,0.061056364349501915,0.7132948009710853,0.0,0,0.0,,-27230.935224804085,-610863331.4958817,0.0,0.0,0.0
1322,492.4391596052337,36.066093978152324,142.84512658166486,2.548273209430554,4.499818364402822,0.05029295089126641,53.6523260463766,6.087461237235189,0.10797555554161953,3.1092406880731533,2.631634940597935,2.257283161372447,2.5223501512869073,2.4337282763401977,42.526963780700775,130.40950808719828,0.07137606768610526,0.8292472556690915,2,0.002188701567583555,0.050340136054421766,1,0.076067039943588,0.8221458736744626,0.0,0,0.0,0.405242455970384,-37502.64310125565,-612192759.5521379,0.0,0.0,0.0
1323,561.1286955585333,42.895665344487114,143.72639336268284,4.034504825749547,12.008423059264153,0.2671550038627323,39.12906755231132,12.659486948855932,0.1049399999360643,3.6093655752735394,2.6741074623467815,2.4976813667041364,2.484761214758948,2.467173658148611,25.324236911837776,19.269089929535276,0.0686843079518096,0.9689200378005581,10,0.023957409050576754,0.26713989943803607,3,0.06842010905709792,0.8609243178793111,1399.0,37,2375.4334195621295,0.297800209157693,-41038.657688589126,-620508235.7351296,0.0,0.0,0.0
1324,398.05948087838254,12.957497584347129,11.887031915724549,7.484137242388131,8.13030586480302,0.25054836018606047,100.95188250781243,8.241361670720744,0.1042224939236794,2.068320213850879,2.681345638770847,2.5076336108377166,2.2189553369726056,2.4023419368449375,40.24885052874452,119.2818000242893,0.09037353785278762,0.8653299312986107,13,0.029695356403430937,0.25057675244010646,5,0.08679389981129886,0.8264745331037981,1414.0,34,3162.7900071644835,0.4187162244746041,-54121.661161830314,-691274384.0947077,0.0,0.0,0.0
1325,668.2319800586215,17.12585830400504,38.38248829290754,4.762524229601577,7.340611467562974,0.07349633237472054,50.775535837166046,4.212265801731782,0.1598833968758644,1.1426497502468536,2.6579893853753673,2.1271704271729,2.2186253288100835,2.472486359481166,12.237375258627216,1.4780295272251496,0.043655567497164205,0.5033715480215313,3,0.0011239278320023661,0.07352854185152322,3,0.04415955899297333,0.5226841395091542,0.0,0,0.0,0.33416806466763127,-17298.358901803644,-330765744.63676447,0.0,0.0,0.0
1326,527.642511092213,43.37004393799766,111.94759890374347,9.109813807181382,14.147871408775293,0.14861815219912944,32.26732485066117,3.6968091870326125,0.09134127299636104,1.9305436401248546,2.691405985247173,2.13654344301768,2.5313317449616277,2.3727132159662214,45.45713021103573,1.0211196787434065,0.07839896919266068,0.6910478854015106,9,0.04318249038745933,0.14865424430641822,9,0.07790492732115833,0.6663893300874093,171.0,5,138.2930282919841,0.40039121355225316,-38833.066634570256,-412696859.5282556,0.0,0.0,0.0
1327,339.1915407712624,30.37618708260858,84.56581769392096,4.534530027876741,7.801644673305163,0.24348390748638404,102.35701388986004,12.468902185884893,0.13427041421224917,4.018841194846907,2.6333130366868702,2.4647926216760343,2.363699297522585,2.377292179834958,41.22392298246756,444.4345223612305,0.06918538335293617,0.62419178744769,2,0.002543626146110618,0.24347826086956523,5,0.0702862808077271,0.6120276091345439,193.0,8,315.22893667443935,0.5561099684801656,-37461.533184101616,-480721214.63670635,0.0,0.0,0.0
1328,461.6402347586815,23.52481921614218,5.14138735342714,8.488425847692588,3.994294520371505,0.14982138742585988,31.960873006218247,12.469808595017472,0.18484536451437877,2.726671953010799,2.650407468411615,2.5118351875526677,2.3530461879130677,2.4890477053097775,12.105733804815488,4.795687652414924,0.08411588784739098,0.6822057445252134,15,0.03945578231292517,0.14983732623484175,8,0.0835297405397196,0.7001133006542005,1262.0,61,3864.6112704594425,0.28582218163610307,-26055.987672785937,-455286838.0986789,0.0,0.0,0.0
1329,320.2435952059482,26.928856504822317,33.84642475444976,3.7067438257899212,12.634360551056542,0.15749801616481168,80.892171879061,11.841834640734824,0.21304879300029653,2.3746198040693995,2.6954789337546066,2.455592955051539,2.5268498875309953,2.374043643475784,60.80280766028939,16.69200334989194,0.09714944576838581,0.5841451243815822,14,0.04442472641230405,0.15752735876959478,0,0.09434307218563227,0.5829858035274115,1174.0,51,2848.339728332181,0.4635304555845168,-31907.820987636216,-362385909.2655782,0.0,0.0,0.0
1330,513.2380653527745,16.270035137978144,22.519450534646086,3.212113528303737,11.868202446605453,0.14793472030762933,148.56674023838428,10.709333173812828,0.24990261734390457,4.914050877333989,2.6568839988530564,2.453210353520924,2.2610256973793366,2.47788370507897,16.052803810048452,269.1405294306453,0.06151934976536149,0.6565829886126846,5,0.01816030760130139,0.14794439514936408,2,0.06269437560927027,0.6299148908123089,463.0,22,1016.290371727647,0.36453506728876883,-29778.775103496497,-365071864.41030955,0.0,0.0,0.0
1331,563.0142323044237,10.3438014318457,92.81539767978471,5.941774807444363,14.200164066334963,0.10335025558284995,120.72794529631292,11.874350078722117,0.18355928103127678,2.66657994297666,2.615298781422327,2.435606700569814,2.6803539168856845,2.4551289263999796,12.12605486956006,342.5040966003128,0.03596141349871948,0.7098216100486012,12,0.025968648328896775,0.10340136054421768,7,0.03662893236293805,0.6733418626644373,553.0,25,2630.3431461896075,0.3929917099147118,-18970.363592190894,-543090567.1937826,0.0,0.0,0.0
1332,651.9378220497981,28.583108099735462,109.01848618082452,9.080520686644286,2.7406977901484906,0.29601854635835934,87.33319053816695,6.406375972297467,0.18304548459235268,2.740295417143622,2.6299500096516133,2.5329834180499846,2.6234807378616694,2.4428774101443875,16.362791196453614,1.7611174287018936,0.03390738409963173,0.5256728957761334,13,0.026974267968056787,0.29600709849157053,4,0.03529059268726571,0.49261853954512524,810.0,42,2321.4461976852062,0.3684601478671752,-14446.855147142858,-306858998.10100436,0.0,0.0,0.0
1333,462.54288605171473,26.181709938588025,1.5843908971004406,2.001967370774895,10.570895488806963,0.19076817004483448,67.61111155328229,14.498227873218434,0.2780390475159221,2.409703691137452,2.6740594758443184,2.4495958046130877,2.384580683278656,2.410031683162144,65.91165502410395,15.808594658796867,0.08510708903420414,0.8520143524101202,3,0.004673173617272996,0.19077196095829635,1,0.08722775665700319,0.8353595366312333,598.0,40,2129.2474647146137,0.37422937582898674,-39231.29936885767,-607810432.9388232,0.0,0.0,0.0
1334,661.1098711981081,11.116859023776064,71.69490021789872,7.692445154760353,10.852604135504103,0.11567933028479217,30.034730702024497,13.290405671917801,0.29453599923266627,3.3180597724485277,2.6359591603464754,2.5924226701859197,2.334565830380458,2.494318189513107,56.96718162139225,37.22460097668062,0.06458786051187987,0.9881261677115483,14,0.04288671990535345,0.11570541259982253,6,0.06379532332657006,0.8679677499531696,807.0,65,2903.566716495296,0.32905614644324865,-28286.62673134417,-745534785.03934,0.0,0.0,0.0
1335,469.64842601446816,12.342571003446894,118.5848866275833,3.3990151394673234,8.022756740913813,0.299588118270422,86.00023699927797,10.46457687862938,0.3234852450015143,1.300503930333512,2.6326687343479294,2.422244988698849,2.278164388936986,2.4550924981575366,16.811232975661216,1.0725477987012262,0.08783092033635143,0.7676195137498081,6,0.012008281573498964,0.29961549837326235,1,0.08466504202970118,0.7168406409850474,1527.0,121,8350.164074893524,0.34655548111728685,-55533.37482529665,-545849536.0032493,0.0,0.0,0.0
1336,422.4788782032343,20.5804568397572,81.20929473061271,7.15722477407376,12.89185776220209,0.14560950460507144,33.90900033921775,14.64160511939853,0.1823557791942489,2.509066360981302,2.683137789460315,2.354478904999409,2.3698169294685,2.3632871939062623,10.03207106313182,5.613469988726073,0.048477719873746446,0.6458301144145444,9,0.016089914226560188,0.1456373853889382,9,0.04941938593179995,0.6364678499120658,877.0,39,2125.3993045075345,0.3959790599103248,-23336.373755133314,-337374142.65876925,0.0,0.0,0.0
1337,627.3356651214914,13.479645787809792,138.13506823057094,9.572526910140223,15.866637536539134,0.07893569072834734,40.976407076249664,5.126057962764771,0.2189056340679307,4.593484931220248,2.6006458619199524,2.2137057335025108,2.5968274762030537,2.4133568220523594,12.12870416359006,15.00675895505757,0.03307212162871845,0.6499616002194827,26,0.06495119787045253,0.07897071872227152,4,0.03223270744935128,0.6428131011088664,390.0,15,747.5619358882366,0.39712086203519936,-21104.400697814566,-476750011.33601564,0.0,0.0,0.0
1338,548.6775736558204,16.73130012184122,45.86082400160449,3.862873359364068,14.267905822453656,0.20578425802384442,90.08528648187342,8.670472107972852,0.1250896396036046,4.805033820996433,2.6619790221055504,2.5161157594318166,2.249443309813852,2.46918315365096,44.090978939662556,1.2818988804006732,0.04968217800925619,0.9423372914134547,11,0.018751848565513162,0.20579710144927535,0,0.04792861183892889,0.829875709049122,338.0,8,266.76690316436355,0.376623109999362,-26054.036589807907,-608957209.2838836,0.0,0.0,0.0
1339,610.5166039887506,15.772969676481669,143.32148576470635,2.2108822418120377,11.755034227924812,0.16866832312297558,51.95647429803437,1.9589111821434946,0.1913689335697863,3.6082677073352496,2.68557699047274,2.3119732386420075,2.3552239101969312,2.456065622888579,11.601153566652522,16.73620320957567,0.03616320912117985,0.7922028103596621,4,0.006921029281277728,0.16870748299319727,1,0.03568622466084917,0.7415222553819908,63.0,5,125.74085222902885,0.2813622160347009,-15478.917978037744,-465211254.951387,0.0,0.0,0.0
1340,480.3219626850579,38.887060395505564,41.053487004615064,2.9444732630004893,3.098446636217404,0.20149480608977,76.05613915106767,11.620654063624023,0.25587894414197954,1.209609787895905,2.6097122875914778,2.253357289129824,2.270358979082542,2.337002624960736,93.3559935238056,3.4869466713579924,0.07608165149696057,0.6556623854182483,4,0.009997042295178941,0.2015380065069506,3,0.07333721273995043,0.6695788319491102,444.0,24,845.5646070741033,0.42652910673366895,-32047.56242237,-460062049.42609906,0.0,0.0,0.0
1341,352.8840003169305,11.87143125580563,97.03517822723315,4.457210879328141,2.0280268697864363,0.11823053417516581,33.99298068255325,11.482237534070123,0.21549134437005182,4.698688236023884,2.6319858351795133,2.555995994762159,2.681299044905703,2.413378280417707,13.584787987319567,737.1233470581715,0.030805198261247356,0.78164071801472,17,0.0463768115942029,0.11824903874593315,3,0.030653371632064934,0.69899591955901,959.0,56,2602.0296420088443,0.38142651757286083,-16895.20690922229,-623974357.1136465,0.0,0.0,0.0
1342,666.8884048726786,30.372358707738645,85.59880407638944,9.553983710275606,16.48826840244504,0.17737493278163885,105.90615377532936,11.749449956305298,0.11542132083068164,3.430701076124069,2.6266891204095035,2.5721897666995894,2.2509619135723677,2.4533713932437773,82.01763783561401,24.023196043702825,0.09369320189916343,0.9834635283908375,22,0.08074534161490683,0.17740313516711032,9,0.08459214085845146,0.8855839404470119,1119.0,25,1745.313840403358,0.3553035230910777,-29136.48404544123,-721321987.2209377,0.0,0.0,0.0
1343,362.5133960742529,25.725136361292314,128.13045685185807,6.933677435301137,14.444558769200938,0.15508031379463272,100.82901441429547,13.103029469892052,0.21949040238227197,2.5002412524369206,2.690889160679966,2.5434322171826493,2.2857700344963727,2.4314824939200053,62.4036530807252,114.64185408769691,0.03796199261182087,0.748728793152355,12,0.028216503992901508,0.15510204081632653,1,0.036651042684430216,0.6919988891425847,1322.0,69,3422.1050167333965,0.3795180448915252,-13227.52683385015,-564398928.8078759,0.0,0.0,0.0
1344,410.6359511096896,10.453269847826698,77.12709961022102,5.483211957442277,5.2373236210634495,0.11872320664876308,50.00051653399936,9.105850921119782,0.347135069763831,1.01309968119812,2.694891099119391,2.576831405967259,2.377057581256202,2.447999710887756,86.09865388336223,387.12180207969925,0.07539657127526811,0.6360249728490319,8,0.027565808932268558,0.11872227151730258,4,0.07273942451797806,0.6114545614000394,426.0,33,1375.2238371632338,0.35215120207984363,-43321.39462200807,-420698044.9524511,0.0,0.0,0.0
1345,612.1110385508508,34.484108059347214,69.28649737611885,6.970067040364265,12.574867203323194,0.2221288705982371,68.66713419034815,4.427346109393296,0.19132430362675584,4.457147189848273,2.6376753292870148,2.2823255481424347,2.580788727794549,2.5147660029404135,67.07899818779858,13.668249194972747,0.08420027115112351,0.8465551855568957,12,0.038805087252292224,0.22212363206152025,6,0.07839108089819641,0.794709884558902,354.0,20,1276.8149954406888,0.3374879402594688,-24114.51566607497,-541441107.1897372,0.0,0.0,0.0
1346,635.149310887536,22.14129788569517,70.29646389705042,3.254631903450239,10.907462650760603,0.12839809306584682,95.67477757117807,2.377078965429643,0.2649574465405048,1.7174011678662402,2.6199906204328,2.500892910939853,2.592723003480062,2.462943920818174,15.014179048875224,27.78537029839674,0.09499547268028725,0.829262598447687,3,0.005678793256433008,0.12842354333037562,4,0.09491970345304093,0.7786382039976263,0.0,0,0.0,0.3881223361508357,-84110.43326102244,-640792875.349963,0.0,0.0,0.0
1347,349.67067424551294,23.96126724341155,140.12612053258854,6.303654691165156,2.0468559206093135,0.11264678062508464,60.130657063587726,8.952948935985559,0.20345959793329244,2.840017631962259,2.6435845217562384,2.182944760503287,2.487915318278237,2.464267679925954,14.884197620900943,88.53496784882083,0.07476690817098802,0.916554727469617,11,0.059035788228334815,0.1126885536823425,3,0.07423657733192257,0.9042553568230368,426.0,15,936.722639308198,0.32321359541273686,-52733.94917439723,-721873988.6545218,0.0,0.0,0.0
1348,619.0260426826858,18.20490981260833,133.72655683862473,5.48063374039105,10.349474168467378,0.2883942754637939,50.19903092554561,13.436638033010096,0.241325028581488,1.827789373180364,2.6790364055582963,2.544929492767243,2.3468738654907453,2.4074767085790967,14.744809174960356,754.377096070139,0.06984527454573497,0.674283134492744,7,0.019165927240461404,0.28843537414965986,3,0.06459670801266527,0.6954189346137528,2125.0,126,5340.858410503601,0.34057392199965664,-27826.14844453965,-541732322.074358,0.0,0.0,0.0
1349,410.3948476472201,45.98586049347204,135.38825674560647,4.604021626682876,9.004961588707003,0.14426088724375907,43.41038498489023,13.5842154939885,0.26058634679580855,2.336031032922436,2.68037752421545,2.4808049914705688,2.410193614168419,2.440265845324422,29.938621741046006,1.457719167161962,0.09684531695939956,0.5807162614229602,7,0.05004436557231588,0.1442768411712511,4,0.09819783413174514,0.5738867608784605,1192.0,82,4788.095586397626,0.34937811666512797,-66792.58555506519,-274722862.78742886,0.0,0.0,0.0
1350,496.6557626428738,10.64856292445476,5.275388556023508,8.385693466516567,6.366750484133791,0.2617957420599403,44.9452419430136,0.4209984126400368,0.10873529476941157,1.7958358671424492,2.606080751139698,2.1714602193663466,2.2078105932054655,2.3654145353733633,46.22388478965593,931.8799406409139,0.07428756190913169,0.6430800314677114,12,0.021827861579414375,0.26181603076013016,6,0.08099198554083065,0.6167200800729784,0.0,0,0.0,0.4148472770189242,-67411.83695432945,-381885838.2843102,0.0,0.0,0.0
1351,459.1617914461216,31.640085276041432,87.15171568048729,6.510969914635834,11.062917215164218,0.10134224682610589,68.21660375300198,8.929059474069415,0.23243080144261463,3.344965612289112,2.6895758430358065,2.15333157915491,2.5160049580583284,2.38188372006904,76.92161479803809,30.79333956128442,0.05546229147571929,0.5529682939421257,6,0.034782608695652174,0.10139012126589766,5,0.057081558630599466,0.5783929076438125,497.0,28,947.0649687119694,0.43640912720743286,-30368.947053440374,-343048405.7073722,0.0,0.0,0.0
1352,543.0973189589777,48.46302243463997,143.44582056364223,5.450448669725335,14.379752526533503,0.1938856165707355,45.58967483747815,2.8175397243995244,0.22383217542259287,1.673063583154328,2.63181329205289,2.19224502988545,2.23936205301381,2.4137356955736435,17.50679371446148,29.22711405682517,0.07291270828321245,0.6490716468364147,14,0.04406980183377699,0.19390712806861876,1,0.06834947471947744,0.6342007869569289,301.0,19,1103.7261830316193,0.378214548975186,-25814.736934651417,-440157648.50743604,0.0,0.0,0.0
1353,481.67917162788706,14.379621068877869,10.195833889771794,6.576072260931815,4.548791912571995,0.08575075152876778,46.06996969970971,7.762697225924679,0.09216262278467158,1.849978209028651,2.6595086282358475,2.4778123992486893,2.3539336591193476,2.403891256909217,49.9227849847743,1.0865610669629242,0.031064156582296557,0.7335746796626408,12,0.020053238686779058,0.0857734398107069,3,0.030755927413888585,0.6920553185914976,182.0,5,156.52232437336195,0.376195174298966,-16988.571434113594,-612026645.2313739,0.0,0.0,0.0
1354,488.18332242477226,34.83580237661631,52.33887875252448,5.30159000289842,14.945400613418744,0.13296904547140903,80.62743789458408,5.344346293638421,0.3294388449537838,3.1289789485598845,2.655450264844223,2.594634648272495,2.5094611158477864,2.422348089713247,15.331092438198285,35.53386432374376,0.08357714949389959,0.9070165266582624,14,0.04548950014788524,0.13297840875480627,7,0.08352681866764264,0.8617675728332319,620.0,37,2603.7197995345678,0.4209537044024598,-63473.448148875206,-752557693.8387055,0.0,0.0,0.0
1355,477.85776426712675,14.399154221592658,120.17603718833588,5.8410366814515084,3.411540288149026,0.2898425967894677,38.07658039965147,10.424972840136139,0.3038715694423081,4.23309596976063,2.683244938804952,2.5637876856777857,2.2844787594327625,2.3950473199887594,61.494980580949466,8.51262537998105,0.0702276612568757,0.5960381078679765,8,0.02525879917184265,0.2898550724637681,5,0.07296742784980396,0.5743239151405277,697.0,52,3095.851620624601,0.4590763253647583,-25018.214920626182,-324737239.8921503,0.0,0.0,0.0
1356,366.51140584458363,19.65344309816576,50.46827093272071,3.688821286053428,17.48620274721754,0.28079806398368634,44.287418734621006,11.496968250552321,0.2836534896042209,4.814022896989606,2.6878740956452,2.521460351660524,2.5994609648313953,2.363107440248454,15.674220777626724,31.490557782611393,0.04712102427970409,0.6994371392710361,5,0.010706891452233067,0.280804495711328,2,0.04407142282883536,0.6851854030539987,413.0,29,1571.694649990754,0.37833087847554614,-22630.633427469988,-516887060.2832231,0.0,0.0,0.0
1357,408.5901537806484,12.213245486406779,53.42379088180103,4.754071113152457,15.995961790187547,0.25859718445844665,71.1220360808236,6.240429380529504,0.15164270033474458,3.6339346983692464,2.624184046770551,2.1177309475373223,2.5895040173382227,2.4446633362404637,12.885030607211942,1.090992732762165,0.057377605530579474,0.6708124430216984,6,0.03383614315291334,0.2586217095533866,3,0.05768525715192307,0.6431048506691863,640.0,21,717.8180947352323,0.2879544964920262,-31220.033005917576,-433338336.16636515,0.0,0.0,0.0
1358,563.7181059946025,11.324954510783837,148.2064229393927,7.706907384715153,2.033709359706675,0.28008883867819057,74.36818707450003,6.2226565823144755,0.14082281471402078,1.156881776848624,2.660493786462487,2.3513309312134396,2.670370285621367,2.362583411641614,17.729750793822078,287.5133961819556,0.08139754028131664,0.63938265418261,16,0.07991718426501035,0.2800946465542739,3,0.07758551918171723,0.5981444664723865,1848.0,60,4978.5873243531605,0.4201121160764312,-23747.804614105655,-398307887.73706925,0.0,0.0,0.0
1359,405.01635954695246,24.774042791486167,126.95007610057093,8.255340667802379,3.238529012097864,0.2532381331369105,46.66850295758274,4.351991145653091,0.2807785894924517,4.213469590513499,2.6473502831782154,2.255123876787967,2.4672069174544107,2.4333232588784486,12.870803522061165,6.012414074284528,0.03350150024068668,0.9786636226143131,11,0.021532091097308487,0.2532386867790595,10,0.033722235549864275,0.9033684634145173,463.0,33,1682.4428900955859,0.3252133117092062,-17861.942411913667,-758272824.2993298,0.0,0.0,0.0
1360,334.07945325347566,29.840117193748192,21.841509266190435,8.743177054862993,12.079910088012499,0.2693651750723037,49.9383089535329,6.849032008677399,0.12628295447455629,1.9943052000917274,2.6007575501151385,2.5322270496512735,2.246316659896192,2.406986446433187,35.50772920786015,574.9508121817112,0.07846391845414868,0.8663556540254574,16,0.05684708666075126,0.2693877551020408,4,0.07690809112314735,0.8328951516169442,775.0,21,971.1457433031912,0.35701287376497115,-42950.850448503814,-667860491.6112821,0.0,0.0,0.0
1361,479.4287931132551,21.337472396485143,88.0164101762204,3.89870269795398,7.713649540901372,0.25591620550288435,42.11409686834535,10.337540941145441,0.2972157989815656,1.657226441010541,2.601082714501788,2.2282758663867197,2.4461926742064533,2.38062017283953,12.103567726317156,25.760424187011445,0.0663419053113172,0.9434290116182616,4,0.006625258799171843,0.2559597752144336,4,0.06666432302440492,0.847854147898615,638.0,43,1628.862167358588,0.4367387047391742,-26086.220305690564,-620230488.1115917,0.0,0.0,0.0
1362,549.8115584876168,11.262762090883516,74.8579051347242,4.407899982389152,1.794345330081397,0.17199459986233379,149.3559568699008,13.374359697978463,0.31333967785320477,3.538862821323709,2.668844751336627,2.4658798065340486,2.657704251185637,2.4662377779616027,75.98117045414983,2.751408000551212,0.0961608103187874,0.8564179243043795,10,0.033776989056492165,0.1720201123927832,4,0.08038691303338538,0.7756156037948696,1675.0,116,6363.722628118514,0.3938436124959779,-34543.7378523599,-713260940.7709044,0.0,0.0,0.0
1363,484.1427765782829,12.562301124238731,59.92469693435733,2.5829500939853904,6.853459036532338,0.143918674750442,90.54886413162133,12.534860952715622,0.29908502734246956,3.678977501763573,2.6421104758071206,2.196680572057952,2.3378860057479205,2.4674464263324256,51.39269880341115,36.63090966909145,0.058055121962403866,0.9151786386454241,1,0.002129547471162378,0.14392191659272405,1,0.059527714542447215,0.8058409364632032,13.0,0,0.0,0.3200004801043774,-29937.51296357963,-675558024.2519512,0.0,0.0,0.0
1364,608.3381642780392,26.456611733484703,50.40869563913241,5.394273311537666,5.420202806765242,0.2893773328664376,90.94980422225174,14.39143912574061,0.3235770291203158,3.321078716494113,2.6296265678445874,2.554403078898816,2.5901291533926996,2.51170917156193,78.54863840204142,2.8951377372793163,0.06067653128172383,0.6893886951011845,4,0.024194025436261462,0.2893818396923987,3,0.06048745346986035,0.6239332649282873,918.0,65,3988.8885865149555,0.2959637217666784,-26501.434927267666,-386819727.50544,0.0,0.0,0.0
1365,382.5947268032212,23.309718057201174,57.17014087765755,3.460277151985486,13.6949580592525,0.12495789348846427,100.3221349389664,0.09880820289948578,0.18500614973757423,2.2633749780368912,2.686672707629964,2.3259562841208443,2.6040218242983624,2.5229182660101923,11.079881941727773,120.96243527363214,0.053628626210110844,0.7824571608173492,3,0.005974563738538894,0.12499260573794735,2,0.05032261652206046,0.7342704462054085,0.0,0,0.0,0.3531454606899227,-33335.142738108596,-580122839.2853317,0.0,0.0,0.0
1366,613.7108124429653,19.879906360065146,54.20757404530981,5.268314033163541,17.201226353931453,0.24653246979419846,68.73218008382882,2.9617622289415744,0.21059153327014715,2.016174395681676,2.627436901390655,2.107156296433302,2.343792760638562,2.4606197986967833,64.94918273442725,1.8684862886368019,0.07785137671022155,0.8629731541167716,8,0.012244897959183673,0.24655427388346643,4,0.07813836232509708,0.7907983216349159,80.0,6,245.3935615475541,0.31413120674469175,-42345.45468035029,-553309612.1059512,0.0,0.0,0.0
1367,405.6099999460092,43.034408314217615,133.5233932701821,8.567375913769755,2.809725589160044,0.23248976930504262,111.8062178567166,2.9917219771981247,0.11687985970433439,4.89803981316374,2.608618515692056,2.3456868314318196,2.295830688361424,2.4602878506773544,28.668130455628535,2.2932353880006837,0.09687683645497751,0.6589727959199683,19,0.05820763087843833,0.23253475303164745,6,0.09187725386800452,0.6527497896499761,578.0,23,1747.0013683795798,0.3382775400260374,-64619.06076841624,-458918924.606335,0.0,0.0,0.0
1368,498.38676381080137,13.969126622049679,55.36009137372467,6.449866143251658,8.810500223996192,0.07022390768978247,126.36012855194078,11.016478389348435,0.3213236155191711,4.501034799284238,2.69412687637666,2.3646727747168774,2.351816473104816,2.462953616720888,50.69824908447429,3.486033683509536,0.05901546732374764,0.9085911594609315,9,0.026796805678793258,0.07027506654835847,2,0.060486855695372224,0.8330018330292682,66.0,6,355.2917157798397,0.36057734583333767,-21750.43577126574,-699035159.9065742,0.0,0.0,0.0
1369,332.2348992132202,22.096341706303647,126.81904418236147,7.742871973239991,16.575108866431833,0.13943225853224495,40.01004655688725,8.194653065763712,0.27863544271296337,3.11088355047572,2.616044187231397,2.3415579425483495,2.2190534618263205,2.401482003522916,63.07863585521785,1.574763148245442,0.03293583104672946,0.9278975618423293,14,0.024903874593315587,0.13942620526471458,5,0.03399497328607528,0.8133040032220152,423.0,32,1381.6432861376215,0.40096504150254386,-14886.370655102419,-827377657.0036929,0.0,0.0,0.0
1370,380.9970684334696,26.174806476206964,53.87552016302085,3.3564887352476207,9.477660562959606,0.1836877912349239,83.15107406276796,4.697511808446658,0.15430333287321013,1.489658336631169,2.693934063328887,2.211680550575833,2.5829744754271435,2.4377965087020077,15.231082147930348,116.56306870533024,0.04652065622357963,0.707654468128166,8,0.026855959775214433,0.18373262348417627,4,0.049606677237219815,0.7112629323045014,34.0,2,35.47815903414933,0.32868262439540574,-26837.358559486856,-636110684.3720438,0.0,0.0,0.0
1371,411.63080136316097,16.255275927442277,14.603371443150198,7.518283407056139,17.321149933561173,0.11529148664364812,87.57083025314574,10.869454292803233,0.17154626669995185,3.3536730819311806,2.680406188241689,2.463730073384149,2.5275174815150825,2.4254012684740465,11.050164038338886,77.23242863777126,0.07583648727028097,0.7906457643882852,11,0.0354924578527063,0.1152913339248743,5,0.07231689093157903,0.7846096715416798,215.0,7,393.56911644065013,0.3860039094065719,-30939.411503209063,-586725556.3600901,0.0,0.0,0.0
1372,370.88895546273034,43.089731749558986,111.75370159383648,5.834220644419872,16.352803694791525,0.16051826453717027,47.202406756678,11.891528903725245,0.2185529660750068,4.876750510121852,2.6800744595262667,2.5044921658161976,2.4684572282371144,2.4818087062234397,37.61389530832426,544.9670245630489,0.06384687830013397,0.632240191594631,13,0.06441881100266193,0.16054421768707483,3,0.0657229923265989,0.6062392764978701,1039.0,45,2257.2051228586038,0.3470232837133649,-25133.974311271042,-505345257.16679513,0.0,0.0,0.0
1373,367.8821671766847,37.28903417393288,88.15372789722656,8.90414819478405,12.626096076872827,0.12286758795821635,147.10395345256168,8.61683647125388,0.18585811632326715,1.1961083114918707,2.6874125711986885,2.1494741495499303,2.6565781319111728,2.408558045037729,11.997440478462222,3.619495564992704,0.09550436103511901,0.9122816384958556,13,0.03064182194616977,0.12286305826678498,6,0.08732153538077146,0.8705290369923242,905.0,44,2433.886733912874,0.40870919221546487,-52877.30413639558,-704843823.4130031,0.0,0.0,0.0
1374,645.6504449102849,29.044421072250437,27.165777284687536,5.028799154215786,14.77728308342129,0.1250472659209389,149.2998204066464,13.90436057777369,0.28540709878756054,4.595409040151081,2.6549982436912862,2.3417715086791024,2.5530730882006476,2.421667157586561,33.44032585982884,215.5481015088067,0.09298815715831396,0.9447826310878114,12,0.0396332446021887,0.12505175983436853,2,0.09237464750583141,0.8621790191857172,632.0,45,2738.4527599125418,0.3610334281181937,-49390.364431460264,-645844084.5013192,0.0,0.0,0.0
1375,367.738136543079,25.81038221178607,131.17903503273175,2.16834294522043,11.380832603586283,0.26243502208151587,30.8926155213829,4.62595452067742,0.25066725328600514,4.005606809692584,2.6654118211614923,2.3536489601596973,2.692625423490012,2.4617367115022324,71.62142234126792,9.948022319571077,0.0811753679371153,0.934835315620197,3,0.017391304347826087,0.2624667258207631,2,0.08361321059060561,0.8804142121219636,281.0,18,1413.633755524446,0.42213683652518785,-59190.17911436972,-968235941.7598559,0.0,0.0,0.0
1376,444.5319582491578,42.450292746176046,56.47698518236485,8.332160962216811,2.6647956863457,0.09209748897824128,36.418635046984456,9.139013576311717,0.3376669099392551,4.4509314902264006,2.6896207677139405,2.420035474040242,2.3288117382179103,2.4206875939161465,29.65730124662463,14.196901046824657,0.09674675873896221,0.9784099729521973,12,0.008932268559597752,0.09210292812777285,8,0.09283494466925513,0.8786003883256857,297.0,26,1201.0748634712456,0.35951411143188094,-35619.18494996627,-880389397.1965513,0.0,0.0,0.0
1377,481.3869801014241,23.653710600516753,5.83788319753038,3.6569789766223746,8.753394234308931,0.12226084872132827,43.61601784356908,8.894863274210286,0.14365200613822096,1.4344429436093975,2.6468753966337997,2.4669335882243493,2.6336662829170363,2.456492201075634,15.827036314974634,11.266285114544294,0.09463290160015425,0.9529868749974997,5,0.019343389529724933,0.1222715173025732,4,0.09110638864866986,0.8614618566104055,245.0,9,183.4555962100386,0.42827729422993954,-57458.13612525494,-632219759.4487008,0.0,0.0,0.0
1378,431.40907307420775,34.10549194249249,8.450017564990365,5.318097778202137,12.12826815818425,0.2672188480196142,97.49367559645573,2.999924744059447,0.17325585623135514,4.452065904911732,2.6512326150041545,2.3788754719034584,2.317707587332316,2.469005509592626,10.33629362758823,4.799324980201888,0.04064805168907837,0.7525843272060626,11,0.021768707482993196,0.26725820763087843,4,0.03859665955064298,0.7171401374402989,93.0,5,138.44165469046573,0.4461601533922317,-25267.641932835068,-525487868.2984032,0.0,0.0,0.0
1379,513.7816397295619,32.73427229890106,138.86572368560758,5.406721959203397,16.90031175356109,0.14545351050395344,106.00441602866633,2.1762910089108622,0.26814374414225683,1.4298630410712572,2.679858719290677,2.495849689858105,2.478153572067593,2.374224970875642,61.77239642469635,265.72156908965616,0.09991645686928721,0.6710430047681994,6,0.01981662230109435,0.14545992309967465,3,0.0822893623106597,0.6692788997154591,11.0,1,58.546465110870415,0.43051216338678255,-29643.344526821147,-398600442.7179729,0.0,0.0,0.0
1380,637.8532143174114,15.540033267903473,57.647152910103024,3.8348789246506048,7.1751067385782346,0.264107190728026,73.45341891310552,0.5362036704210826,0.21849593459372468,3.0331361374072237,2.6056522178893404,2.538995490603597,2.572448793234273,2.487412511186586,31.524321528082208,798.3825226677734,0.06824104284527624,0.9585736593411537,3,0.0022478556640047323,0.2641230405205561,6,0.06562541364090958,0.8766730928121219,0.0,0,0.0,0.34115061588961915,-21577.251296049722,-640622779.6491896,0.0,0.0,0.0
1381,596.3103810597174,26.994216855842556,123.80462152838565,4.884538658270291,12.183672930796273,0.13592194402898655,55.374076625669126,12.994246090436633,0.11011393413546626,3.7458918629401787,2.6344046693253746,2.5602682198384503,2.4555357252413414,2.492139504073562,67.25333938883816,268.2475790116308,0.08619509420743893,0.9305888524533832,12,0.04862466725820763,0.13593611357586513,2,0.08169042076805265,0.8662133799435829,846.0,24,1201.472329474411,0.29431396250799535,-37412.63801255331,-802122495.1965264,0.0,0.0,0.0
1382,661.168177721195,10.523221853702475,137.85131433546687,2.2635412029150004,2.1886374346347766,0.2960189406452545,52.807918430478516,12.140389414278266,0.0997070654271931,2.8528514196852197,2.6031134869468855,2.1157706294684555,2.6879746603139396,2.498032609955491,30.461876878056383,1.6424854273547342,0.09426219360613143,0.7854184531733064,4,0.018101153504880212,0.29600709849157053,2,0.08658961019543598,0.7555591588628073,511.0,12,1263.3163282663706,0.3625204385816656,-46922.98582000195,-533322576.5282665,0.0,0.0,0.0
1383,571.0830348307097,28.19041715961462,102.0576788779785,6.630445266253679,10.549790263060173,0.2643918623684628,133.61326361616776,12.20277452738141,0.21971034915155901,4.308623458566337,2.6059299929190014,2.176848323206432,2.33781726963634,2.4403518186254636,14.793848367076414,1.8990892228670053,0.06633761882031207,0.7864555291178907,12,0.016089914226560188,0.26441881100266196,8,0.06568000932870223,0.7698679656185042,1695.0,79,3763.4742552075745,0.33505300181923214,-39877.13172025829,-596912642.7197199,0.0,0.0,0.0
1384,438.7205639278923,32.29940740016358,32.44876957682959,8.561594439499135,7.8623538179167864,0.13804364793310786,136.29728578103692,7.404780572777237,0.2166880680980994,4.849095611275798,2.6202012417136773,2.18447852578857,2.2122209030706674,2.4057483574893306,15.435719125344878,137.6915085466109,0.06268931351331013,0.7253810990155973,20,0.05820763087843833,0.1380656610470275,8,0.0625894789459421,0.6992033330453958,853.0,37,1641.8910145337647,0.4229537633100695,-33368.240703071475,-577103952.5622509,0.0,0.0,0.0
1385,487.1581582933011,11.464028645049053,46.37238108357283,2.140980679199246,13.555312396046446,0.12957606243435071,94.82015702136074,9.317016361717025,0.1685452915086139,3.431598479699338,2.688144949054626,2.3899699194058064,2.23641243761623,2.3615431946334415,54.7450215929118,4.888908507490355,0.09816000697731736,0.6629947946743247,4,0.0014788524105294291,0.12960662525879918,0,0.09488888482633662,0.6497072206593484,193.0,5,138.27910914470587,0.46306632768695577,-65016.31592549218,-518874488.8795308,0.0,0.0,0.0
1386,486.679772549322,26.984011190874828,132.19012855832193,2.73384480813868,7.028908671224368,0.28415395329392523,139.79990591310553,9.842620155377862,0.20406412873931057,4.703489943726739,2.6806815172444614,2.3101462968700823,2.668086484226583,2.457173867550919,39.64508450097729,2.365111469453468,0.03113762415117753,0.8356547058084427,6,0.031824903874593316,0.2841762792073351,2,0.030994722287024372,0.7489044764533116,377.0,18,549.1766630407529,0.41410222780430805,-20040.933025621183,-680090937.8796722,0.0,0.0,0.0
1387,324.35619964255767,13.670088689700702,15.784865137232007,3.442070739305085,13.66664604048284,0.25040191124866124,37.1797487665682,4.5856531359033825,0.1950650437622473,2.801875141834712,2.66354247714951,2.3583117988074727,2.5085625969055885,2.3912401150189706,29.05966042850228,1.2016428757572517,0.05830285341152208,0.913532188690442,0,0.0,0.25039929015084295,3,0.05978527546678979,0.8369866949235406,0.0,0,0.0,,-23655.785483796233,-716779927.3759046,0.0,0.0,0.0
1388,349.1370122972827,38.92250288940194,88.33156913999277,2.109337496816261,9.494058727550321,0.1433028532362991,58.70056388592459,5.176326706693595,0.2905303523430427,2.3861426227035563,2.6487832799883373,2.3599480107139867,2.321307830476397,2.499384999326521,13.024923535619617,188.6557326954168,0.09631461274943699,0.832482023440525,5,0.008044957113280094,0.14333037562851228,2,0.0974658127579861,0.7796797157088143,66.0,3,165.9384532919949,0.2982410386171974,-92777.02865421676,-712959620.004808,0.0,0.0,0.0
1389,657.653676625276,29.419412208935626,148.50198843298952,5.765176457699006,13.108519316519814,0.13290049356013633,49.82767009575233,13.994519744907981,0.21457604770160663,3.699416521440174,2.6346329548724094,2.2866537251857153,2.5316412162233988,2.3756308294169375,43.64280405135984,1.0716290276153222,0.08315463729825416,0.7147356908249123,14,0.04324164448388051,0.13291925465838508,5,0.08279792698797836,0.7132495710559746,916.0,48,2866.4948809778884,0.4191648751050905,-43538.62158240823,-468411014.4354458,0.0,0.0,0.0
1390,602.9063571014264,48.434431900786336,21.588298015063135,2.0173609286597367,14.687192004260249,0.28232502307007523,55.703640637422176,9.841645094233982,0.13877835628756635,4.5352837111709565,2.612224979360905,2.140254871277322,2.514570380308114,2.3906535524811026,23.57122611053301,2.9687802276694732,0.07216280941638999,0.9080183825206098,4,0.008104111209701273,0.2823425022182786,1,0.0729937735396909,0.9025714382974321,196.0,9,335.86086083115856,0.4714701568729458,-38075.381852731574,-690722179.7205739,0.0,0.0,0.0
1391,464.588730451175,12.760772616157482,54.55662641644442,7.223167145902196,15.228645039496685,0.2208142485950877,35.643098451456154,11.087491902149411,0.2281147936174322,4.1632961199598695,2.626103583903257,2.3426823589712016,2.4558102740914776,2.50856978285622,13.304620636469632,87.8869298215097,0.08777072869393882,0.7880802633460731,10,0.026678497485950903,0.22082224194025435,6,0.08253347399042181,0.732384564218562,997.0,58,3558.690565254322,0.3391936033671552,-39296.81888383317,-552891655.5371791,0.0,0.0,0.0
1392,457.01014057483394,12.044686635266078,124.80806859992214,6.59530778643817,1.3224252854965377,0.20266886358152292,61.57173223181415,1.4663184745052145,0.3366147654795253,4.395885116838995,2.6527695216881075,2.1316249958488958,2.690063802749197,2.440235415833697,17.275016464171618,7.104358709451148,0.045560809172493714,0.6415258023699675,9,0.01650399290150843,0.20266193433895296,6,0.0453126838523482,0.6689554804111946,52.0,6,239.19377239232136,0.3992085149524738,-26173.58543527867,-484768279.5702344,0.0,0.0,0.0
1393,612.0561038942155,33.01009233414463,10.613080558924198,8.298138688845615,2.7211951113538686,0.13479285212116932,36.94123900642129,2.0707000827348905,0.2175943092799529,4.55891237274775,2.648960947267416,2.589650100170144,2.63364623018488,2.4160601898482086,64.37177313668899,11.59616628732684,0.05619931492066389,0.9844600717274768,15,0.030227743271221533,0.13481218574386275,7,0.05741977071893299,0.86902511808733,41.0,6,201.0578634475663,0.3764713722659754,-23488.21478091123,-788670916.5877948,0.0,0.0,0.0
1394,520.5587036541442,14.146927307075112,115.13514637685829,2.0258821297520653,9.384663651375638,0.256658277729341,71.82283161474692,1.4145535392491633,0.1957860221820638,3.9665185050895184,2.655498666364992,2.424636888458497,2.2854224799910776,2.427837430525371,43.1088322856414,5.849078051207241,0.0636272857738987,0.5339316171913151,5,0.023957409050576754,0.2566696243714877,0,0.06392363601901045,0.5432575144139694,59.0,5,185.06932117961495,0.3558455200706159,-24616.670838480153,-319971209.72062254,0.0,0.0,0.0
1395,356.2061744979747,29.329552259436124,43.17464526235913,6.944847918171675,11.074557009629643,0.23213493747448283,63.4597928863136,14.30492185127906,0.11811561669582563,2.7365778598679835,2.675069286859071,2.266917693433738,2.430215408599402,2.4366041123867954,34.39528580808083,52.2040398955806,0.05718740412820811,0.6051684103297872,8,0.013309671694764862,0.23217982845312038,3,0.0571071910282486,0.599945718608595,1276.0,39,3474.363950004057,0.37111935229179105,-22179.96319672455,-449561740.2635171,0.0,0.0,0.0
1396,457.9999343706187,43.846591911245795,67.19549173310351,2.9963047201372355,2.095307358022175,0.10311822501315603,71.9316342971362,8.404420698899585,0.22947052568157547,4.515530253805169,2.6663648328305305,2.3776462239121523,2.4574974263370715,2.5304701278470647,22.255948049712266,16.274813341534472,0.08536755658089709,0.7513753328699785,6,0.018870156758355516,0.10316474415853298,2,0.0797486750257338,0.6952660366905431,451.0,20,1488.9063665123238,0.3051272294746612,-33142.35574615986,-476637813.29015297,0.0,0.0,0.0
1397,525.7212082330454,25.6468151592775,81.37119531074039,8.685957381527466,5.409477896650337,0.14592670612853187,38.27051703025732,6.400109937423145,0.11334480967515047,4.518502422212881,2.6467640638338614,2.4081136414334177,2.3274982810839284,2.442515656280419,44.06759036442921,134.45877406991676,0.0857635277457425,0.9826046192272448,13,0.03395445134575569,0.14593315587104408,12,0.0811978478763309,0.8972483005651394,394.0,9,296.98419444413776,0.3175040813420753,-58347.035584295474,-817284962.010054,0.0,0.0,0.0
1398,343.0436011424281,11.440151925100395,20.837317352837694,8.33050844210511,3.268506475477852,0.2925842781480632,46.402603459976845,4.996811851946204,0.2549753597591605,2.9728644896360943,2.6153523328650032,2.117263759254464,2.414370645506837,2.4867747868830334,47.97056088746904,2.5895731509826305,0.0704713799884418,0.6230287568001635,13,0.032830523513753325,0.2925761608991423,7,0.06996364980421797,0.5721412428290685,564.0,38,1954.366440194499,0.33468158858714814,-29406.187124345575,-444705555.2610691,0.0,0.0,0.0
1399,515.4982056179634,10.200589768703933,33.04008647485059,6.898420604386291,12.6655758997106,0.28373779986521996,117.47287594894037,5.685355722457995,0.30659804667695323,2.131389880375864,2.6842745488737845,2.40165285741478,2.2507981683952463,2.403831444423546,60.60359569451376,56.030365630570905,0.06359553562291223,0.5180044202130515,12,0.027506654835847383,0.2837622005323869,4,0.06381850815799059,0.4887983057168018,379.0,23,962.8095403504369,0.44335107311835564,-35698.1923368629,-249183513.49728233,0.0,0.0,0.0
1400,445.71360072648037,49.80888086616206,1.0199096323555035,9.992769784818123,4.214037406448061,0.22875061144702546,45.9173703334515,3.1645030088804327,0.2394958978967171,2.3682975628665357,2.695353473534774,2.5709164103609314,2.409530955851683,2.380331793134491,34.083414445791064,423.3111566969121,0.03936538606113834,0.6937491390292887,12,0.030523513753327416,0.2287488908606921,11,0.04009012879210276,0.669024373164689,254.0,21,737.4870191776879,0.46832708892395525,-23412.774113243824,-586439705.530391,0.0,0.0,0.0
1401,583.4519324269534,16.398921061668176,32.362147967354346,8.58550989571843,10.648747758976087,0.14777842350469578,38.92486936900909,12.759109596957622,0.31157501222494566,2.4175628910054097,2.674935947496964,2.4042683055962324,2.484570199523814,2.4624161392657493,65.62687444392733,46.404164949120194,0.035928512449481254,0.6250239975584093,15,0.04868382135462881,0.14782608695652175,2,0.035384616358051395,0.6309969909838113,1003.0,77,4176.832857826923,0.3354497424735037,-16651.169336407675,-303535943.22288144,0.0,0.0,0.0
1402,479.0743118236227,19.998666446387976,117.25234933699922,3.9855911403389763,3.0592520346683596,0.27526446181350006,119.93975771311777,3.7222182937737003,0.09957101537716762,1.0225665554000294,2.6359793412525034,2.4041202816114366,2.2132102048496303,2.488963126155084,23.161839998815502,197.7375729251839,0.03837063233923099,0.8588633122332473,4,0.0037267080745341614,0.27530316474415856,4,0.03800568612585733,0.8499060011988306,47.0,2,29.297165403552846,0.2237474588916566,-15226.533293851011,-640959754.5841904,0.0,0.0,0.0
1403,456.5823076260606,12.577839445626585,33.754172496217535,5.474510098370097,12.26975270267736,0.21709495142547391,42.77156930305623,1.4612620804193872,0.3302526832331708,4.4946268809041445,2.6219791081978494,2.1670449036822794,2.5690861647274303,2.349610534848195,21.16781182528813,35.59912029294299,0.03990044478475046,0.829766317544901,8,0.02295178941141674,0.2170955338657202,4,0.038552347518118,0.7715743487462463,69.0,5,272.0081634534881,0.49256739703046604,-18066.686455035728,-618204382.8812668,0.0,0.0,0.0
1404,394.2246079205379,23.277987916179647,13.85355698345993,3.0729747551343065,3.7832588277745027,0.1840729785298782,55.30044203850452,3.673703236331546,0.3461832911661654,2.7031251757475525,2.6663972812713865,2.499243836073376,2.440453904559315,2.326287703860652,42.51892737586759,32.74629667143792,0.051522059919516514,0.5991712723952165,4,0.013842058562555456,0.18408754806270333,5,0.05172840600760518,0.6173610711466312,81.0,1,7.797576983690973,0.5867616897255283,-26007.78913605663,-431746121.734348,0.0,0.0,0.0
1405,439.4505268841655,14.71513032532064,148.96548861231952,3.863251050940055,14.053905009014354,0.2518626953267037,34.92035634135027,3.749463165159449,0.27911147525367713,3.7151046328649135,2.663538652970449,2.24411774465604,2.4496008128869278,2.531909314356641,50.98864248842908,18.305252053920057,0.037564636862868137,0.9830527288514941,9,0.046968352558414674,0.25187814256137236,3,0.03690161822230102,0.9070278141177638,613.0,43,2533.9575377121464,0.2884343324181584,-14611.754399042735,-838403475.5745498,0.0,0.0,0.0
1406,336.91730595306336,26.368564930878303,30.134465969848527,3.2244261569641246,15.669004963420667,0.12525177662916193,44.21415449730399,12.566787408568393,0.28608791426260455,4.883664424522513,2.6371043672546066,2.489344176722193,2.224331578048064,2.432899711481467,19.302139516135142,24.285955063331294,0.08579249571407478,0.780969210651753,5,0.012244897959183673,0.12528837622005323,1,0.08544388531351552,0.7124202281193174,618.0,49,2903.948843247317,0.3977172872902224,-30023.038170542306,-508457787.23874754,0.0,0.0,0.0
1407,522.8923769907911,47.56618696755818,132.39837301945306,4.776275556357742,15.137974532264908,0.06431999843418572,68.48640852613553,14.699703446273674,0.21891451568795664,4.205303937470073,2.6193113223523787,2.4016921968559886,2.2362457634666417,2.548755944242506,40.45455726943691,47.92945834223743,0.08585580080263888,0.7606012239417151,8,0.021413782904466133,0.06435965690624075,5,0.08546573811538984,0.7324043071568892,309.0,20,967.0089892619641,0.34727866261757523,-50838.31075266737,-468843348.84761477,0.0,0.0,0.0
1408,447.4315086625781,40.319444994361014,59.738830976316095,2.0942286967789476,2.3748122970168346,0.2035534158870757,57.138504770577335,2.481829269586686,0.15550917432590972,1.6938135683918567,2.6305243654981836,2.349970007022563,2.511221843954371,2.4652858767473584,27.458174186680278,5.5593189688982445,0.03356361111378116,0.798193931924326,4,0.02052647145814848,0.20354924578527064,2,0.03321303947760864,0.7433953996560134,61.0,2,89.42152671765902,0.366548013722253,-20324.747796146105,-587295308.8932264,0.0,0.0,0.0
1409,517.1315494207827,36.83237624961765,22.25124648310002,5.257309949228411,13.087754745621718,0.27553511565113636,43.7864536432742,6.815634299294579,0.21110261302522107,4.7406819114245025,2.689391618683162,2.590285353410926,2.31516634759945,2.4167621255578124,26.61848059705788,100.22388058500859,0.03833656521979723,0.7896103221601478,8,0.04253179532682638,0.27553978112984323,2,0.03915141193354887,0.7060616635013993,1098.0,47,2120.203430146389,0.4099284580272724,-27296.42484885054,-546242623.3751866,0.0,0.0,0.0
1410,375.9274635573514,40.11296113468744,117.3098213805742,5.761051234282514,9.14369310914262,0.21324840194607203,67.75114413114325,8.2951288281013,0.2198670671370475,1.948442098579116,2.665985056691458,2.2834684972099,2.574540314540055,2.42966807018292,19.15263982865609,1.1274753701984717,0.08116941207654013,0.9948599750533862,3,0.017864537119195504,0.21325051759834368,4,0.08125408169527928,0.8668846885089632,32.0,1,1.103843263087079,0.4545422106499246,-45842.046784861355,-977378015.7888484,0.0,0.0,0.0
1411,589.3616715094331,20.005527416388297,143.0314500720078,8.973417993781101,9.969595716206145,0.2644065514770204,35.19933713472703,2.9135916392712953,0.11486049841206274,1.5239511737890377,2.6326978431737404,2.5390884280832906,2.2025093103306292,2.342400854587362,17.9405343942985,49.10318914122168,0.0518818369316285,0.5618311534460495,17,0.029281277728482696,0.26441881100266196,5,0.053279855181194935,0.5560540081097013,278.0,6,54.29563697927236,0.47595143125495776,-30594.591966837324,-256241230.519382,0.0,0.0,0.0
1412,397.1679444538192,22.574490104234037,6.99779024395788,7.17753561950009,17.54711646730184,0.0935603708761107,41.605155857895305,6.117999426054391,0.3032275209080141,1.6481968699428613,2.6929933972319278,2.579103818558125,2.642130475118159,2.46633310541209,31.96112050626743,531.4095840778732,0.07480142548474573,0.9729729686562385,10,0.011653356994971902,0.09358178053830228,4,0.07006673872216705,0.8864476645536263,168.0,13,716.3591920115645,0.32603048001877566,-40525.94967339412,-861198219.527831,0.0,0.0,0.0
1413,656.2271953411217,36.20382432934505,96.14460836666137,5.43629256564297,14.000083967671479,0.11700445643654601,63.78016850931995,13.332134867138965,0.2861472661379001,3.1950916808679786,2.665684134607734,2.4002915080137663,2.384658340738001,2.488474459939566,40.45998226802382,234.89591186101364,0.09540903708017705,0.7824464785291905,7,0.019165927240461404,0.11700680272108843,5,0.0844647110877499,0.7374172776779323,366.0,19,1240.2718007599094,0.2739973427372009,-40667.68784639775,-528660999.1065942,0.0,0.0,0.0
1414,597.9420906495075,14.0464397656197,120.96873435119885,9.668736300994734,12.685741496905818,0.08188911761167623,143.55882883124445,1.9570451948889955,0.15708823344374384,3.8942872522162664,2.6704608401283982,2.3214327012586558,2.673024141081375,2.4885611390498643,23.75153679862973,75.69112197261101,0.06154893993815015,0.5585753810854508,20,0.042295178941141674,0.08192842354333038,9,0.06158306221171627,0.5564213259142461,59.0,2,14.193857970801934,0.35049777618576394,-37854.848945154954,-328613545.38684297,0.0,0.0,0.0
1415,433.23589198769054,18.326636894318213,41.5545253280382,7.124892964824953,10.514304476006524,0.11889400205514898,50.863346038183224,4.714890348906074,0.20036964859890966,2.3013825492050892,2.6470665861907885,2.1563028848710752,2.6587580765226564,2.430125702325476,94.88345976413395,135.56544430123915,0.09988749154471631,0.9814802243834451,17,0.042295178941141674,0.1188997338065661,3,0.08267831054421086,0.8158401903570245,157.0,5,126.63679902874608,0.37834320704980584,-53980.37334104505,-806587744.5649545,0.0,0.0,0.0
1416,517.9351984939024,15.966042094060397,60.64234734049771,2.0123009814847377,17.694605205770802,0.12470534158203524,68.07487070707552,3.4046409961678674,0.34925494141399505,3.3326818321795377,2.6197836059501864,2.595904142757978,2.5999625725355995,2.4535459852032266,15.387999892860524,208.99880920467308,0.031286240149432494,0.9787795416246299,1,0.010115350488021296,0.12475598935226265,2,0.03228552247467953,0.9140784877607229,0.0,0,0.0,0.4306594964958115,-15883.960862402153,-733072288.6604735,0.0,0.0,0.0
1417,364.8465088407535,16.904601670644844,46.124711756217806,4.628393387722786,16.21754597751179,0.10622656698098669,92.16018599399756,8.500835686147973,0.3253949631479163,4.809923241170642,2.6697969105938015,2.596542665842475,2.506426254634103,2.41280598206472,54.687775280075904,3.327293320294924,0.040196034448927206,0.948212953474858,12,0.03714877255249926,0.1062407571724342,5,0.039419713319378054,0.8929064230621929,336.0,27,2594.9388199001937,0.38895863887119875,-21436.714077857792,-709882636.568459,0.0,0.0,0.0
1418,528.5022241764063,19.537379436934145,1.063688752698544,9.707023058028115,7.958725500889338,0.2906129219422865,79.1780290484787,7.3185433716703505,0.3050493088212828,1.1701913125507257,2.6643178003587504,2.462255226655205,2.283912323168745,2.4037644585579807,35.0684431599867,595.4603819111273,0.08685280163053348,0.9186894247668236,15,0.015084294587400177,0.2906240757172434,9,0.08412618027507583,0.8924237096581819,920.0,71,3561.3482683183715,0.4381063210263796,-49880.997152243675,-810816612.3622073,0.0,0.0,0.0
1419,612.744085561429,18.941266767955913,134.12527875304554,6.0882268554394505,12.301307539522716,0.2791477575780128,42.68691934844724,9.128960341114434,0.22143933342539907,4.441577992971644,2.649480911188039,2.5174840162894636,2.2426983335388084,2.3867969213333486,86.5196769174326,313.70251293352567,0.0695370959532843,0.9479515377337431,12,0.032179828453120375,0.27914818101153505,2,0.07299296956087965,0.8772986716590991,1417.0,65,3066.317661443362,0.44406231287081166,-28469.1117261151,-639622080.1672387,0.0,0.0,0.0
1420,354.0746442690341,11.486087792725227,69.09028890359137,8.831279065561898,16.120281478967534,0.1404636264393585,47.74204575564764,3.464258239442863,0.10784536011784238,2.6518125909860046,2.675535672680343,2.236020368052514,2.692478747876044,2.407992037029317,21.728436499675716,79.98403135578624,0.06662016456442646,0.8445951851793763,20,0.07766932860100562,0.14049097900029578,4,0.0679328366452896,0.812935886132889,200.0,3,268.21618377861876,0.43606987171630873,-33665.9752313965,-686723746.1825761,0.0,0.0,0.0
1421,656.5964467530366,34.96303857633234,33.0182761211572,5.88787428593506,12.415573885332925,0.2616404565522181,70.85138982420665,10.97591023308808,0.31558348349263254,4.539532089887707,2.624069786210143,2.2544096856529197,2.412501567419864,2.41969763049588,76.14764367112262,260.0912780650568,0.0422322779682411,0.8889248865633385,12,0.057852706299911266,0.2616385684708666,2,0.042522583636223556,0.8140836750203537,1756.0,132,10557.013065309697,0.4403128880895868,-24222.67931123178,-683527778.7080479,0.0,0.0,0.0
1422,421.60201971330827,34.79002681362636,89.09210415291382,3.765815909852881,12.531457615063692,0.07232436120708731,127.78317514904879,10.235722286869326,0.31478884334184865,4.958906831116682,2.6252196128164176,2.2035740551210092,2.3051456355495534,2.3781839168816066,11.548140112518759,540.8338447551579,0.0568336246355856,0.7760544058485941,6,0.019461697722567287,0.07234545992309968,1,0.05690233832441734,0.759104031463504,301.0,21,1505.9936712916547,0.35450662967940527,-21644.548355263603,-512442400.3134675,0.0,0.0,0.0
1423,495.40029289724043,19.24319814616754,62.822420773345236,8.558496395283768,3.814921223499196,0.07989064387781662,83.64749470647365,12.43055038362685,0.226709108333569,1.2984336850090554,2.622764093445235,2.49901686416633,2.596318937854392,2.3552261757872333,20.404456641197704,396.1207585293792,0.054523183478394424,0.9515219773189139,20,0.03578822833481218,0.07991718426501035,4,0.05153403785963864,0.8913930424405837,1099.0,43,2320.9618643590115,0.4224799926901337,-28296.489829112885,-824710180.5738728,0.0,0.0,0.0
1424,383.5248340383814,15.768898606827362,105.89445199976737,2.4491093879630768,16.721754212273893,0.2806331249083893,61.31851915541207,12.104286075641578,0.1464307745211946,3.6789780255067006,2.660612239409392,2.5958405875134227,2.656445232555142,2.5301940689880564,21.686925293868782,144.0460357234449,0.0939075114154795,0.8837859754551091,3,0.013842058562555456,0.28062703342206446,2,0.08748977465714419,0.8411960305950804,587.0,19,1712.5211468623074,0.21021454607111378,-44915.42615489443,-556336638.8949583,0.0,0.0,0.0
1425,434.3744399543455,40.45501582370241,72.44380749238334,5.3677418292947925,7.338867684794732,0.29846745699762806,108.8676970265771,4.762195640955003,0.16120126251749417,1.9657017671488242,2.658315029970311,2.3354507411749923,2.3692696586779776,2.4886885788918587,51.58143431069532,266.0691003634972,0.036719324361251575,0.9581727718477456,14,0.040993788819875775,0.29849157054125997,1,0.03644766113188597,0.8798914022541566,652.0,28,1861.4387265154305,0.29537013940402046,-20583.69315827702,-1091503573.9958572,0.0,0.0,0.0
1426,635.2156229342816,11.796174872640066,39.61357800350128,6.966950582813631,5.476451824361583,0.2957516813656121,79.65933069378936,7.463361549531792,0.24609735176586886,4.878442572017439,2.636191978730546,2.4087526464770495,2.2942126532314897,2.433996099861533,44.82787230959655,116.6901962457647,0.08350550502215318,0.972515819426476,12,0.04365572315882875,0.29577048210588586,2,0.07655260205157828,0.9043958843783539,677.0,34,2597.945014147456,0.33666031008427666,-42014.8827913346,-898020285.351146,0.0,0.0,0.0
1427,397.9551944694854,14.26987936967959,44.44681428325447,4.606864062365813,4.574823351081799,0.15939212675209907,31.70237248244139,5.200143170625495,0.33168135451474323,4.3149931746520025,2.6777743877883373,2.5167862397500236,2.3385155935354893,2.475606827125375,43.95119716919302,14.289832966462694,0.047520836350993495,0.5044142343505962,9,0.03797692990239574,0.15942028985507245,5,0.047980799300057844,0.4855640578011737,452.0,37,2199.5329707200412,0.30477645135694864,-18563.046116155023,-370481789.9785705,0.0,0.0,0.0
1428,623.5745086973386,19.666347203329348,12.860681598144275,5.11347239355654,6.553535955214427,0.28676862342493636,31.121995584694165,10.644033159841673,0.3469633663870908,1.2719830372974053,2.664529405687163,2.171008745196331,2.6569649222319427,2.482982744280801,74.91945710857992,1.1208677875702195,0.047663619809200995,0.7276295870489407,13,0.02377994676131322,0.2867790594498669,5,0.04634261548902806,0.706847526148339,1728.0,148,7992.605263835848,0.3421114430148875,-24121.026209237203,-441468263.7025764,0.0,0.0,0.0
1429,576.9027851403584,23.382042908989504,3.4997448565291966,3.9072436884890474,11.975465991971564,0.15438825265529849,112.26934378602752,12.6781144169748,0.13370868225373783,2.373720694567703,2.6259787467171822,2.21529307172202,2.4795136886377005,2.3190429890189788,12.850236045108625,181.2060581918965,0.03299025034188667,0.723599674485828,1,0.0010056196391600117,0.1543921916592724,3,0.03247167052887916,0.736573173354762,0.0,0,0.0,0.427277329341488,-22914.317945480318,-483617760.31138813,0.0,0.0,0.0
1430,323.7662638723962,14.579846368568761,90.64391444681534,5.4043130247799,11.539953467044127,0.2318343439500855,89.35493305574443,12.047635146374697,0.34839303656092857,3.0633962457768504,2.6870583521957188,2.196734422350361,2.2980039233534395,2.4320261409260295,19.83988642048688,536.641983885125,0.049051910361555706,0.5116604960406055,10,0.023306713989943804,0.2318249038745933,4,0.051322516193258054,0.5242842890646376,787.0,70,3428.8253466742117,0.3885944791128857,-19507.765683850852,-256511034.42609942,0.0,0.0,0.0
1431,602.2820481198041,33.733494797432726,77.39202772925088,2.8121444908915,13.339002633813209,0.11386061257374731,37.42621826874546,9.872999722284892,0.1385457400046472,4.061988285933424,2.605869424412722,2.217276788599987,2.3969695135219395,2.4722557531346694,43.232368251830835,30.71027385011539,0.08837618890691443,0.5587925120650435,5,0.011416740609287193,0.11387163561076605,1,0.08408385376531814,0.5782161000986025,158.0,6,343.4072142844131,0.38409694081027146,-66735.07662314935,-419892609.4220074,0.0,0.0,0.0
1432,647.07039413816,10.067626233609083,89.91051962559429,6.659935518254586,6.0917148869634605,0.2580161195492036,143.29684696725573,2.2599332936051164,0.2887555506939661,2.123331327249284,2.6959137971023734,2.497829414420837,2.54135834126046,2.4167186568290107,11.383050875262452,82.80633568640789,0.046245612206349415,0.5412879051806867,11,0.017450458444247263,0.2580301685891748,3,0.04522997422213241,0.5322921030736302,159.0,13,993.806274952737,0.3852470843153708,-23234.088350647413,-368860435.7889719,0.0,0.0,0.0
1433,341.7290332817598,11.130570458268533,106.82954726328906,5.50821420230768,8.879733540438231,0.27188574355363176,39.3326451719379,3.1739906510612736,0.18789632785092836,3.6316799367785673,2.6166788314948266,2.4976428760459464,2.6975720831730516,2.4556892982404435,47.03336458110443,54.425853699073485,0.047933489067723566,0.9985348875467006,6,0.034545992309967466,0.27187222715173026,4,0.04700739442001618,0.8795232964398026,193.0,7,687.9547833251358,0.3857652367049731,-17487.91674619198,-728498568.9663423,0.0,0.0,0.0
1434,335.70114650117904,48.98124160852466,22.250394040109438,3.7258265843020535,15.417179668879156,0.18816243224584273,97.43484716926156,4.024796371349745,0.16535840228612858,2.4166174701941756,2.619141420206554,2.3053827666326097,2.680176640648855,2.3330991289675316,35.099453686964736,833.0740095091505,0.09501571019624672,0.973211519877567,3,0.005442176870748299,0.18816918071576458,3,0.0904953590172516,0.8767770204638756,226.0,10,681.586016766328,0.5441478436098763,-37742.75426748792,-933904914.221899,0.0,0.0,0.0
1435,486.2180501353996,25.902125023059508,91.65827228462611,3.075400169338402,13.062979950109721,0.10831626202729673,62.65324693799888,7.443443984378922,0.32111098246601777,2.164860746842618,2.647231841358939,2.4353633487544446,2.4736113898010252,2.501025243320241,12.273496090466551,1.075646968477654,0.05412242782421328,0.9822430316888864,5,0.02738834664300503,0.1083111505471754,2,0.05630074753389815,0.9148073107598338,120.0,12,624.0861182866179,0.3004241623613493,-36598.1785634062,-799691617.9877925,0.0,0.0,0.0
1436,332.1996502793367,17.838120763097947,28.43551488636734,6.9558009650395425,4.311471398367564,0.1855680109001081,78.32343853451914,0.7062072535267594,0.20046334411577285,2.1887197131259057,2.6952471611636555,2.465926572766103,2.6427992338350474,2.4514272932334307,71.09036289332657,296.3654682537601,0.07579275472908781,0.9327859762002987,14,0.03785862170955338,0.18556640047323278,4,0.07659517859855622,0.8803427477088955,0.0,0,0.0,0.3937756680954614,-45330.54664883076,-599120737.4737954,0.0,0.0,0.0
1437,322.3506346182818,48.08137690134967,39.33187824768703,8.704314663118186,13.627738880731659,0.06620662237930493,99.49993934313099,14.908678572057527,0.25900648744669613,3.597637386495147,2.6689624757157935,2.493186604852047,2.332953151053143,2.4919146328300017,87.0252028390749,4.052776629677432,0.07052326589719302,0.6441490213534005,14,0.030819284235433304,0.06625258799171843,6,0.07331327502972686,0.6227534067566786,952.0,74,3538.8807170155446,0.30753475137272446,-42681.41653765133,-625366379.5853512,0.0,0.0,0.0
1438,648.2544927626436,18.72076182922631,31.458413450770124,6.329872153264951,9.926455197908922,0.2580224814430405,100.72327371814158,5.8893697299964245,0.3482093452805288,2.129178954239274,2.682146545447116,2.4478128194901503,2.4630225867344833,2.4616058424750467,18.86006474348049,167.5152189447151,0.09804930105478551,0.9257559974807983,13,0.04525288376220053,0.2580301685891748,3,0.08954960172415484,0.8607203004215295,497.0,38,2784.4358840946065,0.36681349582446465,-33647.517004933645,-635848529.664167,0.0,0.0,0.0
1439,532.0041096328932,44.51019838157123,108.94609940358363,4.453404307699017,7.551017418121989,0.26397152714481376,38.95300016179375,5.390751103252217,0.20473072026012623,2.9709934065529224,2.662101410086777,2.284705873104327,2.4923334126244785,2.438082400897976,43.91743122300897,281.8688436379636,0.06476405766393376,0.9490409643927218,12,0.046435965690624074,0.2640047323277137,6,0.06559102872440642,0.8608687258603767,858.0,41,2707.398971772694,0.4066174002260836,-51814.26109651021,-649240916.9054892,0.0,0.0,0.0
1440,609.4040806550263,16.347017227161935,11.400893922905958,7.326579029041833,8.936566766176497,0.09478047218333292,101.85583131173253,13.046472914943909,0.32882033471528793,1.2238645100009666,2.626248202702283,2.1826607437948478,2.3095609081988555,2.4144347049557027,50.665776609269365,147.8002187549271,0.054133187551414184,0.5105280647214072,16,0.06412304052055605,0.094824016563147,2,0.05534437242589158,0.505012055355155,592.0,41,1171.5645339095997,0.4254859814932499,-30139.393905119126,-381831761.9149462,0.0,0.0,0.0
1441,539.2736564740798,27.324895707646416,109.28902215941376,5.771883872328583,9.311489306881128,0.10308337608010078,38.82059630507976,7.600666270290138,0.18004136361736733,4.699836817113486,2.6239042898278404,2.387956783879906,2.679438442824374,2.5047091129615557,20.136726418195497,24.375502890243503,0.03378817260488435,0.9112135826962979,16,0.0518189884649512,0.1031055900621118,5,0.031670307490366714,0.8915681298112121,688.0,26,1849.4698294176203,0.27519284276896805,-14781.82374681339,-718369797.9646122,0.0,0.0,0.0
1442,537.9093565353621,13.45245307913042,1.5369817132710628,3.1861358951353838,9.6241236768547,0.18242196209647737,50.58272837948354,2.572550294866688,0.23204773828924402,2.834734587956077,2.6262550483943325,2.1834353743292567,2.3803631073822715,2.393812845344461,71.94661377373792,925.7211507857248,0.04702371590246182,0.8143677493931387,7,0.040224785566400474,0.1824312333629104,2,0.047327689929924796,0.7458160426338928,167.0,12,1502.1517856025116,0.513983799606033,-37619.700111976505,-634555129.9836285,0.0,0.0,0.0
1443,606.5359528382535,15.810901705703849,118.1896166687475,5.453399172791541,11.967424122100953,0.05776750237946611,43.50133280160843,3.014543480373466,0.09528080911479712,3.4240045949073346,2.6695890593483727,2.145835931946163,2.4737577939253512,2.496504351221434,84.9044295295832,3.919077470400951,0.07895706465977784,0.7799411494690764,3,0.005383022774327122,0.05779355220349009,4,0.0749547053351333,0.7448443424278165,0.0,0,0.0,0.34514537389602573,-34961.553584139794,-542852585.9424232,0.0,0.0,0.0
1444,380.8711317562925,11.056221659776352,27.471376118965168,7.4989171840423605,1.0144184883591285,0.08374308271190183,50.8595875744855,10.644083399287945,0.156542313236861,4.408159918734079,2.619709417878333,2.349806858395244,2.6611457425315264,2.4544289020221344,99.96322512855359,881.5075622021849,0.033974244281760116,0.9533063360361276,9,0.021236320615202604,0.08376220053238687,7,0.034997711119466625,0.8787004228612199,432.0,21,527.8083047429631,0.37407258450402114,-23953.80192617014,-881205049.9495914,0.0,0.0,0.0
1445,381.4990493153095,49.95992211570733,61.91792797084031,2.0318956680459737,2.900068354416846,0.29871739458602375,122.90357939218792,6.125933836805491,0.30736198989113306,4.916231644203258,2.628313765383573,2.2656949247335043,2.683928830452801,2.4075265488822417,23.18525154613716,40.03666558260273,0.07659269146440711,0.6258430336925738,2,0.0036675539781129843,0.2987281869269447,0,0.07214991716443452,0.6625288705642194,106.0,7,310.3275113654236,0.4192486496975971,-20939.375540771856,-496697003.8537089,0.0,0.0,0.0
1446,582.6977513185684,43.67422480741028,5.205032288131445,6.918883892014049,1.6743398696955096,0.14699175227612182,84.16770372625679,14.449136158539856,0.09263991927779511,3.8295518059214397,2.6990977846076056,2.5540510254985644,2.5988161198784248,2.4381727328365983,25.138332458774865,294.89456573192473,0.0910589198152598,0.7404449929916102,19,0.04235433303756285,0.14699792960662525,0,0.08708849090484644,0.7440528849545178,1403.0,31,1511.5628099642486,0.3573152367577799,-40568.88105291508,-825602068.1992607,0.0,0.0,0.0
1447,337.8985158448319,27.84311241511279,21.654757559859565,5.744740490282771,3.329332352622964,0.26136886835895323,97.34828337412509,10.72832378290593,0.27623890194040757,1.622988272715295,2.6707149499115586,2.286014659491648,2.3373575896288816,2.399759984544883,21.85660806763459,2.9962819920391386,0.08892016852604691,0.8021093256116296,8,0.027210884353741496,0.2614019520851819,6,0.08780268160850464,0.777611107805125,982.0,67,2685.6083986756494,0.3756047210677713,-41303.76574771914,-549795810.2069726,0.0,0.0,0.0
1448,445.76075492353635,43.278827927257566,84.93936970499186,8.638001537617374,17.4629047226578,0.1321070856520169,129.91394690040974,0.8745183064702466,0.23753431886711845,2.5125354519918166,2.6285197240841067,2.298580931556071,2.61745208092837,2.508351621878712,49.410829516523016,12.067941935077785,0.031623415795666535,0.6793361204106204,13,0.04442472641230405,0.1321502514049098,6,0.03175556894379469,0.6750881612193896,0.0,0,0.0,0.3159956865169784,-21440.376354776003,-508277484.0261128,0.0,0.0,0.0
1449,359.8914164651859,40.67734674583866,27.58609504028837,9.67106119521695,11.8737475729654,0.14784086757390513,50.47570059798488,8.823460624254137,0.22313268649025747,2.435487023877343,2.674294892990366,2.248816456941036,2.540960902476744,2.46302757281099,40.52059580452112,1.3757863004398516,0.03173323647888835,0.6848386239184856,18,0.05323868677905945,0.14788524105294293,5,0.031105830586839137,0.6641026723074646,997.0,51,3851.834629461911,0.3546735734635287,-16135.298260763086,-602060478.6708165,0.0,0.0,0.0
1450,450.21751316565883,17.739718311161557,24.903244765212108,5.434917564031247,11.851570241504042,0.2216631391488149,87.3368861938429,11.860791930578824,0.10790823857728526,2.433510165787899,2.6369623074844544,2.1647094922046555,2.3646963286681375,2.3796051144019836,19.919701340954866,42.32172869571411,0.07383572468009078,0.5064607858577694,10,0.03916001183081928,0.22165039929015085,2,0.07075621898718208,0.4996622367982944,1659.0,55,3564.3755381168,0.40107251976789504,-33624.44589905127,-251137753.56245828,0.0,0.0,0.0
1451,584.0596476829643,31.432824525474942,62.08353626155711,6.119551172496973,5.325193411150087,0.08666173546976981,42.9511208893282,8.166913120336748,0.13923401232729235,2.325658386274625,2.6236655259904325,2.381780101505968,2.49067678081663,2.3655779434303827,13.955328457041212,904.8784195290137,0.07860785917581785,0.9007390752584554,17,0.056551316178645374,0.08666075125702455,3,0.07285758879395748,0.8811428193173712,652.0,21,999.1106046009529,0.4161443424574722,-35914.6943404293,-623562586.1483042,0.0,0.0,0.0
1452,408.96865528460324,35.96748572530536,44.06684841540205,7.9882539793254255,12.68930853488555,0.07636099559239608,31.029073322599277,12.09758158335461,0.11372736912299677,2.325933811293053,2.666018418515544,2.108231165702926,2.2620307343546493,2.4490582779037933,51.046833823891824,3.1746526686072416,0.07232522265704144,0.6722186534357162,12,0.027506654835847383,0.07636793847973972,5,0.07200333753063994,0.6396316586427421,309.0,9,306.16520126348325,0.415113384256367,-43052.80296909419,-431743828.3484413,0.0,0.0,0.0
1453,543.8167767559614,20.926085273823897,119.08242128834786,5.558188134779734,13.284882769428927,0.2048996037841832,122.80497394373367,8.168560274342633,0.31000848922505797,1.8096833787250328,2.6495122169872904,2.157732217829211,2.6850269268875975,2.414967754506579,11.798348202233093,852.6540002368728,0.08910268469309333,0.787709523809226,6,0.006861875184856551,0.2049097900029577,3,0.08780130937085533,0.7877789273469972,1034.0,80,4771.83147549265,0.3997267715558057,-67297.30253297344,-512810248.3234693,0.0,0.0,0.0
1454,361.68833996131065,18.21372676883138,40.55272704622966,7.478150971036906,1.3425139052086514,0.2177310194548563,58.57619710537212,9.041240740890798,0.27838473128096775,3.2389580371912796,2.6303170288507802,2.2612480131946584,2.688682694330346,2.4517224293689432,71.54243166355477,74.08605541666954,0.041102457410068335,0.5896979363020816,14,0.033895297249334516,0.21774622892635315,2,0.03994378232281594,0.5871289927326541,1053.0,63,3268.196011224835,0.37947915509148933,-13680.46795447417,-540716716.2760792,0.0,0.0,0.0
1455,335.0611757920931,21.977889308589333,31.522537327552573,5.571061002618616,13.375548598291301,0.28063982787823566,144.85376930669491,1.840833967806973,0.2806122780044581,4.331820686584766,2.678449649885299,2.2407881698176766,2.328784685607841,2.513107904621903,54.75381838386384,41.308681417154176,0.04758727998545274,0.5491380470695006,8,0.028985507246376812,0.28062703342206446,3,0.0473572425472423,0.552386821458937,68.0,7,505.30284425850704,0.2269417342484581,-22442.506868267414,-345767702.6440519,0.0,0.0,0.0
1456,412.52332432463845,45.15688039910022,24.457646000975046,6.841157208364043,4.859876404165509,0.1858128837084837,148.32679859147157,6.63458873115772,0.106840236491789,3.322406700487644,2.6555787788087453,2.1576330851685817,2.3686036453116373,2.3597228430281976,66.54178074114448,160.71476446037212,0.031247069018652467,0.723688996122984,14,0.03525584146702159,0.18580301685891748,5,0.03078291172639204,0.675629903386424,862.0,25,1540.8980466972496,0.5251373394071663,-9778.140796693133,-446432916.1914893,0.0,0.0,0.0
1457,439.5306484222556,23.465685779098052,27.87536940157629,9.47858230297531,15.985580440249107,0.26616646680345346,69.46481961392205,12.83436243739612,0.1455391943092373,1.6208569404377546,2.6069087378192477,2.15212553424085,2.5683014978871612,2.3745332768522323,18.655874266464924,54.278037742327854,0.07578535032344345,0.6581447218746651,13,0.024489795918367346,0.26619343389529726,7,0.06721015788927791,0.6225556041176946,2141.0,73,3406.7083575341703,0.4352099387543973,-18847.53254446807,-489511921.4477542,0.0,0.0,0.0
1458,346.44713810430943,11.154620310352609,91.36258802143384,9.490933420611103,11.536374246764812,0.20958396798009604,31.257461365133793,0.5665527637002249,0.16814038009357085,1.1541042516176683,2.6318462971406538,2.2103077496975523,2.4163028353477314,2.5138216584496993,50.405818156027955,1.111060266494225,0.06143048856568825,0.6775309519625432,11,0.048151434486838215,0.2095829636202307,5,0.05826866088045233,0.6894013344505096,0.0,0,0.0,0.34693167342347,-45895.91601590699,-524696678.6725893,0.0,0.0,0.0
1459,495.8613177915378,10.091548242866685,103.63573118453226,4.373203555260517,6.904350358017717,0.25524444499979027,103.34683680106913,0.2399846356109392,0.09199563990766835,1.5881643131384915,2.6976690528521736,2.5661537082719845,2.313702930422777,2.444874483873827,28.804172781424935,2.107941569161009,0.04805520867738602,0.8818014856882448,9,0.009878734102336587,0.25524992605737945,2,0.048956879742005376,0.7945656996004811,0.0,0,0.0,0.30654709869734775,-24600.33677244837,-533571668.364336,0.0,0.0,0.0
1460,486.9711327920146,15.229034924487854,83.92529699274117,5.100974317081681,6.809001742948357,0.13577114715592586,145.11524329313343,9.27871380842522,0.3252443221244187,2.524626151958596,2.6686712467776497,2.151867564018354,2.384214633248334,2.380832542286909,29.987671421611534,53.972894555121,0.09182375460393771,0.8712058617774845,12,0.03738538893818397,0.13581780538302277,4,0.08861309663290635,0.7608631861603457,593.0,49,3557.9371792628585,0.47540980869357874,-39951.031181817525,-604686033.8013437,0.0,0.0,0.0
1461,365.0573145500085,13.28902674454626,35.07568257160357,4.359476457644675,16.301518869495972,0.20353139608370924,136.73565015390244,3.4227949803345896,0.23103695743415983,1.7672531784045864,2.668429413568039,2.59756580497991,2.613389253139426,2.555096990129368,80.69065958922552,54.46946721714251,0.05486594814561031,0.8307159875787877,8,0.011712511091393079,0.20354924578527064,0,0.05734123127518925,0.7756011727307386,240.0,12,624.3371975224583,0.22147627809315518,-24342.43918213501,-575724412.8486751,0.0,0.0,0.0
1462,651.7645618550591,18.077979936844557,17.640294793376516,7.560010364747245,6.738981995906748,0.14784802676851316,66.24268052898351,2.827696141305118,0.3147449104924256,1.168807466326089,2.6591842618315638,2.201839947565046,2.2537548069955804,2.4174960813977195,10.588801813059396,3.827922913729293,0.09661442742899178,0.9324929228145914,19,0.07867494824016563,0.14788524105294293,3,0.091615528095836,0.8664793243297723,214.0,15,375.1865171632318,0.38389001834573655,-28185.648034682585,-537883168.0208412,0.0,0.0,0.0
1463,386.55469803834507,39.380920363123096,35.7916907012972,2.6210085467415194,13.947985787597881,0.17077697793183294,31.44496420169533,6.278463015922471,0.20502076081986081,1.9508702657371302,2.6424295068657178,2.457978645219457,2.4942688090300873,2.439036032837278,12.033265533588667,5.402443620066235,0.047256290209085255,0.9532293174362347,6,0.022656018929310854,0.17077787636793848,1,0.04796606640801975,0.8524175900231954,200.0,8,566.163393341978,0.35404313672769083,-14212.052028028585,-605206041.911602,0.0,0.0,0.0
1464,420.05887763448663,12.82364524618396,135.35521989496408,2.0391259944857216,10.77341769928796,0.11561178217405611,31.820850529822636,10.231858008675156,0.27056017245081654,1.4380655986532176,2.6159623911418457,2.274548502383415,2.5969360847600025,2.3786232679950685,54.47241756513191,100.05798595805166,0.06869583948097205,0.6875407622058234,5,0.0029577048210588583,0.11564625850340136,2,0.06546626312624926,0.6711104181775622,69.0,3,318.2804723169965,0.4011243798896369,-43858.87856702643,-544140634.4561921,0.0,0.0,0.0
1465,511.7521571229895,35.12641449284984,148.63383574478996,9.15476406422624,16.40868913102487,0.2643186257837946,131.98389922589493,8.989553026344918,0.3153546824367042,1.7610783761752309,2.663616837607308,2.2141253704827357,2.250935917943341,2.464837630579725,94.4152049250106,63.103033278440364,0.03154173687332347,0.9650150703633482,11,0.03874593315587104,0.26435965690624075,7,0.032463249892237145,0.9122911178399257,453.0,32,1518.159220714397,0.37163699427789654,-14444.782536997705,-716574992.676408,0.0,0.0,0.0
1466,420.20294026701356,21.04112955602158,136.62719972318357,6.958820108466485,17.48661575611509,0.11307045175181683,136.22680079773247,9.523524418343102,0.31473424127799643,2.4689354618931185,2.6387473338400094,2.2548349616394425,2.496332675779704,2.414864985700126,26.7321950903657,13.246629020262144,0.09651816192591237,0.6961987008383345,9,0.038272700384501625,0.11310263235729075,4,0.0982759347526029,0.6937504708330257,470.0,26,2469.8183166672543,0.4000620664907686,-64082.119917764816,-500945271.46827567,0.0,0.0,0.0
1467,432.6406849612938,43.500810019083545,34.38107221188286,9.793059773086883,17.8247099169267,0.18933170835120017,86.37845279930714,2.0112414713868376,0.26729261384590447,1.3625652898352074,2.6859340898714907,2.1653704223221824,2.4046393873936602,2.4586301261027836,13.522207690160398,20.096353816890197,0.07853485008184014,0.5781745869359767,20,0.0538893818396924,0.1893522626441881,4,0.07916094348709429,0.5438558524920248,257.0,10,395.261206778201,0.3567537830313854,-45904.42469795697,-385793603.71266675,0.0,0.0,0.0
1468,470.87245037447167,21.786693718194066,47.33279141656255,9.198974642218499,16.964054476461484,0.10368806242987856,48.55293220643065,12.85676980945515,0.24360782166255365,1.6357910622654992,2.6567644464574984,2.4628041269617604,2.433470242947487,2.3749491082165743,68.08709620166262,1.3059626602785852,0.07018715109111409,0.8005879782646912,14,0.05767524401064774,0.10369713102632357,4,0.06958117668944962,0.7781479958228728,684.0,45,2017.3117582504995,0.43681978911531205,-30851.83422313117,-689424502.9526212,0.0,0.0,0.0
1469,365.42984729668626,48.24822246984823,13.263541187317102,9.962302581763268,16.856206306449238,0.1025908095638149,64.94197126227442,6.437548631950725,0.3191813231812839,4.9289908717074935,2.6902786560663676,2.2973622837199645,2.3456315392456353,2.456162656454646,27.90091471793052,520.8633723707404,0.031844786812526324,0.5165565557787097,14,0.043064182194616975,0.10263235729074238,6,0.030121709394837964,0.538317566541104,270.0,17,1070.4794630670256,0.36117701464490004,-16847.143017767405,-275441323.59550023,0.0,0.0,0.0
1470,557.1519463138668,40.88541424546721,36.48085050843488,2.35917596700152,4.349153604477782,0.05472436073319879,65.5359695467341,14.702879585472957,0.10347521350106961,1.8322313892191788,2.6642126966621857,2.4207866833750304,2.355412839133447,2.525171308639419,10.912460829985397,60.896203574756036,0.047840140201314704,0.508204059016798,9,0.01898846495119787,0.05477669328601006,1,0.04431642773501198,0.5057784891824753,209.0,7,231.11123913235232,0.31833150376516706,-19610.44245891893,-215286238.94150457,0.0,0.0,0.0
1471,664.9381971362043,12.297949178467288,7.3511531901589215,3.048985026498615,9.72625760787034,0.10705922789890633,133.25010617706306,11.163736671246593,0.3358467952529437,1.7726637602251607,2.6525308166076664,2.4503837598336493,2.201891960756738,2.3672826456721623,75.67414517433174,195.60199463791815,0.044874767297602765,0.6553501057320248,3,0.004022478556640047,0.10706891452233067,2,0.04544823091984502,0.6296085052469431,245.0,23,995.0184251251684,0.4474853395775078,-11391.36639097492,-400833792.77296203,0.0,0.0,0.0
1472,535.8347562482402,18.64096571146446,103.05472071534267,8.652795168148879,4.633952204392942,0.16472695603633652,31.513818078909605,12.557934047026155,0.24451823799755582,4.75382910585715,2.6758866027764956,2.581138897798177,2.445826000523172,2.3955467725918007,29.850954738808774,81.05123845133323,0.09747961647083918,0.7229399199008966,14,0.03277136941733215,0.1647441585329784,5,0.0938559156983101,0.7195279764541034,1132.0,76,5223.6566648559665,0.43206290388228474,-60427.12330484997,-461706310.1665123,0.0,0.0,0.0
1473,636.6920607156451,11.911838128289041,110.70370035973848,5.688219038440772,16.20012379033269,0.14348802178893239,50.88367769785023,10.874344174063195,0.26560741789698533,1.5714244055736892,2.645228097029946,2.349848598906654,2.5930767372484427,2.431193560451941,16.60418916348762,4.8332984140354665,0.04755957357318746,0.6448103870596171,11,0.04418811002661934,0.1435078379177758,4,0.04752744978660934,0.6637742189208543,902.0,55,2340.1186933409526,0.35672649297485615,-27970.11620615211,-441802300.77930164,0.0,0.0,0.0
1474,353.1318698915641,37.97004032035935,28.90369215635285,8.282231267619402,5.056371007146666,0.16159879374117814,94.43218325925125,3.18411871925558,0.23947864435265953,1.075435595739235,2.640565041742036,2.3451059269710637,2.260887103288951,2.4388496958806885,59.96606824243938,1.0504037204012087,0.07479973813886667,0.611012953892981,13,0.047500739426205266,0.16160899142265603,7,0.07284680167766264,0.584402087039884,235.0,11,851.2671732379149,0.3848494008723127,-32981.785118016356,-282067188.9095236,0.0,0.0,0.0
1475,412.92616331508486,17.010884923167602,129.78106055471687,4.559283457120934,1.3640598311204535,0.07203810753856583,37.950555438008166,6.152889826141222,0.14290289759820293,1.6170589660642727,2.6058958350631065,2.4049099841950046,2.4303253218699474,2.5266270305289855,27.974636479614173,3.503778395984813,0.08641825571336162,0.8713917590243886,14,0.02732919254658385,0.07204968944099378,2,0.07960797389558966,0.7830624370410804,156.0,7,592.7430395057613,0.31415610689336937,-42279.02603402299,-568204320.1194428,0.0,0.0,0.0
1476,517.1422219347822,31.713380758518074,64.88736770490064,6.062816826691246,16.343885216728836,0.2621667633415272,35.60388866511426,1.8717526443584909,0.10498409123779691,1.796188377352519,2.683556233608821,2.473273511559677,2.306831560556583,2.3630510095320005,10.828354992054846,39.34717732068459,0.07817313182384969,0.699461863208181,8,0.021591245193729666,0.2621709553386572,2,0.07864275880965287,0.6815464610173457,60.0,2,11.455615292061282,0.42600541326436225,-49508.91649428477,-560346694.1517086,0.0,0.0,0.0
1477,530.060395703015,18.180154739885467,141.58352278858305,4.178481152676506,13.410376346917605,0.1944843392857311,42.990931969039345,6.363648163018437,0.18012591379040963,4.649820629364641,2.673008126006405,2.3363927814135415,2.554578635408584,2.463133470566934,29.113659642736206,477.95380164774207,0.045931652425138275,0.8000847299726372,12,0.04744158532978409,0.19449866903283053,4,0.04501836352393054,0.7863868421042307,635.0,14,1109.6461539346833,0.32704675158611707,-13419.802957464213,-565483191.0966109,0.0,0.0,0.0
1478,564.6657447784961,23.37531302031933,50.294639510046835,5.100980559121897,1.261915489056622,0.11207735055375172,33.636751491941894,5.9818432651817135,0.10402074806393272,2.0926720108537245,2.6875876974151818,2.50598191220477,2.565118800157141,2.4633618515166242,92.72623814423709,230.5001182463622,0.041609016830966836,0.7675611696818669,6,0.030168589174800354,0.11209701271813073,5,0.043820102266725655,0.7206314461812222,451.0,9,981.3680197834298,0.2872448020040088,-12553.541039569627,-497410920.9733702,0.0,0.0,0.0
1479,578.0665322057082,24.961518654634165,38.798927754972475,5.971928695707571,2.505643338517702,0.25462522638116203,37.806204101973854,10.765338658265112,0.28776464786852973,1.5065790426949968,2.6599738815208567,2.59895879052743,2.4873905748235834,2.438451519858865,11.5560644068328,160.69197220112414,0.08797082465592661,0.8037916498705411,11,0.013960366755397812,0.2546583850931677,5,0.07978211587538671,0.7938938186568599,1109.0,75,4206.122827818238,0.3679996480150871,-43050.92178670727,-634538738.4072772,0.0,0.0,0.0
1480,645.3139733006992,17.516346105814666,145.80214387485125,9.165919838820084,8.549813971068332,0.13526128629228112,82.43029033267969,0.9630830999493356,0.21468646210761524,3.657788379406623,2.6720694340008078,2.2618964703014215,2.573379446896031,2.4218599163458054,66.14940905542835,12.001540782994951,0.08164998758362148,0.6750716956726668,15,0.04389233954451346,0.13528541851523218,1,0.07702204782788923,0.625739733094488,0.0,0,0.0,0.4180800641838278,-41566.569442869586,-457965386.9134222,0.0,0.0,0.0
1481,537.4153344500285,36.921135205962855,82.75099953842833,2.876336277767418,10.870416319637542,0.05401868089640864,34.91781444498996,9.989300062305704,0.23393487641966473,3.2015790491812437,2.612773624359633,2.233002589969443,2.305309106695976,2.4664982739896155,22.513669035934008,8.383909880886092,0.09081137742720051,0.6629867943312115,6,0.03430937592428276,0.05406684412895593,2,0.08659853385753112,0.687723851188573,86.0,4,221.79842909514414,0.29052857659127707,-36110.643279825905,-383551554.2065083,0.0,0.0,0.0
1482,440.2052467122612,43.7154655889894,17.062074831040114,4.450960006073033,10.236485826708613,0.07344423079641145,31.79469076439288,2.6684215536072857,0.16053253451273278,2.1282349468581025,2.652505891047629,2.2483634549302907,2.3304342290401543,2.4060749955978475,20.11586263107465,4.906070598847172,0.09018277096733263,0.9024651984626981,8,0.025968648328896775,0.07346938775510205,3,0.08330292638285365,0.8590522543671965,51.0,3,190.82522820246686,0.4238684622524933,-32493.396181123804,-701663315.479176,0.0,0.0,0.0
1483,414.2648526069422,13.223979477565686,53.20495369155323,3.2315229691436844,12.617981449170387,0.10662919296487146,41.33827424815587,12.868032890658595,0.11911285305815904,1.194221973659487,2.6837204521349247,2.5371995810448085,2.523953164482619,2.3422861660165584,25.990833103822823,641.0626143600266,0.04303300432479437,0.6576421494210622,3,0.012244897959183673,0.10665483584738243,0,0.04258244625182004,0.6310314768048062,378.0,15,738.6157780954683,0.4821812999758226,-25181.387557041606,-395167282.79770434,0.0,0.0,0.0
1484,625.478772064479,11.750397415146024,80.70962412721411,5.467833409984473,15.104063242556823,0.1666335778530717,50.250407588555454,5.458081009070958,0.10420767692706581,1.2878397683983778,2.672271404094237,2.2365297043767467,2.5678304656083215,2.4216063607852467,13.027916752113645,10.186216963809382,0.030434583719748318,0.6602930153546804,9,0.054599230996746524,0.16663708961845608,2,0.02909040408643997,0.6711243720441248,539.0,14,521.643257657908,0.35431300907563523,-14432.34053093685,-382841090.74744964,0.0,0.0,0.0
1485,357.4985075087204,29.84951978080503,91.8159869004701,2.7577789121844454,7.206508796425545,0.2712296104410977,54.94351511691277,9.670339944791449,0.21736406523999802,1.2666850201645996,2.6531559968428695,2.383277550125606,2.419561650642738,2.3875488446092383,67.09910912644771,15.355350317015771,0.09019728038758465,0.7463356722586695,6,0.023247559893522625,0.2712215320910973,3,0.08690744858674647,0.693804539713828,838.0,36,1285.2210880510197,0.4266472080975916,-56231.55270542996,-464768414.0265122,0.0,0.0,0.0
1486,422.448334815551,11.895635553408466,30.630492344121528,3.4179502855715027,17.51194154391846,0.10373140386258366,144.5757569288519,11.946744844813537,0.11365293733739235,1.1407537381663313,2.6159305023592294,2.2780967129614926,2.427431931252115,2.4871985331280646,12.767558834726945,40.68833293774811,0.0896698838399701,0.9528910230641332,6,0.015084294587400177,0.10375628512274475,4,0.08889045774618691,0.8631820666448002,365.0,12,1351.6264274266168,0.3509945805405983,-31505.978175605393,-774630368.2705677,0.0,0.0,0.0
1487,584.622681354256,32.286806983074975,8.722600591706353,8.43072926536961,8.3259845704361,0.10091241631785085,79.46820033021731,9.61237419984569,0.19602476870891922,3.8039761936065584,2.631934472352997,2.1725043783366575,2.3398977708994093,2.47582459115217,11.879835614929087,5.094157833337417,0.0663877666950229,0.5424531052677699,15,0.07447500739426205,0.10091688849452825,6,0.06378193724554132,0.5474234210050161,833.0,37,2347.691765255309,0.33069501461473916,-32653.752218903952,-338848146.55649984,0.0,0.0,0.0
1488,416.3435180137608,27.838099061574013,33.78088139719074,9.280184905595442,16.557430839301176,0.15026318819218,40.9061635369929,2.899543058716358,0.13306095488576397,2.692458666853842,2.649978579665382,2.545072872096488,2.22720340503153,2.4735151848816765,13.089999877873149,222.79426758623066,0.06977725657918879,0.8058892074298797,12,0.05016267376515824,0.15031055900621118,6,0.06921902393549408,0.7868939823513629,134.0,2,42.44015389807506,0.34603644551285706,-33602.862126869615,-623209994.2654628,0.0,0.0,0.0
1489,367.00586684927316,37.837856372002,86.4866606285681,5.522324682738073,17.441758847919015,0.06886608303768181,122.56685982285427,7.546781586227926,0.22773409649366183,3.996901422220153,2.612018364249144,2.3831826373192255,2.5492621248722163,2.4308514736711975,16.311096403866127,32.80334617949481,0.08015283360961695,0.9373185260327483,8,0.01816030760130139,0.0689145223306714,0,0.07842068966764644,0.8854046420785181,32.0,1,32.39022477780062,0.3283890327394601,-41043.50717606646,-868282833.3519138,0.0,0.0,0.0
1490,396.7055936643725,30.955774742144854,135.7488465292759,6.129329724147292,2.54183938066475,0.12472653260017673,42.20154538933111,13.950006229497463,0.17843640396579824,4.519371005181667,2.6573425076539987,2.35285772425536,2.682604027436986,2.5933952650240055,54.58406524096247,1.1899118700216307,0.07788978014846624,0.5587483602167829,14,0.06867790594498668,0.12475598935226265,5,0.07797226065397399,0.580236275266029,1324.0,51,3861.102701238345,0.2121733481390442,-31771.27896763378,-359502146.2707584,0.0,0.0,0.0
1491,328.13835581042486,37.63660434434189,46.71148072205029,5.305693096959548,12.793727917169694,0.2027415183234963,31.330479857776954,2.6703566107343644,0.13839928162052284,3.6034532964788446,2.636566971286688,2.4822977481282207,2.5495832111652565,2.4470126564794175,61.70386406999396,1.9674487968677437,0.04047951219384652,0.5737386081455604,12,0.045016267376515824,0.20278024253179533,5,0.03821156142117244,0.5622453117639789,260.0,6,64.40395801737401,0.40199209658283364,-23851.710737007466,-374500793.1939088,0.0,0.0,0.0
1492,634.4659373627517,22.968219000932454,124.0180838536386,3.8425920455455653,16.501712738243384,0.25046796843030567,64.2700187514837,9.968004408903063,0.2028332988439917,4.111230231906581,2.65547142220368,2.168531164445479,2.302538440976877,2.4405249862158174,15.767395061398995,305.5588699431501,0.07662132894992504,0.8272200514041668,5,0.009997042295178941,0.2504584442472641,3,0.07420149490077917,0.7955719601196856,537.0,22,1827.4423910910282,0.377626020687849,-27176.588894909088,-607549792.0476294,0.0,0.0,0.0
1493,401.4297410854226,49.446029297641445,22.674769675538947,7.3285396431377325,5.285612161888676,0.28346302052185757,142.16323667001174,7.428036184941298,0.11437871447013531,4.097906727353353,2.67093653916637,2.1508258344196802,2.3333783940351314,2.379576830690827,12.062068011201308,7.52073584731083,0.05172878758430907,0.9688894426189897,19,0.05412599822537711,0.283466430050281,4,0.05245316910393428,0.8953257325769344,1777.0,54,2935.4379729499697,0.4213548597648371,-23502.674685236903,-955303285.2143064,0.0,0.0,0.0
1494,559.685143546546,13.391347043768885,89.87893781139599,6.804455446876782,9.612131019421398,0.2949971310855321,127.80013038831069,9.39809011728256,0.2410144949090363,1.5391321215789744,2.650702388120416,2.3977055263357157,2.3312016088968868,2.405803412343436,23.664508244615487,1.029737642624513,0.054835343501372036,0.8780270215190584,10,0.03164744158532978,0.2950014788524105,5,0.05301447341663576,0.8245456926614004,1888.0,110,5910.0614139465915,0.39250603015909924,-32156.411504345026,-631389319.3203396,0.0,0.0,0.0
1495,462.3072356794246,41.8816051915412,90.48180851081968,2.152468846324843,7.915301726272336,0.22007310979429318,109.76550257052666,4.756948282885625,0.3401737237867348,1.1604246683280706,2.6309258737887538,2.27378207778359,2.2364371924173314,2.448959142351793,21.617396038260154,9.922537489982087,0.03682944356736065,0.817501769612677,4,0.014492753623188406,0.22011239278320024,1,0.03798040235246139,0.7698575093116474,150.0,14,1044.5672590946722,0.32359556752000085,-11235.72001016703,-589754150.2564628,0.0,0.0,0.0
1496,526.4077139324089,25.334752323285542,69.50571662925694,8.930651636346703,8.863573503848883,0.05793364818893605,146.6862138674807,8.972851961703288,0.15068132385267574,1.127222977973672,2.6807705098385974,2.552060351437362,2.5319088008477144,2.457787296137029,26.559892659611595,42.2010423401349,0.06247782626258887,0.8001882576196376,12,0.04986690328305235,0.057971014492753624,8,0.0617513376594538,0.7586055390964171,223.0,6,270.6824607479211,0.3322076767736899,-33711.34852280852,-557551916.2856823,0.0,0.0,0.0
1497,576.8302550690084,22.89516481526458,21.04374943960689,5.162986335039683,2.711709590073826,0.22919493530208945,76.90410346700764,8.070154684967004,0.3130648021309357,4.5605818281650725,2.6010017287648135,2.2610788334552505,2.3750716321375154,2.4023665461046906,51.564405608966354,1.7055908970292482,0.064943194851549,0.6391618135549673,6,0.019698314108251996,0.22922212363206151,3,0.06658271851426954,0.6297226329445617,281.0,26,1023.8242431135437,0.47609561510657894,-29232.5380939651,-351577756.05902815,0.0,0.0,0.0
1498,338.94080136219657,18.115722181209915,115.58164068370667,7.593936452941775,5.484742865608429,0.07195314065010815,142.26515500330905,4.913292214493103,0.3374322564305773,4.598439630201027,2.636568204926673,2.257687352929086,2.597132353283425,2.5182646606295456,19.93790015912865,24.10702124217201,0.06416559142325058,0.8042304149635601,7,0.024489795918367346,0.07199053534457261,1,0.06168233384258166,0.7180704886584337,15.0,1,77.63004204877792,0.2906196251871549,-30360.641498199133,-545143708.044471,0.0,0.0,0.0
1499,608.5334776990479,17.322007503169313,36.01593898332907,4.3059772022538105,1.1225414009772554,0.22303641529717372,78.81529326176569,11.770862890437183,0.14812325802797766,2.382889676500998,2.603179841980088,2.201776450895753,2.620952327508172,2.4476947515295397,65.48554741740533,14.653990847697635,0.0758827462401285,0.8903288827702639,4,0.021532091097308487,0.22307009760425908,4,0.07376659086786799,0.7935340019477932,441.0,10,550.6606176591456,0.37890086967379366,-50709.17414560716,-598656990.2936049,0.0,0.0,0.0
1500,340.17473212590284,11.479307998187862,68.04469856320138,6.803579518946599,5.382560468726574,0.2189000250815411,88.97153873970642,3.53025438982416,0.2654885697111995,4.323969788671468,2.6518029720770886,2.1975122569781687,2.552447760104219,2.435975225098724,15.087618167101107,986.0126894229082,0.05721243358542185,0.7485490109132834,10,0.021177166518781425,0.21892931085477668,5,0.06040665452580689,0.7371517499476714,235.0,9,505.0418199221796,0.47572580104163187,-41033.283004079174,-653263667.3592062,0.0,0.0,0.0
1501,376.36777820569694,48.59849722386632,56.14281854037472,9.482261797699795,3.8353422871814087,0.11313840548910924,143.15098798965047,12.382584051432012,0.2231701112016968,4.6526715931741816,2.6721240667887507,2.358679281854225,2.4736151858103326,2.4452716654757864,11.503628300342832,21.676650126093342,0.05056775000449511,0.6921733549074396,9,0.007749186631174209,0.11316178645371192,1,0.05148007571481214,0.6780408372271713,145.0,13,1314.2063171990064,0.37256549386454996,-37813.377278015556,-488453941.0040202,0.0,0.0,0.0
1502,546.2621644168702,24.21561478442212,130.13312780180442,2.484132988791119,11.394882234265069,0.28901129592742975,52.04913289975934,12.315600809000943,0.09335260733697795,2.454845937989294,2.6731938676525044,2.215293668046056,2.287187085274894,2.43640708043103,86.94759079342458,1.9464801643228473,0.06236491238110761,0.7396172026513891,3,0.011712511091393079,0.28902691511387163,1,0.0629747043415366,0.7499570238559478,477.0,7,177.40034456681113,0.41072861240634717,-27058.681756369482,-553897781.6406689,0.0,0.0,0.0
1503,642.8853281064512,28.177158689566248,33.68634546957987,8.14081631355549,16.505072962969862,0.16541048051313473,119.5981379715822,6.625394728800086,0.18449622910344754,2.971788203684478,2.65544953159586,2.2577679117516336,2.3850140953019707,2.454863737233618,10.644511612301075,5.7022935365995435,0.06384996215553006,0.591623700033183,15,0.03697131026323573,0.16545400769003255,6,0.06931081450472214,0.5826780879010683,801.0,35,2220.74469683999,0.37179059804474335,-31689.204436414042,-304373728.4665761,0.0,0.0,0.0
1504,524.6328348850066,22.494789324446632,70.57318178306693,9.401984183836225,15.131757037722156,0.22352971419162615,85.79088056100287,1.3253163540599489,0.18890664747585528,1.5469828462690876,2.615608876024684,2.3537207182591144,2.3441115046879655,2.4105424580127237,88.23979947606625,1.3384353205329755,0.06419029546650648,0.9709198555769984,17,0.044897959183673466,0.2235433303756285,6,0.06198551923249607,0.8800278935153649,198.0,13,995.8026296458678,0.45152000839764117,-27848.4402507298,-756531799.6734432,0.0,0.0,0.0
1505,652.5277287202912,24.009065509722884,113.38967536263988,7.970352075762037,16.847074599328344,0.23774721700242762,102.09511600980073,10.561747338380094,0.290979584634874,1.0688684618589241,2.668729967557824,2.363324338286306,2.5832572514925514,2.3798089501260837,22.55537747191639,39.9060357737673,0.04657385735727185,0.978961370469868,18,0.08660159716060337,0.23774031351671104,5,0.04789694803748687,0.8892265190250694,3111.0,197,11442.928572053894,0.3873922543985948,-27438.20243273605,-637197646.181948,0.0,0.0,0.0
1506,348.58058854900514,44.67465470964688,87.68185701711609,5.123930285844391,14.028714377441512,0.05410367646729937,64.18327895631224,0.43715198602875927,0.3088210148322774,1.100584897818746,2.6413308971910046,2.2036706156222015,2.6217583387025742,2.4953012785985442,28.559163946751237,16.82258480069764,0.05989541192018342,0.5115954103379994,13,0.04779650990831115,0.05412599822537711,2,0.059520551663158776,0.5136838933644206,0.0,0,0.0,0.2634102784088346,-23192.867649930005,-233831351.92384762,0.0,0.0,0.0
1507,613.770856308561,18.41037835293447,99.76966282272289,7.617001652844955,12.169005201114114,0.13190102838318712,37.292741624251335,12.701794876910672,0.19731643694812673,3.300697995535587,2.672708306685596,2.5330068862094755,2.378260003426705,2.50090269402636,26.25663636168445,2.0413310503669417,0.038560408736255165,0.6912707102228877,9,0.0326530612244898,0.1319136350192251,8,0.037658729387408836,0.7054385707302623,690.0,29,1934.7041663375544,0.31997089618029406,-20164.137938182626,-487026841.24603736,0.0,0.0,0.0
1508,387.7463153307992,28.00755807442645,7.526597967786181,6.508292181237897,17.792365875720165,0.18885015701709323,38.10136107356341,2.6827869424262656,0.2548764461107035,2.0409805746047907,2.64652630091652,2.129757360534,2.206955545976574,2.441347854174296,70.72179793048792,67.26283781874952,0.03259367325186488,0.9802902736686046,10,0.036083998816918074,0.18887902987281868,2,0.03327880848387355,0.9168051372501943,277.0,17,732.4731818936713,0.3773115012898156,-19771.24842677808,-949735876.3625479,0.0,0.0,0.0
1509,387.913957052435,28.95271487128821,104.57436375680261,3.4909656148888812,3.6009462682680953,0.2812925103718448,121.446783312812,2.1301690077283357,0.12480381358880516,3.4996649343669723,2.6951382477803034,2.1885326342872164,2.2181041780397592,2.37163513638097,21.042604465718398,6.59670575175871,0.09997837523809193,0.8699823480376031,3,0.0015971606033717836,0.28127772848269744,3,0.09467310680341223,0.836618944685905,0.0,0,0.0,0.5181310011221938,-87091.70263245722,-672659741.2045832,0.0,0.0,0.0
1510,497.77430382432294,36.25691934892007,107.69974947988956,6.938982488485883,7.617841193747239,0.19000074672723338,32.637103369117625,10.87821943240305,0.20703552694026614,2.5362790704653024,2.6303982765942653,2.3279339140037045,2.290812866872252,2.4831217366271114,12.697975611152053,842.1797281354881,0.07396392999317836,0.5664874234902855,4,0.009346347234545992,0.19000295770482106,4,0.07346110149168686,0.5841692072531045,705.0,33,1792.700297949044,0.23411770608302618,-42120.22931987143,-318142059.5955105,0.0,0.0,0.0
1511,386.1576128803609,11.556635500813266,85.32191201421763,7.265258522157832,6.944868249222667,0.2707051074511642,142.58081609470244,3.825804225241524,0.19349504297578374,4.618728671677536,2.6714279512337393,2.3810338177885435,2.218071149395676,2.4729824674303096,17.18096055652568,376.32211737531867,0.08372370225665186,0.6467500139952864,14,0.04341910677314404,0.2706891452233067,5,0.08296852213517036,0.6588305742004708,547.0,21,1258.8791419704032,0.35313908544272943,-71621.39865424445,-450053069.1378106,0.0,0.0,0.0
1512,611.0628565416712,25.80982020495412,131.07919345159067,9.410138930086173,6.390822706758131,0.27871348309858834,35.835515225132916,4.7623466648920925,0.19941218432040567,1.6612946485650113,2.671052857427784,2.152204170138768,2.3663165391108705,2.4701644038973747,67.10909311835199,11.665067132945524,0.06936762304105863,0.7699400688891556,9,0.01780538302277433,0.2787341023365868,6,0.07163212350194173,0.7655332077633197,425.0,20,1063.8756367550432,0.3606242040284431,-43659.825975094296,-570957892.0115329,0.0,0.0,0.0
1513,448.9595094625105,13.421757224311328,18.582489187404867,3.191729181113435,17.297355241599746,0.13931952452295182,111.72349742502877,10.282242393613219,0.22549984510328308,1.593177755064541,2.69157127663662,2.2919963730003126,2.4464167080801498,2.487074758412017,38.82503302217663,2.8686059342170505,0.060918665182438006,0.8436612012084344,3,0.0072759538598047915,0.1393670511682934,6,0.06344523410191627,0.7926973895361984,0.0,0,0.0,0.4029299170621461,-26137.214204267395,-472564739.40243876,0.0,0.0,0.0
1514,503.3433706498683,26.259404510863153,137.8977930825062,9.421997531386491,10.350746465960949,0.12376081829911305,34.09387046915595,6.435233600188995,0.1891333634349573,4.8400749890762755,2.623909058201944,2.120738755998585,2.3574089201260886,2.4050908862125704,37.916089767254434,1.2150283556769528,0.07102966576752612,0.7896767435375831,16,0.06104702750665483,0.12380952380952381,3,0.06769302388547778,0.7378925478679765,603.0,21,1371.4406829415225,0.38630117647646856,-25384.872772453084,-502776460.2640575,0.0,0.0,0.0
1515,521.1688572241819,40.90031072819077,50.194347111715146,6.8457112123854165,16.797912762859454,0.15656506428354516,44.76306424883147,13.492878537519323,0.26672461507734124,2.267024404976757,2.6451400745562754,2.398445252224781,2.2355682679277344,2.3811108836115547,46.12600665056956,556.753186207822,0.03589612219951501,0.5437598438050111,8,0.02401656314699793,0.15658089322685595,3,0.03748428313046788,0.548439917765982,626.0,42,1497.4636752096253,0.39824827549009045,-20454.416487862978,-257032213.74863845,0.0,0.0,0.0
1516,368.4393022501602,22.416267340972095,132.5082580098263,9.174238381741052,15.565110755743897,0.1945854180867792,84.27595933051965,1.9335835525224327,0.16273761563935613,3.6076179194291136,2.6212239954122296,2.2614569339883652,2.5375448377003798,2.4084988074505853,76.22326640600104,1.0356020563874884,0.07656290948096207,0.6535414086814185,17,0.04081632653061224,0.19461697722567287,5,0.07608089100604665,0.6263677802963863,154.0,6,666.5378359044952,0.4105626955298427,-47009.10339188312,-460372029.326557,0.0,0.0,0.0
1517,404.46576965252723,28.55132346412519,24.437136979531537,2.5461315580022816,13.130090435923464,0.07792096939696393,52.94157402010447,4.054673926564454,0.25651335359121596,3.1740945095965705,2.6796069713148056,2.281260948415165,2.613923039209523,2.37021583972248,62.10172706800427,437.8958721697594,0.09613661707006362,0.9311740113717037,6,0.022656018929310854,0.0779650990831115,1,0.08965471848046311,0.8523494934645157,33.0,2,65.11328247071823,0.4710815748583319,-55776.208164478194,-804571380.5745363,0.0,0.0,0.0
1518,433.3025905862062,25.33141914725125,60.488870476083186,3.2276303116712537,7.058881927190219,0.22816851087155177,122.48538273196962,0.6894330644771895,0.3326802885405386,2.6491532464482628,2.636278598851212,2.2273275266709005,2.558532805776205,2.4157329768764657,44.28423434110737,21.43149674428678,0.05483504755696459,0.6131034483018794,5,0.01419698314108252,0.22815734989648034,1,0.054772818615508756,0.6209858044219254,0.0,0,0.0,0.3909181173361538,-23293.20359032059,-393093537.3205223,0.0,0.0,0.0
1519,320.8532847699117,13.16645531080176,16.075847419428555,4.989100840978597,1.5100495504556302,0.059369314075679344,45.18223379522644,4.432597096765002,0.2681436900819044,4.750124848870367,2.68834652844311,2.3506175066732435,2.4887163166189796,2.5079530416609743,62.346597508157444,3.360508522288764,0.0788480788617276,0.5364178190523454,14,0.05235137533274179,0.059390712806861874,3,0.07913259495141395,0.5084535884336737,118.0,7,548.3454527511132,0.27579470442499776,-44028.17663832255,-262588635.02445212,0.0,0.0,0.0
1520,570.7275514157185,10.742824167876936,84.9557457940975,4.945505596396403,7.876418830927983,0.23223619647589577,39.21046156304887,1.493681336469399,0.15377858044000975,2.9126650011435924,2.688559476588379,2.1083417052244693,2.366621659798991,2.4706943906857974,11.899812914322544,357.3880564071929,0.04200917611405421,0.9750555257619493,9,0.028216503992901508,0.23223898254954156,5,0.04249287713621968,0.8886848372100321,87.0,3,16.650677201805316,0.355449241951753,-23942.215023658024,-616451370.006725,0.0,0.0,0.0
1521,486.69209132665696,11.677576190629269,137.2144768229556,6.976724962176652,8.582843138022819,0.22618727303677244,30.067061662732424,14.29379340933783,0.291500997049799,1.9350779027782652,2.639830381952777,2.1415885265644596,2.6156485340982516,2.507249694428731,15.76576502195882,3.00636943728312,0.036465257886514314,0.8547055102236516,19,0.047086660751257024,0.2262052647145815,1,0.0349824795995454,0.7922444103135198,2141.0,135,8180.0595307528565,0.2810724306722445,-25843.044930809097,-594935885.6615446,0.0,0.0,0.0
1522,568.919659757201,22.184945738413422,107.01276782995421,2.610611264740557,6.59192678452799,0.19294706323624344,64.80850688264066,7.340770645384131,0.09860024135965335,2.6046586697634946,2.689281581576128,2.5303321616747194,2.401532830532146,2.4677215458798414,57.809657422777974,8.388318403881758,0.06512905764255236,0.7453750104613326,4,0.0075125702454895,0.19296066252587993,1,0.06346907858956072,0.7369558341832367,176.0,5,289.01628600511776,0.31304750385471136,-27692.541790116913,-619033993.5825835,0.0,0.0,0.0
1523,510.3446921160213,24.08463265033659,55.403110991276996,9.003503719050943,7.353369570989903,0.14994272138899029,33.83453163650831,7.587342925665566,0.30734122521784457,2.1530835652128637,2.6775932929200703,2.2281849647453935,2.681242916041981,2.425571685581381,22.43645395046813,73.29009416885272,0.03208130701234245,0.5287012541212748,12,0.027210884353741496,0.14995563442768411,5,0.030982894542514537,0.5343631745645854,412.0,35,2642.6860235784516,0.34280878820007965,-13941.989190820079,-267109031.21016207,0.0,0.0,0.0
1524,507.2721939377656,29.482526074235565,75.70084023655065,8.968042850607247,2.723941353229237,0.10750866459526466,30.188738593812545,0.18211961927393605,0.1321944993874648,1.579654333969824,2.6365199609324934,2.2493827567827065,2.6932216767654342,2.4019857851632422,14.650799066358157,39.816781305146456,0.0807603808189874,0.9607659886872204,16,0.035847382431233366,0.10754214729370008,5,0.07975741621647675,0.8917986899422103,0.0,0,0.0,0.4537848388786734,-44957.964967481355,-812491483.6832554,0.0,0.0,0.0
1525,528.2103347168269,15.943603925189366,143.8837658057665,2.2991489293694363,2.657183754845946,0.17120356801023762,115.70007647977472,4.674418143057544,0.1510838993446298,4.113846888372051,2.65323415664791,2.306144357705006,2.673980725852236,2.4772111629961735,91.88537150216888,1.3140120481198179,0.0471839928721684,0.767350449253415,5,0.013132209405501331,0.17125110913930788,0,0.04719994014746302,0.7165776304480198,465.0,15,698.6970384182451,0.29519530650090164,-23065.140311591615,-501882107.1136618,0.0,0.0,0.0
1526,350.03485823926303,37.16153250763907,47.136128699435254,7.704606228248198,11.171433436736974,0.24429159626935237,89.94354524505071,9.661222670510972,0.3249198172404253,2.63557904720938,2.666500224470773,2.236825223451735,2.320255341274801,2.4605314320458334,24.565482602934434,6.562978979439332,0.05319572967816322,0.7567719668660726,27,0.07932564330079858,0.2443064182194617,8,0.050052982922560704,0.7188991843719357,1927.0,151,8509.723257377382,0.3605768734557975,-20840.74008080849,-674562639.303483,0.0,0.0,0.0
1527,322.17631153090355,22.198106466685854,24.56516545124866,5.239561108209695,16.491471396854784,0.102271733040583,112.7445564210536,12.290658538857352,0.09630771341067822,4.186946248360815,2.646468333780308,2.3488504048035814,2.651545722311718,2.419632673866198,63.15630527410574,2.2801231553904273,0.07396687227336501,0.7502397890913755,8,0.018219461697722567,0.10227743271221532,1,0.07487098191425534,0.749244122188249,18.0,1,3.1332513589162385,0.33410292349167525,-52327.74658849227,-575635742.7925483,0.0,0.0,0.0
1528,359.9406422822457,44.812968718640505,77.19372569395624,6.083461755695169,4.497678153813135,0.2624754316263448,142.0872722385484,0.7492086560498507,0.30633542103622113,4.705792384177183,2.6332466882424095,2.1719633877462527,2.5666341455537083,2.3800104308243824,76.13750333101525,1.8279610924072853,0.06452065468669535,0.9361943836131008,8,0.038568470866607515,0.2624667258207631,4,0.06328394143664269,0.9009160067337877,0.0,0,0.0,0.38987740249688496,-18030.43529330603,-710511879.0173681,0.0,0.0,0.0
1529,400.0939643589853,17.260834658987143,49.46363831171029,5.040559622278978,13.43620509142528,0.23616870830487696,37.56961090542866,14.685821969562424,0.1647537547699494,3.0988505703809524,2.677045404209063,2.2333210963255135,2.6343427978843517,2.4321870140237425,31.021122558289562,149.12367627178267,0.0991981629117506,0.8273147349155772,7,0.025377107364685004,0.23620230700976041,4,0.09403411371998036,0.7886182876834299,1048.0,52,1922.0956298353822,0.40991069503967426,-70426.28864070386,-620132540.8213544,0.0,0.0,0.0
1530,660.6567574946957,28.669522306446897,47.436523546094506,7.648076006211417,2.942642006769122,0.2538111260708234,124.17835336865167,1.4219284073522898,0.20860935795432836,3.0004966300121967,2.6485864144246616,2.3433210163098623,2.4928696601504137,2.4118490650678983,17.899858826505127,16.26839400462746,0.07434590835731256,0.6751320226065105,11,0.025495415557527358,0.25383022774327124,5,0.07366203554393096,0.6722573773617123,212.0,4,81.34393923993451,0.4551999708387049,-51099.18360502532,-355975425.2250034,0.0,0.0,0.0
1531,597.5658025410099,17.127409538425123,134.3127095641974,4.367804981490912,4.705138183176031,0.11188069452731376,91.1879794864208,6.629883282060674,0.33015954478209475,1.2065184012578123,2.698997299204886,2.11043808133997,2.3963598620643998,2.393710258943679,69.13442441743216,11.630315386852594,0.092397942823099,0.9085152063624259,10,0.03797692990239574,0.1119195504288672,2,0.08841360637795322,0.8547219938998559,295.0,34,2560.426827958844,0.4445611319954952,-57407.76377759063,-658703238.2102863,0.0,0.0,0.0
1532,590.5510325867466,12.62670251991963,130.95433055668667,2.0470255090057297,12.09762654688632,0.2184588546774126,30.269175444128674,3.4833147600585352,0.2668747359938485,1.996944036109014,2.6910915228509213,2.305301050730698,2.252529152177189,2.4578437541135894,98.71834944154193,4.973927575994105,0.046224882075066476,0.5671567927845442,1,0.0004732327713694173,0.21845607808340728,2,0.04714689285097516,0.580975043097236,0.0,0,0.0,0.4793091362372839,-27448.72471073151,-360245204.63675797,0.0,0.0,0.0
1533,338.9564480165027,12.68652815759831,18.2433310048365,8.234056057151868,1.7847115016020776,0.2444193915032739,38.60330670020706,12.661773702318353,0.23051595391290444,2.989351871851986,2.65354203626132,2.3379413707215226,2.425681537096143,2.428909465313539,52.486839329558705,8.063910497726306,0.06587305118220403,0.8249588558468917,9,0.03945578231292517,0.24442472641230406,8,0.06748521820347295,0.7928883999635856,2102.0,107,6195.746211660807,0.34134448206309553,-45923.18713221417,-702480994.8338848,0.0,0.0,0.0
1534,355.6795936404153,41.789739405340775,10.653704377711204,7.103606381898393,8.089147905493208,0.08774419042678776,110.50189317043719,1.1199114419454919,0.23658253840752475,3.82970325718414,2.6560910137853497,2.3284731231234557,2.259033799299963,2.468452496363898,10.235560749392143,132.04793764417613,0.0658874476356305,0.8616186522670116,12,0.03425022182786158,0.08778467908902692,6,0.06471068218354019,0.7475318144764377,74.0,2,10.640003987385267,0.3129708301427283,-37074.46698025671,-604165992.8158735,0.0,0.0,0.0
1535,610.626006830634,45.11852217574266,87.8609526214757,5.611217645826096,17.98138806654921,0.23030948007571184,78.88257058580928,8.827965345524898,0.3371958358564734,2.6883686929925332,2.6025689575763336,2.591630455441576,2.3789307018077337,2.4380097595922905,15.089067138131437,48.96298796348759,0.060956266544728646,0.5261456998024774,9,0.0246081041112097,0.2303460514640639,4,0.0646408445614806,0.5155777509581306,391.0,33,1373.1842710257151,0.3095120542718628,-37404.6975570783,-287418080.16826487,0.0,0.0,0.0
1536,487.95949301374424,25.047618567369966,45.135245118911826,9.797459526704618,4.510891769346192,0.29047407173258943,55.891788980287984,2.9166157447077885,0.260558625597029,3.0409807867679937,2.6707720424735264,2.424804026708946,2.585471330624728,2.457774023778326,52.764101208766526,103.60690313593682,0.04509727884156139,0.7879086242138587,18,0.04330079858030168,0.29050576752440105,2,0.04480545560179225,0.748780311670258,403.0,26,971.3120261831176,0.33634350098371346,-18974.906452081173,-726757950.1966689,0.0,0.0,0.0
1537,336.02564266214125,39.66610099804253,101.12605149365582,7.162795441007893,3.958534296274282,0.06621872762027968,119.87751704664257,2.2229802093167095,0.18284290533519737,1.2709466270785952,2.6659206114469596,2.5924696166668206,2.4685939816910585,2.4344364774716354,44.896394226970536,13.684371913658246,0.0998023102761523,0.8562619566117249,8,0.01650399290150843,0.06625258799171843,6,0.09525767157590975,0.7785762472032337,68.0,3,83.64770600590958,0.3187631752050559,-82875.42593337844,-449394596.22968495,0.0,0.0,0.0
1538,330.57518461501724,22.801376778510168,38.837326487370674,4.123027774692527,8.109552679336065,0.24814843775045337,110.24800306332085,8.058866890200003,0.34214146263883627,4.5580098090305565,2.643159440807352,2.358871804463273,2.4630223456302485,2.4038961579718356,35.461088518561674,208.44284588721803,0.06870418518960733,0.9357556178023592,9,0.016681455190771962,0.2481514344868382,2,0.06847899546342143,0.8652605349680265,1136.0,99,6162.351217966423,0.4175557895634534,-29658.47967444363,-744218172.092586,0.0,0.0,0.0
1539,461.0218794708808,20.173071817287383,55.518830328561876,8.855509175969019,5.183311839415175,0.1405502547930464,39.05242702261464,1.162024918762099,0.18542633203702838,4.003289649310066,2.6969656950017007,2.1067335929905426,2.6254358014996355,2.3949736519834235,99.27010761828387,12.614312222568088,0.06572374930301013,0.8068605611994724,19,0.05442176870748299,0.14055013309671693,3,0.06477736653308942,0.7745823349292045,77.0,7,113.00446748476229,0.4367732830258144,-20306.660182268053,-452097995.4445719,0.0,0.0,0.0
1540,471.8899692120268,17.720100365381573,22.979185317480873,4.702406869119236,4.970818583193351,0.20325739538195814,141.97090729020763,12.017142745543032,0.300473731605186,4.016003427309129,2.692105240795582,2.294956518319755,2.210840346887831,2.486948386825838,14.053812182409352,623.8922582953181,0.037713252073370125,0.6145225119943382,8,0.026146110618160308,0.20325347530316473,3,0.037198326164512484,0.6286854344453603,702.0,43,1449.9405081658663,0.3114269034178312,-24365.311940155967,-476478257.94141114,0.0,0.0,0.0
1541,658.5753766359227,10.782404030150431,63.567303247396815,5.956863039661163,10.739828567244057,0.2614962078224352,56.0478354817379,14.556162625258608,0.2152816572065175,4.603276247662285,2.6467936938730925,2.448822321382499,2.2023214414386363,2.380283938452674,24.246034983854816,2.1554569874899245,0.04098228056410816,0.7904105910562459,8,0.03442768411712511,0.2615202602780243,4,0.039314119268066036,0.7811815428351042,1639.0,89,5484.4238209875975,0.421793761624385,-9292.750720322658,-649982339.8258924,0.0,0.0,0.0
1542,569.4023843600519,40.36760803875468,42.47124951862802,8.040148707754032,10.756504416180587,0.15281932252535646,41.14612848635511,0.7582922795755487,0.17320263371272254,4.585264497391721,2.6056437753822648,2.3089883201038117,2.2877537711646636,2.450419707042546,77.89341678453016,531.2141266594148,0.05003274291805891,0.984599755446961,18,0.0456078083407276,0.1528541851523218,7,0.04955615761986123,0.9033466315791733,0.0,0,0.0,0.37058544694480045,-25802.907989798914,-718817902.8537335,0.0,0.0,0.0
1543,577.3232733820358,16.067914537763027,99.49184010932709,9.172593275199091,7.16827278152515,0.24538918255110648,32.32002657893343,12.210728313047861,0.10506590324604262,1.8330239024170214,2.6294049560453345,2.3852276571549966,2.2280331108543674,2.4717791608225608,56.17961146864181,10.416609395032586,0.05465907897863226,0.9854309261294437,23,0.06412304052055605,0.24543034605146408,7,0.057446588102807644,0.8686578307485119,2342.0,67,2966.598780430895,0.3167203720413996,-29521.07496462917,-780386090.9005032,0.0,0.0,0.0
1544,568.6245222533653,17.63647123610567,33.26127649437925,6.189608854504758,7.550206379682122,0.058396286208863654,32.60807917021974,9.677160865141373,0.19162415828487464,4.43016576247188,2.687725532804149,2.2817289346343017,2.2051359380023503,2.39976537291665,12.596667041701158,170.51254273760748,0.03857819587359901,0.5238047614350743,6,0.01774622892635315,0.05844424726412304,3,0.03883887026170717,0.5320769335413348,137.0,5,173.64354965390459,0.4329773874720373,-12522.855119547097,-290325712.59327376,0.0,0.0,0.0
1545,402.57572776718524,14.795853393922618,149.31248408697087,6.878126848551039,8.669658327130323,0.24624604781554732,98.02782753358717,14.158130860766846,0.27404721488416733,1.1751948401113808,2.654979364241126,2.5200189107900863,2.615509086591409,2.447024607939197,45.539060160111546,664.7181685560129,0.0317436775900176,0.8382875324300771,11,0.04726412304052056,0.24625850340136055,5,0.031773732896631886,0.7737189236182619,1494.0,99,6040.437686976522,0.3879846382453582,-18781.054267131127,-537507030.054038,0.0,0.0,0.0
1546,415.7354118319198,15.211181192917328,41.746186475799206,8.445357164944149,3.0114297211076795,0.09100248332401263,80.05569815361805,14.425228164060876,0.20321445395609103,4.090220942512418,2.679655814766491,2.506222263988194,2.6453905248392333,2.534886445593371,22.454736610436008,3.3563488387249025,0.031225825396593403,0.5219882650218749,16,0.06359065365276545,0.09103815439219166,2,0.032398083959414486,0.5240206566263166,879.0,40,3080.657451662488,0.24075659905065905,-23401.19942297635,-330139162.6617816,0.0,0.0,0.0
1547,324.967267623671,47.43613822584963,108.1882626241604,5.722299496369748,10.924597783003478,0.21436301327779878,32.485138668830615,4.278132622458863,0.17933000703465954,3.611264758869683,2.6822443472212827,2.1025722906528124,2.499413105759614,2.4055862325638535,32.9011034996267,72.99325970525969,0.08420134695281317,0.9294522343184923,19,0.05755693581780538,0.21437444543034606,3,0.0825138004884166,0.8849298993820957,640.0,32,1835.6364713345376,0.4026152734865316,-36766.42443626099,-912400389.6875427,0.0,0.0,0.0
1548,382.0555885505149,13.586501118605309,86.29342531142822,3.259681865652695,4.106117329821473,0.2658832486264833,81.14771871433878,13.625664066248271,0.15504654958264574,1.1454362102527949,2.660881937108287,2.3680608955199443,2.6350925213661194,2.4615802896778747,29.72784262218669,9.233205998652378,0.04750310982118531,0.6973272364660263,1,0.0013605442176870747,0.2658976634131914,3,0.04902213415176646,0.676361931551422,72.0,0,0.0,0.47172931538528307,-33124.08444501249,-400664281.7944381,0.0,0.0,0.0
1549,551.695803129052,13.304020854222014,125.42882875016093,2.421299893649289,4.823595806799414,0.2943635183596077,36.44290686765022,2.906882856495333,0.1267971797670819,1.7598057967258347,2.632827462518063,2.1895250231688332,2.490864641300017,2.433972884620286,14.371985015485803,242.56310834036248,0.08457037978842956,0.926679740028354,7,0.03768115942028986,0.2943507837917776,2,0.08473017363222816,0.8641252034740015,261.0,10,875.5839921206137,0.5101497586286707,-67216.43025179289,-562415922.7592788,0.0,0.0,0.0
1550,614.7299606979984,10.457478390736743,61.1242949628534,8.74290499011638,9.785136669306674,0.0915186396232004,30.931915437907378,11.67276010910905,0.19091776305545405,4.322465797786839,2.6048135052059584,2.172571078596683,2.6105163885641747,2.4568470994361253,12.112674404827606,11.536355144436731,0.04734576342519105,0.8286804365633611,16,0.020644779650990833,0.09157054125998225,6,0.0454178266183928,0.7974005128112984,585.0,36,1985.296250637009,0.33711973063091527,-31638.90453143517,-595283660.8113369,0.0,0.0,0.0
1551,504.31543900938976,13.99975103906796,17.712934183550445,7.867609426552276,1.0040230442555154,0.2836449030378639,32.29634731686956,12.046239094085434,0.33262017800528704,1.3173338757534285,2.6790930161899897,2.586618226039958,2.6813031959182614,2.4882413086901742,22.080686746708608,237.3256095021129,0.0740470258576935,0.9766373569880975,12,0.03448683821354629,0.2836438923395445,5,0.07481954040448567,0.9027946887283079,1887.0,152,8013.951713792755,0.31802082379833907,-42707.45670459933,-817504476.5077263,0.0,0.0,0.0
1552,607.7215092153513,36.869791195723266,17.98623485082661,9.63906947753669,12.66834417040956,0.0625909530999612,37.05361108235629,4.531206203797095,0.30711407412919334,2.7570826501321184,2.671030890295722,2.141704414818238,2.2456068982894672,2.4436824604882603,59.75173150163573,49.62013317294736,0.05086357256474279,0.905296092108036,12,0.028512274475007395,0.06264418811002662,10,0.05109533194979215,0.8198849915867515,236.0,19,1987.4071890615178,0.3839054852097874,-18524.82078492672,-644755963.1152349,0.0,0.0,0.0
1553,527.5663056901112,32.64588396467844,75.0361371531436,3.079714775665985,5.990039973770237,0.1445562406996893,38.763407059686976,2.9951039499732457,0.20185337252055893,1.6574516888781647,2.622611281375667,2.337930218988997,2.341687066495938,2.4098213068370606,94.6636677095725,5.524963214075561,0.06700513446448511,0.5070722134098429,6,0.02525879917184265,0.144572611653357,3,0.06660080683751837,0.5159850872894145,68.0,0,0.0,0.37837462048085113,-40800.90791109287,-237632194.17411226,0.0,0.0,0.0
1554,656.3159912515371,25.51536498344624,25.427354870042144,6.971024522914651,16.25481070506372,0.05067568344120081,76.84229662650228,2.982921308863922,0.21855029459925981,3.111964040404587,2.6706176546798766,2.1513966450989774,2.3353787629253535,2.5123267261387507,17.948372852431667,9.455476855088522,0.072726845994822,0.8496895223936245,12,0.029044661342797987,0.05069506063294883,2,0.0703544864334093,0.7630735839719095,49.0,2,11.728925905352515,0.3105636627702748,-14960.93725922364,-705958622.4202886,0.0,0.0,0.0
1555,541.5974388160917,22.28976380619578,5.1422936962689185,3.5785407155482076,10.321714640686622,0.17589472444189647,59.62667782968373,12.881974287186932,0.2700958897263882,1.234142591335048,2.635187887373178,2.108773962214859,2.2117658010473082,2.4315108388049387,16.244511825512706,211.2154335959555,0.04240745624632224,0.9460896580292403,8,0.015557527358769595,0.1759242827565809,4,0.04254648864871711,0.9003655962176326,471.0,35,1480.2856640077932,0.392153427348529,-26915.588516362506,-809913674.3100764,0.0,0.0,0.0
1556,397.21084890657636,33.59207671893741,32.21280354943184,6.373810145359475,15.413286502816073,0.28014232662313376,109.49488051095994,1.0331425930695963,0.21817364757438293,1.9102517442856621,2.681897302676571,2.3078174427965896,2.5135791713536464,2.3346238823638807,72.09627897112357,257.6965876452996,0.09469398276814642,0.8707213195469208,12,0.03176574977817214,0.28015380065069506,2,0.08779707310273353,0.8151281140523988,225.0,9,72.22367434887579,0.5638527408583318,-65644.81969451955,-828979545.4291112,0.0,0.0,0.0
1557,661.4024098066476,39.93631510049313,105.15583032153944,7.765598959006293,7.562316227961803,0.18824692900457457,82.12108661573251,4.254319794254907,0.13251213824441682,2.4334530250955693,2.6244243043779285,2.5899254442662993,2.5504867245166776,2.5105748947922875,19.03551486287836,1.2722803069130204,0.08741206768527882,0.6231834212511004,14,0.03146997929606625,0.18828748890860691,6,0.08435301349984091,0.6321102723729008,498.0,17,967.235788253968,0.2625444385781477,-39274.39888210117,-406100443.8112695,0.0,0.0,0.0
1558,418.185012432481,11.668548137931428,138.4976825724725,5.824846279808667,16.009901128348915,0.18731350682123055,40.239317569537235,4.397729969545452,0.12783263732255223,4.421301534737444,2.6245839604577643,2.5735773889962323,2.3589049984817114,2.5169944537363698,20.728947564499787,4.579864211025089,0.0741302168864238,0.9605280875090265,13,0.03223898254954156,0.18734102336586808,4,0.07356729450862612,0.9037904994099494,462.0,15,730.7215392155215,0.3025787529187811,-36945.770471414915,-693947027.7663302,0.0,0.0,0.0
1559,562.2706942202658,49.42975362625473,10.151211629454565,3.986343102641473,14.59865916645283,0.1320588421348146,52.466326294927775,7.317520640866631,0.23037860791123313,4.356172254785327,2.6284223656125096,2.507602854432129,2.291351073523737,2.4304309492363543,29.26340057842888,785.5797009239358,0.08575685445533138,0.5607819019926317,8,0.04265010351966874,0.13209109730848861,3,0.08660026157905688,0.5367822452527717,292.0,17,623.1519771511889,0.3981937573589347,-39124.42952390608,-333129598.3429005,0.0,0.0,0.0
1560,451.782231233935,21.541509013010955,28.62617760248079,6.3853598524701125,10.272178879914598,0.1720651852335277,89.34450484863451,13.609186199885496,0.3131363064747237,2.3454572835512066,2.665760651211671,2.3578109343087705,2.6247511145652753,2.436213881810679,17.123456178937424,45.6594771139528,0.045381248691109946,0.7085480555824368,12,0.025436261461106183,0.17207926648920438,0,0.04729986175788235,0.6899331520623726,1327.0,104,5466.8359510079135,0.3410917865710368,-26600.73376545959,-506915442.8607415,0.0,0.0,0.0
1561,486.5702212782659,14.256939044103799,100.80665790872803,5.3089962666241455,3.1992129430815113,0.17195391134670257,89.20022349391468,11.00728311500089,0.3072848616396868,4.1384633706258285,2.6207974477194615,2.1062436484751057,2.303553534314863,2.416940875103087,11.729250432791106,1.4333472447785063,0.048860704818661796,0.9373654433758829,15,0.029991126885536824,0.17196095829636202,2,0.04884096760470012,0.8266060346025959,898.0,70,3780.9080510705458,0.39120427796330315,-21545.534532171347,-647501329.3114895,0.0,0.0,0.0
1562,349.5273568189756,25.064950908998064,37.39364969455034,6.68668276465879,17.884677968045427,0.1694328472559316,69.57037706691675,7.58192280055401,0.21168466598868865,1.16113411669707,2.6949927241213527,2.231024343384946,2.6216450020729534,2.422146822756284,78.98265350108935,1.5043512767481249,0.0984685934863845,0.5922865900415869,13,0.053948535936113574,0.16947648624667258,5,0.09413344826140348,0.6115534955053251,1008.0,55,3250.9760530876792,0.40396822221740836,-52933.72440763999,-404120889.914829,0.0,0.0,0.0
1563,446.86997708089694,47.57436518849194,38.840834632592255,3.8121880535789456,1.9114847607791714,0.1322296107714035,51.838897735104176,6.111317425588884,0.18070292539358135,4.935985878879647,2.6772590052876164,2.3543001137120596,2.550611735559497,2.4425491527819494,21.254764333334055,430.52448380905867,0.09838199682172781,0.8926873412351405,8,0.01715468796214138,0.13226855959775213,2,0.09449977111040381,0.8291533341010243,303.0,13,576.734965993833,0.37173956957078147,-29822.203449503413,-740409950.7714034,0.0,0.0,0.0
1564,411.03432659965426,12.721015789228552,52.11600898912099,7.45829751633275,14.0344893826188,0.25457934397811227,77.997610761372,4.725335781334097,0.24622867738089346,1.3345798109839278,2.6516835459680728,2.5685756195724876,2.489683519697663,2.362198812618882,61.38842272502618,12.246428895282952,0.09797179726018089,0.5962126759608399,10,0.039574090505767524,0.25459923099674653,3,0.09448196115644661,0.5640493901092875,569.0,30,1189.2590572977663,0.4439070190696426,-94698.41291917332,-255055589.74199444,0.0,0.0,0.0
1565,479.9131044983221,49.065103171136336,71.3020395576397,7.242643957716511,12.903792016080748,0.19744631534212836,140.7208917133179,0.2835733054328077,0.1591748469834623,3.52127307627596,2.60102364504141,2.3029099532327137,2.677619312570915,2.52225725956223,14.679054374757095,9.641365025568279,0.08663972409860667,0.8796529313291381,10,0.0341910677314404,0.1974563738538894,2,0.08825217347005215,0.8464801116905175,0.0,0,0.0,0.27219235286491106,-46353.274257532445,-788685957.0140657,0.0,0.0,0.0
1566,596.0467571137756,22.926716416248436,48.8239889637044,6.503429328586117,16.405158556613603,0.2338858344975186,51.05397698403686,0.4038214340160545,0.29704325529840536,1.7818795833553929,2.6194463155579215,2.4010049360056724,2.5612247562893646,2.4392756548514023,59.0769728841569,10.740072357860166,0.0494747401243935,0.9240540281448802,12,0.02732919254658385,0.23389529724933453,2,0.048814725148165955,0.8770653113130571,0.0,0,0.0,0.40205903764362994,-13943.645159952606,-728875748.3861685,0.0,0.0,0.0
1567,566.0532832648789,20.953342949229157,65.91271927788482,3.3656255053885875,10.922275040808293,0.18885794737059103,75.7441390010006,4.368211835513817,0.3228502251963629,3.4795762624422646,2.6987655806153663,2.5336411756456907,2.2845052453287296,2.562530039007912,10.340799108555283,103.59516452632079,0.07852358388880502,0.7294815852638811,9,0.011002661934338954,0.18887902987281868,1,0.0834882624815583,0.6645363152100545,42.0,2,215.89898930426472,0.25605050677021657,-39155.408955101215,-412090269.36914283,0.0,0.0,0.0
1568,439.1573623079028,14.803801915087318,62.96286252828082,7.636570302217608,4.592352722776194,0.10350940247697181,86.43712806468488,6.120263282120486,0.18044611282424028,4.586723982316568,2.696631949801316,2.317941811399729,2.5578451918442306,2.4627394175379753,16.254365932158905,51.930885196194055,0.05454961844480363,0.938392716811794,15,0.044365572315882874,0.10351966873706005,2,0.0545195363960728,0.8093537294920973,489.0,20,543.0857254609118,0.3533590986013335,-24368.47049828442,-565047369.6180375,0.0,0.0,0.0
1569,409.9752116478881,14.091537521340143,78.41536709342012,3.4509290017041794,7.9447359779696445,0.19709425102488887,31.22555815439685,12.367852493030513,0.20585115825825717,2.5788518383651375,2.6944566242912606,2.412909487693461,2.4751988573558927,2.448075080646051,17.498327831152647,4.483880411826025,0.059611342778946655,0.6659686064103638,5,0.016149068322981366,0.19710144927536233,1,0.05605273671211966,0.6383978585958415,605.0,27,1704.6804925117178,0.38550559795887906,-23052.688946706116,-389120616.88170624,0.0,0.0,0.0
1570,447.8292500349321,11.166940954502481,66.6085290510434,3.416178227293728,11.733365704019306,0.05097016669419112,63.31932300635596,5.784473033381784,0.10728987153867157,2.166338877140598,2.698296627063726,2.5789840638670816,2.4068572998375366,2.4680415527387534,17.508661898237296,14.28881474246602,0.08812408584566106,0.7326994403040392,4,0.010529429162969535,0.050990831115054716,2,0.08600571482425297,0.681593728543228,154.0,1,29.322059489746895,0.32353414709631867,-49241.29251718102,-538662461.6459383,0.0,0.0,0.0
1571,452.6439974160561,10.11195028119663,105.04692324515888,4.299823669423585,8.156443725487211,0.06543249718065182,115.0360594430251,9.140448937907346,0.2555741902887707,3.563591104029955,2.694400983089756,2.595568501609059,2.5743348522472327,2.5069681611184627,12.623943616413225,7.210838485831647,0.051362322731433846,0.5282816048580445,13,0.041289559301981665,0.06548358473824312,3,0.05105526291817278,0.46940816001032726,465.0,36,1563.7117042102352,0.2951859075209682,-25350.840094384563,-242050321.4351251,0.0,0.0,0.0
1572,431.22032253207726,30.425408373015152,136.3767683631914,8.42342882550626,10.126400300946687,0.2862461100724005,41.67863847501185,2.645021740249984,0.21052806498102963,2.542987305570836,2.6033093165838,2.4038647660150794,2.228974380467541,2.4434731657596656,84.0174716317623,1.3890576076886763,0.06407390799821532,0.5572061216798705,17,0.044010647737355815,0.2862466725820763,3,0.06366236172067516,0.5693850672868405,351.0,16,910.5243406604335,0.4015640383813688,-42626.86130667812,-305397147.30819243,0.0,0.0,0.0
1573,617.9016052177551,14.59633186000861,16.833072911120837,6.315216932509786,1.539739927839813,0.19549705237349296,42.9489044806213,5.532677781239505,0.28129472465128746,4.158776471919563,2.660575493545008,2.2725836078820656,2.230390419228656,2.4613115478853334,52.587872040581644,41.549148757646186,0.0841509493157278,0.7349806375029411,13,0.041407867494824016,0.19550428867199054,6,0.08132983394982853,0.7458732144364018,528.0,38,1476.970696670673,0.3725315085351504,-51913.27199900228,-475528472.3973425,0.0,0.0,0.0
1574,437.8736894568806,12.690669032231686,116.9708562420681,6.453374665793396,8.678739228152203,0.11254783964126026,31.000648753121084,0.250292043193559,0.29969769523957435,2.885349718234304,2.6442884816720404,2.1318053026439445,2.653474688428394,2.3975351111593133,10.243917747240213,21.888058966270417,0.0825230048522853,0.9968794285594442,19,0.06152026027802426,0.11257024548950015,3,0.07969871638002123,0.9293499215809445,0.0,0,0.0,0.4005572492929512,-63755.72177257648,-604853872.4635502,0.0,0.0,0.0
1575,322.28558702847386,14.037963428950361,110.61829115516842,5.404960704308731,5.605546278831276,0.23207866882948291,79.42296946938956,9.726001310477333,0.11540520828098465,2.7892088017095795,2.628372097367904,2.171024410651472,2.2198762598409694,2.5221104817766484,16.0260109081464,166.94995709189232,0.07769507196902116,0.6050131005796198,11,0.03833185448092281,0.2321206743566992,7,0.07615969748497059,0.5766849128137677,1254.0,25,1506.4729107096566,0.2622514395864477,-42925.05469361445,-339505500.5939784,0.0,0.0,0.0
1576,659.9282052963409,20.941818619977923,40.39480412813688,9.786002552581985,17.23658423849668,0.12617054419513024,69.20128180398878,4.28423138473356,0.20509478982920212,4.18716310796469,2.641046593436264,2.453566592181403,2.4171019083137173,2.4551134829326244,90.45070982301607,6.248577440287385,0.0564679000002579,0.784006127569264,15,0.017864537119195504,0.12617568766637088,4,0.05523867006076394,0.755557707654961,473.0,35,2165.0755812222374,0.3271099814285505,-25031.226294020416,-451401194.8679578,0.0,0.0,0.0
1577,345.2234114638685,25.476550488001493,108.98039736594825,5.192527152031045,7.988274778581193,0.21524747723988114,105.22987913728741,7.476813881014036,0.10989043564202519,2.6833253443367147,2.6304081120101386,2.2385806332927007,2.651492283569073,2.3910213487680383,39.38877964494041,1.3097432568333565,0.05630137109718028,0.5868432806185429,3,0.001774622892635315,0.2152617568766637,5,0.05713908891650017,0.5929332035267837,117.0,3,43.30650421245247,0.37695453941213986,-25514.48519575448,-403498680.13568366,0.0,0.0,0.0
1578,413.0291160440676,37.05675635356822,56.807303168446396,9.204676309791695,6.762956030288645,0.15005140562767405,57.71215561365747,14.983946114145786,0.23028531654986653,2.434095424699198,2.6300498743129337,2.135547189805558,2.6594569570457756,2.3299180754490028,37.279813313358254,232.73345473523764,0.05501165515881069,0.771049479508934,14,0.04081632653061224,0.15007394262052648,6,0.054651917109586966,0.7077740675811734,1773.0,89,4232.347478839595,0.43408109409664997,-25342.723781508586,-641398483.1649711,0.0,0.0,0.0
1579,368.90243179452176,14.72153799651977,74.29025206097421,7.8829536435555125,16.316753716205156,0.12868184259787047,37.46729058989034,5.004999033257843,0.12969836525936554,4.19122990628104,2.641070188409674,2.597834186775146,2.6207187025649357,2.369078752815505,26.61215513844359,7.3588511526100575,0.09534741693407209,0.5110124610011587,17,0.03070097604259095,0.1287193138124815,5,0.08524539658621472,0.5095650547453419,460.0,17,1353.5460739535597,0.4510940188257635,-53737.20398494434,-258034043.91380686,0.0,0.0,0.0
1580,501.22495892584806,44.34482369648576,6.426449506847759,8.6771117754015,9.58886632264426,0.2590159490144945,58.11389533400005,9.496794946560073,0.26876406271708864,2.350460099355371,2.673195449148671,2.5243622331917233,2.2858999387557684,2.4216477094864306,89.5654653630724,357.1211605391014,0.07075041330101745,0.9030054366985798,11,0.018811002661934337,0.2590357882283348,5,0.07258996060092063,0.8441131062418384,1131.0,60,3290.565954538045,0.41217934508942244,-44318.51085557763,-761594037.7657301,0.0,0.0,0.0
1581,426.66994923018035,10.651477855506863,44.60585150484803,5.247522940711669,2.521067377040774,0.17970862932189907,36.61706139412002,7.075849762524213,0.1413841676314584,3.271577289762414,2.6087036516809623,2.373750324224133,2.654524780363611,2.5206729843468074,35.555624316294335,1.2260181389459641,0.08185150896800122,0.7564929635346256,11,0.024844720496894408,0.17971014492753623,3,0.08125093762082644,0.7399606453073845,826.0,28,1578.4939889356453,0.276842464470473,-35189.21494567629,-386059570.6411898,0.0,0.0,0.0
1582,393.02838397054074,25.76383138302274,138.52788693765362,9.220997152496151,12.56613329560832,0.09544059591015118,90.62497707352017,11.714646522046303,0.3409278456177136,2.9925616201140457,2.674779659561575,2.3979260828183473,2.2726986250189825,2.476188132399052,49.01928813354194,3.5535747738246206,0.04252856821502116,0.9836915814697174,17,0.04182194616977226,0.09547471162377995,5,0.042760039631543456,0.8253568134475083,940.0,68,4674.14156709711,0.3745512374684261,-27088.512307226025,-636186738.8525062,0.0,0.0,0.0
1583,397.73824343797014,23.3424128229729,145.32570528959528,8.585911545862917,6.653394742136981,0.24137917309277934,133.24380323146858,8.654493918103773,0.143487990399024,3.473710259614873,2.6746533746583063,2.145826929870448,2.4196124254401115,2.4461174455931616,19.923826357271697,16.05750523286156,0.03849196515140645,0.555728503385815,12,0.04123040520556048,0.241407867494824,4,0.038231829094767564,0.5308674475607496,820.0,26,1049.4007046080121,0.3551748678464839,-18381.331888209108,-370648278.00052154,0.0,0.0,0.0
1584,612.0559684329102,15.133542418481007,39.265525729133735,7.909643677056568,8.680301841097375,0.10680612372646071,49.3218982055788,12.61672733617609,0.10109289502118529,2.3206145148479305,2.692542074827425,2.543650969013162,2.619021768921727,2.435386831552116,26.042761243492805,6.857499175457027,0.05080165715938955,0.6792264887447994,15,0.016681455190771962,0.10683229813664596,7,0.05229913257581063,0.6945870076922294,815.0,23,1347.917620612596,0.3994014968369308,-17196.134202067275,-369563223.96512574,0.0,0.0,0.0
1585,554.4476381433831,14.574202128678913,123.43877391810067,4.432319037776743,7.612745222157546,0.20245323329659803,64.44971530506076,0.5864848276267259,0.32729176179970065,4.151590560006827,2.624494692845601,2.598752426784059,2.5196729612613935,2.33402765400114,29.028505672540355,7.138130710682221,0.07708031307226146,0.8642862484118858,10,0.03259390712806862,0.20248447204968945,5,0.07160946225909162,0.8190138547781899,0.0,0,0.0,0.40864283839061377,-41428.16852813761,-667706333.25117,0.0,0.0,0.0
1586,517.1956395187144,11.876049464955495,65.30128729127392,8.15384899030483,10.258843647917011,0.2084778894988379,85.84731832648852,8.165220244117755,0.3130101846374933,3.2829491502589616,2.6739091177842966,2.2933067868908203,2.6314411507523,2.492573506297761,87.4569488067066,68.48499286086371,0.031295168212536154,0.6839136240332386,14,0.0375628512274475,0.2085181898846495,6,0.03156962754649341,0.6938034306003131,341.0,23,1246.9674801221436,0.3259856754585724,-17572.24439580503,-512768862.29156274,0.0,0.0,0.0
1587,579.470948976624,24.08564823434882,120.3025817748228,9.790984715237135,13.960063698251902,0.28373605236235167,31.601057684738223,12.992097331753067,0.3232911449114605,3.3744461892592796,2.650664433222522,2.545237509400613,2.415561828176159,2.432544322482843,33.284885620691874,4.483144013934952,0.04601988650000116,0.6922218857983826,16,0.05134575569358178,0.2837622005323869,2,0.04577260080318102,0.6742755117472565,1945.0,145,8599.911729646088,0.3999235047941636,-24742.25372925816,-473649547.6130374,0.0,0.0,0.0
1588,635.2917860236247,39.5213150137402,97.4099282270056,9.888073333675615,12.167735628822191,0.24327661906066705,142.8021651784941,9.122388531089879,0.19062477729443272,1.5466123553903812,2.6590300530557203,2.199796464640032,2.613052800300296,2.452544028070833,14.262205991197796,9.863003598196716,0.03368737432389204,0.8486978640329197,14,0.022123632061520262,0.24330079858030168,3,0.035181755572706225,0.7909444537488767,1149.0,47,1835.85550155692,0.38742789996656724,-14780.21310456243,-728231856.2901099,0.0,0.0,0.0
1589,573.8589158488127,14.918970850449845,112.59506114073355,2.961934631456284,11.567053544423306,0.10936978169524987,114.5651528037009,3.6659602312182997,0.09476851597382584,4.014395911582911,2.6993294154313547,2.4463000531986108,2.5050360768659656,2.4691361666172718,64.46332625207594,1.2842770060070978,0.09210988964876121,0.5743597715166637,4,0.008813960366755398,0.10937592428275658,1,0.09489763277452502,0.570602615983872,0.0,0,0.0,0.3430397126479727,-60457.55561082683,-422743966.3185681,0.0,0.0,0.0
1590,534.5377014961211,12.420060958353488,99.19497291878996,6.862670435890926,5.02727867426772,0.07964480347047158,45.57294358865187,5.731261357973983,0.33581329563660334,2.29457322223877,2.6766072961795246,2.441381521142222,2.645345992542785,2.468159733311996,12.276834449224845,331.8437154192285,0.07488655918814337,0.9189288354987064,13,0.024075717243419108,0.07968056787932565,3,0.07389083336147008,0.8300578937082218,244.0,20,1417.8061023016123,0.33334418652458186,-49473.6311391602,-578568368.8006859,0.0,0.0,0.0
1591,378.87571427700766,37.628362893681214,121.00364581512339,3.756198644276078,2.671658412847429,0.2825969039130098,32.50996374675935,7.259983846391476,0.20566625009241618,1.6687006174002255,2.663329975283693,2.3281177908037183,2.404177148081128,2.455163341370602,47.437290413546606,351.32640363646505,0.03142623088816151,0.97456289515972,5,0.012008281573498964,0.2826382727003845,5,0.03342829944043251,0.9077713443853869,231.0,6,461.56645871852794,0.31159032001071996,-24439.1325145093,-924345925.3305612,0.0,0.0,0.0
1592,489.93710657386976,24.68969315441196,40.068469620515046,6.375529838315458,3.088219777502226,0.14481716090724617,46.71351210058098,8.031850930143328,0.23223485261473015,2.0378195667542927,2.686105258012488,2.103316666416177,2.574282572501147,2.511864781066672,66.10924312670623,231.0927307202288,0.08800710035845241,0.6698732872573683,12,0.03667553978112984,0.1448092280390417,4,0.08150223173370418,0.632978705206033,500.0,36,1502.5851740396413,0.3188059174401463,-54686.2959247843,-544474252.9782639,0.0,0.0,0.0
1593,327.9900132074938,22.70391306866519,1.1705888251937913,6.10998218634027,6.2238527595787225,0.26513018752942985,32.91036676525701,2.6791870102991395,0.2544747754291594,1.6173812814465718,2.6724288508443292,2.5640163477927342,2.683504982925262,2.432848054510481,10.014976135613296,142.10699170260781,0.060092974040767425,0.7321891055901097,15,0.030286897367642708,0.26512866015971603,2,0.05922510106846036,0.7184065133164665,329.0,13,534.1100484670116,0.3968040014870269,-41045.97951742956,-467054010.1492095,0.0,0.0,0.0
1594,619.3865135711833,28.809128417119616,119.38426400678219,2.5861043901784946,2.79084486785262,0.2490237601982197,56.288784560578215,10.875674298890504,0.09745746432463503,2.0030365396992353,2.6008752628198857,2.263321968772672,2.2785575470094175,2.488608313370539,19.14099813622209,84.75832999020172,0.050296227330958385,0.8050135429726786,1,0.00023661638568470866,0.24903874593315586,1,0.05054142696495626,0.7338708198611956,0.0,0,0.0,0.2523141884854829,-11824.367528088427,-549646692.2332839,0.0,0.0,0.0
1595,480.34079003979474,37.38574922518266,45.565508527960766,2.1602784409163416,11.715947781737603,0.1132606678365906,73.42068838269155,11.830042588146041,0.09876309698860117,2.2142723341316977,2.6504064303658934,2.201800744082501,2.3072850923482773,2.4638396551909305,53.05544069628382,1.4531256038115337,0.07344818322522526,0.7124559747086947,4,0.018278615794143745,0.11328009464655428,2,0.07193036327942867,0.6905824097578321,227.0,3,136.87293785324331,0.34592372736674504,-47785.12666747037,-487415412.24104947,0.0,0.0,0.0
1596,662.7888308075885,47.98833732984557,122.64420948896931,8.20781855819801,17.651326445018512,0.2781238777884532,84.29110233276896,10.794984422678553,0.16888257734895645,4.164608247775035,2.6216382493575887,2.3941702643675153,2.427474260060869,2.4195294974965385,73.09914224135736,15.68894750440481,0.09666174094518634,0.7853086036829706,19,0.0653061224489796,0.27814256137237503,7,0.0880051396083332,0.794464441830964,2111.0,75,3035.210086480242,0.4434806572851846,-41758.40310019801,-627146857.9531205,0.0,0.0,0.0
1597,493.00487922411594,14.264690638447771,108.14383282394525,8.935446983924477,12.072297867214187,0.15580437863900287,135.61155272506292,14.241962847094342,0.09623553905619571,4.752924607378224,2.6435181151729674,2.1198435921317023,2.699560917484153,2.49224503670115,16.653322822624403,84.56479399898666,0.07419929774117065,0.5943019465871509,21,0.05353445726116533,0.15581188997338066,10,0.07378194369945468,0.5689959002963073,1791.0,51,3488.617968949127,0.3038499282246603,-39058.52724984975,-390247380.2115835,0.0,0.0,0.0
1598,632.3118980041975,17.003857945871278,67.692900874371,5.815835817327324,9.388930176274243,0.11475033198876115,91.90386538221169,8.119143245254943,0.2258917486884278,2.959811358088127,2.6358063311378075,2.355676833958319,2.207734042170926,2.3657390755765673,58.215932562110964,29.408180749945533,0.09006686917437337,0.746545995245836,11,0.016030760130139012,0.1147589470570837,3,0.08036299161516681,0.6482381853038485,527.0,29,1888.4232424992206,0.4801266128421986,-38914.72462243631,-356187354.9649575,0.0,0.0,0.0
1599,636.3556922629234,16.3931804182486,122.60121791503285,6.525296915544276,14.98337474557858,0.1686803743525772,99.31592915426242,14.025505243460023,0.11759921041644199,2.744222163271442,2.672322248235677,2.3868854089260565,2.6770199981909952,2.4486128270796876,73.01102668160789,23.537157432416176,0.08541885159654311,0.6019635705673758,15,0.048802129547471165,0.16870748299319727,6,0.08295426149300099,0.606369089051971,68.0,2,194.03929677962083,0.38938718134341244,-51690.809567830845,-319188887.2077619,0.0,0.0,0.0
1600,436.8793792238293,49.99885636754823,41.786571763620316,4.124986830390645,8.095552548352272,0.2524118979547084,31.196401735161704,12.931584418973669,0.1252994447893928,3.6517252282455597,2.605146352013122,2.207623915821595,2.417554635634709,2.3979693513888765,14.595801080780484,788.13011294051,0.06482613479995153,0.6103316951645185,1,0.00023661638568470866,0.252410529429163,3,0.06836403994000682,0.5645061959011743,80.0,1,126.2641201079969,0.49555044475630927,-36771.71326931093,-364431174.6316422,0.0,0.0,0.0
1601,399.2551920278723,32.52399251097866,112.28008150845247,6.8358844998889605,11.357875930673288,0.13079177108352608,35.34768172915955,6.023129176994822,0.33850918899739,2.016066240461858,2.62500426016756,2.483833719169857,2.3700349288930713,2.4345116334705716,23.49346606922128,344.9554867280301,0.0475083145773383,0.5285978136465967,10,0.020644779650990833,0.13078970718722271,7,0.04802552620145058,0.5351502677697388,318.0,28,878.0309123995305,0.3262204248646987,-13940.007643172672,-359622549.9474405,0.0,0.0,0.0
1602,665.9666800670034,12.597631886629543,121.46001850215555,2.9238795147843133,6.909944364160704,0.25756145447044776,82.56654932863678,10.97858000881139,0.26162084379901307,4.1856936039804795,2.614919551509004,2.4778351396995335,2.603114210946693,2.3957953153074256,33.572202675318486,3.0782765260205505,0.039925205346242915,0.5611047503893534,4,0.02129547471162378,0.25755693581780537,0,0.03944809626793842,0.5242148028725857,1004.0,57,3002.4874680458597,0.45697506395523346,-22610.131938508403,-219131283.17815056,0.0,0.0,0.0
1603,354.36094665476236,11.67073966604394,123.58306757513029,9.877444635192973,10.956305910510059,0.09565819960138143,48.23374546198578,6.65546915426673,0.23250935718604995,3.7472074285467247,2.639377509265043,2.239478953149361,2.3061640527393084,2.366008788689112,36.259732357209565,144.63119775734123,0.06521005673116853,0.7359878464312469,20,0.06873706004140787,0.09571132800946465,7,0.06346351986833515,0.7461664671775089,649.0,45,3100.714682344586,0.49562789432822374,-37576.83168629507,-535000755.12640667,0.0,0.0,0.0
1604,644.3902486688895,32.876343448844786,66.42465918115846,8.897319928063524,3.6659422181847074,0.21314192289424871,62.448154084253645,7.893836589165474,0.15280406007583805,2.7790508006632617,2.6687881258086392,2.134869975495245,2.6675694120948212,2.3933892338950447,80.83746630763535,129.78860674376284,0.06432000015746075,0.8157638009278807,19,0.056669624371487724,0.21313220940550134,2,0.06614853838244988,0.8108342616124442,1157.0,43,1334.770259775554,0.3754699702809403,-26678.324317483522,-399077916.8096286,0.0,0.0,0.0
1605,616.408258728826,35.06903670384104,9.693548081725423,8.366718008652681,5.864056517417474,0.24973456888371315,31.903615134490867,0.40805998849090974,0.12064490320610306,2.45825932215622,2.695089767061893,2.3178305756142055,2.382748816960722,2.5372643867888867,11.639468628441175,1.601838562044149,0.09045470687448559,0.6450651953101325,11,0.048920437740313516,0.24974859509021,5,0.08590676478537702,0.6665511817400718,0.0,0,0.0,0.23925612130069052,-46271.98964023491,-289011201.2794742,0.0,0.0,0.0
1606,368.84394209748416,27.89988265244789,40.00789161472758,6.246581744930028,15.565741855570028,0.29229479966861877,39.479583028920636,13.243598037623327,0.17476071050936065,1.4524423467695988,2.691140957766362,2.154610787781702,2.6783829775280963,2.4275815455255754,35.18684287081683,21.278629174503614,0.04164093923170731,0.726340022535858,16,0.06098787341023366,0.2922803904170364,5,0.04293837463402828,0.6657794967142332,2973.0,125,7716.353653086432,0.3682826394424592,-26351.791270572725,-519100036.29321563,0.0,0.0,0.0
1607,503.60974954121747,18.628638438912752,38.98884946983745,7.228211687152822,17.253316890935412,0.20527484187525702,36.90736243254339,12.479612077160557,0.09653698482834694,2.651511456260104,2.6135600299377204,2.399087240420069,2.2292476284181135,2.4408269920939847,38.72189733914125,1.2122533489720728,0.08555045038302796,0.527027160761976,7,0.040875480627033424,0.20526471458148476,2,0.08264722625399658,0.5411200767681743,1101.0,23,1619.815338462622,0.39211159571588494,-50693.16907987025,-312667697.08779943,0.0,0.0,0.0
1608,456.6924889070908,18.57439969839027,39.09705706659435,3.837651565233072,6.1720171003429165,0.1552579623948745,34.17352450812363,2.7043049771847434,0.30414048158640117,4.212451450392474,2.6017432227729533,2.1297660948649058,2.438031388968998,2.479936296896098,52.30738095712331,1.5970079945515463,0.05081464782708805,0.8725406944250225,10,0.014374445430346052,0.15527950310559005,0,0.05105385175763009,0.8452676515428788,168.0,9,478.27971994438894,0.2721410664713746,-27064.82668761955,-555464732.7738646,0.0,0.0,0.0
1609,434.36056373829814,38.80181014328155,63.54106171600046,4.42634325128291,9.099661933389985,0.20042862105627046,99.24988292048774,6.936178427046621,0.32115531229153693,1.1996150427072325,2.6370320285057214,2.2090234824881905,2.270454294284078,2.414257709684793,13.039839990671386,9.191146717018368,0.04614909361200333,0.5901393543598246,5,0.007808340727595386,0.20047323277136941,5,0.0479545150433236,0.5916494971466256,207.0,19,1312.6571057928415,0.4309675677987057,-27809.115066357837,-367133550.8976094,0.0,0.0,0.0
1610,404.09033760253357,26.42227829213698,12.28657442351474,7.5729258055054345,16.681013532673994,0.2387349191309731,125.34015104148128,11.434375733887434,0.2229060038325487,2.372324265502058,2.637606637009295,2.1604968798684387,2.4934686035474294,2.4175559810646927,12.81140389614602,8.351853752669024,0.05501561309437696,0.5975841921208986,10,0.03300798580301686,0.23874593315587103,4,0.05865270486965838,0.5965953894875444,627.0,33,2176.733851655537,0.44480051234760953,-33584.774959197035,-417210849.1165602,0.0,0.0,0.0
1611,341.43129267495846,37.22761972102821,141.4358731982427,2.795114717428681,1.8897680103831782,0.2459704020428366,142.4817467780978,5.170071010249482,0.1358771044681365,4.14957005107592,2.6856158669526535,2.3910193665689867,2.4715803980363127,2.4784628971350195,50.06015004780591,1.4294074153287735,0.041330711707924635,0.7671600448162043,4,0.0052055604850635906,0.24596273291925466,0,0.04164732448587605,0.7304843949758479,78.0,2,56.638467686381404,0.28269896807635275,-17043.335356836622,-475003108.5150879,0.0,0.0,0.0
1612,321.9261528588932,40.77035218480047,88.11357467549107,3.128464444006128,11.735697940345066,0.05104704503752473,80.76214713053913,5.260405500120643,0.2123510564833443,4.703152308286004,2.624682348610735,2.2067383305064547,2.346099294769839,2.487758526111358,13.321601745229016,3.9429610387680207,0.07481917795848257,0.5702834209058745,9,0.024726412304052054,0.05104998521147589,1,0.0725185299787487,0.5660310027244776,90.0,4,273.9297956925477,0.2907745941729116,-46048.551295779296,-395788261.4622278,0.0,0.0,0.0
1613,598.3512001760737,42.914402317563535,25.22636465524897,5.225697240194049,9.595963768186465,0.2223299533069079,132.67346579566893,1.7854115864939268,0.2606342840442281,2.98524480916374,2.6504078336027703,2.5263573833246418,2.263556960169062,2.429951942755636,54.080718979313446,11.834762254758271,0.053816729641446626,0.7654928239607028,8,0.03076013013901213,0.22236024844720498,5,0.05363231399401635,0.7178988143362663,53.0,2,39.145932336736706,0.34581912834893647,-19946.766765801447,-553373665.6659405,0.0,0.0,0.0
1614,444.3419379757761,14.796052273906701,35.51715121322999,7.425434875769961,11.46417286155084,0.17630774306929076,86.04516358799485,11.448287274262054,0.2147731211567368,3.4805816959636244,2.6800463308220404,2.1323218148931558,2.6649228778802283,2.4842249776163667,12.98495951411556,347.13734458831226,0.052804078214989066,0.7576556998394319,5,0.016740609287193137,0.17633836143152914,7,0.0551924395163154,0.7267820953577884,654.0,30,2782.8950445175183,0.3287543931998096,-30661.66169713917,-501046766.3266323,0.0,0.0,0.0
1615,534.0058619406228,46.48526370205464,21.086105726701476,8.774284464809526,7.155181103088227,0.052517657387651365,33.7605599584467,2.615909959071585,0.3185904120253231,2.9678052766417147,2.6587296478202136,2.28372359287723,2.6507118011477018,2.422638897519597,32.716068865766466,32.95276165790914,0.0666389619805959,0.7539766350292222,13,0.039574090505767524,0.052528837622005324,5,0.06766541320343716,0.7425684145355341,125.0,8,249.79051696202265,0.4604910697752347,-39267.97112954117,-638317722.3645263,0.0,0.0,0.0
1616,566.3475378908685,19.644416210880124,78.59174139311281,5.453397798516956,3.689946928658017,0.05009610510135411,52.84685145287649,2.5568138826599136,0.21673688774383615,4.732211609163418,2.6313399820223013,2.2336959366714404,2.4867152119832148,2.414100494261624,32.74458771156416,332.40727882807005,0.04355489265370252,0.5163007730717106,4,0.010529429162969535,0.05010351966873706,2,0.04463805782202086,0.5193246371238062,91.0,7,550.1934802069006,0.39334541212427165,-21624.74498052489,-353413336.1195877,0.0,0.0,0.0
1617,493.1360940234806,41.41101938290689,107.33835438035383,3.0262061398539526,11.207643711189117,0.24506601298582664,108.63989102613999,9.061086623398966,0.16705177459027495,3.6899537507023648,2.634893895603016,2.393316807583997,2.664920181252292,2.2831964852905497,10.636126709338292,164.20410144375072,0.05638719747837183,0.6180767408230958,5,0.0163265306122449,0.245075421472937,0,0.05484458672995443,0.623232894063351,404.0,13,1028.0333434501902,0.5605190264589255,-41878.89329833035,-307773000.16727436,0.0,0.0,0.0
1618,636.916569953354,32.3052955193765,115.85791113478118,9.071582627327125,16.90269286630504,0.15652274100095825,35.92519892899523,2.5042090087949704,0.2593585830461885,4.465185804666108,2.684579929867531,2.294604067048232,2.4392308542529912,2.483238109621814,84.57424423712598,1.4534835956468979,0.08450714635166676,0.8790710281695286,14,0.05128660159716061,0.1565217391304348,10,0.0787637563870781,0.8088391627427718,22.0,0,0.0,0.3012229743636672,-30593.00478095999,-572862801.718212,0.0,0.0,0.0
1619,640.4048624625559,13.256934830694103,29.12533022401464,4.773204878955617,7.843165674006726,0.19467736342606184,86.79343625269325,14.550151086196845,0.21515216597955794,1.835926673599105,2.6217422010151132,2.325387353115409,2.2791961618063814,2.4574503372721823,10.529863785054392,1.1369506616006242,0.07246998991176626,0.5190278754923705,3,0.0017154687962141377,0.19467613132209405,3,0.07336770663991848,0.5164356884201392,517.0,34,1574.1927944626152,0.23149831847135527,-40313.58975585172,-290159577.6911535,0.0,0.0,0.0
1620,378.2265823656829,23.779684995142134,52.16491689310975,9.105621500322815,17.11583488625857,0.2335953182083938,65.53865377355264,2.710675507272911,0.14379018865512924,3.9963766452081333,2.6492828757630593,2.1750734962605307,2.4518344404006918,2.3740422316861265,15.72699796165217,64.46015398365816,0.06250370817220044,0.9132878348100095,16,0.06364980774918663,0.23359952676722864,8,0.06296640553766185,0.8243087248781186,335.0,14,417.0068548219924,0.43913687217385355,-27156.186691451076,-714573228.4453254,0.0,0.0,0.0
1621,386.1816922497497,36.54937908931563,56.96186287029731,3.2012737539935543,9.040923098840363,0.08786246714635461,46.43202350608,14.348053083677799,0.09030080263959721,4.176352022069539,2.6823397926239547,2.171702500515749,2.6585658903169227,2.457863794973936,91.9737796456628,188.07599512301607,0.08711192218528097,0.7706038650878386,9,0.018633540372670808,0.08790298728186927,0,0.08597255649350899,0.7294106964087861,527.0,9,420.6001411368628,0.3634364662363696,-40111.782902324514,-540033728.2623484,0.0,0.0,0.0
1622,325.18613135565676,36.832337812064786,74.80162839670031,3.236694314190932,14.01625468426106,0.24123476899140345,62.970672978595495,13.119806682060302,0.29151082465998773,2.4684406094183635,2.6915037331430143,2.514696261251045,2.524439190606446,2.4717458977657234,14.974688970403752,18.02705210963919,0.05098044975992537,0.5807620219430314,6,0.01023365868086365,0.2412304052055605,2,0.045680965923217805,0.578485326273942,1071.0,75,5043.0780800707,0.3167050485588021,-28043.182149177504,-481201318.90816545,0.0,0.0,0.0
1623,557.1676484659403,10.098485583995823,11.49889865017178,2.936994494889799,11.8798543812466,0.21457532747213437,73.1986818638189,3.6679163538662696,0.0954458368444829,1.5944160768954445,2.6419491355806364,2.2878763946563176,2.366715497405451,2.4714865630971015,62.03383660185036,86.90627306780954,0.08758000304203478,0.5119259520672934,7,0.01082519964507542,0.21461106181603076,3,0.08492111683195663,0.5010184452213866,40.0,0,0.0,0.35625501025786965,-43733.81852559806,-261419857.06141332,0.0,0.0,0.0
1624,416.51153281928396,24.471395180945567,12.299611481737832,2.7726870908158068,4.210221651220802,0.08064148352878393,131.3626207162146,2.8877524852094947,0.11450161782132282,4.7421459878186125,2.680447634995045,2.567515620911765,2.453545067491687,2.3790310165040793,47.05373082946286,214.41121120666946,0.0663928535422553,0.7308896116512188,4,0.012777284826974268,0.08068618751848565,1,0.06726899782051093,0.6800057539127606,0.0,0,0.0,0.4173203172076936,-48429.468341271204,-430297987.47214407,0.0,0.0,0.0
1625,628.9258165271617,28.490685744466088,69.59223403377614,4.979859048833649,8.321289676791615,0.21647318230567897,70.01158695675969,3.9148040536008404,0.132842528591538,3.145364769173438,2.6245614581386354,2.387503877286508,2.3445609655603676,2.5382152987936846,22.953411850216675,730.5700678805381,0.04930592500168263,0.7741844667710089,10,0.038154392191659274,0.21650399290150843,3,0.05034170912845792,0.7653143888429612,321.0,5,580.0131178987452,0.31904454061664334,-26843.22745580365,-515074162.83155847,0.0,0.0,0.0
1626,426.72877158442134,15.67467396832843,101.27362416910529,2.2581827133378383,15.870408166419125,0.16583793076033604,54.386577024833045,7.8089942406713515,0.10914612970778534,2.8460098109510334,2.6957832526641075,2.264645043259309,2.5924102994698366,2.393030148977276,24.956771384047435,23.175460226678826,0.07806992376957086,0.7205230345130649,2,0.0072759538598047915,0.16586808636498077,0,0.0776195042275564,0.646228153098238,104.0,2,166.33156254304296,0.4206858215536955,-30824.417233329095,-556276636.0285852,0.0,0.0,0.0
1627,517.0695302250458,34.75087575194393,115.17333518161729,9.488813538209474,15.25985973457262,0.29459990898926247,84.12071231700182,4.9445472221507565,0.26027936051458245,2.562127466117037,2.684583940274662,2.37691169962036,2.349185051493036,2.4664948387416783,41.7646606274219,9.729191662163476,0.09833889759060846,0.7626574867540621,19,0.050872522922212365,0.29458740017746227,3,0.09220070229781895,0.7524736296736566,652.0,31,1837.6978219968203,0.3438460322856476,-49485.57858369575,-443808872.1205717,0.0,0.0,0.0
1628,573.7882717456739,40.426723070879646,114.35404204642431,2.8819606101382043,12.623820012138474,0.29580063488924085,37.56769138446918,2.6131719123692303,0.2558065751618237,4.3727155981045085,2.6755740811630573,2.2917467195399728,2.552416794032057,2.464349663789552,30.919630301005917,20.54844728170123,0.06085223314606697,0.829433421223592,3,0.00396332446021887,0.295829636202307,3,0.0615993519010095,0.7494670779458782,25.0,2,10.762723569079974,0.2922943182217388,-21420.19866860818,-533505955.8813678,0.0,0.0,0.0
1629,337.49248818290516,16.78489755500521,12.687075762949728,7.092019728915613,8.399055101547667,0.17481682295537548,127.05343042019872,4.416827393645685,0.3041520385143418,2.595207705363567,2.6775778978770233,2.3231174989310377,2.4881055169118937,2.5500718952386485,57.25285911220587,116.23471514986886,0.042577666867203386,0.7869707559363612,18,0.06719905353445726,0.1748595090209997,3,0.04372490017707824,0.7612068035099909,365.0,27,1753.0112687774363,0.23855274682533212,-23419.47568381189,-662272274.6711599,0.0,0.0,0.0
1630,335.7986927832043,47.205907087098524,109.76508966808493,4.2987179856301285,17.315969942201388,0.1915627991246942,142.67329061838572,11.645309962077365,0.26167275318190897,2.587115426223711,2.6846026911704257,2.235669361677509,2.6694600724203568,2.4330138337892286,17.508819848452738,6.7619636374745085,0.06366885898847324,0.8931446016765755,6,0.018515232179828454,0.19160011830819285,1,0.06351082520158068,0.8637802839181202,237.0,16,784.495191048779,0.444748719826249,-47604.726709985174,-669691934.5604298,0.0,0.0,0.0
1631,467.8110138473978,14.866781314518617,75.73503347745694,9.395561062966737,13.819759647973353,0.28845136533195476,143.83038669100617,11.053147224697021,0.28996543647286643,3.9733334790062598,2.6134643913260396,2.5691174133138603,2.332199314631333,2.388689886577232,20.638803835996004,1.4731747399960298,0.060120498089358265,0.9995990986701374,12,0.04418811002661934,0.28843537414965986,8,0.05756819150683592,0.8719097305521277,1542.0,103,5244.7752230840715,0.439414519859584,-39509.260772676,-1009845727.4720981,0.0,0.0,0.0
1632,568.1214978360442,13.459048319963246,110.56210125178636,2.339905055868708,14.430860426004783,0.292310548510481,59.87623574329002,7.0347674191901985,0.16587564019130346,2.9927953532287623,2.6928425868225414,2.1432077796870175,2.2409161478346658,2.475886185415364,81.09068822330497,129.21476636652443,0.054218618452401945,0.5507000413380736,3,0.004614019520851819,0.29233954451345756,0,0.05476649976331509,0.5608852781841759,166.0,5,53.379258516771294,0.33843712375077617,-39961.81118364853,-243312762.21713105,0.0,0.0,0.0
1633,323.3229927004149,41.9451514802461,32.50671141318572,4.67223945259969,17.279457071276497,0.1518144945604185,39.547364842729266,6.320876171523418,0.27492592866480026,1.0923152775313851,2.68919439692356,2.115835117781691,2.3862310234527033,2.383995658250873,16.635972931097612,9.830841224093382,0.040066167646297224,0.6602399049261298,6,0.014788524105294291,0.15184856551316178,7,0.04054295148788973,0.6306878208349455,217.0,14,917.2026663969598,0.44336026991818756,-17105.042848351863,-380535445.283382,0.0,0.0,0.0
1634,440.5931440539107,28.57181459538339,10.505421968970058,8.350886031431127,3.123253267007631,0.24148185727926763,120.30534254015438,11.544089450488798,0.30821525192735544,3.6736920384939205,2.6131246685918494,2.1179297790670955,2.5279892636102206,2.451883118743998,50.73698037045161,3.7148338270042363,0.09259609320044142,0.5830703935907018,7,0.031055900621118012,0.24152617568766638,7,0.08857808464342627,0.586097251721323,1166.0,87,4084.116501710803,0.34278590690633504,-42816.758596571795,-380790702.7307186,0.0,0.0,0.0
1635,413.35875636727405,13.801818639796542,4.243664656709672,5.828463677692799,1.9166087581966798,0.12666366443713556,131.41302494223083,14.649390842040125,0.15150529779431549,4.674020259437162,2.674470148141642,2.1957573599091442,2.4381384485725768,2.4619291049500776,18.136701724610596,605.3808253867388,0.08518999494788457,0.7392750416443978,5,0.01023365868086365,0.1267080745341615,4,0.08338752291475955,0.7459499934133742,526.0,13,275.85863367504857,0.33585554438517695,-36144.958758421184,-502427188.7553296,0.0,0.0,0.0
1636,470.5685544676737,20.189439730436227,58.27539984714805,6.758379001139806,3.377079251643896,0.06703388812237916,42.57140059226967,12.001840465561505,0.2524819912497052,4.799607490166981,2.631232693077236,2.423777411963796,2.5033609703517743,2.443062050884202,93.70776931002534,240.40525126345756,0.07899392652317844,0.83878196251209,12,0.03076013013901213,0.0670807453416149,5,0.0749311105740272,0.8071603527309962,288.0,20,1009.0421981533111,0.35421421091785943,-46744.061894244005,-648510035.8477402,0.0,0.0,0.0
1637,367.978105578637,12.09943469038555,40.94296508729271,8.329587085691385,14.649587322212712,0.1790546740772163,47.303631204799274,14.533345566633809,0.2682747338506747,4.610561466371492,2.6406095060866135,2.2824587705887684,2.6776489482213024,2.4029363977773683,15.305069927494461,6.374154368939545,0.0913455485573402,0.8994985562364004,17,0.07346938775510205,0.17905944986690328,4,0.09138112024225817,0.8907234410934283,1895.0,142,6805.44783768923,0.42927802194866205,-53512.831074583446,-740614352.9104764,0.0,0.0,0.0
1638,653.4466195795022,22.587148219128697,142.23518739631692,4.174058479114127,2.172888835894895,0.24082121977180032,96.17777709259464,3.821155408609483,0.20693869669871887,4.85180354283867,2.6382354535241204,2.4932958878597553,2.429441736865968,2.5444927941973297,46.32394607356828,834.0033040094314,0.049291324085915814,0.5181968729680319,8,0.03318544809228039,0.24081632653061225,0,0.049557891309643894,0.5428195402713231,83.0,4,77.50286002200315,0.38241911841105436,-26292.083361312387,-199061836.45366436,0.0,1.0,1.0
1639,366.8545393014981,14.815779802024402,98.84306988466533,7.105247194917595,7.28087658052093,0.08964341403007327,67.60323035846608,9.662855027199761,0.22711887855904525,2.764141355400775,2.679584509284318,2.5846067058563342,2.6816052148869662,2.5280939469382835,98.39556540272761,656.2172671976464,0.06472454876818048,0.9790204383960597,13,0.07506654835847383,0.08967761017450458,5,0.06395716208873345,0.9129910107741607,632.0,24,782.8618934198635,0.2589833166912645,-35354.46812902171,-812221041.1429608,0.0,0.0,0.0
1640,584.4777590798199,10.615852007029332,20.019007634943513,5.689284338320757,7.070362723986141,0.09570610901893363,32.31368883131138,0.9151007828593438,0.34388077365265723,4.283723075061071,2.6929759106026387,2.5778529111411146,2.4445466534339717,2.4436856736529755,63.05544609428771,22.441176510691058,0.0520455632840825,0.6700945960101975,14,0.02360248447204969,0.09571132800946465,1,0.0526581977460493,0.6219181591627374,0.0,0,0.0,0.34199619700620465,-26690.74163825355,-375029067.1085463,0.0,0.0,0.0
1641,661.393539345647,16.48170339222859,121.36976739353202,3.644063223470135,12.006421500766946,0.11755679887039559,101.93568853884335,4.930917029912592,0.2492747395331983,2.1037407677191267,2.6737186519475555,2.2188571790946394,2.219192298228668,2.42326554429607,90.75908153609512,65.93043585785402,0.08938473353520553,0.7610085528931406,6,0.030523513753327416,0.11759834368530021,1,0.08621200974043056,0.7306459946786225,232.0,17,343.97494461822123,0.36910720348214276,-29819.868984213113,-492775958.8275764,0.0,0.0,0.0
1642,558.5030917962174,29.69954041931971,98.26380354480976,6.776451225900829,16.563830858423685,0.12492973440503936,43.26444134970167,14.63225294390392,0.2308979973778452,3.134432721372425,2.662254193788269,2.569174594606445,2.5254146243082642,2.5617648167251468,31.483028583558454,57.87109803919916,0.09005346205987194,0.7604305425218083,16,0.04927536231884058,0.12493345164152618,5,0.09211451828775369,0.731659221601519,1154.0,56,3798.5622717648926,0.2542758013119757,-70914.49966920765,-481759461.72666156,0.0,0.0,0.0
1643,466.76003170266205,33.84844368639567,80.30061381949811,7.1887685456235975,11.987778665541754,0.12897173502615022,30.183695945514668,11.41558949612133,0.32995628873495786,2.5452048502485147,2.64277151794447,2.3393318713976776,2.318968983519435,2.3621366852421253,45.36718854927508,2.9067352859879088,0.08171929863359993,0.5274978266252881,11,0.029103815439219166,0.1290150842945874,1,0.08174892942857219,0.5384153646329465,802.0,66,3130.8851035409034,0.48197037765187334,-31846.74216452246,-337677623.5598912,0.0,0.0,0.0
1644,413.68459867770974,36.481839685865125,133.15513327303657,8.14303970279293,7.672786368843556,0.13353204968123183,59.93590981205029,3.670743013356355,0.17060386436483727,4.11222348881912,2.609908511217687,2.2682916585453294,2.664207932206238,2.396812688427093,44.2744499296412,49.614500616377526,0.0913434251166518,0.717894814147807,11,0.057971014492753624,0.13356994971901803,2,0.08576484793861452,0.6921520999840728,241.0,9,480.0954839885178,0.44106097520773924,-41662.89842986179,-508416170.2136023,0.0,0.0,0.0
1645,546.2936146527475,18.651132635585235,36.795238353271166,7.963555130489878,8.525828170554524,0.26111364057480924,35.513286658535904,14.302153618748752,0.212520024467674,4.376577392568212,2.6552782044915983,2.503475393864227,2.359466988534157,2.54105603485233,83.21755784247428,1.172288367539218,0.08429645319289311,0.528220255349955,12,0.04945282460810411,0.261106181603076,9,0.08821360155471074,0.5351434069276679,2003.0,93,4732.8862470773865,0.2953965147841795,-25827.190660655793,-267456982.95922205,0.0,0.0,0.0
1646,587.5972005690076,34.93855964681582,144.70426945644832,4.156555633869459,1.2971246715415694,0.28040386247156157,37.5374193740805,6.856939440092514,0.23896372200297103,2.2453970748707675,2.681273889390307,2.123908429242082,2.3894341160967434,2.4280431003203455,46.98693700189804,18.92334441718536,0.0957351123100464,0.8713774683766633,2,0.0009464655427388346,0.2803904170363798,4,0.09433980873997933,0.8301068263169249,138.0,3,15.498307727088896,0.2515354267580232,-71718.26228102941,-634106536.2978176,0.0,0.0,0.0
1647,606.2606568692283,21.1635557139159,37.52267106355505,8.445082363648302,1.4129148151912194,0.22890959298715097,32.87048436913778,6.89992527739124,0.16068305697312335,3.9857231870833205,2.6486172788648332,2.5720463958543838,2.4560743414736734,2.476200104252338,51.25540348124688,2.0162992607582253,0.0406587189927586,0.7632082396702138,20,0.070452528837622,0.22892635314995563,9,0.03965673110977951,0.7383431184293181,942.0,35,2583.7140738765943,0.34896382720786434,-20722.160088744065,-533081263.58528197,0.0,0.0,0.0
1648,330.69432135488523,48.94077550084926,41.83151638445388,9.047173671573837,5.23338060521765,0.27316967111278034,56.16589298633017,5.675585242703733,0.3187899746430515,1.5496513712396216,2.6922362353706855,2.2950078178963387,2.67341183216434,2.446523309332728,10.768753779793105,276.7614308287001,0.07104096821099729,0.5345890445427788,15,0.040224785566400474,0.27317361727299616,7,0.06919476118800473,0.514518973819661,800.0,83,4007.900706393673,0.369174526260025,-38534.21852202876,-377679262.9728954,0.0,0.0,0.0
1649,472.2118770021738,34.31933811294678,97.83865197790861,2.189505559300094,17.87528405664871,0.25279968880746906,102.1457663637198,0.6020974808970464,0.24860993479336052,3.0335274593627384,2.630277159036492,2.3856591192136722,2.3370724435030885,2.4689062718204684,11.551757526432189,201.50229388577483,0.052055842774961184,0.9615571215061849,2,0.005560485063590654,0.2528246081041112,1,0.05270562621027839,0.8891595143979109,0.0,0,0.0,0.31717312513392404,-22174.03847373086,-852547290.6721325,0.0,0.0,0.0
1650,495.1293372972549,11.578210017043409,98.44864334540954,6.866883003964633,5.707684529501025,0.21920029076919967,37.307029013079614,3.332010699136841,0.26059740476179705,4.611948096607932,2.662719495684795,2.4217462411166006,2.3125584486313246,2.4477298918834007,10.486479572362839,1.4916021137174686,0.057956532162323285,0.6896903645002617,11,0.0259094942324756,0.21922508133688257,9,0.05669770844680522,0.6839918342408216,300.0,15,588.64033561505,0.4221020839208647,-20353.606474735134,-432993113.460816,0.0,0.0,0.0
1651,327.38063717257904,12.657848793957172,141.2171591918002,9.775889287619059,11.368139496699246,0.2095764004461132,69.16825893269798,6.634862079685691,0.12141069405049235,1.3344049300485237,2.606331850154193,2.3877541781268783,2.484300486308044,2.5009073619679105,36.88311423656385,20.224660093949097,0.05222388473270334,0.7651649050379663,15,0.05844424726412304,0.2095829636202307,8,0.05543358291388263,0.7335849262157541,571.0,10,590.3704563788182,0.37833503362069276,-31175.4988386154,-570222980.5257809,0.0,0.0,0.0
1652,357.11198780492975,19.64881160621633,58.44906513042434,9.570082657789683,10.577470628976545,0.28802155513662964,77.62142088163375,0.9243519611703416,0.11540645365690742,1.191079158968801,2.6073083602665794,2.1146641838687876,2.4691202006483626,2.5377363964122663,33.369461178689534,211.5686753745627,0.0898554839532632,0.7179783134834674,14,0.03779946761313221,0.2880212954747116,5,0.08674093254574453,0.6627764553598101,0.0,0,0.0,0.3082653181389903,-37628.00309927463,-400729407.82616484,0.0,0.0,0.0
1653,411.43097001769013,21.95137375212322,1.1552330589416349,3.863341739379262,14.608426492145973,0.16658876167745784,60.392073791353695,4.6350152110048315,0.3149403277029451,3.199821591542136,2.638153514710644,2.326404660717707,2.6639951396933337,2.4652766654121887,60.05561673546137,19.874876752743155,0.09447598073614948,0.8233683182155176,5,0.008636498077491866,0.16663708961845608,3,0.08722731657086576,0.7758166828625053,141.0,13,964.674636176757,0.2813116141636298,-66774.41445559965,-736352930.5392411,0.0,0.0,0.0
1654,351.38196387555683,17.23524032506192,115.50966193386874,3.5709564430229506,12.427073260597378,0.1696131790709413,67.58639165900006,1.2063218546434906,0.3118358829377126,1.036425797672754,2.6449147437324325,2.404416227891549,2.5300293943177654,2.334547115405327,43.963092025539495,94.57109858881233,0.0822166250300046,0.8101558901338713,12,0.0422360248447205,0.1696539485359361,2,0.0747704919119438,0.7535496284996926,126.0,3,303.9425013122505,0.4622600215555326,-30290.08258388057,-646182114.6097049,0.0,0.0,0.0
1655,619.9089534959999,10.095024086328765,59.838039671355645,9.328911941389428,1.43881962204668,0.16981838873180854,63.35191976660655,6.239217747483719,0.32874966740969014,3.1759580555648745,2.6680000021899697,2.3394652308682127,2.6368970769508167,2.4635172654590076,78.43494557991873,1.0502200855658477,0.041631465283989096,0.8349540452277325,22,0.059804791481810116,0.16983141082519965,5,0.04080809518042571,0.7883636271946659,966.0,66,3581.1266999104205,0.37317269738711456,-17789.862404910156,-632761572.5786021,0.0,0.0,0.0
1656,509.5079919134762,41.73775963663058,111.09372419086517,8.727086358254606,5.99850986349544,0.20578385883038136,92.79155582693339,9.61815325095401,0.2943509373511518,1.6490493661850878,2.6924496943435248,2.3055720210193384,2.513949643047981,2.416972646436476,36.88286257665728,33.797331105880154,0.07492996283719149,0.9519242261267421,8,0.023484176279207337,0.20579710144927535,6,0.07338141266550603,0.8527301344783188,1258.0,90,5279.846290024939,0.4430469187954422,-41910.61074342576,-790711727.6210462,0.0,0.0,0.0
1657,526.952537820551,24.335184725884243,17.865745833790758,8.88966578003753,16.28117646157758,0.22868804856979125,32.59858740032199,14.207871795716912,0.2121041646064976,1.7202931622623852,2.6145027665520173,2.19756095404135,2.2112376010946395,2.514372478865,19.536878649968553,2.1475387859248536,0.06599124594409239,0.8659830567090001,11,0.02040816326530612,0.22868973676427093,4,0.06137241366063007,0.8155040882570174,1805.0,83,4168.067091935248,0.35244463669283643,-23186.883473245078,-634403170.0106571,0.0,0.0,0.0
1658,465.4023329882174,14.848999231691119,111.70516332593739,8.045324676986608,3.9340226956880224,0.16222088206470414,148.96844933223855,5.48049637788419,0.23189088875301025,4.290777227305055,2.6221834378062407,2.458155917126553,2.332903489087073,2.474716517368151,22.05957002431517,2.069404251043989,0.07335236403349457,0.6409752981164796,9,0.013960366755397812,0.16225968648328898,6,0.06869888461004182,0.6197822643483821,459.0,25,1959.0123266499213,0.3308897551453538,-40595.98506456356,-359596656.2363427,0.0,0.0,0.0
1659,583.6445757480985,34.89548424765596,120.5228140713251,2.3864251074536575,16.711583453947952,0.1379700489980769,87.27518751253204,4.2726037021576415,0.1456637831898821,2.793887474440388,2.6731778113170033,2.340164328987056,2.452789412402725,2.4445249654898165,20.033831855937425,9.142858930647783,0.03363734223003398,0.9366774729588507,3,0.007985803016858917,0.13800650695060632,3,0.03206688919119708,0.8828339194217046,76.0,7,88.4217621404793,0.28018482670227174,-16288.169375860336,-767536646.3892395,0.0,0.0,0.0
1660,550.986151309431,47.5618739086565,57.164767362321925,7.892995630872563,6.279661219771032,0.16603036344602684,85.2121321107136,12.545408600293335,0.34234108142366604,4.502148765326876,2.6010659012354247,2.5552537314147687,2.5908138111071795,2.4567384291209486,13.533804917204806,43.83368857909544,0.0661313105284359,0.9826407958507066,18,0.030996746524696837,0.1660455486542443,6,0.06879940300951745,0.8819567388828008,1441.0,129,6417.800334020478,0.38266375209741543,-58625.37025428419,-673343182.8071806,0.0,0.0,0.0
1661,443.77228965247866,28.65271039684415,20.804266256193078,8.280999781422635,2.4438628247723795,0.15259436738300947,57.31584826657738,10.792672511514084,0.24594184489770543,2.7312414934073517,2.61774230494123,2.487115599562245,2.5684715237825966,2.4405245781647973,44.972513340737954,23.05451587096523,0.06985619250378565,0.7463825169548565,15,0.03632061520260278,0.1526175687666371,4,0.06867287302062662,0.6914454886920164,955.0,52,3326.311796699384,0.3638196237006688,-32983.04832513278,-441955195.51257277,0.0,0.0,0.0
1662,328.453540341173,17.62827955508,71.15091572882164,9.361464956162553,14.35250106685951,0.1836705298992986,38.992656995309396,3.6655418759586382,0.1846986783184999,4.095938058653774,2.692826063886457,2.3076563731937583,2.3144961314092707,2.4136531118634323,62.98947495634932,53.44820924472856,0.09081328122193223,0.772462376848846,11,0.026323572907423837,0.1836734693877551,12,0.08458092409120681,0.7443270912555513,259.0,14,641.5184274486422,0.3862543392123934,-48278.6506828509,-572796074.6990051,0.0,0.0,0.0
1663,544.6759707324485,21.945178223254224,62.41412499157251,6.668719522895526,16.00194722625554,0.20121988349323472,113.42690131768434,13.98102985232925,0.3230681429196651,3.15219093331502,2.6106142476443797,2.2486535478071423,2.35562484030404,2.3700766197535295,48.105788706909514,59.95635253570709,0.09425506998161788,0.9603146805802187,14,0.03566992014196983,0.20124223602484473,3,0.09385104451507832,0.8619800229108939,1551.0,136,8706.227422979511,0.3769401113988309,-58276.27142094237,-663745226.5813599,0.0,0.0,0.0
1664,640.4327675908116,10.044354504755564,98.90493766166361,8.598779641201592,6.76245334490565,0.21432918525559547,91.9569777815605,2.5545664986168797,0.17200403593894564,1.6004960099979102,2.6590430068486,2.5363634294931696,2.4626098030084895,2.5025313802593723,30.495021178520673,45.23934075643,0.07962847125373099,0.7565257624835455,9,0.018101153504880212,0.21437444543034606,6,0.08240605976473916,0.7198682379436563,96.0,5,358.25047649165924,0.34490197418490665,-33032.090859573196,-535433068.90584826,0.0,0.0,0.0
1665,334.13126520917154,20.88411112118724,42.34116663467656,7.101815666151991,14.89984084450245,0.28229408267427863,41.1283339849183,1.4230494773904363,0.1900058945528762,4.771294376666675,2.626393200806415,2.1049959418125272,2.6193577354290145,2.455781184343476,45.811615371239235,245.06561517004485,0.0979794427282675,0.6024470107641142,15,0.044128955930198166,0.28228334812185746,5,0.08760031913222045,0.5573863522255396,216.0,5,184.5963718959613,0.3737564893091627,-36963.724852998974,-365780362.937068,0.0,0.0,0.0
1666,391.07293019525827,14.137926066249241,149.47242652481057,9.464654286781077,3.563530084219904,0.18897040855584413,76.50713161247796,2.0111562776728324,0.24402784211931677,2.7920557043542105,2.67983802609804,2.432003003834467,2.2131562730042487,2.4100499559414383,61.6901416357943,943.9565155468908,0.09502048750891108,0.6284274938170498,20,0.06471458148476782,0.18899733806566105,8,0.08759282938169667,0.6192172405352468,253.0,14,626.4463112004132,0.4144437655855766,-39387.325021451674,-487168068.09363735,0.0,0.0,0.0
1667,486.455809570538,38.892488477714906,6.864381209062004,4.149466985415853,4.554144836414971,0.2430124924567218,31.15576140498631,3.5882986885959944,0.19601256485069263,3.3105214161526226,2.6849298274929874,2.470545235847766,2.6444649718725546,2.4674685603465925,14.272617293641565,580.6556538836521,0.08885679489370217,0.6224319418600754,7,0.020644779650990833,0.2430050280981958,5,0.09142389552539741,0.6013010557945739,202.0,6,491.1628449115871,0.4172743743654097,-79792.65722456032,-352690352.4073711,0.0,0.0,0.0
1668,558.1077894610016,12.455106643091657,106.22888692398134,6.442429546552732,9.48959436221112,0.2859016681503818,61.368628586596486,1.9373878236836357,0.13824098564702322,4.413649525353362,2.64861649818107,2.4090458197588673,2.322266883007015,2.440895096798179,29.65649730371388,747.5471792221324,0.0670417402117349,0.9245500478434239,12,0.029991126885536824,0.2858917480035493,3,0.06795673564239113,0.8498697664054807,221.0,4,118.52619184257006,0.3494303566995196,-30884.307071201176,-840649912.3415658,0.0,0.0,0.0
1669,459.12955250828867,40.618135443647894,1.6655653363415068,6.672189151858764,9.69057277714975,0.21144493864214198,84.15014926913572,3.736601898158792,0.3161060405362241,3.5674446809207847,2.6164410383325083,2.347090077378173,2.5605972650620976,2.4713462433001165,19.630149743390312,177.05072473971788,0.06016244441741997,0.8684152447055473,15,0.027802425317953267,0.21147589470570838,2,0.05955662042520031,0.8808935435153299,265.0,14,847.6096772837836,0.3201638918850178,-38410.5326241624,-797564281.2014817,0.0,0.0,0.0
1670,559.8391587717917,30.77007996453767,87.66511365657993,9.147590312542125,7.7259775768736185,0.11234904408916911,64.08807520756802,0.1952656647529566,0.19368834862743975,1.9501538327373296,2.69972531146511,2.3642719268261976,2.414918020026972,2.4129703982298913,26.54943180139552,3.587648266691408,0.08963980417779799,0.8350133935368543,15,0.022064477965099083,0.11239278320023662,5,0.08928069749036781,0.7572221711682441,0.0,0,0.0,0.42117346830472524,-42925.23880371582,-608233781.6468406,0.0,0.0,0.0
1671,409.32261047721977,10.467947856162224,29.995102915427207,9.348372020597939,11.098052140952461,0.22830376156474702,70.67319136455345,6.984355058674973,0.17031091239572446,2.978484892741188,2.664409701512564,2.261941503853307,2.542741138153678,2.364195231395031,55.25902772812118,78.34924696654772,0.09981794804073854,0.7774419039857994,17,0.040343093759242825,0.22833481218574386,7,0.09785628558507722,0.7632951109254438,829.0,45,1973.4916189000194,0.452666341885652,-44939.49044201887,-642624036.3355386,0.0,0.0,0.0
1672,644.4717003466042,30.270497695769375,40.98654184234397,5.031655516154383,10.138128165973656,0.12974337964646426,97.16038285657729,11.797940850827851,0.2851688808576506,4.632852454455617,2.6745200812468455,2.3071645670886896,2.6909629445207033,2.5357612758082086,23.538731181879147,3.79582398649595,0.06325588328519663,0.9920692640357759,10,0.010292812777284827,0.1297840875480627,2,0.06481232717461413,0.9186152450576459,434.0,25,2615.5511202266525,0.311839381830302,-26616.189677675393,-775996975.5668601,0.0,0.0,0.0
1673,409.3208047799383,28.748559464084398,96.17126578306952,2.4278587042939908,8.044102700050587,0.07531849303147074,61.370323966484335,12.904892129945338,0.15407259304917453,4.9687416229817,2.6408144520981907,2.5468990366042696,2.4535862652364506,2.5341911412752207,12.513820176217843,10.149284021537662,0.04376769907554643,0.7062351212675761,3,0.019757468204673174,0.07536231884057971,0,0.043189831678464075,0.6598677898561671,452.0,13,700.8407632610874,0.3122376365233639,-15310.994220747672,-475068254.9068668,0.0,0.0,0.0
1674,332.2021938208103,48.31648935059796,124.52441084220527,2.6042257033669314,16.1355468327845,0.27769943882242326,53.09353213791856,12.559399718612696,0.2832648592103493,3.131044397652137,2.6384347326682778,2.1198973330614583,2.365785093402881,2.358487203865222,18.771512801116835,286.38230150588043,0.08872019640594533,0.9554537414108231,2,0.01082519964507542,0.2777284826974268,1,0.08803417475702728,0.9009477845866156,119.0,5,814.1230095709645,0.4788634183463065,-72199.16066112713,-898503590.7750833,0.0,0.0,0.0
1675,451.1364843176405,10.470864632518625,8.269292856809635,3.900532917259059,8.015963050987502,0.24542880658070204,90.4733528111365,9.977364868586129,0.12251116119247843,2.310205807325107,2.656327828704106,2.5338188162272943,2.587244755325626,2.416208534547025,13.31695915300284,985.59729842124,0.0926406985226738,0.782866091782225,5,0.016385684708666075,0.24543034605146408,3,0.08848067888727232,0.7776879839568722,329.0,10,338.8680122024362,0.39573496500675454,-32840.32700081944,-515222204.35214597,0.0,0.0,0.0
1676,484.0459262634362,11.825198376289176,117.80265447343929,7.721265918222466,12.236386682978651,0.24547138664265067,43.7343392484244,4.535274113540961,0.2580539848767579,3.41907916775615,2.6726668959537214,2.3666385825617855,2.434005016989306,2.486785873628759,88.89898145933006,1.9334530081132146,0.06819790468843256,0.6176738966890072,14,0.025199645075421474,0.24548950014788523,6,0.06899604024848965,0.6365780002099921,467.0,34,1993.4571764267605,0.3693376147308718,-45155.604942215854,-349567691.83174735,0.0,0.0,0.0
1677,586.0548520019938,36.905214278814015,71.85963052901919,8.832703840077988,2.446011606662204,0.06941852482443302,111.53017846966452,6.72844054826926,0.3401564113839698,4.623714897341539,2.6002937767075194,2.2287461591405515,2.5339179527525757,2.4328166349483955,36.61643352898086,24.634912673056238,0.06640107446049465,0.559882709988132,13,0.019934930493936704,0.069446909198462,4,0.06865100454743059,0.5631744339820289,364.0,30,2721.651802569582,0.4313341289530901,-28433.265709523872,-244498873.1363957,0.0,0.0,0.0
1678,568.6923699313028,19.26988325419764,17.7291698836725,7.697364550731241,11.888499505674933,0.18960484214544393,111.86690340612327,7.786636317704561,0.1663261131795744,2.931203072115925,2.6331156512624454,2.5317365769624134,2.3406956267579346,2.4620042594105374,53.57296489437288,104.64392500813096,0.09923156086423485,0.9308667096881926,6,0.02508133688257912,0.189648033126294,5,0.09783699391212677,0.8025895599536549,633.0,19,1335.4910436762489,0.36331362248461296,-62473.3800311583,-585907542.5447227,0.0,0.0,0.0
1679,465.09366460885656,24.807836705405176,24.19886561135325,7.440882482121411,13.166020817456348,0.15132460953961763,136.59358147417618,3.0668660195949466,0.14543840277200568,1.8419217013473799,2.6512658733463583,2.1095041647081696,2.6126200025253334,2.5065222229608612,50.852053905207484,33.3436558370035,0.09265035347452429,0.8297752310218055,16,0.03708961845607808,0.1513161786453712,10,0.08797014964728224,0.7947127791861692,180.0,6,219.2881144475503,0.30387492795738646,-49127.88212428818,-716395629.7754999,0.0,0.0,0.0
1680,335.46514999972584,14.81832791708815,136.1121430156771,8.439776775717094,7.576296648237363,0.13949888983287734,36.82716101016004,6.347614228368912,0.2389531231588938,2.153918855345922,2.6942031465931437,2.156557853894313,2.526925559393077,2.4481289274846287,17.301853684514185,656.8355762308518,0.04233191748360052,0.7066491809439535,12,0.03643892339544513,0.13954451345755695,0,0.04048909785314757,0.6510329710598017,482.0,28,2027.489795059561,0.3884221003351582,-31124.729986206017,-421544683.09922224,0.0,0.0,0.0
1681,564.8220659070225,23.741455068690815,49.679396075005776,4.851281154350528,16.94537202554276,0.1134778120338935,30.66074179771822,8.043871836222056,0.18076764139795964,2.447911616884121,2.6259066516831058,2.373182543025728,2.4582956031633385,2.4003721261942155,63.687682370058454,879.3189539901853,0.07869955562145023,0.6255871167058763,10,0.038805087252292224,0.11351671103223898,2,0.0765264940930534,0.599294641548128,229.0,12,792.9594017185545,0.413906800509964,-28084.20990552828,-361900666.1299671,0.0,0.0,0.0
1682,609.7678272631259,14.425520866857074,46.43186774078485,5.572299761218111,4.957519240685411,0.07355923093271842,92.3540053834192,4.421928180038673,0.28390820353844975,2.0700262499902746,2.6961628403296767,2.171155929692111,2.3463663744000156,2.4000989910234654,21.000955359274272,43.27581210807066,0.09188189450963052,0.7637080192861956,7,0.04341910677314404,0.0735876959479444,2,0.08629832637929226,0.7789489493536189,4.0,0,0.0,0.4294112737806888,-21478.000516518856,-580402072.4147834,0.0,0.0,0.0
1683,368.7560588585676,15.174761809407215,87.79439410863544,2.601296262119721,11.95257404559936,0.11428761126822513,57.58359640061035,1.5787372974538294,0.15690199131746957,3.5016324038410382,2.657591763551882,2.3122489882698214,2.3950628333632604,2.485776712924758,67.4848604865275,74.44787783054882,0.061377928445663366,0.7551862939387941,2,0.003845016267376516,0.11428571428571428,4,0.0632666345959894,0.7332879434650423,4.0,0,0.0,0.3861837818968912,-34358.87906843943,-659227990.9560075,0.0,0.0,0.0
1684,659.4053542195127,45.39264794656262,60.85627309199618,7.243821212458728,4.092201529123538,0.06126561440796187,60.48359177420929,2.063628850217368,0.2965472696893774,2.043194535059577,2.6239625637110278,2.2839036300263715,2.370546319561234,2.483413340328431,49.18819042920758,4.998058751812249,0.048708394352432655,0.6013244908656712,18,0.05542738834664301,0.06128364389233954,6,0.047668607038138036,0.5766270587223663,113.0,9,296.81905638964065,0.33679338330785447,-14413.485333250806,-318678453.97312343,0.0,0.0,0.0
1685,475.24720265222675,20.610345538872533,45.324604814302155,4.029956172688328,17.78589325994829,0.20221639092482074,30.97793423585114,8.045514030203416,0.1060470520152699,4.178321322780993,2.6123188148428182,2.1969380343613016,2.3782738744789693,2.508183513015675,17.5750078918054,1.851308603861727,0.09101260610005259,0.8620078458564617,3,0.024134871339840283,0.20224785566400474,2,0.0929688704050905,0.8060077307273584,605.0,15,984.7098661903997,0.2164935317860408,-61496.223985362216,-525481025.2768231,0.0,0.0,0.0
1686,411.4024624795936,18.738970439895358,138.88933056449565,7.462975196479415,1.49628541457035,0.07920903318164395,99.70944713938151,8.588552474621387,0.34857642479634543,4.563027836935389,2.648328975352951,2.567401974844007,2.682190252710357,2.4693019478947535,24.845912814586256,17.652132237305427,0.07446309496056615,0.8887258276655059,14,0.04288671990535345,0.07920733510795623,3,0.07585827120548895,0.7861156163931947,371.0,28,685.520559697771,0.31690138854905436,-35225.83077483111,-638462146.3821237,0.0,0.0,0.0
1687,555.2302259670462,23.53396346174363,100.68906708531044,3.562445349944406,14.64604968560915,0.12273564814455908,34.741765122080096,3.577570159053321,0.2702022469076608,4.356865772153654,2.606416463972118,2.3495744160087706,2.3962973059387145,2.414047395854912,32.60462176516674,523.8685986904391,0.09151742185136671,0.9102896872884114,8,0.05974563738538894,0.12274475007394262,1,0.0815171173159183,0.834736138717878,88.0,7,381.5650724106852,0.4364484462873608,-35614.02744116765,-512630775.68795395,0.0,0.0,0.0
1688,450.7913936588261,11.917068808535154,48.011352234922576,5.143350930616917,12.48064318687423,0.21843100318998543,142.31512232216647,6.40161157518192,0.31974529598347556,3.0657889378013863,2.640911771111788,2.4221191922738594,2.234782299191386,2.4783748610734033,20.637191352159466,10.897105167072667,0.05706750350943915,0.5858854838529526,7,0.022478556640047324,0.21845607808340728,5,0.058258287369043996,0.5903485644556397,1007.0,69,4509.945824417908,0.3100501915464191,-26000.067481306283,-351615291.01873934,0.0,0.0,0.0
1689,600.1148701239384,45.14716348939792,86.2980284224586,6.718104076826545,3.333816900371696,0.18427520883331738,141.86760132336872,11.85358525984233,0.29592900996509175,4.9234308682420975,2.628867678876515,2.202298500173818,2.4382021653084487,2.4243461233581414,95.76346689603008,7.6807238510409555,0.03140732177540237,0.8005899580317626,10,0.04259094942324756,0.18426501035196688,3,0.032117716769882426,0.7753566643249161,529.0,43,2782.754140156692,0.3797547013265339,-15816.241687357615,-684904632.2997966,0.0,0.0,0.0
1690,397.0928205176162,43.430922077255794,99.88649856620312,4.108550075206225,12.506444518936917,0.2652269952207931,62.94223168392726,9.010686262652257,0.20878742555155766,4.129092968639183,2.6724458970436165,2.24045128507138,2.6035021554465416,2.532424862967191,45.457560925512325,42.38862570160914,0.07647807516603083,0.6943209443435585,3,0.004850635906536528,0.2652469683525584,5,0.07592184319631133,0.6584646269658654,322.0,9,720.2063844372849,0.3437901656509337,-33983.030278028615,-455730935.1838496,0.0,0.0,0.0
1691,585.2717289284747,32.783079506107036,68.4957392050184,2.63145728870201,3.9582115531896047,0.13521429433161397,62.97980913933452,11.516674862460365,0.2720573665887336,1.6330306082339865,2.636349239236603,2.1564292563432863,2.6316376255971132,2.432818028140354,15.307285409408967,20.26154364153825,0.07794269977412015,0.8189264911323043,1,0.00011830819284235433,0.135226264418811,2,0.06960426123965938,0.7536070091480235,0.0,0,0.0,0.28730320850713253,-52369.65864179973,-646342514.5361481,0.0,0.0,0.0
1692,338.447959180247,20.081949814466,54.02277319102285,3.1673723264646956,4.9281343188147595,0.21102498217954802,30.40761750857409,12.744037914803036,0.3247049304322409,4.0575038004471615,2.6234297050910613,2.306160514079368,2.4234951690344793,2.451758316097983,10.133532687293776,18.22768026745711,0.061294357992216504,0.5772303072129417,4,0.004673173617272996,0.21106181603076013,7,0.0613859387607034,0.5738886158209147,576.0,33,2283.926853950152,0.26955446152236595,-34949.72861149926,-446875631.8400043,0.0,0.0,0.0
1693,491.88379630033256,18.185136489257545,131.91610840121155,8.812036414048476,3.632022940690823,0.17270808454670933,35.97586706015976,9.539412201991516,0.09473249296443972,3.5308675893709576,2.6636903202170483,2.1562819439104675,2.598699074775705,2.4278212136607276,16.92424629133416,291.3640175964019,0.08843778790845806,0.7107411165618485,13,0.03223898254954156,0.17272996154983733,5,0.0845886290789705,0.6838398248014252,858.0,18,1029.8442259891663,0.35442628149651734,-53653.50942228949,-416076019.1412182,0.0,0.0,0.0
1694,524.0389217924475,13.681568999817381,120.01214782090975,2.7272230030622895,8.179480620928029,0.10456008778105798,37.17785678828043,3.203344877844013,0.2908086091274454,1.7555611295390148,2.6175799434980145,2.1751538763298317,2.250628274316311,2.3933831971566257,22.13565924712379,1.7651971869991125,0.07982454403358824,0.6387691502374877,10,0.02336586808636498,0.10458444247264123,1,0.07887684242856002,0.6390509687811269,161.0,10,322.07950458059474,0.3821052313712885,-27094.272335126167,-501348304.11452675,0.0,0.0,0.0
1695,363.1941595333507,33.83550341973386,104.20311854245745,3.006033163140458,14.338014209658839,0.27406878574437804,35.36759139005223,12.216512169603048,0.22909187700883643,1.399022584638006,2.698997551922187,2.1108387311244012,2.3759794843697524,2.458465240691234,20.794115572228932,21.50123709462413,0.09354369925074416,0.9232286210144146,7,0.02188701567583555,0.2740609287193138,0,0.08576189058995007,0.8637519503164501,825.0,38,1522.3263497337007,0.30590599053284073,-55356.697828103934,-827160504.52596,0.0,0.0,0.0
1696,580.6798917140065,41.07888548352269,99.58466030864585,7.135208817051582,7.012158943721817,0.1705279936157777,32.48583206823718,11.293129857969635,0.24168232756040472,1.5122869566709225,2.612957794133087,2.589285130656977,2.219440541027223,2.435082127435847,20.234381599894668,107.6210752597723,0.04330933266345444,0.7528643813273366,12,0.04276841171251109,0.17054125998225378,4,0.044020015105508715,0.7101614063724346,1095.0,63,2971.222109585099,0.4023500530452435,-17572.371266904134,-534699219.89881647,0.0,0.0,0.0
1697,588.4820545186092,28.713232028654293,109.66287452562884,5.2700464596397225,10.194484221268997,0.24413058875541055,121.15822438499877,2.2018238111578183,0.3034885109793081,1.4439291627849924,2.6457139025139598,2.354853694003557,2.4449658276496544,2.479254501447487,94.3535003417589,938.0581574465883,0.06106939533116554,0.9676926496586186,6,0.005501330967169477,0.24412895593019818,2,0.05972155998126073,0.8974642976173134,48.0,4,263.91951500957117,0.3734385715991273,-28003.915743697224,-861244744.0465119,0.0,0.0,0.0
1698,551.3341704757753,11.17800911404893,113.18509614194221,5.021824627383787,11.810854629245487,0.21149776839751344,92.4700933170518,3.1563285697711163,0.30055465322577724,1.6400652407192133,2.6309421021968267,2.378782673072276,2.5660374889533197,2.3685401379785125,84.38477327349518,1.0121934034224986,0.0784750353113876,0.8591222352966208,8,0.01567583555161195,0.21153504880212956,5,0.07525215084776811,0.7932081532868166,209.0,14,1752.2163751235018,0.4272828837560705,-36052.43147514753,-684698746.4837356,0.0,0.0,0.0
1699,392.82716754332887,39.22705109797385,44.29089442856901,6.7203560015538315,2.371072311654747,0.2069628292670581,91.42419341178581,12.348042885335747,0.2798049024013472,2.7605101778214944,2.625998484923163,2.3245353701283666,2.562510522012221,2.3713621529909554,25.24326347824988,186.83653481292674,0.03295377906465835,0.7422140591394761,7,0.030286897367642708,0.2069801833776989,6,0.031538609831280366,0.7313370143590434,372.0,20,1036.1787466483593,0.49324990226692655,-12977.906257206349,-551373568.0466381,0.0,0.0,0.0
1700,350.6272078772917,32.47491540762229,80.55482142787645,4.238772478268726,1.5366574963310047,0.26647809238256936,35.337673167251644,10.060788910916894,0.22105305671575223,3.827438129133932,2.65695880238092,2.1486316156518903,2.557623490861111,2.428790584362943,27.01386886207007,123.87877692734871,0.04394251619380641,0.5140059991058842,11,0.053061224489795916,0.26648920437740314,1,0.04538600069446995,0.5092353298809899,1524.0,71,2793.824454149565,0.47665444750604147,-21738.137050428748,-231416081.62330535,0.0,0.0,0.0
1701,460.7256542512649,16.354165060681375,101.50207697209522,3.26569664924961,14.472119641423877,0.07354867170857106,54.202622290235944,0.9583392308993505,0.3407221820108224,2.408039923222611,2.6545503425761883,2.5429897242282316,2.4850848238841268,2.425717409079235,65.6202982390312,47.55536785675547,0.0666233708732299,0.9077892957238554,6,0.015025140490979,0.0735876959479444,6,0.06495463771813856,0.7925443400022727,0.0,0,0.0,0.456911772116225,-19095.351511297715,-748121787.8012295,0.0,0.0,0.0
1702,556.4031425454803,10.687169146794783,15.09503008126588,3.3754967249770527,3.942669940918094,0.10851543120510955,45.128609707046635,12.088199549556192,0.15479952072603903,1.5272108240810853,2.674566067252977,2.2667331262241794,2.265553271783009,2.484187223761709,22.602212633889422,21.13727611449717,0.03375814933470914,0.7420047585982845,4,0.012422360248447204,0.1085477669328601,5,0.0343708285328441,0.717441798596053,148.0,3,184.05626271057244,0.260110301066347,-13753.089940548776,-417001222.3009232,0.0,0.0,0.0
1703,638.8048401318118,18.651371797923908,130.66816161957797,3.907993680022085,5.300908107666052,0.24669450833543383,85.26093140167542,10.80095900812129,0.3349190199592724,2.567698490065346,2.641323953190917,2.240626956962605,2.227299975462941,2.4967183827250254,17.74678037248997,433.3592057367526,0.06505563297741103,0.8192792437022416,8,0.03158828748890861,0.24673173617272995,3,0.06610545229021081,0.7285406525157789,1546.0,117,7235.645447562032,0.3042514938924308,-28608.33613027455,-387697331.5660764,0.0,0.0,0.0
1704,505.5223991219191,40.16156333050065,149.90493129964293,2.451618709721494,1.1410249531947538,0.14968038287686192,49.55475813574826,5.876431863731745,0.15569742510757195,3.2624700631112855,2.631898895299884,2.1677182479865813,2.4437403047104977,2.4192663924967692,95.34152499742201,194.366246318367,0.03134479805275112,0.9828109065646242,4,0.003904170363797693,0.1497190180419994,1,0.03074711357965371,0.8752901057082524,72.0,3,224.3576117713837,0.32315339949750976,-18385.33180994684,-633148970.2106072,0.0,0.0,0.0
1705,468.1537001541269,48.96884863834514,26.144126540373442,9.76076437577364,17.6085013763537,0.16310023663004386,39.1553012286605,7.01376059086345,0.2458967369530453,4.812079181715272,2.601514571308423,2.2092465099972682,2.2974735833082454,2.331661825256788,18.2975780206053,27.387946022406382,0.06863124127992909,0.7622524434750169,17,0.04466134279798876,0.16314699792960663,9,0.06563738636885451,0.7228361427638365,806.0,47,1646.6376834918967,0.47688056351759656,-22393.364343584497,-526291580.20215124,0.0,0.0,0.0
1706,320.95314357735595,38.38814031363887,53.86592287013045,9.866091912975246,16.0632361754352,0.06178135356680049,85.81209534164695,1.1233420234849267,0.19511140182965475,3.0382618054067474,2.616469423163571,2.125746802633401,2.2007245657991783,2.3999603683740824,11.313880159129608,4.456736554596439,0.039763618949877955,0.547049211286794,18,0.04945282460810411,0.06181603076013014,9,0.04021601729785258,0.5279028089063943,0.0,0,0.0,0.4205984835186385,-16640.993194592258,-355541735.43531346,0.0,0.0,0.0
1707,622.5196138728566,20.844491526694927,54.10241122218955,9.003758527649172,3.6892860667288803,0.21902413260444015,96.47316569717115,9.146287026112917,0.23450694084527812,4.867588898190836,2.687403575766698,2.1652798379017826,2.442064180146841,2.521686909031951,13.558701371644622,38.45218673812114,0.09750924658927117,0.893045658897629,17,0.06873706004140787,0.21904761904761905,7,0.0917662417768005,0.829749289509842,1600.0,92,5416.473744167219,0.32443611899423397,-42893.378984473304,-576456855.7350168,0.0,0.0,0.0
1708,453.33787591655573,32.10409026411189,24.77041179291825,4.099013094499542,10.675564395895206,0.12007192164994208,32.29596212261395,1.6308497631067524,0.18058797377942865,3.9152771269094213,2.632508634028348,2.227337416358358,2.5690300736406777,2.4340644161210485,22.891459503357527,5.2247536422230105,0.09295246324997465,0.8663640915521358,12,0.04886128364389234,0.12008281573498965,3,0.08943318280175916,0.8024206385946088,67.0,3,67.3032035385022,0.3969428876123944,-56625.79567235774,-805027223.008559,0.0,0.0,0.0
1709,345.76280553613867,10.755022477864083,134.71107361271805,6.4903806060349645,4.564120161311882,0.1667417182719772,31.49187976212845,14.023461233431767,0.1962363277673709,4.061383692020298,2.612365913494296,2.5396773665140313,2.362431572504754,2.478516578440946,63.68207064601972,4.782870637948747,0.07223676987071928,0.6126857931599443,10,0.03839100857734398,0.16675539781129844,3,0.07383482125107267,0.6205852732696368,1352.0,58,3086.398678948321,0.3677935497894631,-52133.84248782537,-425822349.6468056,0.0,0.0,0.0
1710,541.9670581569525,15.230973565465563,90.12331698814631,2.5733369081968487,1.8480465458462612,0.17862553965633154,51.65268927850786,8.08453385233435,0.12017808016132789,4.441115306764201,2.666852614004961,2.198375183028082,2.4946038558360484,2.397556657193582,85.92637605074162,112.80408403546457,0.09952199175235608,0.7292415725449475,5,0.010706891452233067,0.17864537119195503,1,0.09336931359697194,0.6963049695838799,121.0,5,299.8630009475236,0.3720942552366222,-59136.54372435667,-645924386.4426141,0.0,0.0,0.0
1711,400.42621913794653,10.509275193308019,109.61472047977735,4.659697339689818,2.663059437363714,0.2598026393034152,94.55274219703068,13.47329049823846,0.15923574734619583,3.043430828718559,2.6221343879489467,2.3632734109314404,2.378832323738566,2.4336921113954952,27.93627776104089,6.854920645819047,0.05749421375802671,0.705896243913362,15,0.06128364389233954,0.2598047914818101,4,0.0563941167366252,0.7392470972810741,1955.0,84,4799.215168103726,0.38887254769369983,-20566.11751036206,-564597562.8256311,0.0,0.0,0.0
1712,484.417194611314,38.87378291098839,143.17655955162365,2.113998168712995,15.070492207503635,0.10444429467514511,65.36304651198336,9.483498098631976,0.29545724707693377,2.183924407784158,2.6016877746478055,2.1433157588350196,2.5655305786540445,2.4314837526656596,90.0658400161877,768.0973816146815,0.09087198380591124,0.7453710754287594,1,0.01064773735581189,0.10446613427979888,2,0.07915619134791081,0.6998660327804593,0.0,0,0.0,0.47004404301034164,-44567.90387700371,-365663165.5640826,0.0,0.0,0.0
1713,421.45463992808413,23.023064764795794,114.91980760429726,8.758127334625637,3.398639798008709,0.2384942011337544,58.608668638700266,0.7450123090371591,0.3376418594154573,1.2860188380582418,2.642919061741686,2.5395077072769814,2.5161952656597593,2.450048719080636,32.146891266503765,59.425213395804185,0.033916711097789175,0.8459426625650737,13,0.04933451641526176,0.23850931677018633,4,0.0353756010512832,0.8039051961858273,0.0,0,0.0,0.3592538278966022,-13128.792215962621,-765165047.4647079,0.0,0.0,0.0
1714,432.7857693677043,10.989261958593309,99.60253851431816,3.400160422229402,3.0107234475436764,0.095970751380943,69.17316402693174,4.284493504429238,0.15579698866213,2.9113722267275564,2.6522502973617605,2.130936238192402,2.3454568145780685,2.4291721900124266,16.686075414824952,2.342066426556308,0.06007509550064992,0.5501762959062706,8,0.035433303756285124,0.09600709849157055,2,0.056916108196743274,0.5558785125091344,229.0,7,224.6219851704047,0.4596547189287725,-41556.41210611285,-248963959.41233292,0.0,0.0,0.0
1715,478.67298988004484,33.30913204847179,96.57158504694559,5.369348412459184,9.865931911766607,0.10766707771018603,51.13779634948184,7.319491256426601,0.159577313751295,3.3928198507778897,2.6194848071292336,2.1743662047990937,2.4479209311428285,2.4330401415456095,32.195204610417704,260.66171216118676,0.06480297259644391,0.9965945781643192,6,0.0051464063886424135,0.10771960958296362,3,0.06107394540979714,0.9241126328999505,80.0,7,357.42324104018917,0.35746231709532017,-43680.2787060584,-947065316.3490115,0.0,0.0,0.0
1716,448.87823572689297,20.50150103146103,138.80444513749177,9.226439453560065,13.505490475990195,0.20419362089343468,115.21427064319633,13.622333322112665,0.11567996750522666,4.6377165289690385,2.640666867481867,2.185808265371527,2.223637253043464,2.4613912245015417,52.36588202537402,20.570335760013617,0.035568305477032186,0.916390833167967,23,0.05572315882874889,0.20419994084590357,1,0.03751371071687449,0.8154119027725251,2081.0,62,3293.938495099278,0.36693748169860374,-12839.513614002084,-608820822.1872028,0.0,0.0,0.0
1717,378.2607493379849,10.534278309288272,55.38983009609149,7.740493452292549,6.863960027780271,0.2975669236835049,30.653971676392544,2.652028958056449,0.29858155229976613,4.986746205794158,2.6098963182457617,2.4356627023740423,2.6378846274374617,2.381504751974764,27.947824639634362,1.0312044017426718,0.05112365994439234,0.8082032898538467,14,0.04886128364389234,0.2976042590949423,5,0.051542393000817574,0.7348625791947655,419.0,27,1252.497788082676,0.41273327395428616,-36900.28744664453,-610019436.2773144,0.0,0.0,0.0
1718,508.1739797637072,47.65209728714259,24.091433476715924,2.941047834497847,9.277334603643732,0.10240952154835932,59.439184323016185,1.9006939396635008,0.1583146519266677,1.2268939423102223,2.668883472703764,2.5395717912329827,2.5130121325134054,2.4217126544936702,22.386250902601216,10.275012048273794,0.0644839493048448,0.7896452399333247,5,0.007630878438331854,0.10245489500147885,0,0.06296535970926122,0.7503045827067192,21.0,1,164.59284760883153,0.42482059588096677,-42726.5954305775,-528432472.84328425,0.0,0.0,0.0
1719,546.0457362000645,48.56915514003609,43.605449081998046,6.522123979179875,2.378535093676524,0.07103762074661,107.59360974911304,13.878031182764708,0.19206227921540658,1.548596227202086,2.617194863108863,2.1701433491766666,2.2344590670835838,2.487463629548996,45.22115646812545,4.231551521664478,0.07351085505191975,0.6156848687409334,15,0.04483880508725229,0.07104406980183378,1,0.07046458155150577,0.6308960236895118,673.0,29,1566.6794662515624,0.3439713138281286,-25745.581068851672,-403070640.1961505,0.0,0.0,0.0
1720,411.8129739297482,11.451575362204876,6.609580793313424,5.135287272387625,15.18689782362819,0.20607833658646313,50.949926675826624,7.546555303702792,0.309240266933713,1.150455632593319,2.685884859981211,2.5334981167410824,2.5012738030724444,2.4512295271073983,53.58328367348202,95.50615557701968,0.0945553321483747,0.5966757393215565,12,0.0313516711032239,0.20609287193138126,3,0.08968884420377708,0.5998582617399008,561.0,44,2221.3909152632527,0.37804380494999235,-34764.74721135768,-409223794.3015343,0.0,0.0,0.0
1721,448.40574160089477,43.46492663102158,34.43835933304509,4.068265295820721,3.5657481506898856,0.06128086083154356,73.32369752528398,7.79896230879329,0.1801500016768336,3.00098082495227,2.611808722845567,2.1577000674369775,2.383055547777007,2.394695120235129,36.65119372972298,7.523199996305229,0.08117569527961058,0.6770523964219485,8,0.024194025436261462,0.06128364389233954,2,0.07640650148892673,0.6258781298305377,92.0,2,15.758468176987359,0.42535276512580955,-46948.06341761329,-397868588.77981734,0.0,0.0,0.0
1722,429.6878190125888,15.759786147776204,128.72697821173213,2.2371406216096847,14.709676001746246,0.1313705174156281,83.79282060418238,11.795555643679698,0.21606376161149193,3.382288691935022,2.6520884437749728,2.1832499707273776,2.4711721656444987,2.4497229162999363,20.59156262042635,115.62554909023007,0.05467194067555237,0.5624158937319075,5,0.028275658089322687,0.13138124815143448,1,0.05443263079000972,0.5648005555548821,501.0,17,563.4542279622939,0.3762890262672891,-31794.733607806298,-314969471.47390604,0.0,0.0,0.0
1723,375.7038950070315,16.702538338780816,61.4986292439564,4.150548649152923,3.9256849896998274,0.09265146103023085,40.18646150093678,3.133722431711478,0.11099096804431519,3.32405007856238,2.659936616585444,2.120505588219189,2.310666568610901,2.5165596242512707,11.613217051121167,667.3966344643776,0.06232605201765597,0.762619675974323,12,0.028098195800059154,0.09269446909198462,3,0.062277655292777755,0.7120750032937855,34.0,0,0.0,0.24952486280772979,-31290.864015160463,-635237791.8492308,0.0,0.0,0.0
1724,586.8883935424338,31.878094613785393,80.31907683850032,7.820132292972994,14.017754513332346,0.17968501762480688,120.6670834105099,11.15757670331883,0.15423409834382668,1.0897764948818343,2.6164629008571234,2.273486909872811,2.291216074243575,2.3707306357780173,15.309572712471576,52.371609656653185,0.06194306375811736,0.5180924651771649,11,0.04720496894409938,0.17971014492753623,2,0.060656858888856004,0.49744642343466683,705.0,20,783.3051937580501,0.439968971961302,-34292.190010577004,-273847138.3587689,0.0,0.0,0.0
1725,377.78022551668266,12.866146498794789,8.686765682510112,7.606530298298111,16.921408359984994,0.25635416645805,38.03460774821104,12.081403624415096,0.21538078093192495,1.7201585723716755,2.653849308296038,2.1627588597258574,2.4015587339964317,2.5308024514937832,87.43910944210643,17.040998220348055,0.05270279399252084,0.7149648867479874,9,0.03916001183081928,0.25637385388938183,2,0.05428329103593149,0.6793978132152921,1408.0,62,3902.662036787818,0.29624505252661537,-35480.03368714738,-570081238.2350781,0.0,0.0,0.0
1726,453.19434998677195,11.700889665917952,66.134915061722,7.5100718988898425,17.966623982436776,0.14213139307775202,55.49769319769483,4.330775510265255,0.18981755091109767,4.143915443113746,2.6086397734592,2.1305178581261863,2.572868108106701,2.5081520854317616,28.637222607143432,30.529666492060837,0.06015726992128244,0.5911482706827758,16,0.04673173617272996,0.14214729370008874,2,0.06398264779248682,0.5989538841781744,353.0,8,311.0735617670015,0.28175942388965014,-22893.273875806044,-398006013.22879034,0.0,0.0,0.0
1727,396.4659304370192,10.317526654724023,8.031016986783152,4.980329251573686,14.05456530039234,0.26013340604143564,85.34583983032938,5.73050625061888,0.33355976884557437,2.9552602875897924,2.6539777459090343,2.2519655375290686,2.5008111715403616,2.450147542507943,50.712371224834804,21.518511096382415,0.06466347308283149,0.594676335023733,12,0.04495711328009465,0.26015971606033717,7,0.05930011574168432,0.6017508397305689,1512.0,119,7237.919132791394,0.38095243084036756,-37334.99624073805,-365675599.04371804,0.0,0.0,0.0
1728,588.3084890012033,30.95401683890644,135.29714891492392,7.7192009144982014,16.003714567376264,0.14677203820057666,75.12982567729296,1.0178152432885346,0.34056489108867716,2.534886431231012,2.6483137108285555,2.5588434161922398,2.3284560022705154,2.4579270549332546,14.870186314254717,5.540691068813206,0.05683735237389579,0.7857461658628102,16,0.0417036379769299,0.14682046731736173,5,0.05768124447641627,0.7262857028588079,129.0,11,734.4992245683544,0.3551128281450455,-42299.97832203213,-596015797.1072516,0.0,0.0,0.0
1729,330.7597103618088,13.114348649759046,44.09256705678996,6.610015278814469,14.810321899559622,0.2940890786516674,63.40789523655584,2.1610381648940735,0.3281318459331918,2.4401729269462344,2.605323127450277,2.180750642763161,2.3317705534590374,2.3699896872404977,32.35998614909605,693.2524880101711,0.08522055016847889,0.631025108591915,7,0.009287193138124815,0.29411416740609286,4,0.08319563394196468,0.5828918693473156,80.0,6,709.2868223770824,0.4316209112300924,-23224.515801123198,-459267269.7051405,0.0,0.0,0.0
1730,551.1388332305445,10.206153078739542,103.25942974383526,7.441466036139921,12.780610072704345,0.2617555011526955,137.47279482838857,4.23827079084499,0.1707334375966706,2.307332051211869,2.606071766218773,2.123660833857598,2.5167297519225422,2.451157990678078,36.88433267065132,667.1329202704949,0.09164423187908416,0.6028607549233655,9,0.020763087843833187,0.26175687666370895,5,0.08856776936743004,0.5626683159117125,255.0,9,354.5594663922887,0.3427906292942944,-61061.13834578593,-351684121.63720804,0.0,0.0,0.0
1731,404.1827627956605,46.69194965956659,134.65773640366984,6.19014810758471,6.210908171448917,0.20984907787634866,113.46008594567324,1.130014456548412,0.2605106438789498,3.1217786155039824,2.6045346060678316,2.4108351017265717,2.6749463353283316,2.470153015044191,12.802342970475229,213.73545845987266,0.0340213095936783,0.7947549848233613,12,0.023070097604259095,0.2098787341023366,4,0.03506084465931179,0.7655083723350378,52.0,3,84.95147036536412,0.3689674200771842,-23659.998764109558,-625032929.1168534,0.0,0.0,0.0
1732,343.716960932883,16.752293349143873,4.866675356227429,6.8136586620385655,15.270084593199293,0.14879939969545497,79.29573986637175,6.297098723467905,0.16196497574597288,1.3297370735524217,2.612382781092659,2.4186399686533657,2.235791266623377,2.3797850623101486,12.186899116103502,404.450546922186,0.07267836564694174,0.5972458500839268,10,0.03561076604554866,0.14883170659568176,8,0.06946427760528338,0.5944013634369257,235.0,9,279.19475281369733,0.4445659585714634,-51788.763736810084,-322370823.6305368,0.0,0.0,0.0
1733,367.61345117609744,14.927069522870475,62.46801223092204,7.927036323500732,10.530494758741149,0.09800389375785108,48.00060323644603,10.751089922552405,0.09949927882143497,2.1679237836567533,2.677581630079949,2.533095966198081,2.626301772280034,2.522434243915824,32.357681131164426,15.042056354468814,0.08930991795329973,0.8128473310001519,12,0.043359952676722865,0.09801833776989057,9,0.08319084142348764,0.7551011987098629,353.0,11,174.69538693847676,0.3540625003005937,-58503.111905183556,-682926893.6715219,0.0,0.0,0.0
1734,445.79828532661196,12.267852406215797,70.4299003701861,5.850447706053663,11.616374738268195,0.173707864891052,30.298359897017193,9.836640039541418,0.22603200023790485,3.490283228400633,2.6565164050567747,2.3626857875468725,2.4989335576112524,2.4606683720725777,17.992053205067055,3.023436336430965,0.03390497242484656,0.73903190779202,11,0.03010943507837918,0.17373558118899735,5,0.03261200298925202,0.7105726826232849,1129.0,68,2893.071449543823,0.3604338636140376,-15797.579214952426,-600823724.693475,0.0,0.0,0.0
1735,537.2116185560847,32.98466895669505,62.91240501932291,4.297302130754364,5.930160558145819,0.21257421351042594,128.69709469356698,5.993957134513369,0.18934251663817836,3.6932757835076555,2.6232289918697096,2.1945622860835643,2.290068488824609,2.427686065747059,88.70679169756751,6.355301092595515,0.03638433820528669,0.56077170771816,5,0.007630878438331854,0.21259982253771073,1,0.036204851719970774,0.5319424061482722,571.0,21,1190.4344563815023,0.4052284935318946,-13565.399352380238,-334125351.08561873,0.0,0.0,0.0
1736,363.58333031027075,16.375261785343902,81.37761037041193,4.662466870373258,17.13352595415306,0.17079704636807336,138.89683474235142,5.491681171441797,0.14213503525014476,1.4411614670058022,2.649282708138127,2.2722961205092025,2.665054307789341,2.528109548041546,72.09294540295936,529.2452629453392,0.07998510546964016,0.9955552027320856,10,0.019757468204673174,0.17083703046435966,3,0.08088486025398747,0.8937778105818333,321.0,16,885.6495105895248,0.31011314876825224,-52318.08990846855,-826668328.282016,0.0,0.0,0.0
1737,563.0380687805042,13.498490470582697,52.89558749624362,6.52247884826579,6.157346457329452,0.11629962229433323,63.29158662906593,4.836451707800871,0.28373467874463865,2.250419849649996,2.699148528855119,2.50729944117261,2.5764616668239393,2.4333612831170295,26.69250082104219,81.42500565288032,0.04814635276743667,0.8055300219345204,9,0.041407867494824016,0.11629695356403431,5,0.048622459390451345,0.757073020818255,370.0,20,1911.813383143583,0.36985757317463275,-19236.03833039444,-621376139.6820245,0.0,0.0,0.0
1738,605.7454919480463,10.824558152250056,116.82398743522099,9.695109295107983,1.5338570924651784,0.114164362503911,67.66588716643318,7.42140812527045,0.19591468281009114,2.567658577544318,2.6558736869478414,2.3174275544449596,2.2909596459697994,2.344741265915714,79.20891818274941,3.688597870408368,0.05608431841612633,0.9222722541472901,16,0.045548654244306416,0.11416740609287193,7,0.056783484855988615,0.8977485711412059,762.0,30,2129.610263460469,0.4848106201714115,-16865.1035067033,-747321790.7795172,0.0,0.0,0.0
1739,454.71224193648175,24.2765764019415,63.9559317576548,3.8824851914719796,8.778099307006938,0.2235227917392652,39.241579497374815,10.12302994148726,0.2409804126960178,1.484500954101994,2.647401158590905,2.3336143772258904,2.5475845889137303,2.3463652004272073,15.10889519132291,24.717481306091486,0.0728299947221005,0.5770218479816156,6,0.02312925170068027,0.2235433303756285,2,0.07242896586517503,0.5646408200896804,977.0,55,2701.672021426951,0.46130528323700704,-23306.92691581021,-380111871.48613524,0.0,0.0,0.0
1740,463.498483378628,35.71940164877181,119.06542137033897,6.501155811233682,5.350697340370187,0.2726591373328456,31.375555546816123,11.22749098591104,0.2091291935248309,1.7382097772161962,2.6068620708082353,2.4027034483780603,2.595253823255336,2.3129261822086,10.459912415718836,53.664153727155785,0.042433876709082025,0.5890115973880069,12,0.05779355220349009,0.27270038450162676,3,0.041193145629211884,0.5463470629893878,2073.0,85,3911.7426381599385,0.5760238009439327,-17556.41444969498,-289683278.06128454,0.0,0.0,0.0
1741,663.9446311373465,10.443471593290854,104.42829679934275,9.683724192898959,5.465247385629677,0.16831138065268508,103.7868200391617,1.4071887066855193,0.11246098572006069,2.4647488304565495,2.6245718869977375,2.321761296336921,2.2000898297406364,2.378393456474395,64.18230346805962,193.8123492105288,0.0959782903092788,0.7576023867124055,9,0.023898254954155575,0.16835255841467023,2,0.09524667093336156,0.698847874116329,3.0,0,0.0,0.40230542080959086,-44957.060219209416,-395076975.7047057,0.0,0.0,0.0
1742,594.4474555406473,48.271488889718285,86.1835395518481,7.315586418518693,3.275981692003854,0.29339089596563367,33.79071185623753,2.377819564994091,0.21971748495012713,4.263135632388197,2.615088756483537,2.3698119465162373,2.5324846119753643,2.4842414269904896,14.262419631538519,207.65774731436204,0.06021997031615539,0.5979153971684119,9,0.025436261461106183,0.29340431824903873,6,0.06092801832776093,0.5901436519659435,297.0,16,651.9756780738512,0.21907854014145256,-25070.57407180102,-273029582.6446407,0.0,0.0,0.0
1743,464.4925526661342,19.52640860546892,51.27341467493739,5.049038787809692,9.796165976848743,0.08944782683166035,61.38289917856735,7.487211275821331,0.3358089786850491,3.359787722922916,2.6267342733089936,2.3868142173369993,2.5752537056570817,2.4217516312225658,57.839387989526216,506.9944225050016,0.05355195022799368,0.5482419322785411,18,0.04998521147589471,0.08950014788524105,6,0.05471137934751337,0.5347999376862993,239.0,22,1503.1018158699655,0.4179501509509138,-40321.7074744229,-274410314.1675217,0.0,0.0,0.0
1744,426.70367242899613,19.566875190367792,128.98094581534735,9.133436236632095,7.875247387381857,0.25960192238994445,55.96085502695709,12.102554771082662,0.15807365863674505,2.0165084397787343,2.6715255164257186,2.2869715558797488,2.31151706138674,2.400434326359448,45.94272811672579,91.57795147998385,0.08077722537670295,0.6224026588070599,14,0.038036083998816916,0.2596273291925466,6,0.07299826253862536,0.63247048906667,1940.0,60,4174.331668701046,0.45874858576104405,-31132.295017885914,-468749634.8444179,0.0,0.0,0.0
1745,561.2640985970912,40.73419661942223,140.76998701589616,8.861874165164785,12.239990049243042,0.06380720560823684,76.3728191921894,0.6006523384678558,0.14705970201762986,2.7846419195441907,2.682179021946656,2.448945862061729,2.2098887554126474,2.4959998596153823,14.221038954251894,788.4094918721513,0.08924659277532004,0.8228930741510291,22,0.08506359065365277,0.06382727003845017,8,0.09056060706294904,0.785172805632835,0.0,0,0.0,0.3205800902078839,-45403.807969803674,-576840786.7823366,0.0,0.0,0.0
1746,646.3096812572037,10.27091647585454,21.782293580099825,6.320365256950361,2.7414212258742774,0.2575350776298373,41.616553477459455,8.287603732416096,0.2972447779818147,1.2222042123192383,2.6858205865738127,2.135064952856171,2.3965156778255556,2.424936934813408,41.94200385458383,1.5553237416253847,0.07272998262751829,0.6711263006124925,17,0.047855664004732325,0.25755693581780537,5,0.07186806262730325,0.6533228065740382,1438.0,110,4717.778202660226,0.3522128879936446,-44886.94673974417,-431606024.0607102,0.0,0.0,0.0
1747,348.75059135131875,39.29564722816986,87.77434859808895,9.100853159696435,11.823699441320946,0.272251467708306,33.76290616322704,9.66186340580223,0.21981915240214736,3.2243198025704216,2.639774700425418,2.290581290795964,2.337563063042179,2.4294501847263987,11.266431367070584,47.84367974661552,0.09368063992042554,0.5259292224205893,12,0.024844720496894408,0.2722863058266785,7,0.09349894230152545,0.5190478680976587,1212.0,66,4483.982644166323,0.3740878194099735,-68503.21418490527,-403537491.91047484,0.0,0.0,0.0
1748,569.2383650599618,15.865819404083107,9.723439822187252,8.108922361451937,14.065456534359342,0.1290950940486032,88.87874133623652,7.712647966810947,0.14712925238412655,3.68303384228518,2.64694830197626,2.2074001416382383,2.460110953003791,2.395198399227867,78.36099923250599,10.576408377150132,0.09515346903446312,0.6446689465282607,17,0.07086660751257025,0.12913339248742975,7,0.08943990363420425,0.6456313742900549,1406.0,57,2483.2780821181,0.4086214374774473,-60909.21711398118,-370975796.7520127,0.0,0.0,0.0
1749,603.7417700701463,13.840786285075056,46.10391534365095,8.758380672055171,11.047525221146621,0.10055060310032966,55.24737465695332,0.8246172920802325,0.1786974716732873,4.109356023358924,2.661709102042411,2.247352317231003,2.206855693394016,2.4077842980289974,87.16044228457847,42.48436750667643,0.04791143571748249,0.6445466316880575,18,0.0463768115942029,0.10056196391600118,2,0.047991410840509646,0.6597306350872361,0.0,0,0.0,0.4249562071388078,-19191.696502226318,-424121370.69916284,0.0,0.0,0.0
1750,555.1561500401986,40.009621739136314,116.8648105278787,8.576426248564921,4.097798890678167,0.06401469690390486,32.91127106117484,7.393060906076833,0.28458781440734626,3.0290642021206176,2.6542001087219425,2.218765815814242,2.609521348616632,2.538348258102337,19.2162907263961,269.75193495525673,0.09971701360855245,0.7673309845946491,20,0.05749778172138421,0.06406388642413487,3,0.0935865975767114,0.7296225781579395,490.0,40,1343.3996295745035,0.23315605859815758,-45111.03899985861,-838683212.2038211,0.0,0.0,0.0
1751,516.2354465977205,24.026815671614,65.87479094247901,7.066876372996472,6.598450735912868,0.11202773510810297,135.02826580356765,14.572373403043676,0.1881999521110237,2.018924110116959,2.6041967261542984,2.4838681810684924,2.3715215633635354,2.3690220879047352,10.614327329764826,550.9376169755259,0.09587065102888341,0.8213134092961276,13,0.02567287784679089,0.11203785862170955,1,0.09548530730791734,0.8110415810872716,967.0,36,1312.440468304781,0.4892599300208036,-47550.426953631235,-520281342.25285745,0.0,0.0,0.0
1752,567.9138300596281,32.67028034064607,94.96955752306077,3.121227011260422,7.019206293213889,0.20631439783832667,48.23630825638206,12.598455519643341,0.10322771657928666,4.537901345881569,2.69401956169239,2.321103236738349,2.290385809361804,2.4285985087045985,61.633811771393255,145.47841504006195,0.03512455116491222,0.6049168010554155,5,0.0009464655427388346,0.20632948831706596,3,0.036031794909797125,0.6028358537846202,497.0,15,681.3685913156004,0.370410656326813,-14037.71360338627,-407519259.30125153,0.0,0.0,0.0
1753,394.0435640503191,16.203018909669186,95.70900229363949,6.785893940093186,2.1808643793526237,0.27854615070898847,35.921544950931484,6.662854642167614,0.3040209121298129,1.3342172635983407,2.639925877870888,2.44590282901874,2.318402948455026,2.41578164725209,29.474603022957986,12.189135613299701,0.06646558137504091,0.7384748800379581,6,0.010943507837917775,0.2785566400473233,2,0.06762590797285206,0.690478231364489,421.0,40,1791.364856621706,0.36022269157416487,-39289.081028766544,-418470853.53812206,0.0,0.0,0.0
1754,586.3305165404402,37.674522173554685,40.866753849108086,3.099345241224375,7.326021891252045,0.09646151780014077,108.79481053595099,6.453274452745102,0.12811144603168706,1.90572266516938,2.669824089734051,2.109769369463181,2.5980062134449287,2.408647144607459,66.71859432287172,13.86207577119152,0.05753806200780692,0.9315447772100753,6,0.025140490979000295,0.09648033126293996,4,0.05842569927565629,0.8418496947949208,84.0,2,15.367554217811985,0.3656207511918037,-20529.418784832676,-537302321.8812559,0.0,0.0,0.0
1755,394.0602705147348,40.2587268987095,57.564508964200066,4.465452783215552,10.129803512583782,0.18999135277197687,75.44033283822762,1.2907895991625469,0.10717697793001091,1.1691231010122674,2.6140373006476647,2.4994195795035696,2.630504225358368,2.4392270729422463,40.05592172390104,6.220341558671658,0.04007282527978754,0.5513261412574947,7,0.026619343389529725,0.19000295770482106,5,0.03945268435230867,0.5553429347283497,30.0,0,0.0,0.354508248542325,-15360.346867122425,-343208449.1133268,0.0,0.0,0.0
1756,607.4820830764409,25.47903345534935,89.14638077155317,9.035401087597354,3.9694366066495594,0.09287940465484491,51.285146078594785,9.003943911640224,0.22830457975719246,2.4863465501579256,2.616280680665078,2.541867818268639,2.546693226873726,2.4326446287653676,62.41070619749657,872.1135879233286,0.037512738242930575,0.5666227876357572,17,0.036853002070393374,0.09293108547766933,11,0.036759415597386935,0.5542208832973516,621.0,36,2709.202726227698,0.35320248520243913,-14096.776798294504,-269509314.7076117,0.0,0.0,0.0
1757,337.42664935756306,47.544559924400914,73.9060239421983,8.94695492387823,17.55034281278713,0.0819055863225439,69.60393980941353,7.997205189637127,0.15168966994368455,4.3049591405759005,2.6831151799993522,2.5534143349350322,2.302823809951888,2.4452041052500904,10.225204848184143,20.753789153574765,0.06089645425296923,0.9508569790039461,19,0.05430346051464064,0.08192842354333038,7,0.062046035220989,0.8561265901171775,443.0,23,1457.9915949218605,0.3551599773435221,-40356.706035934665,-834387450.8685331,0.0,0.0,0.0
1758,335.3002457545296,47.853579578517085,101.71055880558966,6.523008369863585,16.15689857232364,0.0856803885172474,81.70581040533152,0.11686348484630904,0.25318308956689217,4.12959731132789,2.6380264513114327,2.3645008604930733,2.3129695378907194,2.4630581587950506,34.77946459434785,21.16923701371392,0.07771384063800688,0.7916188343470713,12,0.03602484472049689,0.08571428571428572,4,0.08276068249770122,0.7525698350234499,0.0,0,0.0,0.39466244473567436,-67363.0648753629,-657402535.1095624,0.0,0.0,0.0
1759,491.7215342886504,20.39857866988305,146.3046000078189,4.455650136988848,17.206911995053456,0.05574684923574981,142.51738726481133,9.912019790220448,0.10260590368348804,2.9100757535995863,2.6764725060731926,2.4809925771291117,2.2465559576917724,2.472899052747636,11.895871666876596,45.43481478664737,0.05651733319510915,0.9267651363226257,6,0.02023070097604259,0.055782312925170066,2,0.05775222293687087,0.8753575766956627,216.0,9,149.97462314370574,0.36376014073402363,-29471.24699910265,-691430102.3988657,0.0,0.0,0.0
1760,412.14275286990215,18.920005689489315,19.068758596798897,2.228907177639563,4.806380557925773,0.18595717839234271,129.9871580285806,11.50753017823232,0.11844258869286552,2.937462588038417,2.6082194902786053,2.505167848696606,2.4818409832952395,2.360929974009723,82.17962410920317,48.43598846720179,0.04029454352177488,0.9653887405550617,4,0.009464655427388346,0.185980479148181,3,0.04001472884478896,0.9441139579564777,582.0,18,824.6953858716566,0.4223367450601465,-16334.088045276692,-919096115.2409334,0.0,0.0,0.0
1761,341.68688047051194,27.625112002957394,131.51708906550303,7.774879443513485,10.451352267156992,0.2190037064493484,49.47408119873333,10.066739153797617,0.2906345180163309,3.5926008333660113,2.669787078164782,2.106472625709027,2.2314732380258633,2.4163512322768343,34.77588584128627,3.527379303431591,0.037445322098480414,0.8230859256541959,14,0.047500739426205266,0.21904761904761905,4,0.03571261252331266,0.7487178654949102,1245.0,77,3916.944266479542,0.3752770212441918,-19067.779739710757,-528551819.04266083,0.0,0.0,0.0
1762,525.8451084604094,16.85241065398557,62.94431642571407,9.124180842410162,11.48275101754652,0.09059906668625246,136.37779087213184,0.11364862262840669,0.21383326840384298,4.7193320628792605,2.653124309052579,2.197362846994328,2.4379399614491812,2.355065054757712,23.972247543922773,106.32355830992046,0.036661451220635556,0.81799340686157,16,0.08251996450754215,0.09062407571724342,4,0.03665109011129328,0.7769514404570568,0.0,0,0.0,0.47906791538537297,-14266.321653118497,-685498096.9317338,0.0,0.0,0.0
1763,548.0283338197518,27.33728612474866,16.900116990731373,8.120208366471264,5.977152811319172,0.19965030625539099,129.80975320983833,10.920413390531154,0.20974988594208216,4.493329389352613,2.6247708835181682,2.499979578738534,2.626988958733422,2.483770447692619,30.202943975571202,2.3372500346290006,0.03922652605429705,0.9341251527633185,15,0.016149068322981366,0.19964507542147295,7,0.04002117823677045,0.896348584701294,1288.0,57,3370.508145090205,0.30944719975075374,-14899.89300488698,-815787335.2662547,0.0,0.0,0.0
1764,441.5631753848575,11.653199964645113,74.41894154535588,6.694033628543383,4.1413981069854096,0.28247704190662637,99.0248259187587,9.818801702438959,0.275026742803111,1.518737615358945,2.6039016034695184,2.1655309271680703,2.483909003753271,2.4067358844901,10.776297179358302,26.479489551329696,0.08641421079960729,0.5897461128660353,10,0.014256137237503698,0.282460810411121,2,0.08119435374069894,0.5837355128136241,1125.0,66,3567.4328687773314,0.4760434839306229,-50264.226243870326,-428172672.6318414,0.0,0.0,0.0
1765,606.6714544362546,15.299577616455933,81.77662128381891,3.2667550488006603,7.161715695399821,0.21174339006171256,61.91077041174352,9.70884011216072,0.3357511876519004,3.1228500230046743,2.69140397645792,2.208568812302726,2.5327103869460537,2.417245877365444,66.50804654718164,15.291770094017625,0.09859037579372862,0.8182065579611351,5,0.015734989648033125,0.21177166518781426,2,0.09034436177115716,0.7505531492325567,190.0,18,548.7392673203374,0.38915354498168986,-44109.65612314422,-508304401.1514785,0.0,0.0,0.0
1766,381.3089568694097,15.618514883468961,103.30910787318614,7.459436837490977,5.994813117344798,0.24885387567831335,57.226016643293015,0.6129225417705553,0.23774998763669863,1.340395610840917,2.6984702877146507,2.257839185076677,2.5187620695892985,2.3719986553196972,81.75162437978845,62.00005368608271,0.08196961394110326,0.9200836998763579,7,0.04194025436261461,0.24886128364389234,9,0.07933202193705956,0.7963413835194446,0.0,0,0.0,0.4282557514732783,-26338.632436198168,-497855247.7647793,0.0,0.0,0.0
1767,502.6083374549818,15.316416054809753,94.60518367139646,6.783076257024758,14.00930527141729,0.0999547406627002,89.0491112420136,12.805705249123797,0.16036012893170176,4.48346766400903,2.6150591750365013,2.2044117036229265,2.331416577567686,2.4897718410235568,30.967035670452674,4.538221159713007,0.09581691748862677,0.89968044896404,12,0.018515232179828454,0.09997042295178941,5,0.09330332957789132,0.8075046541156115,394.0,16,981.8437216574882,0.23535315428060555,-66174.59037889604,-742708466.5286462,0.0,0.0,0.0
1768,344.2446320362652,15.553581088317944,94.24433390104805,4.502865871497791,16.306477080146795,0.2993061161925009,42.16170945843534,7.597455276567461,0.2936637550399406,3.7470577359577866,2.6966227154275253,2.4386099857593138,2.671206271577295,2.475905979928456,11.489772400132656,6.794154384101731,0.03363681028198642,0.6587950567559189,8,0.03667553978112984,0.29931972789115646,0,0.032847737519570416,0.6725331193335536,979.0,67,3794.040427835715,0.24100793284451338,-12501.078464065398,-500535753.41265196,0.0,0.0,0.0
1769,364.3469141510306,28.06423236853695,43.33220418486875,5.285878688661698,9.787353892939539,0.1471764687145793,42.527703489359084,12.060015593380774,0.23970381334603535,3.4716797230724543,2.674717163265328,2.2307944132905524,2.425466621022584,2.422095333929124,44.41929790449301,136.55965296327173,0.05979608477732917,0.734623607513087,10,0.02377994676131322,0.1471753918958888,5,0.05992462133510545,0.7470410676458421,883.0,48,3308.4391703372244,0.39226122824212517,-27688.061911056582,-605472401.9590378,0.0,0.0,0.0
1770,500.6220868393725,41.969387999031866,76.11958265788837,2.5987061404223892,15.898940693789537,0.24395028746284886,58.58229615594141,0.8796279428531983,0.2949245984951729,1.004211569562338,2.6978720608282716,2.297621702284692,2.233910383504039,2.4788266749627335,66.14300655975632,40.79339994930935,0.048138284871802856,0.572042161887871,1,0.0034309375924282755,0.24395149364093463,3,0.04458153590964185,0.5991130808966825,0.0,0,0.0,0.21694499525266586,-25148.87089155926,-295768920.0711653,0.0,0.0,0.0
1771,594.3620158179472,10.526529791852786,123.81837748619206,5.3499885214330005,13.14636256197831,0.29333033519285084,58.182910749217044,7.275198527559475,0.21142345420139447,2.8177286114643505,2.6349880324527164,2.235017042378202,2.246298683404133,2.416170556753528,11.01902292845787,47.005703740681874,0.07861662114650828,0.7195793378010633,8,0.014256137237503698,0.2933451641526176,3,0.07240817166465828,0.7346592336836355,352.0,23,913.6681802517725,0.3782340348512636,-30547.854939444456,-505474679.871529,0.0,0.0,0.0
1772,372.1362522983141,24.250800383462412,82.77795083623563,8.714649775121153,13.484412894862006,0.27077383036480424,34.56528311700357,7.3259047202686025,0.15138453553352488,1.9094011064555003,2.611534834327226,2.271669788378622,2.2886848620183082,2.4179176223238574,82.64932732236285,7.197827426463331,0.06812084947437008,0.5622695623112497,11,0.017687074829931974,0.2708074534161491,3,0.06762727116819453,0.5478837879234271,755.0,28,1887.0463019792257,0.42528221452665793,-34304.97095122281,-376575180.73617464,0.0,0.0,0.0
1773,471.67269406458865,13.867060521547645,107.46062296550666,4.805360047276539,11.071124473629213,0.18628517345143675,111.91278015164936,7.037490077429326,0.15520037595706243,3.1124079022785316,2.620032989296904,2.537514088159636,2.5838205159125476,2.4614975545569253,87.95012326309546,84.48082106240784,0.0475167847978363,0.9180669462283332,7,0.010529429162969535,0.1862762496302869,1,0.05023622865100121,0.8115606572301365,238.0,7,505.7963079426641,0.37643259234853144,-22957.00347138005,-779779292.7770134,0.0,0.0,0.0
1774,477.2297921096537,21.701121392341577,134.5148571397983,9.011724491491638,4.660701302244959,0.11382278879469306,145.8847543998727,11.414164748538404,0.29103616803949234,1.341501511519612,2.677524624422101,2.3397842008569447,2.687640463679259,2.378798088265246,33.626822505142805,117.31914704693325,0.07951661277750804,0.9434313651115807,12,0.05400769003253475,0.11387163561076605,6,0.0803998427955282,0.8915207299387155,702.0,62,3228.0807550737723,0.47749057371647297,-48292.65974596827,-737031167.3068426,0.0,0.0,0.0
1775,488.549794009014,15.664356835766933,6.672578400454593,3.340774988454836,16.308728412360157,0.2869197286494811,120.30413038555328,10.760067368904554,0.11981595996569654,4.154793343241715,2.687093103880401,2.1477520734096096,2.5653434853206947,2.431422406976235,14.970735301973727,3.913793774153556,0.036497357695560104,0.5499384064007056,5,0.004140786749482402,0.28695652173913044,5,0.03640544468726299,0.5505738240064416,795.0,19,1667.4202411460708,0.3684216567748524,-15116.644497511832,-296791990.065921,0.0,0.0,0.0
1776,341.5795894490113,28.666915235736457,138.42156133035357,3.7271888039417824,5.58194760278079,0.06622923745539837,49.948301206218154,10.231804427329058,0.24206513554694728,1.7216134922434696,2.6903536260751806,2.500049875008103,2.4111440287966754,2.513990111964591,85.5545978963471,10.21201179207603,0.04271833308590755,0.785491649157944,13,0.027447500739426204,0.06625258799171843,1,0.0414711606891075,0.7597442671660676,271.0,20,1685.2764774148561,0.2991673070819707,-19768.46812059685,-589503370.5714347,0.0,0.0,0.0
1777,558.8669268777957,38.27967508024674,64.14613699882679,4.1694949390208675,1.6260410201565514,0.08088995245455675,73.64608405858397,1.359172925044837,0.31806728918465693,1.8536181785787558,2.6573206782209056,2.108344932364049,2.5065467583005905,2.3951831680984306,70.86053085960725,274.03190325153406,0.09255966471458626,0.7007276125135791,6,0.012008281573498964,0.08092280390417037,1,0.09011539975705946,0.676241194060504,0.0,0,0.0,0.4874170373316713,-42212.17261835222,-533197731.34201586,0.0,0.0,0.0
1778,407.55982102418784,41.75356273847751,111.00010552073815,3.722084980926728,16.562467931610513,0.14390488657886102,38.99756841761541,7.067831435482916,0.1661736343232223,1.9895216879063056,2.6512001015071136,2.142144101074375,2.2334534027557673,2.384922223295209,47.792972409500976,26.719546696588164,0.07558857322675452,0.7056352983135005,4,0.005560485063590654,0.14392191659272405,7,0.07377154914309608,0.6909724381378928,153.0,12,873.7031408934064,0.46254872309207373,-37633.04871183542,-429906402.1076859,0.0,0.0,0.0
1779,648.7545292739642,27.086202816975018,95.594707579943,9.902173371402514,17.972459028066385,0.06957333129336686,130.44720231419493,2.3272766343329128,0.24260119052196494,3.3180449067182107,2.679776460115452,2.2363566807280537,2.426357824326754,2.455456269014255,82.40504719323775,1.1751739930901406,0.054925721326819846,0.694149112760979,17,0.03986986098787341,0.06962437148772553,6,0.05274256089412248,0.6426655312812739,86.0,1,1.5929110316666832,0.3482527685167329,-21071.040339587602,-408413944.4896445,0.0,0.0,0.0
1780,608.8931860757648,15.393212377306217,19.560448087234512,2.753340390289429,7.079165605676872,0.14126446586264213,57.972203911243994,12.959208844391293,0.23971238249378363,1.2553257625850862,2.654226459313542,2.143910601450239,2.475036463392153,2.4213603190417943,10.038406953340889,226.73191162861968,0.08767303135484081,0.961023766784269,3,0.004081632653061225,0.14125998225377107,1,0.08549030360359164,0.873723377277631,136.0,7,357.5622065495686,0.5251679242355496,-57152.46673213684,-799140947.453395,0.0,0.0,0.0
1781,427.57460624348533,15.748241899778494,131.28126491517676,7.7479234205212695,14.002642054286115,0.2915528452010035,61.35331766478479,7.536445302675263,0.21718511348077996,1.6792370957570628,2.647657858020699,2.2190079628241937,2.432341305120084,2.3735812014634363,21.35562468427395,54.859109099720136,0.05357402760242168,0.8119641552966269,15,0.05246968352558415,0.2915705412599823,7,0.05088951636965724,0.8305568436112079,1117.0,63,3835.3411717956983,0.4629206627942266,-30648.29190115231,-625322370.333805,0.0,0.0,0.0
1782,495.3633778787473,38.87292263363679,116.94205113950012,6.20262880935301,1.246129525970248,0.23190053145886125,31.766308850781012,9.851218016949629,0.33491353253061895,3.531511596072297,2.61276812633127,2.4009576967885073,2.567855261682352,2.426125216971921,91.1523540202213,446.2077498425626,0.07091731392103773,0.5271817487202454,12,0.050221827861579416,0.23194321206743568,1,0.07276085525004117,0.4941983192323201,1570.0,128,5566.213969411961,0.3716522652025813,-44040.61245679628,-225957193.82135066,0.0,0.0,0.0
1783,596.8793133087335,47.06384165137928,86.41491133540833,4.478982762809823,3.056930120424295,0.24226057930157097,98.70624770965628,2.950948654790304,0.2194470545304631,2.290888634330574,2.625357568355756,2.3798428249272825,2.508338601618088,2.4608362216497373,53.649801306917276,3.0208863332940794,0.06978187580109013,0.5404648565872108,15,0.0634723454599231,0.24229517894114166,3,0.06968324625892618,0.517896793307566,481.0,28,2281.3218227003053,0.35088585661936067,-24350.427938321547,-299504953.5893519,0.0,0.0,0.0
1784,431.42070632476486,33.18348358083043,103.27140472614988,5.34980687311676,8.134208981449417,0.27330275632730583,115.88904215713421,4.379914408234249,0.2096275548406223,2.3255719732976963,2.65065394824073,2.102001861102861,2.3584447568993374,2.46522604169842,12.130758161003032,9.373201903054495,0.04317443142940186,0.7604139607327228,6,0.02295178941141674,0.2732919254658385,4,0.04196051516455117,0.777825918535363,149.0,3,217.95274903540022,0.3573509887863602,-19773.06383708771,-582869702.6736381,0.0,0.0,0.0
1785,452.7192461609644,10.730030750444778,16.370760838338512,5.660886099122722,6.697771825137592,0.16497667303793462,143.51383234483174,3.603121981380388,0.31448213849099627,1.4869355397158546,2.674047868397634,2.158944520714595,2.3694813917247073,2.5092017167876572,10.1678493687614,5.417900211746193,0.05905237869914375,0.9584806371988984,4,0.004732327713694173,0.16498077491866311,1,0.058632052995489806,0.8710784287276916,67.0,3,62.3193608623351,0.3272993730591356,-27273.38316687429,-680160630.466255,0.0,0.0,0.0
1786,445.5241394134448,35.42667055080429,139.23200472524866,4.390316309143874,13.485231998931292,0.27986332574763767,64.06803459196242,13.935085623715548,0.2882847919475018,3.085057699205626,2.606778097694319,2.252817509651258,2.450294463739721,2.4900766866816593,59.759602647386714,118.1701053363751,0.09710796350683089,0.912045364577034,6,0.003904170363797693,0.2798580301685892,3,0.08862923912308387,0.870344141936153,397.0,24,1732.9329907140427,0.3680927770940752,-56480.50794821669,-770828400.5068734,0.0,0.0,0.0
1787,573.8273852877279,13.970692537419879,80.14540257232863,7.758605164508985,12.399947642701578,0.24491567824473398,36.673626054324565,1.3785186227325141,0.25537820484070384,1.477872029859224,2.682896591839258,2.5386129690460746,2.4570714473053297,2.492773601434015,19.631899671918305,702.4140137425115,0.07018343843109687,0.9160577326616788,12,0.034131913635019225,0.24495711328009465,4,0.06881447348954899,0.8660611864505544,110.0,2,150.43872396849505,0.35908929507746734,-43063.327224230015,-617426043.2056396,0.0,0.0,0.0
1788,566.7968666679791,11.06902540468905,48.94743961495684,7.81834465590998,17.970333961485455,0.10867143598279526,79.0427765652601,13.325959325784908,0.2716482993168244,1.4173834734721544,2.631819574174863,2.142837678798273,2.452160810965637,2.3741652232150994,14.34498000414724,161.7926066707144,0.08443471300394531,0.5893186620429085,13,0.04454303460514641,0.10866607512570245,5,0.0794068603790669,0.5777305081936777,462.0,31,1724.5885100484809,0.46966515845620993,-42449.6621299865,-309098557.2180251,0.0,0.0,0.0
1789,620.5404946086883,19.840588828268807,95.5905038332253,5.76863501712994,16.821979828505622,0.06961395557783791,110.31546460108387,0.3123422990216812,0.182991007473009,4.47193889498145,2.688819308697113,2.3836036245521717,2.431747232203885,2.3965880019057475,74.3330665182752,102.79271871468077,0.08181978615166377,0.6945250482619656,9,0.02259686483288968,0.06962437148772553,3,0.08392859161061232,0.6799815430380017,0.0,0,0.0,0.38885193527705786,-52681.9310211232,-497036940.57384026,0.0,0.0,0.0
1790,428.68340383256,18.598710730699274,111.06402494679124,8.890716601920264,10.82382892778927,0.062053221528132405,78.40525271439694,8.179370850175939,0.253423688847787,2.2801299840639486,2.6163958474285685,2.2342425170381994,2.2890091944366726,2.4540455852910252,34.48387814649335,17.040287161542384,0.04222939730220256,0.7447921534412343,11,0.030168589174800354,0.06205264714581485,7,0.040492897054707,0.7419796940378802,215.0,14,1111.7206755086336,0.358660412772823,-12763.858695560646,-550359329.522885,0.0,0.0,0.0
1791,364.50751198476917,10.72231489160329,127.10337667780112,4.569215551944387,2.8931655064404933,0.17105506428482758,50.029160567176504,11.789738653197169,0.3247188562602975,3.2732068491047714,2.6798666685108006,2.3336632191776254,2.300226579347392,2.5284134792034894,19.93622582077925,27.27408896810331,0.035479545670075614,0.5145096967584335,5,0.00437740313516711,0.17107364685004436,4,0.03570095293991126,0.55002511665141,132.0,8,293.98666596943974,0.37092967549817946,-24533.624208539364,-250481681.55833775,0.0,0.0,0.0
1792,385.0170101440434,16.71109083272353,1.1362504960315323,7.11599309039841,14.984663737386272,0.17238344646484094,33.45458636295329,12.565442310159721,0.13159323911431375,3.803469721030108,2.608411257530897,2.33054514514052,2.662907171866061,2.3461187148626648,76.23142491050129,102.94670559208303,0.04409692930780025,0.8310694862607613,12,0.02531795326826383,0.17237503697131026,3,0.04341680408815815,0.8243788744586926,1338.0,46,2259.9559450143847,0.4488563343521639,-14569.641439995083,-825622595.7748594,0.0,0.0,0.0
1793,588.0453077314248,28.266688035165036,43.50768842833947,7.9723635178448005,4.622163351831196,0.2836772716831478,139.5692609198194,1.9351062259377843,0.26897874795883137,1.2696795606472526,2.684980604836048,2.3582997782779618,2.6979482826832,2.4648517350306083,57.0119438819801,21.201893114347854,0.04461539124326365,0.9947232538343583,12,0.027684117125110912,0.28370304643596567,11,0.045386137889157165,0.9112643887381684,152.0,7,103.24048014835773,0.31595577108414474,-20960.21600550371,-743095636.1050597,0.0,0.0,0.0
1794,562.9366211690242,14.760866995309259,40.75760626591404,8.293900863418795,12.340872459865835,0.18546954253888898,58.369117314019675,8.23316036147193,0.1811935564713359,2.86049207865064,2.644620568371667,2.275378970756629,2.4958524621397316,2.557733346373098,18.721945720325078,132.96449665768418,0.04178808021732733,0.7581109606744164,14,0.0313516711032239,0.1855072463768116,4,0.04259066395269266,0.7204149228340422,577.0,27,1244.2868402149516,0.20784908717032824,-21871.135772691123,-671130325.4510312,0.0,0.0,0.0
1795,390.54323392094597,17.072011903313243,125.40746425874181,6.534183477930651,15.970251479778137,0.12125620613122419,99.69526432837336,8.794212380793581,0.29750739555143646,2.012324197780084,2.6902223269274947,2.42069703660278,2.2296878048366136,2.517070686153365,72.40490177532659,48.49406562696889,0.054494507798720435,0.9595351198581479,14,0.03904170363797693,0.1212658976634132,7,0.056571111289736416,0.8205929067046281,626.0,51,3369.675643175863,0.2592730251844264,-42099.17188568786,-838498664.6256196,0.0,0.0,0.0
1796,503.043534847132,17.995302864872095,102.513021346269,2.6906713487324865,12.63405450115008,0.10481672966966764,59.89050712983056,13.06911557265327,0.3047311351538584,2.05333016463506,2.643369716108087,2.1236070355755503,2.283930050596806,2.4546934407106202,12.79976269608782,2.374281835075701,0.07337653921157665,0.7327984038909623,6,0.006506950606329488,0.10482105885832593,1,0.07395549626968802,0.6563924502229608,386.0,37,1596.2234630128385,0.2967633762822044,-52233.178991337816,-361242753.5935079,0.0,0.0,0.0
1797,593.7568387233298,40.25985994723433,121.84669458099953,6.072943384411198,16.18167307913437,0.25558521931260614,73.44859436806767,4.296192127770458,0.33337033427541996,1.5115680293947467,2.6669859406159033,2.160311131592283,2.329773670380002,2.453870502915083,52.89175679666019,10.540998154803324,0.05854014472507676,0.676831597436244,8,0.026205264714581483,0.25560485063590654,7,0.058290265170327205,0.6642296473069677,515.0,41,2300.880044632821,0.30403886375918043,-30475.28439981468,-385855991.65316826,0.0,0.0,0.0
1798,517.0026051548899,21.313004674468324,111.35581436752636,4.348174007961061,16.84123210031271,0.1406496928799046,59.3598174051608,9.739625358602687,0.2754490769147471,2.974476827677485,2.653536115591871,2.5814761736674305,2.4294218774172087,2.4801629764313984,75.29159808850345,3.6362589331896085,0.07231097789871571,0.807462167385843,13,0.055664004732327715,0.1406684412895593,1,0.07263328158567368,0.7542479781676922,760.0,60,3384.941530457733,0.361748283778764,-40381.59522601165,-598846083.2609308,0.0,0.0,0.0
1799,518.5866538196154,21.008305942739955,105.44849268409365,2.2454817969522045,9.457384116902782,0.202599145919947,123.54857167729755,1.3933487763938956,0.3277653948021154,1.0980800275160196,2.6326820609274777,2.5109407541504503,2.3526772636885966,2.4310655471652947,20.420885798669847,4.830966192054537,0.07903575538165764,0.7895233483618589,3,0.0026027802425317953,0.20260278024253178,1,0.07822418323648506,0.7366986527634327,32.0,3,100.7951117926969,0.5009397281807355,-55799.599952672215,-598825279.847276,0.0,0.0,0.0
1800,505.24865514161644,22.084915382499567,78.08549901185528,6.0035477817355085,5.039274035257633,0.26101997346728684,30.285491594497696,4.790609881491631,0.2910821024548106,3.962316616568654,2.6342312978271556,2.1960769453056233,2.545323925536845,2.535135592267925,30.771855215040436,4.249038265957974,0.0993006427659908,0.9498069681478587,9,0.017568766637089617,0.2610470275066548,3,0.09250573574752831,0.8401870634349592,514.0,19,840.4447681484817,0.27694504207366766,-42574.22906380012,-615533806.7270998,0.0,0.0,0.0
1801,544.849880986282,11.06565188265385,21.35760873305542,2.907567438655332,3.6205607987279236,0.07349084032053581,48.87120790904588,4.122447380339182,0.14237606687137655,4.996953081801159,2.679642010854483,2.5048183143135483,2.39515576035334,2.4417206153755573,11.352037378797643,4.815564507439058,0.07746661406864189,0.5449228012746151,5,0.0037858621709553385,0.07352854185152322,4,0.07325627669084818,0.520304173427295,6.0,0,0.0,0.39987636490518286,-44750.319891870735,-277064068.0578903,0.0,0.0,0.0
1802,648.4861317095322,21.27356492680403,83.01346099529944,6.474221130916098,2.984472055777564,0.13870775529950907,41.455851658756416,9.033614198898741,0.22182219821820068,1.0752171977125768,2.6457099129739388,2.447934862007439,2.401683437143536,2.554718205637542,15.906002464289527,13.98816250079988,0.04932010248803555,0.5978525511931274,11,0.0225377107364685,0.13871635610766045,4,0.04901534335644112,0.5680675681618362,647.0,41,2737.2902484292476,0.30640675106148274,-23951.229837981802,-367773713.5787526,0.0,0.0,0.0
1803,464.88602470147407,33.90234381897721,13.993079138175224,4.209521529596275,3.7181662368705153,0.20963486366685002,56.06020604528728,13.518581887973461,0.3199200695259993,4.2817490994436405,2.6777144578121796,2.2848790801286185,2.565521067408237,2.391985244040944,41.88430672278957,767.30016277195,0.0842709838255315,0.7732253829896372,8,0.016799763383614316,0.20964211771665187,3,0.08547069294651566,0.7628769174877306,861.0,65,2928.080292723151,0.41278563187760975,-57997.45776447866,-618372913.8815663,0.0,0.0,0.0
1804,361.6284391572739,14.759527113237851,66.14575091930284,7.548326474669454,9.264332033421063,0.19149875137247502,117.84470517304347,6.727467028071594,0.31652559430904215,2.179213694122491,2.606951639822854,2.334568999091613,2.6441448234804596,2.367049522416488,13.873075974761846,754.5371684359369,0.08412482432696443,0.543575091633133,21,0.07003845016267377,0.19154096421177166,7,0.08638683262800737,0.5534137478323041,925.0,69,3612.7080659768203,0.4690554838515695,-59615.276895871204,-319728449.52696323,0.0,0.0,0.0
1805,440.36344668908026,23.35106644306247,6.82399416396372,8.004866326573824,4.649607731769754,0.23938095509132068,53.16193539602376,1.8641938174066235,0.10607471370792038,4.379201569048018,2.655661043668449,2.446154071869506,2.456661179608829,2.4231184969950466,37.78383356209173,358.2635682544257,0.04773900780838359,0.6589043883518877,11,0.02105885832593907,0.23939662821650398,6,0.0490375311769988,0.656289722565881,82.0,4,439.43786618899014,0.43144023559450995,-16046.73438896205,-455556997.29486835,0.0,0.0,0.0
1806,396.85810581660184,18.613244201131785,133.78177663861044,4.369525013869715,11.639590821053526,0.2529250919883277,41.59338628835141,13.648926770923763,0.27489741813026924,1.377007857577314,2.6162743233069494,2.2053616516261796,2.2736137830621694,2.369798332036113,11.976260543720343,1.3343253175195036,0.08659714999857243,0.7752201492098297,4,0.005797101449275362,0.2529429162969536,2,0.08124191982794385,0.7436739231815875,303.0,19,523.103602135557,0.5912587638026796,-55010.430948040506,-652606716.8146913,0.0,0.0,0.0
1807,461.7133395332309,22.199210525438875,52.24745743500498,2.850775009755747,16.75677755817635,0.1910248913734035,34.79711256128213,12.480327918544516,0.18793155759535485,2.205504914539134,2.649931217990629,2.273158289466742,2.467436507942018,2.463277831733383,19.029452112043984,427.1662675549437,0.08276016134776201,0.6312774871918609,5,0.027861579414374445,0.19106773144040226,0,0.07418093611047966,0.5858234813056681,634.0,37,1482.1281295170902,0.33774279620961245,-43190.77665764586,-360097074.4741619,0.0,0.0,0.0
1808,592.4465759410436,14.408116244184002,98.43046871834203,8.876939282753852,6.4902229885472025,0.17929711235777646,131.6735855149666,8.003161047546566,0.20941632817133798,4.308067388316687,2.67185016414798,2.3472036074346003,2.2724480103891813,2.452939569569503,94.32923129662416,1.1909001413990712,0.06581275153040728,0.5699798322196976,16,0.029044661342797987,0.17929606625258798,3,0.06518880579953128,0.544429867129378,723.0,30,1365.6160014678321,0.33877714817096605,-30354.844101289636,-342459698.3178885,0.0,0.0,0.0
1809,660.5034419795218,35.58937790905168,101.24103605881753,6.991224663631515,6.133769710199019,0.08703962685580822,43.387030561330846,12.959187034658356,0.2885601584948051,1.1196898508378808,2.6995403138637672,2.283360637671825,2.385774388961888,2.4932805230896133,90.94913516141996,3.966542409449908,0.03975163802073867,0.9425256901374889,11,0.0246081041112097,0.08707482993197278,2,0.03920990245972064,0.868335907780587,783.0,64,3620.260287110152,0.26975827387123763,-21539.973314073894,-742939018.4205184,0.0,0.0,0.0
1810,666.4061103337738,19.344660768055938,132.42508362220545,9.779195241231376,10.042151282574611,0.25327756200538387,107.46680607679782,1.6831158265286594,0.266902503229616,2.42974850226168,2.614828889078655,2.5742741160200087,2.3286806951260353,2.409956134523944,10.370871320001534,16.200011707390843,0.03396654595263186,0.7414340050276003,16,0.035314995563442766,0.25329784087548063,9,0.0327157831437383,0.7149590401732405,309.0,20,1544.7422393344243,0.3956060484227124,-15571.089504898247,-509870522.69637394,0.0,0.0,0.0
1811,429.1182667205492,40.310079123248016,107.87360499403019,5.571043553402701,8.745953568609188,0.1512151272084592,56.987144482845764,2.097138308209942,0.27989235135421564,1.9705249221179773,2.6219933131468074,2.3408551391357455,2.5929981974607363,2.3936258436771323,15.847193952585759,56.50043243322917,0.05100403000904418,0.9360584352815482,6,0.015025140490979,0.15125702454895001,5,0.05117481575656544,0.8693814987446055,38.0,3,62.15122048345808,0.41269304948849594,-33057.56049817306,-788083072.9650741,0.0,0.0,0.0
1812,612.911623721769,17.836483558787293,82.32003075098562,9.504106955390721,7.421959774131481,0.2237010531926027,120.00765273390532,0.44310082316824706,0.32998307821793993,2.7907314883420202,2.6190181139333517,2.5086171010276526,2.634408369712385,2.3723152843269384,12.12269401152155,2.222028095077828,0.07618245775806909,0.7487659096383068,15,0.035196687370600416,0.22372079266489203,6,0.07562222430476884,0.7583016945080675,0.0,0,0.0,0.46611491180303144,-39273.87612895027,-411368313.1024957,0.0,0.0,0.0
1813,404.6478851183819,17.693322894116637,110.99679053887368,4.3239358199936335,9.711218643323942,0.1822223447507343,115.41018221175372,12.354764179130072,0.26645146258881314,2.642428449797326,2.661882223923911,2.5050367425398226,2.6076042928210352,2.4238610789271418,75.00606656645198,4.506818477521235,0.09478823814651316,0.6169898152249951,9,0.03768115942028986,0.18225377107364685,2,0.0867514646556238,0.5862676521223691,879.0,59,3194.7271875235897,0.36688022006485665,-50522.717039324576,-458326090.3784505,0.0,0.0,0.0
1814,510.2044814035129,17.094011473339823,105.59092705331477,6.7845560569454655,16.61494867867944,0.21163467509551692,77.92474420387457,1.9623063931695444,0.1720080632227286,1.3001781690303824,2.635303216859689,2.2212528818321293,2.395262896486577,2.4804167273615687,26.21070528578663,501.25623295519176,0.07328333219555849,0.5933579248375318,11,0.03916001183081928,0.2116533569949719,2,0.07173121412609482,0.5841180409334107,140.0,5,493.28049273994935,0.36518281520739615,-51133.13672445659,-340212890.97408634,0.0,0.0,0.0
1815,374.27864954715466,26.275879793535786,136.96096684656334,9.285432719186518,1.0716268495948968,0.214122996127743,55.380482921897105,1.8511577456393669,0.13128868653275902,1.1233611130549566,2.6266951951429935,2.286728930228138,2.3279713206230412,2.351525075216052,23.286221829954364,38.1886837423371,0.07049601000524448,0.615617486365857,17,0.07394262052647146,0.21413782904466133,9,0.07227350347802287,0.5854558900129097,219.0,8,194.80520526057083,0.4937660789565306,-33103.6788531568,-372009645.5776989,0.0,0.0,0.0
1816,651.8429642954902,20.488890389399238,84.99358992414258,6.062472551563531,12.19197574662575,0.14072555671079484,95.3851228561393,0.010119380817766865,0.16816108537882363,1.1232215445990659,2.6152188354335233,2.459605270701454,2.4272733054030518,2.4019699317384178,83.75460028748367,752.194261143392,0.06799767076792186,0.8415974139519765,13,0.04963028689736764,0.14072759538598048,3,0.06785670029380605,0.8622233587410144,0.0,0,0.0,0.42818640854411116,-52433.723838398844,-749769015.587275,0.0,0.0,0.0
1817,591.5209598608533,47.70787704047494,62.84657168264247,6.72241047145135,11.511437885936692,0.15258065925842118,74.1204499372088,1.1773317808280632,0.3306156430531456,3.158627135550445,2.6448431794401337,2.363580283847081,2.3815512948506297,2.429602857334305,36.78731602550985,9.18653710208433,0.08461572608109466,0.6068328944714405,9,0.027861579414374445,0.1526175687666371,3,0.08262600362181649,0.6195614936647958,0.0,0,0.0,0.3854439895923436,-32891.861499397084,-340701837.88311064,0.0,0.0,0.0
1818,602.3802307992487,10.770346250466265,119.71521149922691,4.747091767812778,4.784547159699841,0.17808264958827763,98.48149305087887,2.77687926185987,0.2931314512728753,2.04281834489962,2.663512398417012,2.1553760090146157,2.532979357338249,2.5095568885640014,11.109092185948612,161.80164312414303,0.03763889968193631,0.797040872218935,8,0.03170659568175096,0.17811298432416445,2,0.036670457264992753,0.8101117647066799,184.0,13,885.2827634226167,0.3231847422189347,-13564.204179965254,-540876824.4436774,0.0,0.0,0.0
1819,339.3428100288861,22.333293357885253,135.80944155782566,4.750578115388145,16.684943180686403,0.05647013761137286,36.735629264103565,8.787895333335824,0.0924088560170803,3.4739059679960933,2.659057892813569,2.376050678157994,2.2359774853488434,2.438213783406017,19.958617370208916,5.675388472361326,0.057747859630186624,0.9378332956612617,11,0.027270038450162674,0.05649216208222419,3,0.05806350256395195,0.8491890426876998,128.0,2,512.2377747705693,0.3672091593200282,-25357.9304296131,-667105602.5476549,0.0,0.0,0.0
1820,356.0957687075542,20.473550592981077,147.12470088251177,9.263581376266746,12.058240121501047,0.08741399931216422,97.46146734686008,11.29287899625371,0.25005830675832086,1.8961908883078658,2.6324073502254457,2.3821390838181853,2.4226862269617313,2.4806940426820705,11.210951980413999,165.93311843122615,0.061863929283378714,0.8949939651771588,18,0.05607808340727596,0.08742975451049985,3,0.06129109283645248,0.7218336948884563,1150.0,59,3080.5696944045576,0.2647274424462851,-21943.1982304771,-535749548.92042243,0.0,0.0,0.0
1821,622.0280460616839,18.07141662431688,57.31208590441153,4.331428316733311,7.166247074249734,0.11700721418523345,61.4429401598746,5.654033509128189,0.19770171707364864,3.600319118739523,2.648917712756687,2.450963422297867,2.537141814784646,2.4511328913138906,52.14765740170948,1.4895557736687466,0.050013935202011084,0.580865564058145,11,0.025140490979000295,0.11700680272108843,1,0.04929423259992417,0.575950592293749,235.0,13,1303.7275363311524,0.33182146084398845,-36293.51100437256,-290647131.37083983,0.0,0.0,0.0
1822,569.6587149210366,27.66155470864489,43.35024761783086,8.660763389861398,1.9481982953993882,0.25103520860537326,37.589422630996545,7.982843806321026,0.22083892838469438,2.9825741784898696,2.6319114571626403,2.476464581770441,2.530628306367432,2.4616444285182584,44.2208249126903,65.99190829335667,0.04619984683249365,0.6998876084996837,10,0.01987577639751553,0.25104998521147587,8,0.0479172253764731,0.6991800004881172,497.0,13,839.0311694365995,0.3985145021044034,-22130.575310653225,-482989236.0548626,0.0,0.0,0.0
1823,405.5793733286667,11.969501428276642,142.10450119660234,6.66522542176565,5.893541902978811,0.18385149378201393,118.2238305948025,5.921098064375987,0.20159792813673422,2.4547547048612697,2.6444947049116516,2.1069141299163228,2.213684394323839,2.4837028703494797,11.105212781700816,548.7346957242905,0.07164328885540851,0.8499126844494745,13,0.039337474120082816,0.18385093167701863,6,0.07076423014121154,0.7907221511958645,428.0,18,845.9664603489286,0.3973868822853084,-43744.61975895581,-615318120.1475892,0.0,0.0,0.0
1824,389.7838403353594,28.104090121499333,140.90020280872153,6.690898237998587,8.921022613700774,0.1744131030263008,35.06316861377424,13.185505343881003,0.24466948331628122,2.9999847866000167,2.664231975046906,2.479619070229485,2.631908079814985,2.468339764204053,84.31724385909168,10.975821450615104,0.040234429004188596,0.8840840365756096,7,0.011416740609287193,0.17444543034605148,4,0.0403490609590931,0.8446136004085214,864.0,45,2796.9911354605797,0.3349470616250616,-19413.34473342595,-582727482.5349214,0.0,0.0,0.0
1825,499.5929442254302,45.287542171818814,131.70228619112203,8.555318369736984,15.419352658309522,0.17000311328236112,31.144512657443848,7.618663082624656,0.16706007414550336,3.3137232001792434,2.67464828418818,2.1892668725579014,2.541187455626118,2.4194677566689515,44.03774728156712,334.04537854294205,0.03370031779156895,0.8678384155327064,13,0.051641526175687666,0.17000887311446317,5,0.03360627318800478,0.8052844440327265,767.0,32,2101.1724189212914,0.3551418396787289,-13646.862874517918,-720770557.975868,0.0,0.0,0.0
1826,646.2427391763977,10.447840986083607,129.86340069317404,6.500428905765377,3.0431456338886207,0.2833893683652676,63.0047383858202,7.188139994841872,0.1181088175574004,4.974701960830892,2.6647066990130086,2.1160242690850146,2.5961315846491493,2.4419409420049556,20.816450899057916,6.988088080231887,0.03265898624001566,0.6237966625104396,16,0.02295178941141674,0.2834072759538598,1,0.03265618586391186,0.5801359302012375,997.0,23,1309.8360126969635,0.34674742943652825,-22045.942879214686,-274156346.20599127,0.0,0.0,0.0
1827,326.557667943804,10.592517942910971,133.8341387295179,9.891752719704149,14.836084821896574,0.14512241249980673,33.987338795406465,11.067786798421611,0.2580210779925547,1.2201606204348878,2.6149498543961536,2.5179070348586823,2.351190789589756,2.427301263985034,17.612909892930873,28.64342930560031,0.03861916396613441,0.7552308174789517,12,0.043359952676722865,0.14516415261756876,7,0.03945038384679727,0.7083272177988629,898.0,59,4304.62262684506,0.38296953781373144,-22869.21944394317,-476422517.59022576,0.0,0.0,0.0
1828,578.3028849411689,29.658776552943458,78.92196184710487,9.364172416423923,5.402431861272353,0.13861695180267192,69.74567932794155,11.228220867147899,0.3092546590639807,4.408884171390799,2.664540807890813,2.335187619384992,2.660611598984549,2.4510966069803226,50.8985947495884,344.99868531361363,0.07826473398126182,0.5830523015687986,13,0.02377994676131322,0.13865720201123927,3,0.07862471367966724,0.5964031728246203,829.0,54,3378.739215118142,0.3525687102527253,-41182.11911090524,-336551817.48628706,0.0,0.0,0.0
1829,515.3048609769419,13.791857750717268,85.18078028515981,4.459216117182861,3.9131433569243406,0.12055089459119121,96.63136605108195,5.876066711844534,0.20581653225622662,1.6599309666595383,2.6404723723047883,2.1546240813407462,2.513501781658174,2.4754506151775613,12.680286576236732,179.88382656158507,0.08707273886978223,0.9945436749146426,9,0.011416740609287193,0.12055604850635906,2,0.08319481725618579,0.9314629955438635,160.0,10,731.6415791904197,0.3506159778376561,-44753.30535425293,-821154221.4556365,0.0,0.0,0.0
1830,573.7617183234426,13.88985048419462,100.9717459286276,6.263113082906563,6.404482788851345,0.19091208363896328,115.44503332479742,0.4385681397049884,0.22478103073156558,3.2197556605136604,2.649654200491616,2.411208306198454,2.645310111545448,2.469046599335696,24.58236026403725,1.825185794100854,0.040570550897214716,0.7741757932801812,11,0.015202602780242531,0.1909494232475599,4,0.04023443153114396,0.680846670452172,0.0,0,0.0,0.35391162340247373,-16735.113617751886,-454180338.070151,0.0,0.0,0.0
1831,642.606917529326,32.56652858368822,72.74006772373592,9.167079620344204,12.48294183625426,0.07444544070527222,34.295295402312476,4.081272002150362,0.291981028132247,2.370059602407505,2.6569154729871056,2.3207375391506755,2.335362222864508,2.4265650883110284,10.543137572148131,31.57325434120122,0.09884189658937428,0.6052469398172887,15,0.01567583555161195,0.07447500739426205,3,0.08912282022151494,0.6082885638279493,53.0,3,486.76571634321914,0.3705572038588487,-58179.23997652292,-271442364.07866883,0.0,0.0,0.0
1832,392.8213394297918,22.498537656226652,34.372817728474644,8.21804765195035,16.424174873812717,0.13955174791842906,104.56896012941104,13.770055157752042,0.312746336250439,3.198105569495788,2.600513078960343,2.1053501749739962,2.4670273904804962,2.3964830237005126,26.34478130087631,3.331885899875413,0.05116022341633558,0.8436387847735519,16,0.03939662821650399,0.13954451345755695,7,0.051966378954602425,0.7892231667225339,1072.0,73,4201.682356388257,0.3814657831816288,-34756.41670684522,-677300450.1752678,0.0,0.0,0.0
1833,412.8244452175894,12.146718324051454,69.03554828734856,3.8219300674799435,5.486889799436413,0.16995229511964505,43.7370765866357,1.5802434210643996,0.25650197159893673,1.831544631092632,2.6054808061556263,2.1076990117775076,2.5944217650878407,2.4330311857532307,19.18438376210003,197.63792938676926,0.08708546816080669,0.6563052684693172,4,0.0018337769890564922,0.169949719018042,0,0.08347099442146584,0.6621653200966204,4.0,0,0.0,0.29160363081625373,-58383.81847315078,-494246946.51525736,0.0,0.0,0.0
1834,579.6676276245895,41.76149406374461,99.08336626627879,3.5911778168543798,11.15417090778823,0.13836032983179158,149.01769816109848,8.068367190970498,0.23215197841487462,4.427749489148346,2.6050180482351863,2.135080869115871,2.497402370405645,2.45692364192534,18.939419401047275,25.60059808781324,0.03839695665884302,0.847986416163999,10,0.03359952676722863,0.13836143152913338,1,0.03577763623029066,0.7860200886797544,749.0,32,1223.0842474284013,0.33497606318738793,-16480.80491866186,-522837038.3697338,0.0,0.0,0.0
1835,458.1153258450503,19.697955727211273,26.845296286135834,5.827226464472912,9.735108426156419,0.23759885778521184,55.118208032175154,2.089474366331162,0.29862273551336194,2.4828326314936597,2.689383933949756,2.5047381097976023,2.364692436677246,2.344505214410134,67.09165319967775,471.33217821983834,0.031557596237696835,0.8495545724768778,9,0.011535048802129548,0.23762200532386868,5,0.031189057420284202,0.825078749120614,175.0,17,1721.7820085419419,0.46291850482833397,-15738.00745450521,-531211180.2141278,0.0,0.0,0.0
1836,552.3743690450899,39.46172016796659,148.52076823250383,6.79176177776925,14.947223463999956,0.14618093988608882,93.57733033884917,12.454049395553525,0.1139973481873785,1.7981979492312652,2.6031978310646022,2.560989625582018,2.317227789435367,2.4713905617870298,44.21489803985354,1.5545153368241567,0.05061257741619582,0.9669972448738963,11,0.06512866015971606,0.14622892635314996,6,0.0529271112723017,0.9039784024323877,1215.0,30,2029.1768277962674,0.3141624637392404,-31185.494866712375,-803671947.45894,0.0,0.0,0.0
1837,655.14828117136,42.523145522859195,120.63049284922931,4.990598538102859,7.4173738690224535,0.1409217095914584,64.13742391817696,7.656593120806273,0.11974403557920626,2.820033286879491,2.6454098532161643,2.5413658310813183,2.3681247627834745,2.565306168456349,39.58188473086801,193.55073968518377,0.03313589830941957,0.6576924468437304,8,0.030523513753327416,0.14096421177166518,2,0.0343145557936514,0.6944309122836907,426.0,12,1354.5015429010464,0.1932854310704597,-19021.833008019457,-480359391.3715327,0.0,0.0,0.0
1838,354.7302407272528,43.61602311735808,46.432221908223845,6.143443504701251,16.286086686572524,0.21898298208651296,60.01668345168029,13.376433355309054,0.31273535615523634,3.0805511311211777,2.6083003311880164,2.552244326631096,2.515376075125611,2.49718804332391,24.62209860711842,769.1267598842428,0.08782848719111748,0.5013749887520158,8,0.021532091097308487,0.21898846495119786,7,0.0811648629330074,0.5093223998957221,804.0,48,2568.6269316420953,0.29811349446225766,-38126.35263176461,-300022910.4108274,0.0,0.0,0.0
1839,660.5746705391164,18.062400858320327,35.86282878968191,6.514177593666484,1.8187658761340908,0.19412925662869046,70.02109838909922,3.1158594020526937,0.22840471605825294,1.484689873838223,2.6626030745293083,2.1375633186267198,2.465660915460057,2.4713639317890466,32.501451333089186,55.97235442380772,0.046587020155478984,0.6866261701632428,11,0.027684117125110912,0.19414374445430346,3,0.04826255429468122,0.6549368508026066,314.0,16,208.13492318911273,0.37081599408997246,-39358.94848302432,-392482356.4044073,0.0,0.0,0.0
1840,487.9414825916289,19.124052770053076,71.67797598877408,8.693558721923148,4.536990718263334,0.15977641111732466,115.85992519319836,1.1782158725152385,0.1118877111104513,4.575373861232494,2.671965293153208,2.234413107624818,2.352761553143405,2.4759373054911435,14.599545414849372,18.188504000985965,0.05118713562418184,0.7523277385232648,14,0.044365572315882874,0.15977521443359952,6,0.052728370071435895,0.7388435402927851,95.0,2,87.01048182586094,0.3035845680019973,-39851.96908381453,-576091610.9373922,0.0,0.0,0.0
1841,470.1484285775898,11.017127018083652,48.216933154717005,6.541462295204288,12.676746538159144,0.27627526269294767,44.93682943393505,3.079377931146863,0.12346910628451777,2.645824255043885,2.6940528014729104,2.1940614230329447,2.591397439365807,2.4949901296383183,15.69852824927363,149.2444237290283,0.0649463108841521,0.7644663545491839,10,0.03637976929902396,0.2763087843833185,5,0.0675135374538957,0.7198034865212755,376.0,9,722.0720657097162,0.3459339851478922,-35879.58831908011,-636206591.4688157,0.0,0.0,0.0
1842,592.9584197462783,21.368205873817132,43.42544429934574,7.348372221436106,17.240500071464925,0.18326160724236762,36.54000473025935,14.355210629424498,0.12156209328466419,1.2586621874383837,2.6215513735098424,2.142013934223219,2.494849822498457,2.454149681518218,26.60387953307001,1.9089187040050295,0.031884354216241834,0.6119332144339249,14,0.05613723750369713,0.18325939071280686,5,0.03053115698921346,0.5677533827656858,1717.0,46,1872.117091370485,0.3431876220320067,-12387.377499761773,-389711765.1662245,0.0,0.0,0.0
1843,504.4889472518156,19.584201541446383,39.41065446803192,7.8141305276352035,13.75883417726608,0.132669006568796,52.58604083109969,8.994666558439231,0.10548630083517975,2.2159865608672775,2.642201939646452,2.4663674358413803,2.354430739349048,2.498725018681789,47.65748740740508,4.148053991989984,0.08009555102570676,0.8030791793193722,15,0.055782312925170066,0.13268263827270038,7,0.07353880853739103,0.7557330054592553,569.0,19,1014.9163924095268,0.29111877679335363,-46286.92426262493,-574605625.7986797,0.0,0.0,0.0
1844,654.3862677174228,21.44918449890747,144.70487676595087,6.522294841359103,11.426411869756093,0.1178624463032883,74.25991724609139,11.03112267535912,0.20456733319487239,3.2665519983547604,2.6286162055527695,2.1915786010250966,2.562099528897527,2.4466234552977,76.40744395343718,350.52791285346257,0.08617963688748993,0.8551218423338153,10,0.01963916001183082,0.1178941141674061,5,0.08476228965890502,0.7675260238855885,545.0,22,795.1142980610871,0.327702462779655,-64864.8324951546,-539198544.7994968,0.0,0.0,0.0
1845,496.03048876876124,13.993357430474882,136.14413683047272,2.2834547984274796,3.9234326755274673,0.06847817839892804,80.06235409586935,7.009228520737342,0.12080434726136688,3.99131760034794,2.6634629790941937,2.2564134880121984,2.6579196101348934,2.4739408701984944,12.40132847365994,23.962443945575696,0.0369177151324156,0.9255189104145104,4,0.0072167997633836144,0.06850044365572316,2,0.03470205754571869,0.8445978641748967,153.0,5,36.77694848903895,0.1964715481278394,-11289.38530981183,-747423288.1506096,0.0,0.0,0.0
1846,542.9389074288764,49.743214693662445,80.38137797559268,8.335136223091641,17.575720158409382,0.24557420201710384,100.19191528809735,10.839300661730897,0.12009404173732173,2.4690611766848933,2.6677405173776783,2.488347333790567,2.207790880005167,2.4456987916636583,28.101489833215645,135.97858883778926,0.04438827537055395,0.8668777500515309,11,0.02774327122153209,0.2456078083407276,7,0.04504448727721655,0.7911164635877413,1408.0,47,3145.348251341379,0.3772853008401733,-34094.35142454265,-657219968.9251478,0.0,0.0,0.0
1847,550.5785080083687,48.51825478533719,132.0980953241789,6.277399482922563,15.600903783311429,0.14184374964699076,107.59438670365954,3.146822359379948,0.15591084764481483,4.41974819444669,2.6060333037983976,2.503383998348176,2.5464999484530737,2.4698768375887616,19.69148536960175,38.25706396255141,0.097080772534732,0.9210194998461736,7,0.01082519964507542,0.14185152321798283,6,0.09223172043396327,0.8539917730320951,155.0,7,88.43917188476259,0.4330577759109202,-69907.89160241469,-565928504.0173821,0.0,0.0,0.0
1848,339.695827659004,42.60732883537415,113.59552348647492,3.0164615112352067,15.642176422217739,0.15120281869444946,51.268852324158374,4.286458250741527,0.09484456637303981,1.0826008158928317,2.61088225898865,2.373100353001842,2.212575108889681,2.363798044916226,12.536317542420358,2.147349153421883,0.07388652219025083,0.5144912828020685,9,0.02377994676131322,0.15119787045252883,4,0.07399284198787982,0.4832522128417703,192.0,4,465.6420654223287,0.42193102916729774,-21666.4065104014,-344246122.942068,0.0,0.0,0.0
1849,656.4259678343856,47.17765590402517,122.71372532065251,7.787976931075487,13.657266295912462,0.18020113343596755,107.54615150749666,2.2772725169885293,0.2141152713988038,2.2886418471006076,2.6271737726105258,2.4156121552864107,2.2855249387996723,2.439154997589442,40.89584723552352,4.598250438544696,0.03701082590503405,0.6202052087053562,17,0.06678497485950902,0.18024253179532682,6,0.03569749743459522,0.6035850898984283,79.0,3,124.70175754782001,0.3151233320999909,-19709.078094958142,-309922929.66912645,0.0,0.0,0.0
1850,635.6992187636375,21.263101773177898,119.04276580929208,3.7289777169896903,8.328881085922934,0.2587268038551479,35.76074554045174,13.785812084007924,0.25991502400542454,3.381861627315923,2.6297946029752666,2.1516760239303423,2.2746044372716376,2.385088202316331,29.839917627860263,3.4738682050474283,0.0790200198186222,0.8691315282295703,4,0.008518189884649512,0.2587400177462289,0,0.0743692871267073,0.7283198896486414,929.0,52,2265.126159669988,0.5407265883296435,-40797.20105548343,-543702090.3340687,0.0,0.0,0.0
1851,383.64937046616615,25.652642521596775,2.5192110648110444,2.0360497098523274,17.184583935114514,0.09204392974317598,115.27735498791358,1.4155295527423921,0.2991171817581763,3.8907996901484436,2.649840877179584,2.1353083907730874,2.4420265297935675,2.477134287695846,21.900698742635456,1.7737479340283688,0.09264530339786077,0.62150709609949,4,0.013191363501922508,0.09204377403135167,1,0.09238273025949217,0.6234795640654143,24.0,3,306.4796868844595,0.34235596300668725,-73731.29218694023,-474381627.8840506,0.0,0.0,0.0
1852,448.3224180906333,39.38572510702024,3.1492141302015497,8.289150004932228,5.3884071343182445,0.29845001306188085,73.8325665559413,3.573183220905587,0.19357007631168943,4.415579607266096,2.643907385992992,2.483481608739967,2.363935243430606,2.4676916546052134,68.26295940269124,30.56679745849131,0.052355540847799684,0.9703650435414629,14,0.05288376220053239,0.2984324164448388,7,0.05105955918991126,0.9007577663790866,563.0,25,1384.5767822779774,0.3037489918187397,-21646.865089987343,-802363567.086923,0.0,0.0,0.0
1853,343.38856524941167,15.036964488316077,119.50032432348081,5.719145511562285,15.097544125421054,0.189129142828178,48.30154209477084,7.205577829146257,0.30463160759037694,3.3739289165392345,2.640862800214363,2.570023683550338,2.377308447846336,2.4179826378330356,98.53600769408709,2.6743524236445078,0.08902336279303683,0.9568149050166611,11,0.036853002070393374,0.18917480035492457,1,0.08591360304246061,0.9055452415656325,1259.0,95,6647.35308746361,0.3501218267278272,-57674.0777475725,-993750423.5084026,0.0,0.0,0.0
1854,640.8289650074239,48.62712629204041,83.67028171125487,8.017441226918091,15.306069699984281,0.16941409761022386,106.42525780265251,5.881867518072713,0.18261904645109278,2.957646949089667,2.6854833384843535,2.51229444511276,2.2597321879136856,2.454601510800726,15.770388869804139,496.8430223931868,0.08153803106859106,0.6504610281741778,9,0.012718130730553091,0.1694173321502514,9,0.07897415339275211,0.6551060881386428,386.0,19,1078.9148858892786,0.404429886776819,-44896.38887607708,-417750370.3683016,0.0,0.0,0.0
1855,482.4256645767812,32.802729921459864,87.01292430807699,2.5987676892326457,4.106523066509174,0.2551006113106245,54.62358139517487,2.9453667462277107,0.25592727223452927,3.8128608361167053,2.6241594924518767,2.4060826251795624,2.3088891848297486,2.4683579107089044,68.80999724806635,14.621128528936062,0.0690921202522553,0.6683966766946543,4,0.01987577639751553,0.25513161786453714,3,0.06615518586616881,0.6611773532892281,117.0,10,248.3102410460481,0.3556969495718012,-38881.02847014307,-405483863.4354019,0.0,0.0,0.0
1856,606.4825279362344,11.966775112271957,130.86346889697387,9.858607794074022,1.8020985150604538,0.08616172814701901,72.15222237037578,9.525430914868835,0.18993941125778976,4.350105334847838,2.6083961382284304,2.4787873431431025,2.3772944117816346,2.432924878890654,16.512645551720272,19.97836225169654,0.07085927536980424,0.8984924600485412,18,0.044779650990831116,0.08618751848565513,7,0.07173186943868456,0.8199785735451365,580.0,22,1413.5634689210126,0.36589225338031683,-45985.76193645767,-682745054.8938968,0.0,0.0,0.0
1857,525.7045684326133,23.316832564251126,97.71082246560005,4.985970737022179,10.266760554647156,0.12385502971353722,69.03753459805215,4.042199883156975,0.1298998111739177,3.5482561692093477,2.638787189289758,2.300017007713275,2.255688716262703,2.460777848390643,24.309179300586013,62.06113125308719,0.06172694488828532,0.6495423969285743,12,0.045785270629991125,0.12386867790594498,4,0.06323244094965023,0.6457237541682151,279.0,17,754.5825079346149,0.3446997924134019,-32568.784072491148,-424646063.96843994,0.0,0.0,0.0
1858,417.9066257729148,39.628248329169416,131.16739022496262,5.466532706010604,12.296775518036439,0.23620653701168187,33.538346252483315,1.402783383531363,0.11043787525867652,3.4844610674402774,2.6971427398702885,2.5404955176462583,2.4946156898254164,2.408120314696357,91.62754111865536,90.3677737831078,0.0833250029457405,0.5684223234675054,13,0.03708961845607808,0.23620230700976041,2,0.0778350806476204,0.5932263630692008,162.0,4,170.56333427507508,0.436038417414244,-42386.386507387746,-372632262.116698,0.0,0.0,0.0
1859,586.2148736218539,21.160780010918067,75.67565689714465,4.102438881059808,6.26906442330617,0.22313699573254947,113.42307908335412,8.479180158843247,0.26486527045347097,2.212779939729538,2.6078476197877545,2.457668889202592,2.2677973950624146,2.3931883277575454,60.67460180538088,51.831220431469674,0.06372925351678249,0.7647313771643889,9,0.038923395445134575,0.22312925170068026,3,0.06557459090287827,0.793203353985667,264.0,22,1490.1549086719115,0.39427053753797514,-32210.316470513575,-597075856.1839247,0.0,0.0,0.0
1860,621.6294844979217,14.649777424859753,149.43255539347143,2.6478260487930436,17.91454747168409,0.05247487437112837,101.97300729851568,13.323132429440937,0.24696985181516679,4.3100981941508785,2.6230549180031972,2.468554046255954,2.6219088926120904,2.541070975297724,16.659656861098878,13.656008907579789,0.03895713846009814,0.7957040991226975,1,0.00023661638568470866,0.052528837622005324,2,0.038755672346138886,0.793524006776726,0.0,0,0.0,0.30092207960966144,-16769.58385040577,-635324299.1461279,0.0,0.0,0.0
1861,507.96224588843063,12.805006376017747,99.5713197800629,3.957661760100258,1.0797782047458795,0.18111319403587,72.63406145438574,13.502206718979211,0.29911803362394784,2.353489692153012,2.6530145951301622,2.3672357432210576,2.5434830500652184,2.3316134269794024,54.29919433241823,214.59360320890448,0.08684084122776317,0.9366580285701441,8,0.015439219165927241,0.1811298432416445,2,0.0817586681190222,0.8437858553519878,1311.0,90,5242.890880091851,0.4501598206306654,-44117.14770740448,-763868832.254152,0.0,0.0,0.0
1862,391.66969895228476,15.721581589271793,6.30580023076166,3.1954614534863346,9.811535091217944,0.11718611085037765,32.08413564632437,13.903426835798292,0.3115995189698722,2.929753000554743,2.6637572774891107,2.2665784048861526,2.6233101742724503,2.4305168948499785,85.85753665583032,30.30206224985243,0.06775874899532161,0.7038118185813054,4,0.010351966873706004,0.11718426501035197,4,0.06392500079260219,0.6524378101575901,137.0,13,405.70935267076254,0.4331220614327158,-37422.529092268116,-506025928.0401824,0.0,0.0,0.0
1863,468.64712652571825,19.099092744313356,125.21400042171585,7.459126274996472,2.2509997096159546,0.09412512268944488,30.43499549412014,3.1650202780327175,0.1172645337735107,4.450952444109087,2.69303417306572,2.299764146814389,2.3689155545868106,2.3792583117969706,37.12438803152282,4.4940059460620265,0.09584353322498586,0.5584243952707073,11,0.0362614611061816,0.09417332150251405,6,0.08791301344216172,0.5530835379461942,193.0,8,177.38855157778323,0.4862162679853981,-60156.153449608944,-327599576.9403891,0.0,0.0,0.0
1864,546.9474473875891,41.06159219561314,130.86830089960822,7.422512039009893,1.7003481299219985,0.06562563478529608,57.70225382081648,5.22857330277785,0.2900089657854154,3.062181526267811,2.691522385064184,2.2935297218528756,2.6903707466142714,2.5214253530813155,91.7560899153865,10.501365076178923,0.06104243666549615,0.925882258648189,10,0.037622005323868675,0.06566104702750665,5,0.06274468623495019,0.8728376134977639,102.0,4,674.4008664784071,0.28275473569718645,-40162.437968738166,-631686845.1541268,0.0,0.0,0.0
1865,652.0238674393256,48.83586652922814,118.25375000304498,4.437722913493592,15.991632618641667,0.2597135556631978,127.1245604514992,6.169861564428961,0.34692465603058165,1.5383451206697476,2.6094871103525437,2.432962139339237,2.690184928779415,2.3252966996567594,10.80538733911327,6.4293183985957,0.07483029986957476,0.5280414853729971,2,0.001064773735581189,0.2597456373853889,2,0.07643463926177929,0.5337126026885337,273.0,19,873.6673191449096,0.4683368634348959,-43828.81880260305,-295221353.7709653,0.0,0.0,0.0
1866,539.3583734781689,33.94195085754484,53.5639956326576,9.059754651095577,15.585423396987643,0.09479799224274323,46.08458172220179,5.277562592456465,0.2715040293071077,3.715859203317742,2.6409487166797265,2.3023205467672865,2.3374436599762274,2.4991984425033986,33.34842731049754,42.07755355791253,0.07503959536331944,0.8400477280235239,12,0.052942916296953565,0.094824016563147,2,0.07024486033029792,0.8152382078803289,316.0,16,641.0138602774975,0.3361623384208099,-26789.07365419715,-699709059.0839505,0.0,0.0,0.0
1867,571.221173165611,27.970447358192246,129.42721980007462,8.040620048818875,5.669198505922911,0.09505004550686684,142.80616541193925,8.24585844403229,0.23335353323914254,2.4445826457871096,2.629656158374921,2.588243006112353,2.59248448639213,2.539250678244745,22.52509203679456,7.827839377408024,0.047018967663200774,0.5764314580547616,12,0.02981366459627329,0.0950606329488317,5,0.044278715481113756,0.5861080445179024,712.0,45,2647.275627645494,0.23758882768888379,-27444.404338020868,-300051227.50740993,0.0,0.0,0.0
1868,348.1654945297657,32.332162851188514,138.97729762869244,5.082211074598451,3.626274428071767,0.15014049979104593,38.85537456656449,3.0231657412362805,0.14083528852031033,3.3074251218221464,2.6650500028284525,2.448035276097593,2.2696508864671507,2.486586475260741,64.49826900699244,47.941919292180714,0.09960542224655553,0.8710817412652688,12,0.027565808932268558,0.15013309671694766,4,0.08871966125412249,0.8038237107999708,316.0,8,320.96364645102557,0.37370050971582236,-75259.06092507616,-607931749.2725685,0.0,0.0,0.0
1869,637.5322922396704,46.029600582376915,89.36238131100137,4.503673688421641,11.981735991878214,0.0780969201684812,46.28032161639645,12.161662296767688,0.15774452718809095,4.540323698502242,2.6977500246516124,2.3840592564960623,2.4046360416590193,2.3589940234162388,63.60244659512215,146.49026232127065,0.07889759084658934,0.766150744054541,7,0.010884353741496598,0.07814256137237503,4,0.07297379664511723,0.7610129619029078,166.0,11,252.09279941850468,0.4442791207765553,-39907.75765068653,-513673196.6560338,0.0,0.0,0.0
1870,390.8840236436447,15.094088358953554,7.142596576458359,2.5925051543222404,11.37509718561392,0.1525045200806343,69.37142046467449,12.519869355172245,0.17097790717787242,1.8414003758563013,2.6480042259811447,2.237224164877267,2.463346696225143,2.4332101682992127,62.0827315838516,7.993425559255457,0.0550274156528871,0.7104931863569817,7,0.018692694469091983,0.15249926057379473,2,0.05361568765097948,0.728020534384691,674.0,31,2007.904148833021,0.3393598829413986,-22731.85682503714,-542398079.6798235,0.0,0.0,0.0
1871,466.52176265773176,15.050541479188382,18.0618651564432,8.531655730931892,12.005616666300586,0.17484221634421276,97.19984107010076,9.197967112870245,0.3030591401174978,3.8641062000422135,2.617806414783131,2.4463745998829944,2.325868196253804,2.428573371715887,12.542167751567474,2.0975041825244745,0.09327615130627558,0.5914175076325994,8,0.004199940845903579,0.1748595090209997,5,0.08645854080561173,0.5702708173451673,869.0,57,3094.8310776544813,0.3359935332110906,-52205.33565999607,-378361455.662709,0.0,0.0,0.0
1872,630.2278800215529,26.045763185470733,67.59957376499533,5.951567556061889,9.643701226713903,0.08303455200810465,84.30451793912765,10.818202744855366,0.2644379144457478,3.4322401654511596,2.607382473256791,2.3120373554771425,2.281231363272882,2.389895400093148,24.402795428513077,1.9770122798119023,0.05691480724912495,0.7276514077418198,6,0.013782904466134279,0.08305235137533275,3,0.057258954119248584,0.7286000592018473,205.0,12,751.1108188857372,0.43521843115025494,-32740.28453508192,-444033694.93241113,0.0,0.0,0.0
1873,364.8665177100125,27.041273783185577,71.15559345784038,5.138195195965094,7.218691289745339,0.24631608399325133,59.552278699740036,0.46455198632856576,0.10565912917712897,4.793594615274408,2.634488262147949,2.482448264332853,2.4414889779485685,2.3794627194113716,10.291508757952766,1.584273858434086,0.09802385305879531,0.5392560201995122,6,0.008695652173913044,0.24631765749778173,8,0.09858423276549179,0.5234858503214573,0.0,0,0.0,0.4523310500445725,-79742.72725469194,-324558307.27121884,0.0,0.0,0.0
1874,556.8935544096662,19.134235096594885,125.4807496832447,6.577100850108259,2.1834341751278696,0.06787811144134838,78.05294532212874,12.888816034343442,0.3135580537314652,4.443827783572283,2.6525497711443653,2.1112726964719735,2.539421636418503,2.4523175878134977,16.769855014362857,304.43063264512324,0.0669745699906175,0.5692170993337402,11,0.019461697722567287,0.06790890269151138,6,0.06612609990514555,0.5591101512412642,226.0,18,1410.4131362570079,0.3471962432733875,-40250.85716393494,-299241455.0015167,0.0,0.0,0.0
1875,328.9859788418306,23.344154659351098,4.145313458275779,5.0752935306239575,17.455823577982414,0.15143048821661093,51.044501461704655,0.48682159822389937,0.12379275121938094,3.942526625442752,2.6543130526966605,2.4215705936090606,2.5754797618492726,2.485354858678693,58.97577822996682,22.486149955189152,0.06783062419905302,0.8756016828172395,10,0.018751848565513162,0.15143448683821353,3,0.06402212343303157,0.8076434964268752,0.0,0,0.0,0.30791480730375964,-29657.99864835574,-695718853.9239831,0.0,0.0,0.0
1876,598.8541070350268,26.788416679334848,87.87365311690009,2.323969684118002,15.011754960754336,0.08570069130594131,95.04059542775343,3.0831831274385166,0.1041360355799471,3.8799344287649906,2.602747801358031,2.4529547153866984,2.228123034394436,2.413909150337791,44.98112081593985,1.4223216709720996,0.031023999356170655,0.8751784013534428,4,0.022241940254362616,0.08571428571428572,1,0.029830193414227123,0.8405405022397193,94.0,1,24.456613306005973,0.37210300906108085,-15435.407146718593,-663508465.6971741,0.0,0.0,0.0
1877,425.57108395999245,12.811807581516222,143.3252622895009,8.6636545312291,11.45362667708812,0.10852691228947915,105.06395423010353,14.159365910655788,0.1956147426055047,3.324271442059636,2.6072489496236106,2.3845713754142284,2.239296779507056,2.415232801279399,39.337339193783215,311.2121966315392,0.0964419121286209,0.7186938976419284,15,0.04182194616977226,0.1085477669328601,5,0.08688105317054688,0.6521630688667212,1279.0,56,3537.3451771046966,0.3843125160958105,-52684.94249667933,-432626670.11235404,0.0,0.0,0.0
1878,559.0038395613042,28.309187945954402,134.77162544882782,2.9758813671764885,14.1094769173074,0.2724567636403385,103.24651315007918,12.8636291694734,0.11805574979632903,2.006505201024566,2.607881077206515,2.1609501963879274,2.6405672878383304,2.4083455410088943,91.01230852514362,677.098490142335,0.07798811224340843,0.9907334237773451,7,0.030582667849748595,0.27246376811594203,1,0.08027234497170437,0.9553593321108159,1317.0,45,2120.0752750738857,0.43691774996036603,-66564.82892189373,-740132759.91427,0.0,0.0,0.0
1879,490.06172474857755,15.385859953488815,2.051926415335509,6.155282264819774,12.117824150700017,0.17550253451911374,93.78444947462643,6.664593764506984,0.12546918450952108,1.8054357384199018,2.676314585091804,2.135396109660468,2.59617670504723,2.4614937874968725,83.72115795042865,4.76938424100399,0.047148235432966215,0.6228461028549667,8,0.0072759538598047915,0.17551020408163265,2,0.047304934016654795,0.6120952076026945,8.0,0,0.0,0.3692623514442892,-22815.18100804785,-403130624.47540504,0.0,0.0,0.0
1880,570.8499376935828,17.271284866963367,11.992886531089065,2.887706149843855,10.2410620517607,0.12277696302987086,50.10662563957636,8.119552507492465,0.22303202026090063,1.4569894733048927,2.6517425063687514,2.5039000026199263,2.588781044720953,2.457907446294043,69.4506160675002,11.054866110118414,0.09485399997710185,0.7983496427778045,7,0.019343389529724933,0.1228039041703638,2,0.09122387847881035,0.7844372690878991,405.0,29,2309.4218120606283,0.3537736608527706,-42991.30173650597,-649790039.5414482,0.0,0.0,0.0
1881,644.9389562996012,31.17434393061638,120.87389132928124,3.421347099026332,11.82184246053551,0.07126153843448992,110.52557540466825,3.7632436763126895,0.24477511963089957,2.5346822470861174,2.630927005960789,2.467917196441044,2.6105663311764413,2.4224974376035946,24.127558428081205,100.28459437675687,0.09114647051102871,0.669609671685882,9,0.016208222419402545,0.07128068618751848,2,0.08566465210399506,0.6830938894409652,21.0,1,7.275192078989304,0.34257570901404666,-35880.712425847676,-477522817.9004533,0.0,0.0,0.0
1882,591.8832615834381,14.463997377274037,98.06803478003313,9.70399357784558,1.17790278322696,0.29495349779350627,131.93507396796633,1.2509786475005868,0.23864094834362,2.3810866642509065,2.695036906239968,2.104080018166845,2.526526456685096,2.512983736843009,69.41500870792395,123.18502850625183,0.09569049268123556,0.8952667063407119,13,0.03614315291333925,0.29494232475598936,13,0.09596323766030394,0.7888444953069044,80.0,9,523.3890775664192,0.28808193240211555,-79501.48840105947,-606963633.8001351,0.0,0.0,0.0
1883,656.1003520628528,18.458676097238214,22.836805082255836,3.269458805962344,14.838233482858989,0.12811221198616068,44.234947222272574,4.430211341766447,0.34135136571610003,2.746078972325184,2.660953625117739,2.5978241707039453,2.428997182836397,2.4573594003627854,33.89113865335356,76.66056387275175,0.030414792384454225,0.8653172648265315,3,0.004022478556640047,0.12812777284826973,6,0.029517202063874357,0.751809478753643,42.0,2,21.645809129760654,0.36470654839471095,-10377.780695067948,-590167333.4019315,0.0,0.0,0.0
1884,381.9217556954931,16.257382397373615,21.176470578819284,3.3364743812527005,14.04675320511661,0.06712048279600737,70.83309718335117,9.091982978012258,0.1640094747175232,2.98551190114354,2.620776043694221,2.5314129309264004,2.5087532382128694,2.4035998290997354,24.107768930588342,1.4271105526673273,0.07004843202085653,0.9847255378578404,2,0.0029577048210588583,0.06713989943803608,3,0.07099026089328117,0.8773900488892493,0.0,0,0.0,0.5277271613641927,-42239.2138746827,-1056929269.8941545,0.0,0.0,0.0
1885,387.3191396036468,21.318440653035356,138.84096375975614,5.808702161887705,17.18485307150093,0.24159099688965752,37.67439953333501,8.882146575719993,0.2874437714541954,2.142081848270183,2.651449607995358,2.3327210224108317,2.5026169393191484,2.507630135020102,11.135400312514781,40.78668175044894,0.03261080725434163,0.9527793799627774,10,0.030050280981958,0.24158532978408756,2,0.03356013334378281,0.8684608995073841,763.0,54,3192.7187635221812,0.3039526244904409,-14194.578797760745,-767800622.0441282,0.0,0.0,0.0
1886,371.3480842626314,10.778517838327183,68.46641907923086,6.354331678025299,2.2879519361859306,0.2780528454424449,65.02689994841782,1.626445949245815,0.3370679348287844,1.3782678058944207,2.664204806307942,2.569231458413458,2.4724599936933416,2.4698274672884177,47.002045345505884,1.127919124830268,0.07541495386272945,0.7818101751478712,13,0.06696243714877255,0.2780834072759539,5,0.07228805512963886,0.734381924311206,206.0,12,961.4006541400914,0.37511660628046206,-42754.22528529394,-531758822.81998765,0.0,0.0,0.0
1887,479.0251292002293,28.58364694041428,31.083628979023043,3.1706976102503486,6.72009087469571,0.2006236049560169,77.5923536976659,2.7676972880915036,0.24197787821263647,3.1631413150348866,2.6211333304944793,2.2821449813281687,2.6256509990272754,2.4572814688957694,54.268577031458776,6.718747096071002,0.037810328327426944,0.9637912084159914,4,0.009228039041703637,0.20065069506063296,1,0.039244272267854444,0.8798094191100777,194.0,9,196.05740199097107,0.3948699920793177,-17654.517275749262,-689363813.2248273,0.0,0.0,0.0
1888,497.7387846529745,29.912472007364055,23.565939883928106,4.081584384201639,8.619600205039074,0.183008880190778,41.05980546621991,12.727330063651188,0.10538793185418836,2.2218084536994662,2.642599283610913,2.5358983209095713,2.221467404090845,2.5237373966445036,24.333735827492948,3.456018423868889,0.09207322398196122,0.8496064717140028,8,0.04951197870452529,0.18302277432712216,5,0.08881203300279428,0.8224923522124147,1453.0,28,1042.0389874849925,0.3388794777287716,-58275.983893579905,-755900644.6403083,0.0,0.0,0.0
1889,614.0299403127362,29.150726230390728,59.924748928872056,3.060144823315781,8.538877363845776,0.16690153063938817,143.93057294956276,10.914206792685363,0.18108540848981158,3.3281792400547956,2.692974002990434,2.232357454081601,2.321623609955253,2.425840745151398,86.29131592876709,2.949052440623575,0.04350661066467417,0.9178903936102935,2,0.001419698314108252,0.16693286010056196,0,0.043090203285857026,0.8578706274216067,164.0,5,260.7307836345165,0.3056020686950158,-20859.172310341623,-659836804.9021146,0.0,0.0,0.0
1890,387.8524528140157,10.281874740798788,129.20927487466065,3.3684618856221276,8.616032769775249,0.21752074648211045,35.01258964875718,7.7878000381294346,0.24732317583116228,3.8426704908640796,2.604582228996582,2.195412143361315,2.5767738996715766,2.430698318885823,10.806448965018344,261.4705973142376,0.0922723444337651,0.5357296103433837,3,0.013605442176870748,0.21750961254066845,5,0.08977569736516525,0.555469897169135,68.0,4,622.9047610015372,0.300980649324901,-72783.48301662868,-273768186.0278033,0.0,0.0,0.0
1891,436.751811134449,11.368146904885203,135.82858265299237,4.410752473431804,17.590591122444216,0.1380189079438912,115.71720447264467,12.758729050892798,0.2724152566464142,1.4753109177168624,2.6393954995539066,2.588659555600157,2.269138254046583,2.519251315886833,22.452980442133445,14.439903004435575,0.06174478456689588,0.6556749968642692,5,0.019698314108251996,0.1380656610470275,2,0.0613113203085521,0.6057559442347596,935.0,55,3027.023294952377,0.28130506101809116,-30123.529743443956,-483384882.4635619,0.0,0.0,0.0
1892,439.74284239048126,49.99639901804699,35.47609816468686,5.344380031488384,7.5279418780708065,0.1327629300529901,46.329979087064146,7.283234404249748,0.09857094293917762,1.6736230657060394,2.6248640835062846,2.4471468972844312,2.4398992795390706,2.4842864871289323,20.800603327473464,194.199890859527,0.07441246566260623,0.6287241200563924,8,0.02230109435078379,0.13280094646554275,2,0.06984350500702695,0.6439692345620355,306.0,9,216.06661617800327,0.28160933824523093,-36711.88458493729,-288709624.8973117,0.0,0.0,0.0
1893,514.1547120574216,20.10474548353567,83.38686828603824,8.07857849631741,4.586530351616276,0.2607703238228873,65.86900866709954,7.861700982175133,0.1635556924325805,4.455864407311894,2.6547701171416325,2.511933952298059,2.4654248388601485,2.4664980539357964,12.406213957923228,15.936182644002836,0.04317334485389359,0.8576394495365907,15,0.032061520260278024,0.26081041112097014,5,0.045242314610412476,0.7771908310949239,1151.0,53,1676.3075520590908,0.348876378835838,-25208.811358179788,-595670591.897022,0.0,0.0,0.0
1894,566.3160284003679,11.733040458998095,73.42995625700627,9.673403728726184,9.494450829306981,0.24773674788938732,33.359712859053914,9.25478495326072,0.30874383216129886,2.728282480323494,2.663072443155529,2.306011901583748,2.54722048654621,2.5314276978250887,43.82956669479938,5.538514365872071,0.08451902185658708,0.9093138825250062,20,0.0771960958296362,0.24773735581188996,7,0.07877371035022251,0.8864029290964006,1938.0,139,6817.376320669233,0.28377232940539754,-50080.519221894094,-724341219.4830569,0.0,0.0,0.0
1895,437.6150970831933,45.170132401400465,42.134902492829504,6.520463128055773,4.713435572391203,0.09260260402364563,48.02883263195256,11.935405511927684,0.20827579664034157,4.279182756013267,2.651233610371283,2.5372600708792032,2.6602547246965282,2.449160952221248,10.328704556399169,1.3460483575368125,0.05517520371406692,0.6188443168011069,7,0.015143448683821354,0.09263531499556345,3,0.05911919792000314,0.6410515572207284,564.0,30,975.5346936052496,0.35815598800669735,-20323.983512878513,-434858383.09985876,0.0,0.0,0.0
1896,566.1041358780767,38.86891626332582,58.287218081717555,5.188931420026194,6.8305074284281675,0.14404496634341624,57.54928134583024,2.4804705742296362,0.13204583309961798,3.596505869916755,2.6380923809944132,2.4797624830155147,2.5847780266773457,2.4196942661361773,82.05190240577768,734.4443969783733,0.07287387524078542,0.6497337011234507,11,0.029577048210588583,0.1440402247855664,1,0.07469622353347065,0.6174429672429553,54.0,3,131.64192376996,0.44081952561820925,-41305.98910671936,-327587139.65642655,0.0,0.0,0.0
1897,354.4194310680689,40.638438580505955,61.30209553894408,9.497148763057826,1.5989802268601065,0.18702280818332012,37.54054343502061,3.8787281586593796,0.2497835896031547,2.9396467074675336,2.63988616690222,2.193935304307784,2.3294625817265913,2.3976030648140814,46.15336827518629,13.499865249024316,0.037552114019734247,0.8985041102744251,16,0.03667553978112984,0.1870452528837622,4,0.038666944191473394,0.8461139257209436,274.0,21,1591.596093488826,0.37694248684827514,-10243.82127417939,-836870719.3928592,0.0,0.0,0.0
1898,555.2885861538833,33.91458848702797,134.13660325582433,6.7717262963288665,3.363278927309171,0.2877297874767276,49.85922722838257,4.040890569660438,0.1378916426067225,1.606956375682456,2.6786623422494085,2.3353364971459514,2.345650449549911,2.3316806433560746,31.638195184914647,18.166181432941467,0.07201752864392026,0.7162103060870358,14,0.02040816326530612,0.28772552499260573,7,0.07191681486774393,0.714813577287706,370.0,9,321.8423184751777,0.45720307655090275,-33140.99361683522,-584606790.356639,0.0,0.0,0.0
1899,641.2091088841473,48.093033844596356,67.78519736132583,7.712640988357851,8.759887886519357,0.12349991070071988,77.14386787840063,11.974316054238553,0.20974562874528768,4.249102257534263,2.666590925302232,2.5211710919758032,2.6052646205018055,2.4412505442909436,11.032270900756147,73.79222675618907,0.09928739379851895,0.5336640082431664,12,0.023898254954155575,0.12351375332741793,6,0.09511110373270089,0.5417243707354711,998.0,42,2340.943389727951,0.36464867640781584,-42538.770401000715,-387026069.9937962,0.0,0.0,0.0
1900,394.95351597210134,28.59087644676679,94.40288174956173,6.297580640105934,4.0562731335344715,0.26719089729158113,92.9918332498713,13.721371559150674,0.2403029717366876,2.364077711317975,2.6923832145233466,2.5464110382327294,2.4933462962392223,2.4776601046721134,44.15887859976377,540.7208628934878,0.040421471487548044,0.7999721451552129,6,0.0170955338657202,0.2671990535344573,6,0.04028021035632009,0.7579963246636064,1253.0,72,4572.124016705407,0.35459989495138444,-24471.88675507856,-476549660.03370076,0.0,0.0,0.0
1901,569.882846265551,22.444389482082467,140.4152310395471,8.221025057416874,3.206633205682187,0.20905254994493683,136.11462043816138,7.3613719201501695,0.29999667844742034,2.0092409812157137,2.6569237286312664,2.171551196038891,2.332428067113955,2.3747004210118687,10.096820791199825,1.060091080990384,0.03919090600922581,0.7377620697820322,8,0.011653356994971902,0.2090505767524401,9,0.03760523276543207,0.7233084122154699,767.0,46,2526.44242652526,0.42501350695934725,-21680.427114919337,-494063857.0854988,0.0,0.0,0.0
1902,490.92328498786236,16.52633145758016,47.921946671042846,4.539637324424931,3.9803971013356723,0.14122770133318063,78.64706401730096,7.156275863352885,0.27130407319910765,1.3949330155859965,2.6408333533544117,2.307602619108281,2.47069556346924,2.4178962692022488,18.38792295600868,249.25892310600204,0.05111129217516672,0.7172665499375027,7,0.012185743862762496,0.14125998225377107,2,0.05136949146734893,0.7021246289847628,62.0,4,116.45627157404454,0.4034388181944806,-27815.619057562777,-545511403.8812988,0.0,0.0,0.0
1903,499.0552635618236,12.707564329575554,108.07627048834816,8.71431134104097,16.15407116369069,0.2521204412049147,53.17963862438966,8.939171852016136,0.2699697588687706,1.540698191135415,2.67347606930609,2.2824284583265166,2.665524828653425,2.4863919413437183,14.515089014480877,34.41355189563208,0.061873278624474726,0.9657496371185164,19,0.04483880508725229,0.2521147589470571,9,0.06353764555995838,0.8446734215573188,1239.0,82,4504.181848022731,0.33996029906870406,-31404.806623257886,-623329353.8799034,0.0,0.0,0.0
1904,556.0951524837217,14.800357585087227,0.34332213643870624,5.575863492617356,11.156902449081292,0.18333351014594518,67.37615630998421,9.976970582217934,0.2652675901008098,3.1301387702566186,2.690464115442792,2.5973048136349224,2.257695801613133,2.484568673242504,28.20902467287381,1.659236295496436,0.0704680321317866,0.5002710243445729,12,0.033481218574386275,0.18337769890564923,3,0.06987376020436191,0.5008051129012989,1225.0,72,3144.0014391907143,0.29629192238331026,-26461.836400101798,-223420094.77943054,0.0,0.0,0.0
1905,437.0755967811425,11.207720415939201,17.633499173711726,9.346250861087398,14.326352115716718,0.28942334444449086,67.23241257109375,13.23638185784532,0.09776911031330082,4.789446528007563,2.666784898259874,2.4041530200829135,2.58629797565373,2.404063134112454,23.215239126457647,833.5029723993285,0.0459595346398213,0.8726473408034583,10,0.018751848565513162,0.2894409937888199,5,0.04604067752099155,0.8374674371940029,1400.0,29,1096.0494757141414,0.39115097815351163,-19030.715496835768,-693331984.3169439,0.0,0.0,0.0
1906,348.86886745680584,16.517376714158793,21.529456937597363,7.2096079807668385,17.05427970127641,0.06519549231281464,85.7541935583456,2.500190957279858,0.2950998976916367,3.582226282328263,2.6904815306592513,2.5205583272233483,2.6077579294837463,2.4277769393024116,36.48318326577282,12.928982471681959,0.043062541368557,0.607609098018035,13,0.03969239869860988,0.06524696835255842,4,0.04174005856029823,0.6106724104894339,30.0,2,8.271167902828273,0.4350447164698741,-24570.74851688047,-453159492.2648954,0.0,0.0,0.0
1907,615.0283752290383,36.482635362195495,11.320675223862025,9.337715818895159,13.656419041275836,0.21554426173702657,33.13622192859167,11.130101433395327,0.20802497767614783,2.4566884273442895,2.6895208730068996,2.3943770610011503,2.695659090074051,2.437252174225683,19.02155156312065,53.929025128742275,0.05627013655499191,0.716536831292753,10,0.026323572907423837,0.2155575273587696,10,0.05590072409962821,0.7261705402616502,1184.0,49,2227.6593854281587,0.35141312997527496,-16762.471174809136,-461775192.6148833,0.0,0.0,0.0
1908,413.533589846901,31.003361072899526,76.14114333614667,2.662719274382699,16.552630851758323,0.08773686798948895,36.101786356582956,9.75388569806116,0.27574344428006176,3.0202273232950745,2.6178297242570285,2.13641466437932,2.6541705530835475,2.3569756068942866,38.066980949108085,9.373234231176097,0.09933900161143218,0.6871779637477675,7,0.029399585921325053,0.08778467908902692,2,0.09629615426113122,0.671422498987302,405.0,25,961.6269111120577,0.3929334024058009,-81486.17395493753,-589028222.9012858,0.0,0.0,0.0
1909,488.10380478510376,48.29882568285675,108.65213278343731,6.991212495419351,10.77754374581901,0.2480474655459186,122.53029119819347,9.33965929119124,0.3231424170669456,3.5561175743937756,2.632870757687245,2.5453872835823663,2.316386865912283,2.476849843701883,18.844045377520604,87.25518297299382,0.048074645768105474,0.6419773993211368,14,0.05217391304347826,0.24803312629399585,6,0.04734046180360258,0.637063476386549,1856.0,116,6866.655220521812,0.34142442254424177,-19991.130975397806,-400555355.29208374,0.0,0.0,0.0
1910,491.8137994962089,17.69862098668982,33.78773725546414,7.281378622752287,8.596309161746955,0.07995962785753745,108.90091107974087,1.4028859913055487,0.18208231576628886,4.390483847031322,2.6993856644569294,2.2908879213674567,2.5377886076499063,2.458789014321971,67.27608532317522,305.2626488410606,0.06461938357111294,0.606801263479906,19,0.043596569062407574,0.07997633836143153,5,0.06407825626296791,0.6205146718589053,31.0,1,1.4898089175921525,0.38043050376178744,-42754.83143362789,-340098745.93098617,0.0,0.0,0.0
1911,345.3920899305654,22.52151649002496,50.734535768753034,8.78372252578379,1.5397947230557953,0.26421703750815745,143.07410856339504,2.205161515075831,0.3068330594321117,4.5363219619453465,2.6850685936982823,2.5716580833468767,2.2131083342322144,2.4618700317632016,75.85110737949925,137.6848143690218,0.07735790612098689,0.670038939066071,18,0.03927832002366164,0.2642413487133984,5,0.07414962163369923,0.6993371139162847,236.0,21,1885.2450678490154,0.32741355781622783,-30838.95839515087,-583871515.3546667,0.0,0.0,0.0
1912,544.4770731511487,14.820496351239735,120.9876456214243,4.898411903382983,13.112326240387965,0.23140513084395065,49.46024653007722,1.3691559080686293,0.17290646280974103,4.157512877750058,2.669333567586386,2.5616220819809437,2.451495614663746,2.443438106502119,16.148044158385677,11.062962419551168,0.04703261521557531,0.661896827263198,5,0.012718130730553091,0.23141082519964506,0,0.046130086970853496,0.640257528673636,29.0,5,304.58063696729073,0.35815826691453223,-13296.384847846664,-361352776.43395454,0.0,0.0,0.0
1913,344.9790772779122,13.722878387837207,125.32342964164442,3.7559367376086366,9.755661069284695,0.287911114170113,64.23506950408465,3.810429323373535,0.33593563977924035,3.8519824255495863,2.646415493810074,2.588560213098647,2.6796565878521696,2.5368452965460926,61.10862940099253,24.110270695361194,0.06572595979417219,0.8207876537937804,7,0.022005323868677908,0.28790298728186925,3,0.06381894417955594,0.7636358469534377,553.0,42,2461.344754430259,0.2683480978760828,-25438.254829456004,-562361224.6579906,0.0,0.0,0.0
1914,600.5590851304148,32.54716247386059,11.759558341281007,2.3559176982059133,5.884025240481844,0.055021351545648925,64.18304795405889,7.409878813974602,0.20314745317995167,3.4522151268406422,2.680120594378014,2.337672157651145,2.30984087079805,2.423836003127789,42.36119073142377,89.84084832928399,0.07505991794394731,0.6279224739533371,2,0.004199940845903579,0.05507246376811594,1,0.07504685532666965,0.6280931822530652,184.0,5,78.95709941113651,0.49951744825089994,-33961.6443278223,-297191515.8806951,0.0,0.0,0.0
1915,647.6863504153373,25.226996534886716,12.272345444810433,5.200921298933804,8.24418209691136,0.18477647835572492,102.60339829928039,5.295648574493887,0.22564711971317178,4.652686310274797,2.6529414931447115,2.248844458949902,2.3063413939546646,2.3973444503654022,27.0166774832085,4.92595045836227,0.03626051923582666,0.6302849910981938,10,0.03691215616681455,0.18479739721975746,2,0.037666325327931724,0.6312115222321435,566.0,43,2145.672344953092,0.39720955549720083,-19430.90019570614,-590774660.4242413,0.0,0.0,0.0
1916,582.8309206835663,22.248765253299368,60.55789532392547,3.3200567741424187,17.54554241890978,0.12573899578917602,102.9651833666699,12.379466914094033,0.31861381441517717,4.4124455640249645,2.63366609198931,2.372172768178932,2.5608826489209924,2.5287879473311072,95.90648471706865,1.0762710188992166,0.05349891982657322,0.9367717590194766,6,0.004673173617272996,0.12576160899142266,4,0.05263421135573955,0.9048860303862911,66.0,11,602.048996918939,0.28103953706782114,-14778.47749961336,-611545199.2795739,0.0,0.0,0.0
1917,500.8097698351251,10.750377268535287,80.99429097507539,3.2724863069607473,12.543496816649004,0.28877326297220157,87.94553703784926,3.921627419215806,0.3024120465222512,4.288361059997051,2.626372889756643,2.480190206609718,2.2254571156007463,2.4230531678056044,71.58293535219191,6.287581706312551,0.03006587808979344,0.949886532740325,5,0.01904761904761905,0.2887902987281869,0,0.03013940776535119,0.8952198957625719,501.0,41,1507.0578728051644,0.3764796451458081,-18076.481528349803,-736224745.944758,0.0,0.0,0.0
1918,333.55440956192365,12.296780058282367,89.68175269265433,4.386502509774929,13.491381514071499,0.1940746015893811,70.23207502937093,2.640703965588651,0.13628989262373448,4.536405985777553,2.624742845769082,2.1329451315533325,2.5817377892828164,2.4585880709420387,22.875424087755267,33.8614937330634,0.04727048436351137,0.8489008712924175,11,0.04460218870156758,0.19408459035788228,1,0.04813951307151095,0.8509785180607154,64.0,3,64.09498591592414,0.33166067059979376,-22352.165355959536,-777349588.1052787,0.0,0.0,0.0
1919,473.44034543015744,42.36439772249968,116.23070220289318,7.077950772691927,15.213126610831484,0.12651602105369741,59.383568236634765,10.855933404941716,0.3388520303889252,1.3276225926297047,2.6661421730974637,2.1882255786358282,2.352863727218359,2.3662278860049826,24.551251131879855,42.7209934351104,0.08594249432884532,0.5618250670488703,16,0.03365868086364981,0.12653061224489795,0,0.08095923975880168,0.5517696814023081,590.0,52,3443.6276059959423,0.45234539392773776,-28731.889581841107,-316596333.9805399,0.0,0.0,0.0
1920,666.7948836940138,17.058352067834146,114.24611206686644,5.686696401756714,11.586786325466562,0.18073668618381383,52.91830944832692,9.268256953209681,0.3272070289486879,3.042074746824261,2.69779726100087,2.3940635582853425,2.585535734588369,2.482993212476811,12.171605088994628,4.700040942482634,0.03727454784997187,0.7073428812244416,11,0.013132209405501331,0.18077491866311743,1,0.03749481953877826,0.6569082817200049,608.0,41,1914.0428969781533,0.3772174831880868,-18455.090021427495,-465260752.3110157,0.0,0.0,0.0
1921,624.3776487627701,48.717233804384925,33.082409717379505,7.506655884965935,17.668923958079855,0.20508488469120117,139.83550269830482,10.327437116564772,0.14571652566618973,3.112065272865918,2.6080160625386912,2.3130739537167053,2.4611990191227853,2.5351736740846045,18.845621797309217,493.4541220565219,0.050691595471286266,0.8680655299395228,12,0.01626737651582372,0.20508725229222124,4,0.049861098325918445,0.8135298001003182,781.0,36,1125.898974808875,0.30302653070982055,-24489.59899715735,-545452237.4240675,0.0,0.0,0.0
1922,404.1130126898646,25.168826416358858,97.86300512748724,3.020141812217286,11.313859115227947,0.16347316889859426,55.515177541505565,3.905121511777996,0.30830149734940016,1.1773580330852327,2.6673462338849285,2.219105896561586,2.379844741695414,2.420438547962313,39.2479979855704,592.2322722392652,0.08150171946753691,0.5240433063992203,6,0.013250517598343685,0.1635019225081337,4,0.08058841449944236,0.5061251652644454,64.0,4,331.22035716952087,0.4003741272976642,-58921.367223048146,-245251681.52697086,0.0,0.0,0.0
1923,599.5744791125983,34.68674426283071,118.00245633585969,8.551520700556729,1.6757100669468494,0.20848382781200075,46.520235608366576,8.102903128402382,0.14168295992202318,3.4516554893896076,2.6035374011910934,2.315576431275282,2.49126971075654,2.424601314816288,62.12254414274331,167.81566329854383,0.05747072772549196,0.6340754832224862,19,0.059804791481810116,0.2085181898846495,3,0.057623666715102044,0.6445837711792053,1811.0,64,4521.316080341806,0.41666901040272863,-33317.73279408515,-336082047.56090724,0.0,0.0,0.0
1924,491.0497119924147,23.05984096457733,93.70922934215402,4.151984076413396,2.777272803986116,0.13992390170720714,31.27182365695093,13.25927735595729,0.11526245081654145,3.478831701796728,2.6850685763765334,2.49309450752072,2.2324629898011144,2.4438001974038857,11.831347297918414,1.240445287986942,0.08310367312084392,0.5283048824117391,7,0.0341910677314404,0.13995859213250517,0,0.07913593919202996,0.504044353363699,856.0,30,1955.0353686093038,0.34740078130572405,-36100.35279907228,-231972135.14332283,0.0,0.0,0.0
1925,446.7494118246825,29.5823409005185,18.949180852077518,9.936346164454992,10.989945049224776,0.28640156291442903,123.72365841865,3.4283095923216163,0.11255349434115683,3.9212799978181554,2.6524564813421554,2.1744731980920173,2.6382476925685934,2.5227611149745632,41.5867885375118,1.39965629428212,0.06698277138790817,0.6206701071171072,16,0.03797692990239574,0.28642413487133983,9,0.06342796736141224,0.6238682308238452,709.0,24,1180.5179699499965,0.29124504710036225,-33546.027624946786,-373165500.7309851,0.0,0.0,0.0
1926,364.4557557662364,10.425741310117425,66.1811452074022,5.674047560300919,6.774925470347781,0.15842132013242782,109.95263919951724,14.2045614951014,0.2705557763664713,2.9536634938375,2.6572757854081495,2.2853343338744496,2.526696982227248,2.4278959310188974,40.28660662390578,2.4940150480357257,0.0450694294524516,0.94026117503118,7,0.01461106181603076,0.15841467021591246,6,0.04368268821656976,0.8579252878480698,1278.0,91,4769.283566753517,0.392244681101078,-16156.140270063888,-790744465.31353,0.0,0.0,0.0
1927,525.5681948375859,45.18167030320358,133.84904804616943,5.888347540346558,6.535328581471791,0.10275648589965121,127.70224195655237,10.881675603204203,0.1508969404526172,4.739116461029397,2.6175270219256976,2.582396562646941,2.3931520643494233,2.3926207634281713,42.26272634087536,1.3859413611858775,0.06874975045396765,0.7860824196360685,10,0.03436853002070393,0.10275066548358473,1,0.07119262731843412,0.7232120614315681,335.0,11,483.64300203371016,0.46030821976336656,-36315.712461180214,-431859415.965891,0.0,0.0,0.0
1928,587.2167310732523,25.42525520078058,27.41244944218125,8.476147155749302,6.3605535381955915,0.2727901520157233,33.41976302014387,12.005520844580193,0.3193124060514945,2.283617101090965,2.6337355586643936,2.192857932643216,2.356230799970179,2.414399799353209,18.918592487179993,89.53280477066397,0.03669876712748314,0.8385962901683975,12,0.030227743271221533,0.27281869269446907,4,0.03803462513817184,0.7596145183781429,1696.0,125,7280.901952881605,0.4221504633047828,-16631.930667539986,-530819021.37156105,0.0,0.0,0.0
1929,331.3942774441786,15.20518358690668,138.97447291211742,6.965939105671726,14.001762083637697,0.10150275575609018,37.39432741042996,10.593112065454937,0.18062191884659767,4.617255755965473,2.631478277975515,2.5496678279303486,2.600227889840416,2.4335318109362754,20.319592522536528,28.335788246233374,0.03395437840121571,0.6052908139268434,9,0.038036083998816916,0.10150842945874002,1,0.032711414396580686,0.6025873775926506,321.0,13,706.6086147225649,0.29303367415476433,-18741.489315707942,-488398911.5298691,0.0,0.0,0.0
1930,626.7301106173989,10.989083152408249,33.78154206854948,6.370298299130786,16.41892416767397,0.1855599815585125,40.81149269776048,8.393885513616265,0.1639594223512087,4.980419519032655,2.6442982008464186,2.2178389543018513,2.6998036122000153,2.446945870508793,17.68567679781454,3.10840330957328,0.033065328728179424,0.8001880584729569,16,0.06370896184560781,0.18556640047323278,4,0.03387556132371388,0.7605604376091882,912.0,32,1553.3431605136495,0.3570251373278652,-18174.102767175747,-563306435.7831526,0.0,0.0,0.0
1931,572.6794354313402,18.388395591474744,142.700486129041,3.151302475581902,17.787393960158635,0.23652668313170622,30.85169243898421,12.666798555549912,0.33598515450890065,3.889326245371972,2.6397608450084937,2.156838566664211,2.6372296372756057,2.462624404691278,52.43674354008162,3.904328345344381,0.045126695490279235,0.9250564734467142,5,0.00396332446021887,0.23655723158828748,1,0.046817858498217804,0.8376226806180436,350.0,21,1094.9409301327346,0.2947069706247927,-19006.05160846781,-612223706.0770475,0.0,0.0,0.0
1932,438.1283238399956,14.076631069679804,111.49361310384131,3.3428773170994237,3.1483527302931265,0.17877117172246604,116.24401098381651,1.2791687843373856,0.2979892890174233,1.7099089001681884,2.6033651416496486,2.585943127657383,2.4276178886094106,2.554884302571133,11.398964431101328,1.2601801422101204,0.04761726475015411,0.7126261434128061,7,0.015912451937296658,0.1787636793847974,3,0.04534906137240165,0.6942060626799162,85.0,3,182.0775773376863,0.2833175267008792,-16843.273196938717,-491257411.22132754,0.0,0.0,0.0
1933,404.95248779115053,19.437941613083066,20.70882671605557,6.714302189385453,4.35101507494889,0.07298715603455257,56.49298178964557,9.661227207678294,0.1550611637153712,3.712516263601967,2.6909327704886667,2.1210249512696984,2.679982718535578,2.441412172306614,98.50747394603275,2.9634078565842206,0.03480794634004787,0.5747621806195995,11,0.026619343389529725,0.07299615498373262,3,0.03557045439159737,0.5753720962309158,251.0,12,104.67307216849598,0.39072458325573045,-17186.567674649308,-333246176.76613164,0.0,0.0,0.0
1934,357.08209980698285,37.18624792103991,24.393829268563515,8.897756877776924,8.641577156560771,0.06405447046952249,133.08352870233784,1.8739539775097014,0.28577763361126357,2.211119963080601,2.696343871426678,2.1670651255194655,2.573722156984853,2.3833072762826286,32.75704560119899,177.41208331426475,0.05356476915317009,0.5416330454077611,14,0.060041407867494824,0.06406388642413487,6,0.054376432259232964,0.5536675072901236,33.0,1,7.803340706237599,0.45461321296429125,-27682.816659488202,-343035534.81965035,0.0,0.0,0.0
1935,468.56149955844484,36.66868306706486,119.70279890514576,6.939786103078917,15.288053663693493,0.09530224492297303,76.71650506021125,7.070423655977319,0.19088745455391326,2.2964436973529017,2.6018897527871334,2.5102732331113033,2.5678886941972654,2.482269423103465,16.0492048773693,2.6489794440050174,0.07999421218948816,0.9180470196904319,9,0.02360248447204969,0.09529724933451642,3,0.07863702102566142,0.8117416011411109,125.0,2,234.2508186037454,0.2982314302995408,-31014.52407846035,-633920600.7739618,0.0,0.0,0.0
1936,437.1502511982107,11.90326225322733,79.6921574439387,8.823616148938477,5.226306460793408,0.24704767903431107,103.20728924484435,11.844198420678993,0.32667582413686447,4.121726571876566,2.6326096222167226,2.4610982285133396,2.4173918520982443,2.31012006487429,24.590607616494164,393.18539062273857,0.05025763711059909,0.6556733795385196,18,0.0709849157054126,0.24708666075125701,6,0.048412841896922666,0.6417468861797463,2539.0,206,9743.814579932718,0.5302823359949458,-27759.47689718994,-423604975.9275701,0.0,0.0,0.0
1937,410.9077594491016,30.424214456326446,81.82527048337923,2.24991174952513,2.1686083153256117,0.18146855273129364,110.0487773776177,4.707655913148557,0.10584481261647213,4.536909366602327,2.6523992861897723,2.3394524770177334,2.6862495690616104,2.395397122849257,73.25650741639049,7.661936899932328,0.08534256739300766,0.6067952600192512,5,0.01147589470570837,0.18148476782017153,1,0.0809272951812274,0.5916286483452858,0.0,0,0.0,0.41620846941967304,-31549.1432670481,-368488910.70390856,0.0,0.0,0.0
1938,601.8065936441321,25.974187350265584,2.1591937972194444,2.124908903047232,10.940954687076053,0.22838251853593006,77.65701186945927,5.812780670619825,0.21335503794331379,1.3257224214849597,2.6643649029048295,2.5462067052652215,2.640815289285514,2.4875675020256276,34.71552648522991,60.833317470372194,0.06813762238758891,0.6255433139771653,4,0.0023070097604259094,0.22839396628216505,1,0.0680139313847589,0.621564197447255,232.0,8,337.4751553102603,0.22088834291727188,-31043.780657830586,-416421788.9765016,0.0,0.0,0.0
1939,606.4954598026216,27.478163068964466,19.65586620135676,7.527660322137062,4.46405103547475,0.08029373499594754,58.0186597964757,9.65368357413594,0.0933720755191954,3.2866541955875217,2.6327721314755337,2.435904454483403,2.51447833562523,2.410071584150798,20.313896938891308,15.127331039712056,0.06684745645774665,0.9551845923832765,15,0.05217391304347826,0.0803312629399586,4,0.06884471381642786,0.864285348475883,689.0,13,583.5745441450684,0.3848116272513651,-42767.536524806936,-690484111.8613491,0.0,0.0,0.0
1940,480.8874961364084,37.31250847276767,29.763216556510997,8.56729337310232,15.711215710781843,0.2230058768611835,76.52118337169011,10.291559335520047,0.3478353656391362,1.6117509476305854,2.6988703345662897,2.4326124918196124,2.404792858709065,2.4382661269173296,62.952734295420356,562.452455584516,0.06579837426226598,0.8220719759964084,18,0.06702159124519373,0.22301094350783793,12,0.06296465466298272,0.7618701553232853,1453.0,112,5928.628486498302,0.35930598133354597,-18932.32250337147,-625684049.53977,0.0,0.0,0.0
1941,495.0889761204468,21.911290023773358,141.75499572138887,2.5148719876765373,17.38256222681455,0.07917100460114028,132.04099448477598,11.063736815720663,0.27231635663323783,4.163519923896084,2.6061364535403206,2.361190560348,2.4560514333203316,2.4165072177794196,21.514400349574576,317.80988362764384,0.09988023678722863,0.5059419750524605,5,0.013605442176870748,0.07920733510795623,1,0.0922106997847472,0.47968536754992186,0.0,0,0.0,0.3604111099666891,-81099.77284310767,-292001773.57186425,0.0,0.0,0.0
1942,419.2011409055756,10.680481905088394,137.46412645841505,8.049333715550006,1.4493358011088586,0.14334211599375207,95.05698060301496,12.34956830547555,0.28498750042702226,2.7264929750392284,2.619785369251564,2.1752150989149976,2.4875089439391798,2.4204775802355214,22.293345374448897,39.31146189008146,0.08061680063857776,0.7046847108752091,7,0.012008281573498964,0.14338952972493346,5,0.07598934977606761,0.7109342910556825,278.0,16,749.1075574462506,0.3579020868783638,-44358.15136571953,-489254896.7756251,0.0,0.0,0.0
1943,324.4395031592171,31.68021870095828,48.88596596081054,2.5098022470828587,8.48496763428672,0.05320278335653596,30.67243970259896,10.86134624873065,0.09043020427233611,1.2053374463084827,2.679497522121907,2.4092557929912086,2.2642643470316153,2.412358315860112,57.66661927389199,61.43763583364454,0.06978303426187894,0.9151376878320603,3,0.0075125702454895,0.05323868677905945,2,0.07242808874304503,0.8900703706618779,101.0,4,179.82547491673057,0.3666534041250906,-34484.22105912474,-1114980478.6122553,0.0,0.0,0.0
1944,430.7377369380403,10.810714742718721,93.9765463295488,4.184733882123207,4.29466436523056,0.22271089209376532,107.551071159258,6.112208553414854,0.12657810489781143,1.4624866413946003,2.685186205250345,2.5732636641405797,2.2846069024485907,2.472078356113891,32.569718469415314,499.3434643974995,0.06512071768754607,0.8247216860871998,8,0.012126589766341319,0.22271517302573204,1,0.06618535615715916,0.7847386695108429,112.0,0,0.0,0.3500579076917858,-38668.96758552715,-592707969.1997454,0.0,0.0,0.0
1945,628.5011579720895,29.58096986492094,78.31769269251672,7.446118364052609,17.904005186784715,0.16561851014888057,39.28162752770584,1.0277530749700503,0.09267469011016445,2.14437039998064,2.622763220262402,2.44549650456393,2.6732144292319746,2.398796083700717,42.15291557533612,14.334756175064674,0.06475973534529006,0.764440502077654,9,0.01401952085181899,0.16563146997929606,2,0.062276414238247264,0.7055789785231232,30.0,0,0.0,0.43608858326768996,-34399.2580222448,-486148674.2118277,0.0,0.0,0.0
1946,633.1079866385364,29.442632819700403,99.96040912039841,8.454848375726304,8.437704769473692,0.28750837266173396,71.11937065129494,11.80649705090426,0.3256909957208053,2.128268993032953,2.629618818764177,2.522084740040951,2.5473912898662,2.4031887554514553,23.58963406999557,22.580666393184863,0.06396529948595706,0.6987937986668051,15,0.04732327713694173,0.2875480627033422,5,0.06645828502718924,0.7029795339980678,2587.0,190,11718.405757206407,0.398988850840587,-50284.28556121136,-576774082.9828718,0.0,0.0,0.0
1947,492.2162267318947,29.154680217962316,70.6904670359419,7.1465757615975205,13.129595598575033,0.19096163584100262,41.51810328375955,0.7257733707792835,0.23074367752853794,4.3966476598015065,2.6072395160719557,2.352149978007786,2.2059901994234297,2.4676166774314288,12.608961625967066,7.987034590757948,0.08024177743643851,0.8089885683768774,14,0.031292517006802724,0.19100857734398108,6,0.07692874348689202,0.7871769761182796,0.0,0,0.0,0.3882964215365141,-34845.75900430001,-678193234.9791045,0.0,0.0,0.0
1948,332.3105928880577,28.993610024359313,134.72348109579497,9.778949778764858,3.0674165989996625,0.10708722027845903,37.816975741579284,3.571516185209394,0.2834477923576483,4.246181320480169,2.6811323481288096,2.180107297365122,2.661718902657224,2.4084442698574984,46.30905816502146,27.92608603220526,0.09061481939127333,0.7585557764454405,16,0.04531203785862171,0.10712806861875185,6,0.08835161170426527,0.7032335062233304,191.0,17,817.9498370675924,0.41225428958286203,-61709.888519234824,-589188823.0078233,0.0,0.0,0.0
1949,581.0006202808845,38.68785020513285,100.91855190064135,9.826122475977312,1.0077171852499296,0.15779684544645273,46.83662370227762,0.6322206467047442,0.12764736103284727,2.6143895800947505,2.664085771533538,2.4904651519857035,2.651799877982179,2.4783341577638316,19.691632317576484,24.68186488770214,0.09916699581706694,0.926845746456646,16,0.0653061224489796,0.15782312925170067,8,0.09388024573489556,0.8759233955637824,0.0,0,0.0,0.3273722115049451,-41409.013640046294,-589839445.115634,0.0,0.0,0.0
1950,580.3153391338775,47.092566358352215,59.451323874639364,2.106207032878139,3.5684937231175082,0.2790918277435325,46.43703594172781,14.580749825244926,0.2069412326547616,2.2741192176668603,2.6228795981623287,2.2066214559896844,2.223944928181575,2.337598830496031,57.718973646031806,4.402672639648429,0.045684643773036535,0.8236114452274124,2,0.004022478556640047,0.2790890269151139,1,0.04554293956069492,0.7761076455930206,251.0,16,706.4711792410097,0.4549263236429164,-16455.964284803005,-652097700.4062152,0.0,0.0,0.0
1951,459.561029716662,26.91181007823076,67.08712203524573,8.310060135706344,10.904543527192715,0.11008281534972107,54.737822656822665,4.615703248165159,0.255489163197562,3.5119453871047503,2.6702973038254734,2.541004797180633,2.696348322850649,2.4512288495143784,24.671867521681524,2.778731025927841,0.03761066512236465,0.5803720427096548,13,0.013073055309080154,0.11008577343981071,3,0.03793346233629328,0.5649376988212074,196.0,14,571.0965895846879,0.3562050426275354,-18984.730515367162,-303440555.23100984,0.0,0.0,0.0
1952,628.2006944862384,42.77314402357578,14.35456180024422,3.7743579514538794,9.376100760785375,0.2876832450915007,93.37537349111798,5.4742189166627595,0.17924462159312213,2.0822627225174193,2.6137101552469013,2.2617423824495306,2.240990919936671,2.4214683331666103,97.90318719940095,108.81594059231632,0.04146404451226283,0.9327977269590679,7,0.034545992309967466,0.2876663708961846,3,0.04020178884608407,0.916391551368101,261.0,8,421.1110762998585,0.31226450464320443,-21443.13344573663,-737947876.5934215,0.0,0.0,0.0
1953,375.227853413474,37.31130859750801,95.47519028026036,7.720963108595445,10.768195117326664,0.27367218000880056,57.321851374978735,2.481342190516529,0.1630872317771303,1.2621191959493192,2.6920144935685526,2.2052988697877094,2.646282701510723,2.435742217234844,17.192029264236044,2.286188338815943,0.05392392301873135,0.6484376740563327,11,0.029636202307009762,0.2737060041407868,5,0.05494736915937726,0.6401765984396512,139.0,5,205.51031942048502,0.3667939175303947,-18870.693337606386,-438959147.3155942,0.0,0.0,0.0
1954,629.2915251066654,12.165285175554226,124.5011702199202,5.087881484858787,6.010881882813025,0.23153784974117786,59.929748776739,7.782940457659677,0.303218245728849,3.287498575930894,2.66465168019245,2.5878788925765597,2.6336619001268247,2.403093384058976,37.678044254172754,257.8695953369054,0.08057444753315235,0.9764299458387418,14,0.024785566400473233,0.23152913339248743,2,0.07803088247918658,0.8252245802890503,565.0,40,1979.2155508574672,0.4452858238269166,-43493.843161936085,-487843466.1410216,0.0,0.0,0.0
1955,380.3409901726832,34.951267444623355,123.23844266760396,9.75097080191927,8.141856930967238,0.17860606075277863,48.10780773538997,6.258542125416435,0.24030225091461288,3.5149987241563547,2.6499453121878274,2.2891864551018246,2.692324050412196,2.528674463147849,45.93221519219259,137.19643649816683,0.06850568579415427,0.9876237169841195,12,0.02738834664300503,0.17864537119195503,9,0.07032017325631269,0.898363428688086,512.0,26,1648.993902623129,0.3025612921185279,-28917.24263969616,-617231786.6716032,0.0,0.0,0.0
1956,355.44132535915503,18.786977534539467,32.25691170264744,9.344693643233796,12.008673481118395,0.28775913743009934,98.23927665703471,6.090172995396055,0.1791509965551909,4.832871182144341,2.655498568364225,2.182034131675622,2.5864601971562977,2.5031647907366077,15.190700039524197,18.890959146167887,0.09711140659822733,0.5165610303104395,19,0.051759834368530024,0.28778467908902694,7,0.09532540849992434,0.507375505992338,1168.0,56,3782.7861691589414,0.2681825960849902,-33382.65310920966,-248074921.97208,0.0,0.0,0.0
1957,610.6990925170418,45.88624695520239,11.989060581155414,2.124114054909618,12.515063437203711,0.20866184003756705,55.30833012657134,6.02786877792883,0.1577560991317008,2.3139834295537436,2.6037464746802734,2.3864540502919165,2.4469467285103055,2.5456837910146626,54.4534474760444,36.61208645815242,0.07255196220780988,0.6279574436519311,2,0.003845016267376516,0.20869565217391303,4,0.0755518129556722,0.6194214432933588,172.0,8,116.13314526343699,0.3193585645784802,-51864.10308047022,-364273842.51820755,0.0,0.0,0.0
1958,348.74910789841624,49.701743401667066,4.4205850624662535,6.216114861841181,11.798518437697759,0.21595216678395468,109.93360186678689,0.8128689840298775,0.23594837612887307,2.576315201341891,2.6547151418119737,2.398641418599646,2.465881510657029,2.43821842832823,13.841542024020733,10.692900538016666,0.07710866700072552,0.6961658725288447,17,0.03371783496007098,0.21597160603371784,3,0.07670169981185887,0.6911761163553932,0.0,0,0.0,0.3832422214737199,-27142.973381781943,-569687602.1138386,0.0,0.0,0.0
1959,462.5366706077352,15.651205527303283,63.39386280841395,4.232768393821004,7.3783253036871415,0.09087786231473181,66.60724558751599,0.7872013567256414,0.1850533584331973,1.0901135429591795,2.602306407474306,2.160626505231182,2.293343029483201,2.4226364887749865,64.05105849929318,149.3506002490787,0.0743687162959349,0.6111001564945099,8,0.021236320615202604,0.0909198461993493,2,0.0721468179041257,0.606637985364913,0.0,0,0.0,0.49430221440845834,-24189.897268809746,-355834010.9222721,0.0,0.0,0.0
1960,635.2055065633499,14.215664558532078,140.63946571534697,4.665218101243488,1.656646406028665,0.1680956970933341,39.266871200782546,8.19022909520575,0.18720674541312277,1.0487988102115704,2.698707087462412,2.2561084881608613,2.390082685262144,2.388934022040713,87.08066884098814,186.55957017462626,0.04414147336027498,0.8603305642396224,7,0.023543330375628512,0.1681159420289855,2,0.04625287475525375,0.7405695402034109,456.0,17,402.3001991923743,0.46647091198669477,-22804.664853023154,-488109889.191476,0.0,0.0,0.0
1961,522.304428072492,10.29943904219676,17.074260743794266,9.701799831794137,13.317302946822322,0.266676875784311,35.181538153736845,4.1206055816464096,0.21627202956686378,2.1691322495247913,2.6069023308337864,2.2719562254946086,2.5176522552953613,2.421604681366304,45.04917457767312,341.6735523817348,0.08899381760173344,0.8075422195688733,15,0.056433007985803016,0.26666666666666666,11,0.08591872901362382,0.7469573176969224,582.0,28,1075.8683572816744,0.38467351723568965,-53451.68721018861,-527990520.0326136,0.0,0.0,0.0
1962,371.00916777979137,12.314836448538538,69.7491702811749,3.885836367321824,3.8171421065690554,0.22049463076681985,138.56132279889016,1.0073024035247102,0.11253855004250332,1.9429822455905623,2.675482962507961,2.456418940514905,2.2368357574986466,2.3830428209089107,37.2459830857963,1.046875132917009,0.07777603882586565,0.8922807976831204,7,0.019461697722567287,0.22052647145814847,2,0.07549459651005018,0.8201476498930267,51.0,2,35.61289759240863,0.43760997189543716,-42443.99287183299,-733835869.4161731,0.0,0.0,0.0
1963,631.5473917255038,31.826116406935974,83.04662073862536,2.1700654832897612,3.2688494402909547,0.2484841937211253,43.03427557979578,6.314480056806218,0.26026060919763827,3.016757132287279,2.67660844469006,2.2299337048068084,2.473909469861818,2.504562373090685,10.584973406214079,383.85055287388565,0.06346748430812979,0.5942756757353156,2,0.0017154687962141377,0.24850635906536528,1,0.06385768212720733,0.5887925618237617,9.0,0,0.0,0.3412660670734433,-50869.634573470714,-333560404.80923164,0.0,0.0,0.0
1964,536.8920963041998,10.591436685563426,137.11410716566795,5.849608614444042,17.755689155031224,0.28917997720070204,124.20257561125501,2.9995463083670004,0.21228496598276092,3.017777418001225,2.6524268819533545,2.409443014685583,2.6802098661648968,2.3955873921628377,19.061720082503857,5.220838890630621,0.06329355500042072,0.5462878345656432,5,0.03507837917775806,0.28920437740313515,5,0.06205940028771014,0.554027826769806,435.0,29,1187.3391545181166,0.3646819426483314,-36721.46582811835,-336643147.99651563,0.0,0.0,0.0
1965,368.220639902906,19.1161952857636,125.01069983829159,7.746823605835696,13.049076843123016,0.16907444558025697,44.449125490736705,6.7170287712252,0.31432398434600967,3.2607324360297882,2.6796697211988523,2.2277328316495244,2.4890684616447354,2.5307117509961143,25.701756945285332,332.8120632927711,0.08408454483185852,0.9633369960935303,17,0.04779650990831115,0.16912156166814551,7,0.0838734943926254,0.8686874931199391,647.0,47,3132.4210005994487,0.23028606137865903,-32189.61451870274,-775659021.2023673,0.0,0.0,0.0
1966,525.9735962290156,43.362602639978526,11.806657985406083,4.93111791973172,8.257718256277984,0.13163053600180719,34.83822604995611,2.0539518599456175,0.12441188134559715,2.8490012547945094,2.665783777502149,2.4352537580911533,2.5165465789225854,2.4738439792789086,34.61488619552239,12.81869155484523,0.0343108402748364,0.8638812582729405,13,0.03318544809228039,0.13167701863354037,1,0.03524248148156751,0.7976811353366704,156.0,3,110.46929801228903,0.3710511054054484,-11846.535963498074,-605053451.1867485,0.0,0.0,0.0
1967,664.8532240671445,33.17703173550978,36.636647399818656,5.094850671392836,1.8152495057720501,0.08567346631035168,79.68173841820582,5.4158440335024345,0.10975243096109683,4.135331294041444,2.631453686198816,2.129604620640116,2.4906729904821723,2.381283762893407,24.924322825256972,813.8251319589959,0.044941635932387564,0.9025424996194151,7,0.02165039929015084,0.08571428571428572,1,0.04498000458541374,0.8098888845074019,78.0,3,85.47548063692824,0.43260730220584565,-22984.951860880632,-539112314.2413628,0.0,0.0,0.0
1968,628.8030692054833,16.914540409723543,17.962574637909622,2.0936728879622706,7.815683122707271,0.19767600082517567,109.91050299552269,3.0517279747800274,0.18378560336693145,3.707396118572807,2.6817391569419273,2.344667032379489,2.6291479529778363,2.5425456190399514,34.03556592565656,150.91530120823023,0.07841350115442389,0.5965359792371658,4,0.0052055604850635906,0.1976929902395741,2,0.07609951758409152,0.5909420427953328,0.0,0,0.0,0.20811033274303714,-26821.03025539975,-319002031.0237666,0.0,0.0,0.0
1969,486.04470126795877,37.62415594227579,6.159744676669759,4.598862550733337,4.740446018803232,0.2975260998667788,34.16533876832152,0.10302864447970517,0.11460147425862494,1.9799514542398606,2.636199034517554,2.1830925941119013,2.364673610111912,2.47572072838706,67.69475731537499,74.53130156841799,0.08328266286850385,0.557353763860665,6,0.015084294587400177,0.29754510499852116,3,0.08444101295183713,0.5457978517743548,0.0,0,0.0,0.27857818697375203,-33384.508456946234,-251995578.22067028,0.0,0.0,0.0
1970,518.1735431527258,15.46553093027232,71.6380127414081,6.4773589461399705,12.758852431582254,0.2503939364943832,39.39283548412698,9.496494066371415,0.2650764174903163,1.771727370719689,2.64816593891132,2.4052576947511297,2.3951736739654654,2.3902017748438356,72.24982068538247,850.2503487165806,0.08286966537581851,0.9502134832384033,9,0.023543330375628512,0.25039929015084295,1,0.08293706335885276,0.92761373118321,638.0,28,1311.2309380995257,0.4337617661542379,-57186.16139369095,-765999360.8616076,0.0,0.0,0.0
1971,518.36402216037,13.993728091450963,126.03796886225297,6.5718554347007965,15.55371142996836,0.0862427713823037,137.999279619612,5.82914460734599,0.3197963794157853,1.6038654667106753,2.625628754330284,2.541136322163974,2.6609783982389366,2.372013128154152,58.052505863729635,640.9834501317333,0.03786069030053701,0.9109456711526183,15,0.05063590653652766,0.08624667258207631,1,0.03906934348994719,0.7673975955546537,175.0,13,792.6714733435439,0.48568948784581645,-20412.056600411634,-556218068.2641354,0.0,0.0,0.0
1972,585.5815604440387,37.918779626269234,146.05072771338902,2.432752837835288,8.070052963342468,0.10704959042946376,50.62601870040981,10.344342401760425,0.28416310737216344,3.044405416751807,2.622106868111171,2.42343874343735,2.42119839243286,2.517142036319954,80.97427285931529,692.367803888662,0.06259713954803048,0.8743781140326043,8,0.017982845312037858,0.10706891452233067,1,0.059835466924897225,0.8343759020193519,539.0,37,2378.2203580281357,0.24349448590004075,-18883.258210783955,-600535738.3765063,0.0,0.0,0.0
1973,471.5288518575903,23.154612905988973,66.51794406051128,5.434994700497787,1.9746213258952152,0.11807377331667522,61.00904123930129,3.895231299454845,0.1304550503514275,2.6445955003080974,2.625683458642267,2.1349781173268174,2.596916911566509,2.3502841509760275,92.4978226702819,37.36460590160351,0.08047050522230025,0.8762257119803187,8,0.04602188701567583,0.11807157645666963,2,0.07830182215306154,0.8138735377745154,185.0,7,1223.9258579706773,0.4745764154978094,-59094.836156116275,-567284818.7539988,0.0,0.0,0.0
1974,570.270325934027,41.24678106597408,114.74494654251338,5.794268129732374,1.339128778532929,0.07233828239309435,71.64741039835401,1.23724610032188,0.22463343738494262,4.881668251470307,2.6922762074046283,2.4454931058361886,2.3074705242606854,2.3488183631204724,18.87935785362172,5.51204906342746,0.06759806961025802,0.6438333682399422,11,0.017923691215616683,0.07234545992309968,3,0.06664628074790438,0.6065599954920283,12.0,1,350.1564146081704,0.45297731546246833,-35797.60054183718,-384424447.9268552,0.0,0.0,0.0
1975,560.8107570277606,27.116264071793445,128.92759161324486,3.276273351635342,6.2061509960269365,0.18858938541595927,39.06116255116168,2.926533867700953,0.28161945806349475,2.84084912648418,2.688395364276145,2.5094377718283347,2.3808444375066333,2.5888776556864115,13.451323321129392,3.987745496918566,0.08858915003507112,0.8288481307538417,5,0.014729370008873114,0.1885832593907128,2,0.09024551948207223,0.7675248455113387,60.0,10,437.0414311202331,0.22854686469838503,-41145.92525326527,-557402120.8949076,0.0,0.0,0.0
1976,601.2867793555042,30.407223918590965,76.8261980754255,6.336229300059441,14.029221891670886,0.12831706927742886,58.535291905956655,4.648918426641443,0.2863679252664643,2.6355201041595158,2.6694212485312026,2.2887483748936335,2.4154022023972908,2.470727110574938,39.42190088090347,1.6615376673159705,0.0516602013747451,0.7935940146846832,8,0.014788524105294291,0.12836438923395446,2,0.052250722302724706,0.7622738543935625,96.0,4,525.52715251469,0.32513776568105435,-27244.67498279559,-548701151.1348923,0.0,0.0,0.0
1977,324.08436597956313,11.85611899821367,75.41318580530641,4.0674018220841015,15.034519913561644,0.1186294007612199,30.0391513315504,3.840793637230046,0.3222401275908895,2.018896733291344,2.6592017210927548,2.227301155608073,2.390877024804259,2.3747719733718644,24.410773432483392,79.72296254541492,0.08461517735978621,0.8919279021732598,7,0.0279798876072168,0.1186631174208814,1,0.08541941212800407,0.7995826996537806,104.0,6,78.43675254985959,0.5285888163843233,-47521.55340903459,-867771664.6159655,0.0,0.0,0.0
1978,646.2232284369252,49.07651485075723,47.16007382530126,9.299781575164257,14.204211392447604,0.2226127978385986,48.55422911043678,1.290731238841859,0.27668779573650193,2.3142456284831425,2.6169919559461383,2.3307520149498315,2.209006923024689,2.488231148249362,11.447345250956714,64.75393073704177,0.06998435795698965,0.527081072055604,16,0.06962437148772553,0.22265601892931086,7,0.07413546726985488,0.5070574933873462,130.0,8,493.0556113610443,0.31096535716002727,-35439.909459795344,-303459898.15074515,0.0,0.0,0.0
1979,323.6380734015947,34.002350533941915,89.38834603664196,2.7124719639242842,13.483100062562162,0.2205232874179887,90.29177569918849,12.829969561010348,0.2599762551640397,1.8485012929516111,2.660059455718137,2.2487400478540733,2.6974112208986782,2.3645567811567036,19.27780575599882,3.940651032267408,0.0878629273811955,0.6561267573706645,7,0.01958000591540964,0.22052647145814847,0,0.0853019459803093,0.6164642940166206,696.0,45,2597.7111224127857,0.49647122379431075,-48595.71848877761,-425052323.3433861,0.0,0.0,0.0
1980,418.3698786619655,11.953498797221679,40.667728749508655,3.0230130143083747,3.1122349516894032,0.08248114126659338,62.22926686830294,11.870452359223469,0.2964392721067083,2.2406420521339,2.6653872918272246,2.568460561633796,2.359397260071012,2.4049470098030787,21.74878518818557,34.91986157211136,0.03656841561521702,0.5069703164111272,7,0.01958000591540964,0.08251996450754215,3,0.03594994792581333,0.5309462854022685,308.0,22,1331.4485078579114,0.4143687854185636,-12032.272793677475,-336902701.82487464,0.0,0.0,0.0
1981,446.15399053908516,12.448414609463445,98.08370633703677,9.663134381790472,2.4668808689372566,0.2896504587837117,59.760322648970366,6.872051427121794,0.14550950369807628,3.2021652102105893,2.6706477406703097,2.457297495292048,2.3794599165555614,2.4988063995107,10.685865499048303,2.2503722565119935,0.07139066130045066,0.9082170816906032,14,0.045548654244306416,0.2896776101745046,5,0.06983540628685886,0.8384757145428651,1076.0,35,2771.255513938769,0.28211075453524437,-42891.02044351905,-631742876.8549271,0.0,0.0,0.0
1982,605.4986615519653,31.83487553077131,20.14196150164792,8.074378010091323,2.013987896591082,0.18302389584322754,34.325331520277686,11.640108549834613,0.24314338704252722,4.867703425158113,2.6592591832204895,2.313955695323896,2.2483319986483483,2.4892043281600453,13.931765343464901,873.2294501962999,0.06280713147634602,0.6606755854244597,16,0.026915113871635612,0.18302277432712216,4,0.056234451039740035,0.6205890141881218,1323.0,69,5225.897967627233,0.29253549975938187,-19265.791425701227,-434790811.9019221,0.0,0.0,0.0
1983,395.0880479984485,14.132772690884023,10.891105075824314,3.7131400287145375,15.222702636944556,0.18910381410393817,54.20662498692281,7.3372729218202695,0.18703805929748074,1.52965019899225,2.6021224131107017,2.236209258314557,2.570331235919091,2.4807923170810198,47.16560088284256,215.13920128385988,0.03607643885418875,0.7835635388340375,8,0.01567583555161195,0.1891156462585034,2,0.03725475375824561,0.7508226979778821,395.0,14,358.59137797593917,0.35125219760978776,-11825.193872261196,-536905898.2023147,0.0,0.0,0.0
1984,389.11207453503977,10.146524572371638,117.56498732343597,2.6472304793894876,9.545069711624008,0.18971900450211993,100.09704771274575,3.296628456879169,0.12272601648627463,3.5707060646257704,2.6153658407356013,2.4881693782407726,2.6428592012003835,2.4268691857650526,25.80048761012061,369.6914544257324,0.07241629767892341,0.6510600708842819,3,0.011061816030760131,0.18976634131913636,1,0.06850338694613041,0.6329494041581282,0.0,0,0.0,0.2975365276948243,-25872.015471599385,-337283535.4208581,0.0,0.0,0.0
1985,395.1509014707836,21.58007413635526,87.2638788578548,2.054627783467568,7.41884682279575,0.10944419774473711,31.997743648020425,8.22898343225949,0.21528667077551084,4.4932865640277555,2.6927253309563604,2.4847497018099527,2.4038924982479375,2.419410507346958,45.525865845692394,4.268628720828679,0.08325229041514362,0.6025922556758159,3,0.005383022774327122,0.10949423247559893,2,0.0826348246808359,0.6185218020076104,32.0,1,103.573910144814,0.32680414784301615,-68920.21266388375,-360629841.16053176,0.0,0.0,0.0
1986,379.59765208942065,24.61786447086783,12.065542700555131,7.325864260638471,15.163406735793606,0.14110936758801645,99.20488919522363,3.9748045012657407,0.10620920334353554,4.362857464897216,2.6387675732697833,2.2074492846940688,2.653075173442067,2.541158734700809,13.154068964860166,200.84525422409578,0.040680338912369954,0.7633991820662336,17,0.044128955930198166,0.14114167406092873,3,0.04121960189990683,0.7606354756635273,240.0,2,21.58044321184386,0.22999867962958032,-21334.39054002351,-684973597.8671901,0.0,0.0,0.0
1987,413.58332276302684,28.22983969057406,49.87954347721416,6.087678005617433,16.560097947061216,0.058203386078066674,100.59462783413493,1.9782043154878552,0.1398207976887968,2.1888601357369635,2.647044114663273,2.102823754690816,2.403731799625888,2.4828842861880727,20.199269292103818,612.3950817334822,0.05716386063830011,0.7056624338646148,14,0.02981366459627329,0.05820763087843833,6,0.05480257608578644,0.6955222015690907,71.0,1,108.06012081066847,0.3462333119361447,-36869.54250936676,-539599990.7016735,0.0,0.0,0.0
1988,560.4410271668133,19.61716139066929,123.21088991549205,4.409116476784791,14.477550716432827,0.06396109016486433,115.2524719206574,2.0998601063501274,0.0984992482291129,3.759844182998946,2.6446619075635973,2.2734619365588,2.207834231778542,2.429812052287166,13.078194699312252,5.099811173231974,0.04118921486149125,0.6651491373333709,11,0.026146110618160308,0.0640047323277137,3,0.040295528073104256,0.6880013829387269,6.0,0,0.0,0.370499507783038,-19903.935481743138,-457835981.6617523,0.0,0.0,0.0
1989,364.4971116741462,37.93985848987438,16.361129364047844,7.385182683929778,1.4667369791924783,0.15409274886954827,126.11063300390195,7.400540009950763,0.2899861666208757,1.7854851870625352,2.6642231541904464,2.343322664880116,2.489045143668311,2.4579000652102976,12.206324334265547,212.54636676095708,0.050454020116474756,0.7266098130113869,15,0.02981366459627329,0.15409642117716651,7,0.051557603116135754,0.6885077144839408,681.0,53,2950.690890867045,0.3010176246579892,-17691.129312919864,-545106728.4946823,0.0,0.0,0.0
1990,544.6685165078857,24.868703538582665,1.3250447971068446,6.752782036419643,10.97148070805181,0.1747739436939748,53.36889553368165,12.733891375194096,0.16144458970601447,2.829071521744415,2.6540950058318944,2.5113642490597243,2.2565024281056822,2.3969778835913487,61.11164483119207,275.8528076281866,0.0963048560245969,0.6980565322123538,13,0.03158828748890861,0.17480035492457852,7,0.09054469982167603,0.6799871767226032,1476.0,47,1435.3295627578173,0.42191660241593487,-85451.93984843552,-489595166.9758277,0.0,0.0,0.0
1991,602.0680844756916,27.643051204045555,22.9217258610618,7.750480254746307,17.000188489534725,0.19775117428264982,56.91469838029225,5.948782164559815,0.2676054545255009,4.138565832225469,2.6480439359519075,2.4715800112769144,2.45381895024481,2.5241160252447914,12.987463368908204,273.40647056562835,0.0470590369359893,0.7342173650134328,13,0.029577048210588583,0.19775214433599528,6,0.04661484393689847,0.6918391979472648,543.0,35,2023.4874187241496,0.31462508169933656,-16444.345989690588,-548256628.1049556,0.0,0.0,0.0
1992,374.3172336122101,23.17482564701112,11.84300902384114,6.068246504114799,5.657628225830687,0.09345253435835067,100.7921898584144,4.739101161401696,0.1825078520071489,2.7801587838470097,2.6105936939691556,2.4681720565121967,2.2485034617352255,2.397477240246286,16.01888704638782,218.40753180459208,0.057543184870871886,0.9726645218242308,10,0.018515232179828454,0.09346347234545992,6,0.05736428779222469,0.9017803297936366,139.0,3,213.05802639109342,0.4541814926179413,-32006.266596953355,-905110316.3064127,0.0,0.0,0.0
1993,545.7921995973953,13.344417466817086,39.083283585881475,4.457460681005369,12.262095580000825,0.24017918686460565,97.92092028735198,11.952515541376888,0.2909376961125911,1.1308317645685886,2.6656047071249502,2.126719952216196,2.426523544947094,2.436474177879447,12.695626552626779,269.27416557744306,0.0799445309877364,0.5936214949265335,3,0.0017154687962141377,0.2401656314699793,3,0.07849931728940746,0.5957758319010996,491.0,41,2371.522068645578,0.4603094718816534,-48934.44042406055,-325913934.11515,0.0,0.0,0.0
1994,551.7645713509438,10.090567911386774,88.15522482808647,9.350325205791574,5.433788723703779,0.2028123374198182,49.94717921929294,7.7633872516068205,0.22572578332329665,3.978093594619396,2.651392616647114,2.182913248786986,2.54209468360725,2.350934267297908,18.638341335547352,10.9501773253696,0.05636393063798075,0.9252565020020824,15,0.03714877255249926,0.2028393966282165,15,0.052436145006664825,0.8345056690485889,801.0,45,3317.9482246000102,0.47488088306529486,-20205.250960579513,-776877055.7457683,0.0,0.0,0.0
1995,516.3389796421496,13.809347977707679,69.59937213794105,8.470759932146375,11.967216050595521,0.2367183858657484,70.49691211737095,13.546372544656336,0.3492215247164132,4.273756037034054,2.683489194492146,2.1912408362513482,2.3541233008906697,2.424175077827544,32.42046946048774,614.2121005066514,0.08220746115003337,0.5251625108949982,8,0.02129547471162378,0.23673469387755103,1,0.08320153837360512,0.5096980686555059,621.0,46,2359.7644254948036,0.3565187007789121,-29720.904140886632,-374713809.1857325,0.0,0.0,0.0
1996,576.8568296030525,48.057559312165914,132.07115708369616,8.36807529009064,2.8525172199383895,0.19205682973299465,31.73301206526569,3.1159838674899856,0.3424593682842756,2.4086154249276954,2.6482850981617916,2.44028827483213,2.4851047371151735,2.390598268484126,13.472774770075516,57.779428672094646,0.05082817276313163,0.8050554268274712,11,0.014374445430346052,0.19207335107956225,5,0.05020958558604612,0.7835887966665681,110.0,6,183.5873722003798,0.4591929075711234,-27494.496312413514,-562204760.9827404,0.0,0.0,0.0
1997,560.6857468363385,18.781426635504225,38.76576346523263,2.1894970094978072,4.8231780361297005,0.27644878564900766,71.97817212022026,6.43822055888378,0.16366193140391605,2.587013005478676,2.6119283644705105,2.3362962101241136,2.6915662926292905,2.4626613535563604,10.36795510069567,421.3713532165798,0.07628890682052551,0.6945809996295049,2,0.003490091688849453,0.2764862466725821,0,0.07338625361332776,0.6887597395337677,330.0,10,382.14906990344866,0.35205648966570147,-34781.203640728796,-447594271.63990647,0.0,0.0,0.0
1998,510.0957669686712,12.650011554458576,125.34638103517243,7.706178205553066,2.7142569086330868,0.15416264489135678,69.45660328614966,3.1956836891345057,0.227679285079819,4.169150732570861,2.6080364502748807,2.43448962286312,2.2987365126047488,2.3481109894234997,71.37430884163503,4.9683674007265575,0.08602485131194751,0.556327425870252,8,0.03200236616385685,0.1541555752735877,2,0.08354275077854864,0.5333850061191266,80.0,4,196.01494919617107,0.48217151678703374,-35799.81415238589,-284761661.07594323,0.0,0.0,0.0
1999,523.6562991578157,21.308540248483823,63.78278294628111,7.133004291696642,9.66946851476477,0.05822145846545594,82.31383022467044,12.169454821922113,0.3051244865643742,3.86269040032425,2.6674400755329257,2.4106494407391432,2.5684645801963795,2.4294637586581906,23.696006829618607,23.94770460298166,0.0711730067635754,0.9706159857888154,9,0.02502218278615794,0.05826678497485951,4,0.07376777636470938,0.8696284770731244,301.0,17,1316.242571113184,0.4077363462398531,-48975.80107546601,-761620222.8355056,0.0,0.0,0.0
