DRILLHOLE_NO,DH_NAME,DH_OTHER_NAME,lon_dd,lat_dd,max_depth_m,drill_date,TARGET_COMMODITIES,MINERAL_CLASS,PETROLEUM_CLASS,STRATIGRAPHIC_CLASS,WATER_WELL_CLASS,STRAT_LOG,LITHO_LOG,PETROPHYSICAL_LOG,CORE_LIBRARY,OPERATOR_NAME,TENEMENT,MAP_250000,dist_od_km,in_regional_window,strat_units_top_to_base,gis_codes_top_to_base,deepest_logged_base_m,oldest_age_rank,oldest_age_class,depth_top_pre_adelaidean_m,depth_top_crystalline_basement_m,first_pre_adelaidean_unit,first_crystalline_basement_unit,reached_pre_adelaidean,reached_crystalline_basement,pandurra_logged,hole_type,cutoff_t0,buffer_deg
18057,WOOMERA 1,,136.8513387,-31.1818594,611.12,1958-05-30,Oil,Y,N,N,N,Y,Y,Y,Y,Clarence River Basin Oil Co.,OEL 12,SH5316 TORRENS,82.5,False,Tertiary-Pleistocene rocks > Bulldog Shale > Corraberra Sandstone Member > Tregolana Shale Member > Whyalla Sandstone > Tapley Hill Formation > Pandurra Formation,aI > K--rmb > N-hwstc > N-hwstt > N-hueh > N-hunt > M----p,611.12,3.0,Mesoproterozoic,454.15,,Pandurra Formation,,True,False,True,mineral,1975-05-02,2.0
13813,SISTERS BORE,,135.7405699,-30.5368783,54.25,1962-05-09,Water,N,N,N,Y,Y,N,N,N,, ,SH5311 KINGOONYA,110.4,False,Quaternary rocks > Algebuckina Sandstone > Stuart Range Formation > Pandurra Formation,IH > JK---a > P----s > M----p,54.3,3.0,Mesoproterozoic,53.0,,Pandurra Formation,,True,False,True,water,1975-05-02,2.0
13999,SWAMP BORE NO.1.,,135.7304249,-30.4934783,58.52,1961-01-01,Water,N,N,N,Y,Y,N,N,N,, ,SH5311 KINGOONYA,111.0,False,Quaternary rocks > Algebuckina Sandstone > Boorthanna Formation > Pandurra Formation,IH > JK---a > CP---b > M----p,58.5,3.0,Mesoproterozoic,40.2,,Pandurra Formation,,True,False,True,water,1975-05-02,2.0
256314,LY 3,,137.1542797,-31.4343714,246.6,1974-03-07,,Y,N,N,N,Y,N,N,Y,CSR Ltd.,EL 81,SH5316 TORRENS,113.4,False,Quaternary rocks > Woocalla Dolomite Member > Pandurra Formation > Gairdner Dolerite > Pandurra Formation > Gairdner Dolerite,IH > N-huntw > M----p > N----g > M----p > N----g,246.4,3.0,Mesoproterozoic,29.5,,Pandurra Formation,,True,False,True,mineral,1975-05-02,2.0
13842,CATTLE WELL BORE,,135.8777438,-30.9768963,30.48,1962-08-03,Water,N,N,N,Y,Y,N,N,N,, ,SH5311 KINGOONYA,113.4,False,Quaternary rocks > Danae Conglomerate Member > Algebuckina Sandstone > Pandurra Formation,IH > mp---md > JK---a > M----p,30.5,3.0,Mesoproterozoic,16.8,,Pandurra Formation,,True,False,True,water,1975-05-02,2.0
256313,LY 2,,137.1326077,-31.4500464,667.4,1974-03-01,,Y,N,N,N,Y,N,N,Y,CSR Ltd.,EL 81,SH5316 TORRENS,114.6,False,Quaternary rocks > Whyalla Sandstone > Pandurra Formation,IH > N-hueh > M----p,667.4,3.0,Mesoproterozoic,29.4,,Pandurra Formation,,True,False,True,mineral,1975-05-02,2.0
184730,GY 1,,137.1732736,-31.4437524,37.7,1975-02-26,Copper,Y,N,N,N,Y,N,N,Y,Mount Gunson Mines Pty Ltd.,EL 81,SH5316 TORRENS,114.8,False,Holocene aeolian sediments > Whyalla Sandstone > Woocalla Dolomite Member > Neoproterozoic rocks > Pandurra Formation,H---e > N-hueh > N-huntw > N- > M----p,37.7,3.0,Mesoproterozoic,32.7,,Pandurra Formation,,True,False,True,mineral,1975-05-02,2.0
13792,CROWS NEST BORE.,,135.7273569,-30.8371533,48.77,1962-05-10,Water,N,N,N,Y,Y,N,N,N,, ,SH5311 KINGOONYA,119.4,False,Tertiary-Pleistocene rocks > Algebuckina Sandstone > Pandurra Formation,aI > JK---a > M----p,48.8,3.0,Mesoproterozoic,33.5,,Pandurra Formation,,True,False,True,water,1975-05-02,2.0
13761,MCCORQUINDALES BORE,,135.5999729,-30.8489123,71.93,1959-09-11,Water,N,N,N,Y,Y,N,N,N,, ,SH5311 KINGOONYA,131.2,False,Tertiary-Pleistocene rocks > Algebuckina Sandstone > Pandurra Formation,aI > JK---a > M----p,71.93,3.0,Mesoproterozoic,39.3,,Pandurra Formation,,True,False,True,water,1975-05-02,2.0
139671,LD 1,,137.1013426,-31.6485234,92.7,1971-03-27,Base Metals,Y,N,N,N,Y,N,N,N,Noranda Australia Ltd.,SML 499,SH5316 TORRENS,135.8,False,Tertiary-Pleistocene rocks > Whyalla Sandstone > Tapley Hill Formation > Pandurra Formation,aI > N-hueh > N-hunt > M----p,92.66,3.0,Mesoproterozoic,90.98,,Pandurra Formation,,True,False,True,mineral,1975-05-02,2.0
139770,MF 4,,136.6583447,-31.6571334,91.5,1973-06-22,Base Metals,Y,N,N,N,Y,N,N,N,Pacminex Pty Ltd.,EL 199,SH5316 TORRENS,137.0,False,Quaternary rocks > Whyalla Sandstone > Umberatana Group unit 2 > Woocalla Dolomite Member > Pandurra Formation,IH > N-hueh > N-hu----02 > N-huntw > M----p,91.5,3.0,Mesoproterozoic,89.0,,Pandurra Formation,,True,False,True,mineral,1975-05-02,2.0
9566,,,135.4884249,-30.6999433,86.56,1962-08-09,Water,N,N,N,Y,Y,N,N,N,, ,SH5311 KINGOONYA,137.0,False,Quaternary rocks > Algebuckina Sandstone > Pandurra Formation,IH > JK---a > M----p,86.6,3.0,Mesoproterozoic,30.5,,Pandurra Formation,,True,False,True,water,1975-05-02,2.0
9560,,,135.4946909,-30.8350713,56.69,1962-08-08,Water,N,N,N,Y,Y,N,N,N,, ,SH5311 KINGOONYA,140.2,False,Quaternary rocks > Algebuckina Sandstone > Pandurra Formation,IH > JK---a > M----p,56.7,3.0,Mesoproterozoic,39.0,,Pandurra Formation,,True,False,True,water,1975-05-02,2.0
139771,MF 5,,136.7366727,-31.7291554,96.0,1973-06-23,Base Metals,Y,N,N,N,Y,N,N,N,Pacminex Pty Ltd.,EL 199,SH5316 TORRENS,143.9,False,Quaternary rocks > Woocalla Dolomite Member > Pandurra Formation,IH > N-huntw > M----p,96.0,3.0,Mesoproterozoic,92.0,,Pandurra Formation,,True,False,True,mineral,1975-05-02,2.0
9563,N. MUNGILLIO BOR,,135.4433269,-30.8421963,35.97,1962-01-01,Water,N,N,N,Y,Y,N,N,N,, ,SH5311 KINGOONYA,145.1,False,Quaternary rocks > Danae Conglomerate Member > Algebuckina Sandstone > Pandurra Formation,IH > mp---md > JK---a > M----p,36.0,3.0,Mesoproterozoic,30.5,,Pandurra Formation,,True,False,True,water,1975-05-02,2.0
139768,MF 2,,136.6396127,-31.7313454,94.5,1973-06-21,Base Metals,Y,N,N,N,Y,N,N,N,Pacminex Pty Ltd.,EL 199,SH5316 TORRENS,145.4,False,Quaternary rocks > Woocalla Dolomite Member > Pandurra Formation,IH > N-huntw > M----p,94.5,3.0,Mesoproterozoic,71.0,,Pandurra Formation,,True,False,True,mineral,1975-05-02,2.0
139672,LD 2,,137.1513456,-31.7318594,185.4,1971-05-05,Base Metals,Y,N,N,N,Y,N,N,N,Noranda Australia Ltd.,SML 499,SH5316 TORRENS,145.7,False,Tertiary-Pleistocene rocks > Whyalla Sandstone > Tapley Hill Formation > Pandurra Formation,aI > N-hueh > N-hunt > M----p,185.4,3.0,Mesoproterozoic,183.46,,Pandurra Formation,,True,False,True,mineral,1975-05-02,2.0
139561,MF 1,,136.5814847,-31.7266644,94.5,1973-06-19,Base Metals,Y,N,N,N,Y,N,N,N,Pacminex Pty Ltd.,EL 199,SH5316 TORRENS,145.9,False,Quaternary rocks > Woocalla Dolomite Member > Pandurra Formation,IH > N-huntw > M----p,94.5,3.0,Mesoproterozoic,38.0,,Pandurra Formation,,True,False,True,mineral,1975-05-02,2.0
139673,LD 3,,137.0513506,-31.7651944,192.6,1971-05-24,Base Metals,Y,N,N,N,Y,N,N,Y,Noranda Australia Ltd.,SML 499,SH5316 TORRENS,148.1,False,Tertiary-Pleistocene rocks > Whyalla Sandstone > Tapley Hill Formation > Pandurra Formation,aI > N-hueh > N-hunt > M----p,192.6,3.0,Mesoproterozoic,191.72,,Pandurra Formation,,True,False,True,mineral,1975-05-02,2.0
139674,LD 4,,136.9680097,-31.7985284,137.2,1971-06-02,Base Metals,Y,N,N,N,Y,N,N,N,Noranda Australia Ltd.,SML 499,SH5316 TORRENS,151.1,False,Tertiary-Pleistocene rocks > Whyalla Sandstone > Tapley Hill Formation > Pandurra Formation,aI > N-hueh > N-hunt > M----p,136.34,3.0,Mesoproterozoic,135.27,,Pandurra Formation,,True,False,True,mineral,1975-05-02,2.0
139676,LD 6,,137.2513456,-31.7985224,67.8,1971-06-01,Base Metals,Y,N,N,N,Y,N,N,N,Noranda Australia Ltd.,SML 499,SH5316 TORRENS,154.9,False,Tertiary-Pleistocene rocks > Whyalla Sandstone > Tapley Hill Formation > Pandurra Formation,aI > N-hueh > N-hunt > M----p,67.76,3.0,Mesoproterozoic,66.05,,Pandurra Formation,,True,False,True,mineral,1975-05-02,2.0
139675,LD 5,,137.1346776,-31.8318574,83.1,1971-06-01,Base Metals,Y,N,N,N,Y,N,N,N,Noranda Australia Ltd.,SML 499,SH5316 TORRENS,156.4,False,Tertiary-Pleistocene rocks > Whyalla Sandstone > Tapley Hill Formation > Pandurra Formation,aI > N-hueh > N-hunt > M----p,83.1,3.0,Mesoproterozoic,82.6,,Pandurra Formation,,True,False,True,mineral,1975-05-02,2.0
134293,G 1,,136.2925448,-31.7826994,304.0,1904-10-23,"Base Metals, Copper, Lead, Zinc",Y,N,N,N,Y,N,N,N,PNC Exploration (Australia) Pty Ltd.,EL 1245,SH5315 GAIRDNER,159.6,False,Quaternary rocks > Yardea Dacite,IH > M-tauy,304.0,3.0,Mesoproterozoic,4.0,4.0,Yardea Dacite,Yardea Dacite,True,True,False,mineral,1975-05-02,2.0
139778,MF 12,,136.9767647,-31.9024424,54.0,1974-09-20,Base Metals,Y,N,N,N,Y,N,N,N,Pacminex Pty Ltd.,EL 81,SH5316 TORRENS,162.7,False,Whyalla Sandstone > Umberatana Group unit 2 > Woocalla Dolomite Member > Pandurra Formation,N-hueh > N-hu----02 > N-huntw > M----p,54.0,3.0,Mesoproterozoic,52.0,,Pandurra Formation,,True,False,True,mineral,1975-05-02,2.0
9995,MOUNT WOODS 7,,135.485477,-29.6228503,90.58,1964-11-03,,Y,N,N,N,Y,N,N,Y,Delhi Australia Petroleum Ltd.,SML 67,SH5307 BILLA KALINA,162.7,False,Bulldog Shale > Permian rocks > Skylark Metasediments,K--rmb > P- > Y-qs,90.6,4.0,Palaeoproterozoic,87.8,87.8,Skylark Metasediments,Skylark Metasediments,True,True,False,mineral,1975-05-02,2.0
9989,MOUNT WOODS 1,,135.487205,-29.6167763,145.6,1964-10-22,,Y,N,N,N,Y,Y,Y,Y,Delhi Australia Petroleum Ltd.,SML 67,SH5307 BILLA KALINA,163.0,False,Bulldog Shale > Permian rocks > Palaeoproterozoic rocks,K--rmb > P- > Y-,145.6,4.0,Palaeoproterozoic,79.2,79.2,Palaeoproterozoic rocks,Palaeoproterozoic rocks,True,True,False,mineral,1975-05-02,2.0
9990,MOUNT WOODS 2,,135.487149,-29.6097463,99.62,1964-10-14,,Y,N,N,N,Y,N,N,Y,Delhi Australia Petroleum Ltd.,SML 67,SH5307 BILLA KALINA,163.4,False,Bulldog Shale > Permian rocks > Palaeoproterozoic rocks,K--rmb > P- > Y-,99.6,4.0,Palaeoproterozoic,91.4,91.4,Palaeoproterozoic rocks,Palaeoproterozoic rocks,True,True,False,mineral,1975-05-02,2.0
9991,MOUNT WOODS 3,,135.478926,-29.6025303,72.21,1964-10-24,,Y,N,N,N,Y,N,N,Y,Delhi Australia Petroleum Ltd.,SML 67,SH5307 BILLA KALINA,164.5,False,Bulldog Shale > Permian rocks > Palaeoproterozoic rocks,K--rmb > P- > Y-,72.2,4.0,Palaeoproterozoic,57.9,57.9,Palaeoproterozoic rocks,Palaeoproterozoic rocks,True,True,False,mineral,1975-05-02,2.0
9992,MOUNT WOODS 4,,135.479765,-29.5922853,93.5,1964-10-27,,Y,N,N,N,Y,N,N,Y,Delhi Australia Petroleum Ltd.,SML 67,SH5307 BILLA KALINA,165.1,False,Bulldog Shale > Permian rocks > Palaeoproterozoic rocks,K--rmb > P- > Y-,93.5,4.0,Palaeoproterozoic,92.4,92.4,Palaeoproterozoic rocks,Palaeoproterozoic rocks,True,True,False,mineral,1975-05-02,2.0
139902,WP 24,,137.0269526,-31.9251034,30.48,1968-12-10,Base Metals,Y,N,N,N,Y,N,N,N,Noranda Australia Ltd.,SML 256,SH5316 TORRENS,165.6,False,Tertiary-Pleistocene rocks > Whyalla Sandstone > Tapley Hill Formation > Pandurra Formation,aI > N-hueh > N-hunt > M----p,30.48,3.0,Mesoproterozoic,28.96,,Pandurra Formation,,True,False,True,mineral,1975-05-02,2.0
139891,WP 13,,137.0439856,-31.9302424,140.2,1968-10-17,Base Metals,Y,N,N,N,Y,N,N,N,Noranda Australia Ltd.,SML 256,SH5316 TORRENS,166.3,False,Tertiary-Pleistocene rocks > Whyalla Sandstone > Tapley Hill Formation > Pandurra Formation,aI > N-hueh > N-hunt > M----p,35.05,3.0,Mesoproterozoic,30.48,,Pandurra Formation,,True,False,True,mineral,1975-05-02,2.0
139889,WP 11,,137.0292646,-31.9340864,36.6,1968-10-16,Base Metals,Y,N,N,N,Y,N,N,N,Noranda Australia Ltd.,SML 256,SH5316 TORRENS,166.6,False,Tertiary-Pleistocene rocks > Tapley Hill Formation > Pandurra Formation,aI > N-hunt > M----p,36.58,3.0,Mesoproterozoic,28.96,,Pandurra Formation,,True,False,True,mineral,1975-05-02,2.0
139883,WP 5,,136.9944336,-31.9373424,45.7,1968-10-10,Base Metals,Y,N,N,N,Y,N,N,N,Noranda Australia Ltd.,SML 256,SH5316 TORRENS,166.7,False,Tertiary-Pleistocene rocks > Whyalla Sandstone > Woocalla Dolomite Member > Pandurra Formation,aI > N-hueh > N-huntw > M----p,45.7,3.0,Mesoproterozoic,23.77,,Pandurra Formation,,True,False,True,mineral,1975-05-02,2.0
139888,WP 10,,137.0198476,-31.9387454,45.7,1968-10-15,Base Metals,Y,N,N,N,Y,N,N,N,Noranda Australia Ltd.,SML 256,SH5316 TORRENS,167.0,False,Tertiary-Pleistocene rocks > Tapley Hill Formation > Pandurra Formation,aI > N-hunt > M----p,45.7,3.0,Mesoproterozoic,44.2,,Pandurra Formation,,True,False,True,mineral,1975-05-02,2.0
139900,WP 22,,137.0283286,-31.9395114,30.48,1968-12-07,Base Metals,Y,N,N,N,Y,N,N,N,Noranda Australia Ltd.,SML 256,SH5316 TORRENS,167.2,False,Whyalla Sandstone > Tapley Hill Formation > Pandurra Formation,N-hueh > N-hunt > M----p,30.48,3.0,Mesoproterozoic,27.43,,Pandurra Formation,,True,False,True,mineral,1975-05-02,2.0
139887,WP 9,,137.0114286,-31.9406844,15.2,1968-10-14,Base Metals,Y,N,N,N,Y,N,N,N,Noranda Australia Ltd.,SML 256,SH5316 TORRENS,167.2,False,Tertiary-Pleistocene rocks > Pandurra Formation,aI > M----p,15.2,3.0,Mesoproterozoic,7.62,,Pandurra Formation,,True,False,True,mineral,1975-05-02,2.0
139893,WP 15,,137.0019506,-31.9426364,30.48,1968-12-02,Base Metals,Y,N,N,N,Y,N,N,N,Noranda Australia Ltd.,SML 256,SH5316 TORRENS,167.3,False,Tertiary-Pleistocene rocks > Tapley Hill Formation > Pandurra Formation,aI > N-hunt > M----p,30.48,3.0,Mesoproterozoic,25.91,,Pandurra Formation,,True,False,True,mineral,1975-05-02,2.0
139904,WP 26,,137.0653326,-31.9389164,58.8,1968-12-12,Base Metals,Y,N,N,N,Y,N,N,N,Noranda Australia Ltd.,SML 256,SH5316 TORRENS,167.4,False,Tertiary-Pleistocene rocks > Whyalla Sandstone > Tapley Hill Formation > Pandurra Formation,aI > N-hueh > N-hunt > M----p,58.8,3.0,Mesoproterozoic,56.39,,Pandurra Formation,,True,False,True,mineral,1975-05-02,2.0
139903,WP 25,,137.0590106,-31.9399204,61.0,1968-12-11,Base Metals,Y,N,N,N,Y,N,N,N,Noranda Australia Ltd.,SML 256,SH5316 TORRENS,167.5,False,Tertiary-Pleistocene rocks > Whyalla Sandstone > Tapley Hill Formation > Pandurra Formation,aI > N-hueh > N-hunt > M----p,60.96,3.0,Mesoproterozoic,59.13,,Pandurra Formation,,True,False,True,mineral,1975-05-02,2.0
9993,MOUNT WOODS 5,,135.445322,-29.5981363,50.9,1964-11-01,,Y,N,N,N,Y,N,N,Y,Delhi Australia Petroleum Ltd.,SML 67,SH5307 BILLA KALINA,167.5,False,Bulldog Shale > Permian rocks > Palaeoproterozoic rocks,K--rmb > P- > Y-,50.9,4.0,Palaeoproterozoic,48.8,48.8,Palaeoproterozoic rocks,Palaeoproterozoic rocks,True,True,False,mineral,1975-05-02,2.0
139898,WP 20,,137.0189286,-31.9450724,45.7,1968-12-07,Base Metals,Y,N,N,N,Y,N,N,N,Noranda Australia Ltd.,SML 256,SH5316 TORRENS,167.7,False,Tertiary-Pleistocene rocks > Whyalla Sandstone > Tapley Hill Formation > Pandurra Formation,aI > N-hueh > N-hunt > M----p,45.7,3.0,Mesoproterozoic,41.15,,Pandurra Formation,,True,False,True,mineral,1975-05-02,2.0
139886,WP 8,,137.0072976,-31.9452594,36.6,1968-10-14,Base Metals,Y,N,N,N,Y,N,N,N,Noranda Australia Ltd.,SML 256,SH5316 TORRENS,167.7,False,Tertiary-Pleistocene rocks > Whyalla Sandstone > Tapley Hill Formation > Pandurra Formation,aI > N-hueh > N-hunt > M----p,36.58,3.0,Mesoproterozoic,24.38,,Pandurra Formation,,True,False,True,mineral,1975-05-02,2.0
139885,WP 7,,136.9967806,-31.9481314,27.4,1968-10-12,Base Metals,Y,N,N,N,Y,N,N,N,Noranda Australia Ltd.,SML 256,SH5316 TORRENS,167.9,False,Tertiary-Pleistocene rocks > Whyalla Sandstone > Tapley Hill Formation > Pandurra Formation,aI > N-hueh > N-hunt > M----p,27.4,3.0,Mesoproterozoic,22.56,,Pandurra Formation,,True,False,True,mineral,1975-05-02,2.0
139899,WP 21,,137.0284666,-31.9458224,30.48,1968-12-07,Base Metals,Y,N,N,N,Y,N,N,N,Noranda Australia Ltd.,SML 256,SH5316 TORRENS,167.9,False,Tertiary-Pleistocene rocks > Whyalla Sandstone > Tapley Hill Formation > Pandurra Formation,aI > N-hueh > N-hunt > M----p,30.48,3.0,Mesoproterozoic,22.86,,Pandurra Formation,,True,False,True,mineral,1975-05-02,2.0
139894,WP 16,,137.0073556,-31.9479644,30.48,1968-12-03,Base Metals,Y,N,N,N,Y,N,N,N,Noranda Australia Ltd.,SML 256,SH5316 TORRENS,168.0,False,Tertiary-Pleistocene rocks > Whyalla Sandstone > Tapley Hill Formation > Pandurra Formation,aI > N-hueh > N-hunt > M----p,30.48,3.0,Mesoproterozoic,24.38,,Pandurra Formation,,True,False,True,mineral,1975-05-02,2.0
139895,WP 17,,137.0032256,-31.9525364,45.7,1968-12-05,Base Metals,Y,N,N,N,Y,N,N,N,Noranda Australia Ltd.,SML 256,SH5316 TORRENS,168.4,False,Tertiary-Pleistocene rocks > Whyalla Sandstone > Tapley Hill Formation > Pandurra Formation,aI > N-hueh > N-hunt > M----p,45.7,3.0,Mesoproterozoic,42.18,,Pandurra Formation,,True,False,True,mineral,1975-05-02,2.0
139884,WP 6,,136.9905536,-31.9536394,29.3,1968-10-11,Base Metals,Y,N,N,N,Y,N,N,N,Noranda Australia Ltd.,SML 256,SH5316 TORRENS,168.5,False,Tertiary-Pleistocene rocks > Tapley Hill Formation > Pandurra Formation,aI > N-hunt > M----p,29.26,3.0,Mesoproterozoic,26.21,,Pandurra Formation,,True,False,True,mineral,1975-05-02,2.0
139896,WP 18,,137.0117036,-31.9533064,21.3,1968-12-06,Base Metals,Y,N,N,N,Y,N,N,N,Noranda Australia Ltd.,SML 256,SH5316 TORRENS,168.6,False,Tertiary-Pleistocene rocks > Whyalla Sandstone > Pandurra Formation,aI > N-hueh > M----p,21.3,3.0,Mesoproterozoic,19.2,,Pandurra Formation,,True,False,True,mineral,1975-05-02,2.0
9994,MOUNT WOODS 6,,135.418791,-29.6129583,64.31,1964-10-29,,Y,N,N,N,Y,N,N,Y,Delhi Australia Petroleum Ltd.,SML 67,SH5307 BILLA KALINA,168.7,False,Bulldog Shale > Permian rocks > Palaeoproterozoic rocks,K--rmb > P- > Y-,64.3,4.0,Palaeoproterozoic,61.6,61.6,Palaeoproterozoic rocks,Palaeoproterozoic rocks,True,True,False,mineral,1975-05-02,2.0
139677,LD 7,,137.1013436,-31.9651944,75.3,1971-06-01,Base Metals,Y,N,N,N,Y,N,N,N,Noranda Australia Ltd.,SML 499,SH5316 TORRENS,170.7,False,Tertiary-Pleistocene rocks > Whyalla Sandstone > Pandurra Formation,aI > N-hueh > M----p,75.29,3.0,Mesoproterozoic,36.58,,Pandurra Formation,,True,False,True,mineral,1975-05-02,2.0
147517,PACMINEX EX 147,,137.1107496,-31.9823634,73.0,1974-07-13,"Base Metals, Copper",Y,N,N,N,Y,N,N,N,Mount Gunson Mines Pty Ltd.,EL 50,SH5316 TORRENS,172.7,False,Tertiary-Pleistocene rocks > Whyalla Sandstone > Pandurra Formation,aI > N-hueh > M----p,73.0,3.0,Mesoproterozoic,72.5,,Pandurra Formation,,True,False,True,mineral,1975-05-02,2.0
147518,PACMINEX EX 148,,137.1521496,-31.9879804,13.0,1974-07-13,"Base Metals, Copper",Y,N,N,N,Y,N,N,N,Mount Gunson Mines Pty Ltd.,EL 50,SH5316 TORRENS,173.9,False,Tertiary-Pleistocene rocks > Pandurra Formation,aI > M----p,13.0,3.0,Mesoproterozoic,9.0,,Pandurra Formation,,True,False,True,mineral,1975-05-02,2.0
147519,PACMINEX EX 149,,137.1642296,-31.9976964,49.0,1974-07-15,"Base Metals, Copper",Y,N,N,N,Y,N,N,N,Mount Gunson Mines Pty Ltd.,EL 50,SH5316 TORRENS,175.1,False,Tertiary-Pleistocene rocks > Whyalla Sandstone > Woocalla Dolomite Member > Pandurra Formation,aI > N-hueh > N-huntw > M----p,49.0,3.0,Mesoproterozoic,48.5,,Pandurra Formation,,True,False,True,mineral,1975-05-02,2.0
147515,PACMINEX EX 145,,137.1351796,-32.0091914,7.0,1974-07-13,"Base Metals, Copper",Y,N,N,N,Y,N,N,N,Mount Gunson Mines Pty Ltd.,EL 50,SI5304 PORT AUGUSTA,176.0,False,Tertiary silcrete > Pandurra Formation,ap----si > M----p,7.0,3.0,Mesoproterozoic,5.0,,Pandurra Formation,,True,False,True,mineral,1975-05-02,2.0
147512,PACMINEX EX 140,,137.2260396,-32.0065454,57.0,1974-07-10,"Base Metals, Copper",Y,N,N,N,Y,N,N,N,Mount Gunson Mines Pty Ltd.,EL 50,SI5304 PORT AUGUSTA,177.0,False,Quaternary rocks > Whyalla Sandstone > Pandurra Formation,IH > N-hueh > M----p,57.0,3.0,Mesoproterozoic,56.9,,Pandurra Formation,,True,False,True,mineral,1975-05-02,2.0
147449,PACMINEX EX 3A,,137.2139296,-32.0135234,42.5,1973-10-03,"Base Metals, Copper",Y,N,N,N,Y,N,N,N,Mount Gunson Mines Pty Ltd.,EL 50,SI5304 PORT AUGUSTA,177.6,False,Quaternary rocks > Whyalla Sandstone > Pandurra Formation,IH > N-hueh > M----p,42.5,3.0,Mesoproterozoic,42.4,,Pandurra Formation,,True,False,True,mineral,1975-05-02,2.0
134339,LAKE HARRIS AUGER HOLE 1,,135.1428109,-31.0281183,6.4,1970-12-31,"Base Metals, Chromium, Copper, Nickel, Lead, Zinc",Y,N,N,N,Y,N,N,N,Kennecott Exploration (Australia) Ltd.,SML 345,SH5315 GAIRDNER,179.0,False,Lake Harris Komatiite,AYm--l,6.4,5.0,Archaean,0.0,0.0,Lake Harris Komatiite,Lake Harris Komatiite,True,True,False,mineral,1975-05-02,2.0
147451,PACMINEX EX 4,,137.1390836,-32.0405104,24.0,1973-10-03,"Base Metals, Copper",Y,N,N,N,Y,N,N,N,Mount Gunson Mines Pty Ltd.,EL 50,SI5304 PORT AUGUSTA,179.5,False,Quaternary rocks > Whyalla Sandstone > Pandurra Formation,IH > N-hueh > M----p,24.0,3.0,Mesoproterozoic,9.0,,Pandurra Formation,,True,False,True,mineral,1975-05-02,2.0
20438,PACMINEX EX 142,,137.1716526,-32.0386054,52.5,1974-07-11,"Base Metals, Copper",Y,N,N,Y,Y,N,N,N,Mount Gunson Mines Pty Ltd.,EL 50,SI5304 PORT AUGUSTA,179.7,False,no description > Whyalla Sandstone > Umberatana Group unit 2 > Tapley Hill Formation > Pandurra Formation,------nd > N-hueh > N-hu----02 > N-hunt > M----p,52.5,3.0,Mesoproterozoic,52.4,,Pandurra Formation,,True,False,True,mineral,1975-05-02,2.0
147513,PACMINEX EX 141,,137.2290746,-32.0443704,38.0,1974-07-11,"Base Metals, Copper",Y,N,N,N,Y,N,N,N,Mount Gunson Mines Pty Ltd.,EL 50,SI5304 PORT AUGUSTA,181.2,False,Tertiary-Pleistocene rocks > Whyalla Sandstone > Pandurra Formation,aI > N-hueh > M----p,38.0,3.0,Mesoproterozoic,37.9,,Pandurra Formation,,True,False,True,mineral,1975-05-02,2.0
147520,PACMINEX EX 150,,137.1275146,-32.0575714,4.0,1974-07-15,"Base Metals, Copper",Y,N,N,N,Y,N,N,N,Mount Gunson Mines Pty Ltd.,EL 50,SI5304 PORT AUGUSTA,181.2,False,Quaternary rocks > Pandurra Formation,IH > M----p,4.0,3.0,Mesoproterozoic,1.0,,Pandurra Formation,,True,False,True,mineral,1975-05-02,2.0
20461,PACMINEX EX 2,,137.3320026,-32.0280894,65.0,1973-10-02,"Base Metals, Copper",Y,N,N,N,Y,N,N,N,Mount Gunson Mines Pty Ltd.,EL 50,SI5304 PORT AUGUSTA,181.5,False,Quaternary rocks > Tertiary silcrete > Whyalla Sandstone > Umberatana Group unit 2 > Tapley Hill Formation > Pandurra Formation,IH > ap----si > N-hueh > N-hu----02 > N-hunt > M----p,65.0,3.0,Mesoproterozoic,64.0,,Pandurra Formation,,True,False,True,mineral,1975-05-02,2.0
20463,PACMINEX EX 136,,137.1917246,-32.0544944,84.5,1974-07-01,"Base Metals, Copper",Y,N,N,N,Y,N,N,N,Mount Gunson Mines Pty Ltd.,EL 50,SI5304 PORT AUGUSTA,181.7,False,Quaternary rocks > Whyalla Sandstone > Umberatana Group unit 2 > Pandurra Formation,IH > N-hueh > N-hu----02 > M----p,84.5,3.0,Mesoproterozoic,84.4,,Pandurra Formation,,True,False,True,mineral,1975-05-02,2.0
147524,PACMINEX EX 154,,137.1025766,-32.0645724,14.0,1974-07-16,"Base Metals, Copper",Y,N,N,N,Y,N,N,N,Mount Gunson Mines Pty Ltd.,EL 50,SI5304 PORT AUGUSTA,181.7,False,Quaternary rocks > Umberatana Group unit 2 > Pandurra Formation,IH > N-hu----02 > M----p,14.0,3.0,Mesoproterozoic,13.9,,Pandurra Formation,,True,False,True,mineral,1975-05-02,2.0
9457,LINE 90E 20,,135.2124069,-31.2274293,7.01,1969-10-25,"Copper, Nickel",Y,N,N,N,Y,N,N,N,Asarco (Australia) Pty Ltd.,SML 307,SH5315 GAIRDNER,182.2,False,Quaternary rocks > Hiltaba Suite,IH > M-th,7.01,3.0,Mesoproterozoic,3.12,3.12,Hiltaba Suite,Hiltaba Suite,True,True,False,mineral,1975-05-02,2.0
9458,LINE 90E 18,,135.2124069,-31.2274293,6.1,1969-10-25,"Copper, Nickel",Y,N,N,N,Y,N,N,N,Asarco (Australia) Pty Ltd.,SML 307,SH5315 GAIRDNER,182.2,False,Quaternary rocks > Hiltaba Suite,IH > M-th,6.1,3.0,Mesoproterozoic,1.92,1.92,Hiltaba Suite,Hiltaba Suite,True,True,False,mineral,1975-05-02,2.0
20440,PACMINEX EX 143,,137.1618536,-32.0631244,42.0,1974-07-12,"Base Metals, Copper",Y,N,N,Y,Y,N,N,N,Mount Gunson Mines Pty Ltd.,EL 50,SI5304 PORT AUGUSTA,182.3,False,Quaternary rocks > Whyalla Sandstone > Umberatana Group unit 2 > Woocalla Dolomite Member > Pandurra Formation,IH > N-hueh > N-hu----02 > N-huntw > M----p,42.0,3.0,Mesoproterozoic,41.9,,Pandurra Formation,,True,False,True,mineral,1975-05-02,2.0
9459,LINE 90E 16,,135.2124129,-31.2301373,6.1,1969-10-25,"Copper, Nickel",Y,N,N,N,Y,N,N,N,Asarco (Australia) Pty Ltd.,SML 307,SH5315 GAIRDNER,182.4,False,Quaternary rocks > Hiltaba Suite,IH > M-th,6.1,3.0,Mesoproterozoic,1.44,1.44,Hiltaba Suite,Hiltaba Suite,True,True,False,mineral,1975-05-02,2.0
9462,LINE 90E 15.5,,135.2124129,-31.2301373,9.14,1969-10-25,"Copper, Nickel",Y,N,N,N,Y,N,N,N,Asarco (Australia) Pty Ltd.,SML 307,SH5315 GAIRDNER,182.4,False,Quaternary rocks > Hiltaba Suite,IH > M-th,9.14,3.0,Mesoproterozoic,1.44,1.44,Hiltaba Suite,Hiltaba Suite,True,True,False,mineral,1975-05-02,2.0
9461,LINE 90E 15,,135.2124129,-31.2301373,3.05,1969-10-25,"Copper, Nickel",Y,N,N,N,Y,N,N,N,Asarco (Australia) Pty Ltd.,SML 307,SH5315 GAIRDNER,182.4,False,Chitanilga Volcanic Complex unit 2,M-tai---02,3.05,3.0,Mesoproterozoic,0.0,0.0,Chitanilga Volcanic Complex unit 2,Chitanilga Volcanic Complex unit 2,True,True,False,mineral,1975-05-02,2.0
9460,LINE 90E 14,,135.2124129,-31.2301373,6.1,1969-10-25,"Copper, Nickel",Y,N,N,N,Y,N,N,N,Asarco (Australia) Pty Ltd.,SML 307,SH5315 GAIRDNER,182.4,False,Chitanilga Volcanic Complex unit 2,M-tai---02,3.05,3.0,Mesoproterozoic,0.0,0.0,Chitanilga Volcanic Complex unit 2,Chitanilga Volcanic Complex unit 2,True,True,False,mineral,1975-05-02,2.0
9456,LINE 80E 20,,135.2082069,-31.2274373,7.01,1969-10-25,"Copper, Nickel",Y,N,N,N,Y,N,N,N,Asarco (Australia) Pty Ltd.,SML 307,SH5315 GAIRDNER,182.6,False,Quaternary rocks > Chitanilga Volcanic Complex unit 2,IH > M-tai---02,7.01,3.0,Mesoproterozoic,1.2,1.2,Chitanilga Volcanic Complex unit 2,Chitanilga Volcanic Complex unit 2,True,True,False,mineral,1975-05-02,2.0
9455,LINE 80E 19,,135.2082069,-31.2274373,5.18,1969-10-25,"Copper, Nickel",Y,N,N,N,Y,N,N,N,Asarco (Australia) Pty Ltd.,SML 307,SH5315 GAIRDNER,182.6,False,Quaternary rocks > Chitanilga Volcanic Complex unit 10,IH > M-tai---10,5.18,3.0,Mesoproterozoic,1.68,1.68,Chitanilga Volcanic Complex unit 10,Chitanilga Volcanic Complex unit 10,True,True,False,mineral,1975-05-02,2.0
147523,PACMINEX EX 153,,137.0766986,-32.0771754,4.0,1974-07-16,"Base Metals, Copper",Y,N,N,N,Y,N,N,N,Mount Gunson Mines Pty Ltd.,EL 50,SI5304 PORT AUGUSTA,182.8,False,Quaternary rocks > Pandurra Formation,IH > M----p,4.0,3.0,Mesoproterozoic,3.0,,Pandurra Formation,,True,False,True,mineral,1975-05-02,2.0
9445,LINE 70E 07,,135.2050649,-31.2310513,6.1,1969-10-24,"Copper, Nickel",Y,N,N,N,Y,N,N,N,Asarco (Australia) Pty Ltd.,SML 307,SH5315 GAIRDNER,183.0,False,Tertiary-Pleistocene rocks > Hiltaba Suite,aI > M-th,6.1,3.0,Mesoproterozoic,3.84,3.84,Hiltaba Suite,Hiltaba Suite,True,True,False,mineral,1975-05-02,2.0
9444,LINE 70E 10,,135.2050649,-31.2310513,9.14,1969-10-24,"Copper, Nickel",Y,N,N,N,Y,N,N,N,Asarco (Australia) Pty Ltd.,SML 307,SH5315 GAIRDNER,183.0,False,Tertiary-Pleistocene rocks > Hiltaba Suite,aI > M-th,9.14,3.0,Mesoproterozoic,4.8,4.8,Hiltaba Suite,Hiltaba Suite,True,True,False,mineral,1975-05-02,2.0
9447,LINE 70E 01,,135.2050679,-31.2328573,6.1,1969-10-24,"Copper, Nickel",Y,N,N,N,Y,N,N,N,Asarco (Australia) Pty Ltd.,SML 307,SH5315 GAIRDNER,183.1,False,Tertiary-Pleistocene rocks > Hiltaba Suite,aI > M-th,10.67,3.0,Mesoproterozoic,5.28,5.28,Hiltaba Suite,Hiltaba Suite,True,True,False,mineral,1975-05-02,2.0
9446,LINE 70E 04,,135.2050679,-31.2328573,6.1,1969-10-24,"Copper, Nickel",Y,N,N,N,Y,N,N,N,Asarco (Australia) Pty Ltd.,SML 307,SH5315 GAIRDNER,183.1,False,Tertiary-Pleistocene rocks > Hiltaba Suite,aI > M-th,6.1,3.0,Mesoproterozoic,4.8,4.8,Hiltaba Suite,Hiltaba Suite,True,True,False,mineral,1975-05-02,2.0
9439,LINE 60E 10,,135.1998129,-31.2301573,5.49,1969-10-24,"Copper, Nickel",Y,N,N,N,Y,N,N,N,Asarco (Australia) Pty Ltd.,SML 307,SH5315 GAIRDNER,183.4,False,Tertiary-Pleistocene rocks > Hiltaba Suite,aI > M-th,5.49,3.0,Mesoproterozoic,2.16,2.16,Hiltaba Suite,Hiltaba Suite,True,True,False,mineral,1975-05-02,2.0
9440,LINE 60E 07,,135.1998129,-31.2301573,6.1,1969-10-24,"Copper, Nickel",Y,N,N,N,Y,N,N,N,Asarco (Australia) Pty Ltd.,SML 307,SH5315 GAIRDNER,183.4,False,Tertiary-Pleistocene rocks > Hiltaba Suite,aI > M-th,6.1,3.0,Mesoproterozoic,2.4,2.4,Hiltaba Suite,Hiltaba Suite,True,True,False,mineral,1975-05-02,2.0
9441,LINE 60E 04,,135.1998179,-31.2328653,6.1,1969-10-24,"Copper, Nickel",Y,N,N,N,Y,N,N,N,Asarco (Australia) Pty Ltd.,SML 307,SH5315 GAIRDNER,183.6,False,Tertiary-Pleistocene rocks > Hiltaba Suite,aI > M-th,6.1,3.0,Mesoproterozoic,1.92,1.92,Hiltaba Suite,Hiltaba Suite,True,True,False,mineral,1975-05-02,2.0
9443,LINE 60E 98,,135.1998179,-31.2328653,6.1,1969-10-24,"Copper, Nickel",Y,N,N,N,Y,N,N,N,Asarco (Australia) Pty Ltd.,SML 307,SH5315 GAIRDNER,183.6,False,Tertiary-Pleistocene rocks > Hiltaba Suite,aI > M-th,6.1,3.0,Mesoproterozoic,2.4,2.4,Hiltaba Suite,Hiltaba Suite,True,True,False,mineral,1975-05-02,2.0
20464,PACMINEX EX 155,,137.0609816,-32.0867204,26.0,1974-07-16,"Base Metals, Copper",Y,N,N,N,Y,N,N,N,Mount Gunson Mines Pty Ltd.,EL 50,SI5304 PORT AUGUSTA,183.7,False,Quaternary rocks > Pandurra Formation,IH > M----p,26.0,3.0,Mesoproterozoic,7.0,,Pandurra Formation,,True,False,True,mineral,1975-05-02,2.0
9449,LINE 35E 03,,135.1914129,-31.2301713,6.1,1969-10-23,"Copper, Nickel",Y,N,N,N,Y,N,N,N,Asarco (Australia) Pty Ltd.,SML 307,SH5315 GAIRDNER,184.1,False,Quaternary rocks > Chitanilga Volcanic Complex unit 2,IH > M-tai---02,6.1,3.0,Mesoproterozoic,1.44,1.44,Chitanilga Volcanic Complex unit 2,Chitanilga Volcanic Complex unit 2,True,True,False,mineral,1975-05-02,2.0
9453,LINE 30E 17,,135.1893069,-31.2265623,6.1,1969-10-23,"Copper, Nickel",Y,N,N,N,Y,N,N,N,Asarco (Australia) Pty Ltd.,SML 307,SH5315 GAIRDNER,184.1,False,Quaternary rocks > Glenloth Granite,IH > AYm--g,6.1,5.0,Archaean,1.44,1.44,Glenloth Granite,Glenloth Granite,True,True,False,mineral,1975-05-02,2.0
9452,LINE 30E 20,,135.1893069,-31.2265623,3.66,1969-10-23,"Copper, Nickel",Y,N,N,N,Y,N,N,N,Asarco (Australia) Pty Ltd.,SML 307,SH5315 GAIRDNER,184.1,False,Quaternary rocks > Glenloth Granite,IH > AYm--g,3.66,5.0,Archaean,1.92,1.92,Glenloth Granite,Glenloth Granite,True,True,False,mineral,1975-05-02,2.0
9454,LINE 30E 15,,135.1893069,-31.2265623,6.1,1969-10-23,"Copper, Nickel",Y,N,N,N,Y,N,N,N,Asarco (Australia) Pty Ltd.,SML 307,SH5315 GAIRDNER,184.1,False,Quaternary rocks > Glenloth Granite,IH > AYm--g,6.1,5.0,Archaean,1.44,1.44,Glenloth Granite,Glenloth Granite,True,True,False,mineral,1975-05-02,2.0
9451,LINE 35E 07.5,,135.1914129,-31.2301713,6.1,1969-10-23,"Copper, Nickel",Y,N,N,N,Y,N,N,N,Asarco (Australia) Pty Ltd.,SML 307,SH5315 GAIRDNER,184.1,False,Quaternary rocks > Glenloth Granite,IH > AYm--g,6.1,5.0,Archaean,3.48,3.48,Glenloth Granite,Glenloth Granite,True,True,False,mineral,1975-05-02,2.0
9448,LINE 35E 06,,135.1914129,-31.2301713,12.19,1969-10-23,"Copper, Nickel",Y,N,N,N,Y,N,N,N,Asarco (Australia) Pty Ltd.,SML 307,SH5315 GAIRDNER,184.1,False,Quaternary rocks > Glenloth Granite,IH > AYm--g,12.19,5.0,Archaean,5.04,5.04,Glenloth Granite,Glenloth Granite,True,True,False,mineral,1975-05-02,2.0
147521,PACMINEX EX 151,,137.1264376,-32.0841974,22.0,1974-07-15,"Base Metals, Copper",Y,N,N,N,Y,N,N,N,Mount Gunson Mines Pty Ltd.,EL 50,SI5304 PORT AUGUSTA,184.1,False,Quaternary rocks > Umberatana Group unit 2 > Pandurra Formation,IH > N-hu----02 > M----p,22.0,3.0,Mesoproterozoic,21.75,,Pandurra Formation,,True,False,True,mineral,1975-05-02,2.0
136436,MT. MITCHELL 2,,135.108531,-31.0785903,4.57,1966-01-01,Gold,Y,N,N,N,Y,N,N,N,Australian Development Ltd.,SML 83,SH5315 GAIRDNER,184.1,False,Glenloth Granite,AYm--g,4.54,5.0,Archaean,0.0,0.0,Glenloth Granite,Glenloth Granite,True,True,False,mineral,1975-05-02,2.0
9450,LINE 35E 04.5,,135.1914129,-31.2301713,9.14,1969-10-23,"Copper, Nickel",Y,N,N,N,Y,N,N,N,Asarco (Australia) Pty Ltd.,SML 307,SH5315 GAIRDNER,184.1,False,Quaternary rocks > Chitanilga Volcanic Complex unit 2,IH > M-tai---02,9.14,3.0,Mesoproterozoic,2.4,2.4,Chitanilga Volcanic Complex unit 2,Chitanilga Volcanic Complex unit 2,True,True,False,mineral,1975-05-02,2.0
136437,MT. MITCHELL 3,,135.108248,-31.0787793,15.24,1966-01-01,Gold,Y,N,N,N,Y,N,N,N,Australian Development Ltd.,SML 83,SH5315 GAIRDNER,184.2,False,Glenloth Granite,AYm--g,15.21,5.0,Archaean,0.0,0.0,Glenloth Granite,Glenloth Granite,True,True,False,mineral,1975-05-02,2.0
136438,MT. MITCHELL 4,,135.107639,-31.0788243,17.37,1966-01-01,Gold,Y,N,N,N,Y,N,N,N,Australian Development Ltd.,SML 83,SH5315 GAIRDNER,184.2,False,Glenloth Granite,AYm--g,17.34,5.0,Archaean,0.0,0.0,Glenloth Granite,Glenloth Granite,True,True,False,mineral,1975-05-02,2.0
136435,MT. MITCHELL 1,,135.108289,-31.0786793,15.55,1966-01-01,Gold,Y,N,N,N,Y,N,N,N,Australian Development Ltd.,SML 83,SH5315 GAIRDNER,184.2,False,Glenloth Granite,AYm--g,15.54,5.0,Archaean,0.0,0.0,Glenloth Granite,Glenloth Granite,True,True,False,mineral,1975-05-02,2.0
9465,LINE 30N 28,,135.2009209,-31.2572243,19.81,1969-10-26,"Copper, Nickel",Y,N,N,N,Y,N,N,N,Asarco (Australia) Pty Ltd.,SML 307,SH5315 GAIRDNER,184.8,False,Tertiary-Pleistocene rocks > Cretaceous-Paleocene deep weathering > Chitanilga Volcanic Complex unit 10,aI > Ka----dw > M-tai---10,19.81,3.0,Mesoproterozoic,16.56,16.56,Chitanilga Volcanic Complex unit 10,Chitanilga Volcanic Complex unit 10,True,True,False,mineral,1975-05-02,2.0
9330,GLW 1,,135.095737,-31.0750103,45.72,1969-11-27,Tin,Y,N,N,N,Y,N,N,N,South Australia. Department of Mines and Energy., ,SH5315 GAIRDNER,185.1,False,Glenloth Granite,AYm--g,45.72,5.0,Archaean,0.0,0.0,Glenloth Granite,Glenloth Granite,True,True,False,mineral,1975-05-02,2.0
147514,PACMINEX EX 144,,137.1598476,-32.0904854,60.0,1974-07-13,"Base Metals, Copper",Y,N,N,N,Y,N,N,N,Mount Gunson Mines Pty Ltd.,EL 50,SI5304 PORT AUGUSTA,185.2,False,Quaternary rocks > Whyalla Sandstone > Umberatana Group unit 2 > Pandurra Formation,IH > N-hueh > N-hu----02 > M----p,60.0,3.0,Mesoproterozoic,57.0,,Pandurra Formation,,True,False,True,mineral,1975-05-02,2.0
147522,PACMINEX EX 152,,137.1757286,-32.0989604,56.0,1974-07-16,"Base Metals, Copper",Y,N,N,N,Y,N,N,N,Mount Gunson Mines Pty Ltd.,EL 50,SI5304 PORT AUGUSTA,186.4,False,Quaternary rocks > Umberatana Group unit 2 > Pandurra Formation,IH > N-hu----02 > M----p,56.0,3.0,Mesoproterozoic,54.0,,Pandurra Formation,,True,False,True,mineral,1975-05-02,2.0
20424,PACMINEX EX 132,,137.2104036,-32.1089134,53.0,1974-06-27,"Base Metals, Copper",Y,N,N,N,Y,N,N,N,Mount Gunson Mines Pty Ltd.,EL 50,SI5304 PORT AUGUSTA,188.0,False,Quaternary rocks > Whyalla Sandstone > Pandurra Formation,IH > N-hueh > M----p,53.0,3.0,Mesoproterozoic,52.5,,Pandurra Formation,,True,False,True,mineral,1975-05-02,2.0
6411,EDR 3,,134.986236,-30.8864843,35.05,1969-11-08,,Y,N,N,N,Y,Y,N,Y,South Australia. Department of Mines and Energy., ,SH5310 TARCOOLA,188.4,False,Mulgathing Complex,AYm,35.05,5.0,Archaean,0.0,0.0,Mulgathing Complex,Mulgathing Complex,True,True,False,mineral,1975-05-02,2.0
6412,EDR 4,,134.986309,-30.8864853,36.58,1969-11-11,,Y,N,N,N,Y,Y,N,Y,South Australia. Department of Mines and Energy., ,SH5310 TARCOOLA,188.4,False,Mulgathing Complex,AYm,36.58,5.0,Archaean,0.0,0.0,Mulgathing Complex,Mulgathing Complex,True,True,False,mineral,1975-05-02,2.0
6409,EDR 1,,134.986236,-30.8864843,41.15,1969-11-06,,Y,N,N,N,Y,Y,N,Y,South Australia. Department of Mines and Energy., ,SH5310 TARCOOLA,188.4,False,Mulgathing Complex,AYm,40.23,5.0,Archaean,0.0,0.0,Mulgathing Complex,Mulgathing Complex,True,True,False,mineral,1975-05-02,2.0
6410,EDR 2,,134.986236,-30.8864843,47.24,1969-11-07,,Y,N,N,N,Y,Y,N,Y,South Australia. Department of Mines and Energy., ,SH5310 TARCOOLA,188.4,False,Mulgathing Complex,AYm,47.24,5.0,Archaean,0.0,0.0,Mulgathing Complex,Mulgathing Complex,True,True,False,mineral,1975-05-02,2.0
6414,EDR 6,,134.986236,-30.8864843,22.86,1969-11-11,,Y,N,N,N,Y,N,N,Y,South Australia. Department of Mines and Energy., ,SH5310 TARCOOLA,188.4,False,Mulgathing Complex,AYm,22.86,5.0,Archaean,0.0,0.0,Mulgathing Complex,Mulgathing Complex,True,True,False,mineral,1975-05-02,2.0
6413,EDR 5,,134.986236,-30.8864843,29.87,1969-11-11,,Y,N,N,N,Y,N,N,Y,South Australia. Department of Mines and Energy., ,SH5310 TARCOOLA,188.4,False,Mulgathing Complex,AYm,29.87,5.0,Archaean,0.0,0.0,Mulgathing Complex,Mulgathing Complex,True,True,False,mineral,1975-05-02,2.0
20425,PACMINEX EX 130,,137.2052116,-32.1134214,56.0,1974-06-26,"Base Metals, Copper",Y,N,N,N,Y,N,N,N,Mount Gunson Mines Pty Ltd.,EL 50,SI5304 PORT AUGUSTA,188.4,False,Tertiary-Pleistocene rocks > Whyalla Sandstone > Pandurra Formation,aI > N-hueh > M----p,56.0,3.0,Mesoproterozoic,54.0,,Pandurra Formation,,True,False,True,mineral,1975-05-02,2.0
147448,PACMINEX EX 5,,137.1637206,-32.1199104,33.0,1973-10-03,"Base Metals, Copper",Y,N,N,N,Y,N,N,N,Mount Gunson Mines Pty Ltd.,EL 50,SI5304 PORT AUGUSTA,188.5,False,Quaternary rocks > Whyalla Sandstone > ferruginisation > weathering/weathered rocks > Pandurra Formation,IH > N-hueh > ------fe > ------we > M----p,33.0,3.0,Mesoproterozoic,27.0,,Pandurra Formation,,True,False,True,mineral,1975-05-02,2.0
147508,PACMINEX EX 133,,137.1814646,-32.1218604,26.5,1974-06-28,"Base Metals, Copper",Y,N,N,N,Y,N,N,N,Mount Gunson Mines Pty Ltd.,EL 50,SI5304 PORT AUGUSTA,189.0,False,Quaternary rocks > Tertiary silcrete > Umberatana Group unit 2 > Pandurra Formation,IH > ap----si > N-hu----02 > M----p,26.5,3.0,Mesoproterozoic,24.0,,Pandurra Formation,,True,False,True,mineral,1975-05-02,2.0
135905,KENELLA 6A,,134.963236,-30.9207693,105.46,1973-12-31,Base Metals,Y,N,N,N,Y,N,N,Y,Agilis Exploration Services (Aust) Pty Ltd.,EL 56,SH5310 TARCOOLA,191.5,False,Quaternary rocks > Mulgathing Complex > Mulgathing Complex,IH > AYm > AYm,105.46,5.0,Archaean,3.0,3.0,Mulgathing Complex,Mulgathing Complex,True,True,False,mineral,1975-05-02,2.0
166510,KENELLA 3A,,134.964198,-30.9250553,44.2,1973-12-31,Base Metals,Y,N,N,N,Y,N,N,Y,Agilis Exploration Services (Aust) Pty Ltd.,EL 56,SH5310 TARCOOLA,191.6,False,Quaternary rocks > Mulgathing Complex,IH > AYm,44.2,5.0,Archaean,4.6,4.6,Mulgathing Complex,Mulgathing Complex,True,True,False,mineral,1975-05-02,2.0
135902,KENELLA 4A,,134.962346,-30.9225283,152.4,1973-12-31,Base Metals,Y,N,N,N,Y,N,N,Y,Agilis Exploration Services (Aust) Pty Ltd.,EL 56,SH5310 TARCOOLA,191.7,False,Quaternary rocks > Mulgathing Complex,IH > AYm,152.4,5.0,Archaean,4.6,4.6,Mulgathing Complex,Mulgathing Complex,True,True,False,mineral,1975-05-02,2.0
166511,KENELLA 5A,,134.963149,-30.9289353,106.68,1973-12-31,Base Metals,Y,N,N,N,Y,N,N,Y,Agilis Exploration Services (Aust) Pty Ltd.,EL 56,SH5310 TARCOOLA,191.8,False,Quaternary rocks > Mulgathing Complex,IH > AYm,106.68,5.0,Archaean,4.6,4.6,Mulgathing Complex,Mulgathing Complex,True,True,False,mineral,1975-05-02,2.0
166509,KENELLA 2A,,134.961791,-30.9239723,123.14,1973-12-31,Base Metals,Y,N,N,N,Y,N,N,Y,Agilis Exploration Services (Aust) Pty Ltd.,EL 56,SH5310 TARCOOLA,191.8,False,Quaternary rocks > Mulgathing Complex > Mulgathing Complex,IH > AYm > AYm,123.14,5.0,Archaean,4.6,4.6,Mulgathing Complex,Mulgathing Complex,True,True,False,mineral,1975-05-02,2.0
166512,KENELLA 7A,,134.960535,-30.9228883,96.62,1973-12-31,Base Metals,Y,N,N,N,Y,N,N,Y,Agilis Exploration Services (Aust) Pty Ltd.,EL 56,SH5310 TARCOOLA,191.9,False,Quaternary rocks > Mulgathing Complex,IH > AYm,96.62,5.0,Archaean,6.1,6.1,Mulgathing Complex,Mulgathing Complex,True,True,False,mineral,1975-05-02,2.0
166513,KENELLA 8A,,134.959488,-30.9228883,48.16,1973-12-31,Base Metals,Y,N,N,N,Y,N,N,Y,Agilis Exploration Services (Aust) Pty Ltd.,EL 56,SH5310 TARCOOLA,192.0,False,Quaternary rocks > Mulgathing Complex,IH > AYm,48.16,5.0,Archaean,4.6,4.6,Mulgathing Complex,Mulgathing Complex,True,True,False,mineral,1975-05-02,2.0
135903,KENELLA 1A,,134.958315,-30.9254233,152.4,1973-12-31,Base Metals,Y,N,N,N,Y,N,N,Y,Agilis Exploration Services (Aust) Pty Ltd.,EL 56,SH5310 TARCOOLA,192.1,False,Quaternary rocks > Mulgathing Complex > Mulgathing Complex,IH > AYm > AYm,152.4,5.0,Archaean,7.6,7.6,Mulgathing Complex,Mulgathing Complex,True,True,False,mineral,1975-05-02,2.0
135904,KENELLA 9A,,134.958347,-30.9243403,118.57,1973-12-31,Base Metals,Y,N,N,N,Y,N,N,Y,Agilis Exploration Services (Aust) Pty Ltd.,EL 56,SH5310 TARCOOLA,192.1,False,Quaternary rocks > Mulgathing Complex,IH > AYm,118.57,5.0,Archaean,4.6,4.6,Mulgathing Complex,Mulgathing Complex,True,True,False,mineral,1975-05-02,2.0
139809,M 15,,137.4263206,-32.1119924,30.0,1972-06-23,Clay,Y,N,N,N,Y,N,N,N,Pacminex Pty Ltd., ,SI5304 PORT AUGUSTA,192.7,False,Tertiary-Pleistocene rocks > Whyalla Sandstone > Woocalla Dolomite Member > Pandurra Formation,aI > N-hueh > N-huntw > M----p,30.0,3.0,Mesoproterozoic,17.0,,Pandurra Formation,,True,False,True,mineral,1975-05-02,2.0
147507,PACMINEX EX 127,,137.2069736,-32.1556884,64.0,1974-06-24,"Base Metals, Copper",Y,N,N,N,Y,N,N,N,Mount Gunson Mines Pty Ltd.,EL 50,SI5304 PORT AUGUSTA,193.1,False,Tertiary-Pleistocene rocks > Whyalla Sandstone > Pandurra Formation,aI > N-hueh > M----p,64.0,3.0,Mesoproterozoic,62.0,,Pandurra Formation,,True,False,True,mineral,1975-05-02,2.0
147506,PACMINEX EX 126,,137.1963266,-32.1671494,42.0,1974-06-14,"Base Metals, Copper",Y,N,N,N,Y,N,N,N,Mount Gunson Mines Pty Ltd.,EL 50,SI5304 PORT AUGUSTA,194.2,False,Tertiary-Pleistocene rocks > Whyalla Sandstone > Pandurra Formation,aI > N-hueh > M----p,42.0,3.0,Mesoproterozoic,25.0,,Pandurra Formation,,True,False,True,mineral,1975-05-02,2.0
147892,PACMINEX EX 156,,136.9809936,-32.1973114,23.0,1974-07-17,"Base Metals, Copper",Y,N,N,N,Y,N,N,N,Mount Gunson Mines Pty Ltd.,EL 50,SI5304 PORT AUGUSTA,195.5,False,Quaternary rocks > Pandurra Formation,IH > M----p,23.0,3.0,Mesoproterozoic,9.0,,Pandurra Formation,,True,False,True,mineral,1975-05-02,2.0
147505,PACMINEX EX 125,,137.2153626,-32.1825994,17.5,1974-06-14,"Base Metals, Copper",Y,N,N,N,Y,N,N,N,Mount Gunson Mines Pty Ltd.,EL 50,SI5304 PORT AUGUSTA,196.2,False,Tertiary-Pleistocene rocks > Pandurra Formation,aI > M----p,17.5,3.0,Mesoproterozoic,9.0,,Pandurra Formation,,True,False,True,mineral,1975-05-02,2.0
147453,PACMINEX EX 10,,137.3268446,-32.2004374,61.0,1973-10-07,"Base Metals, Copper",Y,N,N,N,Y,N,N,N,Mount Gunson Mines Pty Ltd.,EL 50,SI5304 PORT AUGUSTA,200.1,False,Quaternary rocks > Tertiary silcrete > Umberatana Group unit 2 > Umberatana Group unit 2 > Tapley Hill Formation > Pandurra Formation,IH > ap----si > N-hu----02 > N-hu----02 > N-hunt > M----p,61.0,3.0,Mesoproterozoic,59.0,,Pandurra Formation,,True,False,True,mineral,1975-05-02,2.0
20465,PACMINEX EX 11,,137.3021086,-32.2121624,68.6,1973-10-08,"Base Metals, Copper",Y,N,N,N,Y,N,N,N,Mount Gunson Mines Pty Ltd.,EL 50,SI5304 PORT AUGUSTA,200.9,False,Whyalla Sandstone > Umberatana Group unit 2 > Umberatana Group unit 2 > Pandurra Formation,N-hueh > N-hu----02 > N-hu----02 > M----p,68.6,3.0,Mesoproterozoic,67.0,,Pandurra Formation,,True,False,True,mineral,1975-05-02,2.0
147454,PACMINEX EX 13,,137.2564156,-32.2346304,19.8,1973-10-09,"Base Metals, Copper",Y,N,N,N,Y,N,N,N,Mount Gunson Mines Pty Ltd.,EL 50,SI5304 PORT AUGUSTA,202.5,False,Tertiary-Pleistocene rocks > Whyalla Sandstone > Umberatana Group unit 2 > Pandurra Formation,aI > N-hueh > N-hu----02 > M----p,19.8,3.0,Mesoproterozoic,17.7,,Pandurra Formation,,True,False,True,mineral,1975-05-02,2.0
24899,WILKATANA 17,188000007,137.8768119,-32.0686867,63.9,1956-10-18,,N,Y,Y,N,Y,Y,N,N,SANTOS LIMITED,OEL 7,SI5304 PORT AUGUSTA,204.0,False,Quaternary rocks > Neuroodla Formation > Proterozoic rocks,IH > op---u > YN,63.9,4.0,Palaeoproterozoic,56.4,56.4,Proterozoic rocks,Proterozoic rocks,True,True,False,petroleum,1975-05-02,2.0
147457,PACMINEX EX 16,,137.3182956,-32.2605654,68.0,1973-10-10,"Base Metals, Copper",Y,N,N,N,Y,N,N,N,Mount Gunson Mines Pty Ltd.,EL 50,SI5304 PORT AUGUSTA,206.4,False,Quaternary rocks > Whyalla Sandstone > Umberatana Group unit 2 > Pandurra Formation,IH > N-hueh > N-hu----02 > M----p,68.0,3.0,Mesoproterozoic,64.0,,Pandurra Formation,,True,False,True,mineral,1975-05-02,2.0
147502,PACMINEX EX 122,,137.2874846,-32.2677104,28.0,1974-06-13,"Base Metals, Copper",Y,N,N,N,Y,N,N,N,Mount Gunson Mines Pty Ltd.,EL 50,SI5304 PORT AUGUSTA,206.6,False,Tertiary-Pleistocene rocks > Umberatana Group unit 2 > Pandurra Formation,aI > N-hu----02 > M----p,28.0,3.0,Mesoproterozoic,27.0,,Pandurra Formation,,True,False,True,mineral,1975-05-02,2.0
147456,PACMINEX EX 15,,137.2970046,-32.2789914,34.1,1973-10-09,"Base Metals, Copper",Y,N,N,N,Y,N,N,N,Mount Gunson Mines Pty Ltd.,EL 50,SI5304 PORT AUGUSTA,208.0,False,Quaternary rocks > Umberatana Group unit 2 > Pandurra Formation,IH > N-hu----02 > M----p,34.1,3.0,Mesoproterozoic,33.0,,Pandurra Formation,,True,False,True,mineral,1975-05-02,2.0
147458,PACMINEX EX 17,,137.3566126,-32.2687844,79.2,1973-10-10,"Base Metals, Copper",Y,N,N,N,Y,N,N,N,Mount Gunson Mines Pty Ltd.,EL 50,SI5304 PORT AUGUSTA,208.1,False,Quaternary rocks > Whyalla Sandstone > Umberatana Group unit 2 > Umberatana Group unit 2 > Tapley Hill Formation > Pandurra Formation,IH > N-hueh > N-hu----02 > N-hu----02 > N-hunt > M----p,79.2,3.0,Mesoproterozoic,76.0,,Pandurra Formation,,True,False,True,mineral,1975-05-02,2.0
147459,PACMINEX EX 18,,137.3851506,-32.2683374,74.7,1973-10-11,"Base Metals, Copper",Y,N,N,N,Y,N,N,N,Mount Gunson Mines Pty Ltd.,EL 50,SI5304 PORT AUGUSTA,208.6,False,Quaternary rocks > Umberatana Group unit 2 > Tapley Hill Formation > Pandurra Formation,IH > N-hu----02 > N-hunt > M----p,74.7,3.0,Mesoproterozoic,71.6,,Pandurra Formation,,True,False,True,mineral,1975-05-02,2.0
24957,WILKATANA 13,727019201,137.8714236,-32.1237981,177.4,1956-10-07,,N,Y,Y,N,Y,N,N,N,SANTOS LIMITED,OEL 7,SI5304 PORT AUGUSTA,209.2,False,Quaternary rocks > Neuroodla Formation > Cotabena Formation > Proterozoic rocks,IH > op---u > eo---o > YN,177.4,4.0,Palaeoproterozoic,172.0,172.0,Proterozoic rocks,Proterozoic rocks,True,True,False,petroleum,1975-05-02,2.0
24958,WILKATANA 14,727008601,137.89209,-32.1233258,182.88,1956-10-11,,N,Y,Y,N,Y,Y,N,N,SANTOS LIMITED,OEL 7,SI5304 PORT AUGUSTA,210.0,False,Quaternary rocks > Neuroodla Formation > Cotabena Formation > Proterozoic rocks,IH > op---u > eo---o > YN,182.88,4.0,Palaeoproterozoic,167.6,167.6,Proterozoic rocks,Proterozoic rocks,True,True,False,petroleum,1975-05-02,2.0
147499,PACMINEX EX 119,,137.3142716,-32.2985164,18.0,1974-06-11,"Base Metals, Copper",Y,N,N,N,Y,N,N,N,Mount Gunson Mines Pty Ltd.,EL 50,SI5304 PORT AUGUSTA,210.5,False,Quaternary rocks > Tertiary silcrete > Tertiary rocks > Pandurra Formation,IH > ap----si > ap > M----p,18.0,3.0,Mesoproterozoic,17.75,,Pandurra Formation,,True,False,True,mineral,1975-05-02,2.0
147469,PACMINEX EX 28,,137.3452346,-32.3175124,21.0,1973-10-15,"Base Metals, Copper",Y,N,N,N,Y,N,N,N,Mount Gunson Mines Pty Ltd.,EL 50,SI5304 PORT AUGUSTA,213.1,False,Quaternary rocks > Umberatana Group unit 2 > Pandurra Formation,IH > N-hu----02 > M----p,21.0,3.0,Mesoproterozoic,19.5,,Pandurra Formation,,True,False,True,mineral,1975-05-02,2.0
147466,PACMINEX EX 25,,137.3610956,-32.3148734,89.3,1973-10-14,"Base Metals, Copper",Y,N,N,N,Y,N,N,N,Mount Gunson Mines Pty Ltd.,EL 50,SI5304 PORT AUGUSTA,213.2,False,Tertiary-Pleistocene rocks > Umberatana Group unit 2 > Umberatana Group unit 2 > Tapley Hill Formation > Pandurra Formation,aI > N-hu----02 > N-hu----02 > N-hunt > M----p,89.3,3.0,Mesoproterozoic,87.5,,Pandurra Formation,,True,False,True,mineral,1975-05-02,2.0
147468,PACMINEX EX 27,,137.3257186,-32.3226554,6.1,1973-10-15,"Base Metals, Copper",Y,N,N,N,Y,N,N,N,Mount Gunson Mines Pty Ltd.,EL 50,SI5304 PORT AUGUSTA,213.3,False,Quaternary rocks > Pandurra Formation,IH > M----p,6.1,3.0,Mesoproterozoic,4.0,,Pandurra Formation,,True,False,True,mineral,1975-05-02,2.0
147467,PACMINEX EX 26,,137.3325856,-32.3211744,15.2,1973-10-15,"Base Metals, Copper",Y,N,N,N,Y,N,N,N,Mount Gunson Mines Pty Ltd.,EL 50,SI5304 PORT AUGUSTA,213.3,False,Tertiary-Pleistocene rocks > Pandurra Formation,aI > M----p,15.2,3.0,Mesoproterozoic,12.0,,Pandurra Formation,,True,False,True,mineral,1975-05-02,2.0
20462,PACMINEX EX 117,,137.3646166,-32.3480824,44.0,1974-06-10,"Base Metals, Copper",Y,N,N,N,Y,N,N,N,Mount Gunson Mines Pty Ltd.,EL 50,SI5304 PORT AUGUSTA,216.8,False,Quaternary rocks > Whyalla Sandstone > Pandurra Formation,IH > N-hueh > M----p,44.0,3.0,Mesoproterozoic,43.9,,Pandurra Formation,,True,False,True,mineral,1975-05-02,2.0
147497,PACMINEX EX 116,,137.3448936,-32.3660384,10.0,1974-06-10,"Base Metals, Copper",Y,N,N,N,Y,N,N,N,Mount Gunson Mines Pty Ltd.,EL 50,SI5304 PORT AUGUSTA,218.4,False,Pandurra Formation,M----p,10.0,3.0,Mesoproterozoic,0.0,,Pandurra Formation,,True,False,True,mineral,1975-05-02,2.0
147470,PACMINEX EX 29,,137.3275326,-32.3686134,45.7,1973-10-15,"Base Metals, Copper",Y,N,N,N,Y,N,N,N,Mount Gunson Mines Pty Ltd.,EL 50,SI5304 PORT AUGUSTA,218.4,False,Quaternary rocks > Pandurra Formation,IH > M----p,45.7,3.0,Mesoproterozoic,10.5,,Pandurra Formation,,True,False,True,mineral,1975-05-02,2.0
147498,PACMINEX EX 118,,137.3666056,-32.3674344,36.0,1974-06-11,"Base Metals, Copper",Y,N,N,N,Y,N,N,N,Mount Gunson Mines Pty Ltd.,EL 50,SI5304 PORT AUGUSTA,219.0,False,Quaternary rocks > Tertiary silcrete > Whyalla Sandstone > Tapley Hill Formation > Pandurra Formation,IH > ap----si > N-hueh > N-hunt > M----p,36.0,3.0,Mesoproterozoic,31.5,,Pandurra Formation,,True,False,True,mineral,1975-05-02,2.0
147465,PACMINEX EX 24,,137.3557996,-32.3768354,97.5,1973-10-14,"Base Metals, Copper",Y,N,N,N,Y,N,N,N,Mount Gunson Mines Pty Ltd.,EL 50,SI5304 PORT AUGUSTA,219.8,False,Tertiary-Pleistocene rocks > Pandurra Formation > Pandurra Formation > Gawler Range Volcanics,aI > M----p > M----p > M-ta,97.5,3.0,Mesoproterozoic,7.5,88.0,Pandurra Formation,Gawler Range Volcanics,True,True,True,mineral,1975-05-02,2.0
6382,TD 5 SADME,,134.60498,-30.6488543,99.06,1966-07-29,,Y,N,N,N,Y,Y,N,Y,South Australia. Department of Mines and Energy., ,SH5310 TARCOOLA,219.8,False,no sample > Tertiary rocks > Tarcoola Formation > Wilgena Hill Jaspilite,------ns > ap > Y--t-t > Y----i,99.06,4.0,Palaeoproterozoic,20.6,20.6,Tarcoola Formation,Tarcoola Formation,True,True,False,mineral,1975-05-02,2.0
147493,PACMINEX EX 109,,137.3224896,-32.3832244,77.0,1974-03-29,"Base Metals, Copper",Y,N,N,N,Y,N,N,N,Mount Gunson Mines Pty Ltd.,EL 50,SI5304 PORT AUGUSTA,219.9,False,Quaternary rocks > Pandurra Formation,IH > M----p,77.0,3.0,Mesoproterozoic,3.0,,Pandurra Formation,,True,False,True,mineral,1975-05-02,2.0
147494,PACMINEX EX 110,,137.3304836,-32.3924584,72.0,1974-03-30,"Base Metals, Copper",Y,N,N,N,Y,N,N,N,Mount Gunson Mines Pty Ltd.,EL 50,SI5304 PORT AUGUSTA,221.0,False,Quaternary rocks > Tertiary silcrete > Pandurra Formation,IH > ap----si > M----p,72.0,3.0,Mesoproterozoic,4.0,,Pandurra Formation,,True,False,True,mineral,1975-05-02,2.0
20546,PACMINEX EX 108,EX 108,137.3235366,-32.3976274,33.0,1974-03-28,"Base Metals, Copper",Y,N,N,N,Y,N,N,N,Mount Gunson Mines Pty Ltd.,EL 50,SI5304 PORT AUGUSTA,221.5,False,Quaternary rocks > Tertiary silcrete > Gawler Range Volcanics,IH > ap----si > M-ta,33.0,3.0,Mesoproterozoic,7.5,7.5,Gawler Range Volcanics,Gawler Range Volcanics,True,True,False,mineral,1975-05-02,2.0
20547,PACMINEX EX 114,EX 114,137.3715746,-32.3908884,18.0,1974-06-08,"Base Metals, Copper",Y,N,N,N,Y,N,N,N,Mount Gunson Mines Pty Ltd.,EL 50,SI5304 PORT AUGUSTA,221.6,False,Tertiary-Pleistocene rocks > Whyalla Sandstone > Tapley Hill Formation > Gawler Range Volcanics,aI > N-hueh > N-hunt > M-ta,18.0,3.0,Mesoproterozoic,14.0,14.0,Gawler Range Volcanics,Gawler Range Volcanics,True,True,False,mineral,1975-05-02,2.0
20448,PACMINEX EX 31,EX 31,137.3446006,-32.3954414,54.9,1973-10-16,"Base Metals, Copper",Y,N,N,N,Y,N,N,N,Mount Gunson Mines Pty Ltd.,EL 50,SI5304 PORT AUGUSTA,221.6,False,Tertiary-Pleistocene rocks > Pandurra Formation > Gawler Range Volcanics,aI > M----p > M-ta,54.9,3.0,Mesoproterozoic,6.0,53.6,Pandurra Formation,Gawler Range Volcanics,True,True,True,mineral,1975-05-02,2.0
147496,PACMINEX EX 115,,137.3488366,-32.3993304,45.0,1974-06-08,"Base Metals, Copper",Y,N,N,N,Y,N,N,N,Mount Gunson Mines Pty Ltd.,EL 50,SI5304 PORT AUGUSTA,222.1,False,Tertiary-Pleistocene rocks > Pandurra Formation > Gawler Range Volcanics,aI > M----p > M-ta,45.0,3.0,Mesoproterozoic,6.0,23.0,Pandurra Formation,Gawler Range Volcanics,True,True,True,mineral,1975-05-02,2.0
147471,PACMINEX EX 30,,137.2947676,-32.4091634,24.4,1973-10-16,"Base Metals, Copper",Y,N,N,N,Y,N,N,N,Mount Gunson Mines Pty Ltd.,EL 50,SI5304 PORT AUGUSTA,222.2,False,Quaternary rocks > Pandurra Formation,IH > M----p,24.4,3.0,Mesoproterozoic,15.0,,Pandurra Formation,,True,False,True,mineral,1975-05-02,2.0
147495,PACMINEX EX 113,,137.3760826,-32.4006244,20.7,1974-06-07,"Base Metals, Copper",Y,N,N,N,Y,N,N,N,Mount Gunson Mines Pty Ltd.,EL 50,SI5304 PORT AUGUSTA,222.8,False,Tertiary-Pleistocene rocks > Tapley Hill Formation > Gawler Range Volcanics,aI > N-hunt > M-ta,20.7,3.0,Mesoproterozoic,16.0,16.0,Gawler Range Volcanics,Gawler Range Volcanics,True,True,False,mineral,1975-05-02,2.0
147491,PACMINEX EX 106,,137.3084426,-32.4117994,18.0,1974-03-28,"Base Metals, Copper",Y,N,N,N,Y,N,N,N,Mount Gunson Mines Pty Ltd.,EL 50,SI5304 PORT AUGUSTA,222.8,False,Quaternary rocks > Tertiary silcrete > Gawler Range Volcanics,IH > ap----si > M-ta,18.0,3.0,Mesoproterozoic,9.0,9.0,Gawler Range Volcanics,Gawler Range Volcanics,True,True,False,mineral,1975-05-02,2.0
147488,PACMINEX EX 102,,137.2665436,-32.4197754,15.0,1974-03-27,"Base Metals, Copper",Y,N,N,N,Y,N,N,N,Mount Gunson Mines Pty Ltd.,EL 50,SI5304 PORT AUGUSTA,223.0,False,Quaternary rocks > Pandurra Formation,IH > M----p,15.0,3.0,Mesoproterozoic,6.0,,Pandurra Formation,,True,False,True,mineral,1975-05-02,2.0
147492,PACMINEX EX 107,,137.3224446,-32.4146994,33.0,1974-03-28,"Base Metals, Copper",Y,N,N,N,Y,N,N,N,Mount Gunson Mines Pty Ltd.,EL 50,SI5304 PORT AUGUSTA,223.3,False,Tertiary-Pleistocene rocks > Gawler Range Volcanics,aI > M-ta,33.0,3.0,Mesoproterozoic,10.0,10.0,Gawler Range Volcanics,Gawler Range Volcanics,True,True,False,mineral,1975-05-02,2.0
20449,PACMINEX EX 32,EX 32,137.3337646,-32.4166554,42.7,1973-10-16,"Base Metals, Copper",Y,N,N,N,Y,N,N,N,Mount Gunson Mines Pty Ltd.,EL 50,SI5304 PORT AUGUSTA,223.7,False,Tertiary-Pleistocene rocks > Neoproterozoic rocks > Gawler Range Volcanics,aI > N- > M-ta,42.7,3.0,Mesoproterozoic,18.0,18.0,Gawler Range Volcanics,Gawler Range Volcanics,True,True,False,mineral,1975-05-02,2.0
20460,PACMINEX EX 101,,137.2783796,-32.4254254,46.5,1974-03-26,"Base Metals, Copper",Y,N,N,N,Y,N,N,N,Mount Gunson Mines Pty Ltd.,EL 50,SI5304 PORT AUGUSTA,223.8,False,Quaternary rocks > Pandurra Formation,IH > M----p,46.5,3.0,Mesoproterozoic,3.0,,Pandurra Formation,,True,False,True,mineral,1975-05-02,2.0
6766,COMM RAILWAYS 14,,134.7122861,-29.7252193,9.0,1972-03-08,Water,N,N,N,Y,Y,N,N,Y,Commonwealth Railways of Australia., ,SH5306 COOBER PEDY,223.9,False,Quaternary rocks > Mulgathing Complex,IH > AYm,9.0,5.0,Archaean,2.5,2.5,Mulgathing Complex,Mulgathing Complex,True,True,False,water,1975-05-02,2.0
6771,PERFECTION DDH 2,,134.7050671,-29.7365193,19.81,1971-04-09,Aggregate,Y,N,N,N,Y,N,N,Y,South Australia. Department of Mines and Energy., ,SH5306 COOBER PEDY,224.1,False,Ealbara Rhyolite,M-tale,19.81,3.0,Mesoproterozoic,0.0,0.0,Ealbara Rhyolite,Ealbara Rhyolite,True,True,False,mineral,1975-05-02,2.0
6772,PERFECTION DDH 3,,134.7029591,-29.7392053,19.81,1971-04-14,Aggregate,Y,N,N,N,Y,N,N,Y,South Australia. Department of Mines and Energy., ,SH5306 COOBER PEDY,224.1,False,Ealbara Rhyolite,M-tale,19.6,3.0,Mesoproterozoic,0.0,0.0,Ealbara Rhyolite,Ealbara Rhyolite,True,True,False,mineral,1975-05-02,2.0
20450,PACMINEX EX 33,EX 33,137.3852916,-32.4124884,89.9,1973-10-18,"Base Metals, Copper",Y,N,N,N,Y,N,N,N,Mount Gunson Mines Pty Ltd.,EL 50,SI5304 PORT AUGUSTA,224.3,False,Quaternary rocks > Umberatana Group unit 2 > Pandurra Formation > Gawler Range Volcanics,IH > N-hu----02 > M----p > M-ta,89.9,3.0,Mesoproterozoic,30.0,78.0,Pandurra Formation,Gawler Range Volcanics,True,True,True,mineral,1975-05-02,2.0
6770,PERFECTION DDH 1,,134.7015951,-29.7353743,19.81,1971-04-16,Aggregate,Y,N,N,N,Y,N,N,Y,South Australia. Department of Mines and Energy., ,SH5306 COOBER PEDY,224.4,False,Ealbara Rhyolite,M-tale,19.81,3.0,Mesoproterozoic,0.0,0.0,Ealbara Rhyolite,Ealbara Rhyolite,True,True,False,mineral,1975-05-02,2.0
20545,PACMINEX EX 105,EX 105,137.2999796,-32.4322564,18.0,1974-03-27,"Base Metals, Copper",Y,N,N,N,Y,N,N,N,Mount Gunson Mines Pty Ltd.,EL 50,SI5304 PORT AUGUSTA,224.9,False,Quaternary rocks > Gawler Range Volcanics,IH > M-ta,18.0,3.0,Mesoproterozoic,5.0,5.0,Gawler Range Volcanics,Gawler Range Volcanics,True,True,False,mineral,1975-05-02,2.0
20458,PACMINEX EX 39,,137.2882546,-32.4374204,50.3,1973-11-02,"Base Metals, Copper",Y,N,N,N,Y,N,N,N,Mount Gunson Mines Pty Ltd.,EL 50,SI5304 PORT AUGUSTA,225.2,False,Tertiary-Pleistocene rocks > Tapley Hill Formation > Pandurra Formation,aI > N-hunt > M----p,50.3,3.0,Mesoproterozoic,49.4,,Pandurra Formation,,True,False,True,mineral,1975-05-02,2.0
132077,BIRTHDAY DDH 3,,134.5428831,-30.2648923,19.81,1971-04-03,Aggregate,Y,N,N,N,Y,N,N,Y,South Australia. Department of Mines and Energy., ,SH5310 TARCOOLA,225.8,False,Ealbara Rhyolite,M-tale,19.81,3.0,Mesoproterozoic,0.0,0.0,Ealbara Rhyolite,Ealbara Rhyolite,True,True,False,mineral,1975-05-02,2.0
20542,PACMINEX EX 38,EX 38,137.3424366,-32.4355214,56.4,1973-11-01,"Base Metals, Copper",Y,N,N,N,Y,N,N,N,Mount Gunson Mines Pty Ltd.,EL 50,SI5304 PORT AUGUSTA,225.9,False,Tertiary-Pleistocene rocks > Gawler Range Volcanics,aI > M-ta,56.4,3.0,Mesoproterozoic,24.0,24.0,Gawler Range Volcanics,Gawler Range Volcanics,True,True,False,mineral,1975-05-02,2.0
6381,TD 4 SADME,,134.545828,-30.6904943,76.56,1966-06-10,,Y,N,N,N,Y,Y,N,Y,South Australia. Department of Mines and Energy., ,SH5310 TARCOOLA,225.9,False,Quaternary rocks > Tarcoola Formation,IH > Y--t-t,76.55,4.0,Palaeoproterozoic,1.5,1.5,Tarcoola Formation,Tarcoola Formation,True,True,False,mineral,1975-05-02,2.0
6521,COMM RAILWAYS 11,,134.5339831,-30.3375053,15.0,1972-01-24,Water,N,N,N,Y,Y,Y,N,Y,Commonwealth Railways of Australia., ,SH5310 TARCOOLA,226.0,False,Quaternary rocks > Mulgathing Complex,IH > AYm,15.0,5.0,Archaean,1.5,1.5,Mulgathing Complex,Mulgathing Complex,True,True,False,water,1975-05-02,2.0
132076,BIRTHDAY DDH 2,,134.5366121,-30.2720893,20.12,1971-03-27,Aggregate,Y,N,N,N,Y,N,N,Y,South Australia. Department of Mines and Energy., ,SH5310 TARCOOLA,226.3,False,Ealbara Rhyolite,M-tale,20.12,3.0,Mesoproterozoic,0.0,0.0,Ealbara Rhyolite,Ealbara Rhyolite,True,True,False,mineral,1975-05-02,2.0
20451,PACMINEX EX 34,EX 34,137.3786616,-32.4328494,38.1,1973-10-18,"Base Metals, Copper",Y,N,N,N,Y,N,N,N,Mount Gunson Mines Pty Ltd.,EL 50,SI5304 PORT AUGUSTA,226.3,False,Quaternary rocks > Umberatana Group unit 2 > Gawler Range Volcanics,IH > N-hu----02 > M-ta,38.1,3.0,Mesoproterozoic,21.0,21.0,Gawler Range Volcanics,Gawler Range Volcanics,True,True,False,mineral,1975-05-02,2.0
147486,PACMINEX EX 98,,137.2885516,-32.4492284,54.0,1974-03-25,"Base Metals, Copper",Y,N,N,N,Y,N,N,N,Mount Gunson Mines Pty Ltd.,EL 50,SI5304 PORT AUGUSTA,226.5,False,Quaternary rocks > Tapley Hill Formation > Pandurra Formation,IH > N-hunt > M----p,54.0,3.0,Mesoproterozoic,53.0,,Pandurra Formation,,True,False,True,mineral,1975-05-02,2.0
6364,TD 2 SADME,,134.541349,-30.7037243,61.26,1965-06-12,,Y,N,N,N,Y,Y,N,Y,South Australia. Department of Mines and Energy., ,SH5310 TARCOOLA,226.5,False,Tarcoola Formation > Peela Conglomerate Member > Hiltaba Suite,Y--t-t > Y--t-tp > M-th,61.26,4.0,Palaeoproterozoic,0.0,0.0,Tarcoola Formation,Tarcoola Formation,True,True,False,mineral,1975-05-02,2.0
6363,TD 1 SADME,,134.541359,-30.7037243,61.26,1965-05-17,,Y,N,N,N,Y,Y,N,Y,South Australia. Department of Mines and Energy., ,SH5310 TARCOOLA,226.5,False,Tarcoola Formation > Peela Conglomerate Member > Hiltaba Suite,Y--t-t > Y--t-tp > M-th,64.01,4.0,Palaeoproterozoic,0.0,0.0,Tarcoola Formation,Tarcoola Formation,True,True,False,mineral,1975-05-02,2.0
6365,TD 3 SADME,,134.541349,-30.7037243,41.15,1965-07-14,,Y,N,N,N,Y,Y,N,Y,South Australia. Department of Mines and Energy., ,SH5310 TARCOOLA,226.5,False,Tarcoola Formation > Peela Conglomerate Member > Mulgathing Complex,Y--t-t > Y--t-tp > AYm,41.15,5.0,Archaean,0.0,0.0,Tarcoola Formation,Tarcoola Formation,True,True,False,mineral,1975-05-02,2.0
181359,PDH 9,,139.2373814,-30.2248305,72.0,1974-12-31,Copper,Y,N,N,N,Y,N,N,N,Aquitaine Australia Minerals Pty Ltd.,EL 71,SH5409 COPLEY,226.8,False,Quaternary rocks > Wywyana Formation > Paralana Quartzite > Mount Neill Granite,IH > N-xcaw > N-xcap > M-no-n,72.0,3.0,Mesoproterozoic,64.0,64.0,Mount Neill Granite,Mount Neill Granite,True,True,False,mineral,1975-05-02,2.0
132075,BIRTHDAY DDH 1,,134.5314721,-30.2594393,19.81,1971-03-31,Aggregate,Y,N,N,N,Y,N,N,Y,South Australia. Department of Mines and Energy., ,SH5310 TARCOOLA,226.9,False,Ealbara Rhyolite,M-tale,19.81,3.0,Mesoproterozoic,0.0,0.0,Ealbara Rhyolite,Ealbara Rhyolite,True,True,False,mineral,1975-05-02,2.0
147473,PACMINEX EX 36,,137.3858726,-32.4374104,50.3,1973-10-31,"Base Metals, Copper",Y,N,N,N,Y,N,N,N,Mount Gunson Mines Pty Ltd.,EL 50,SI5304 PORT AUGUSTA,227.0,False,Quaternary rocks > Umberatana Group unit 2 > Gawler Range Volcanics,IH > N-hu----02 > M-ta,50.3,3.0,Mesoproterozoic,37.2,37.2,Gawler Range Volcanics,Gawler Range Volcanics,True,True,False,mineral,1975-05-02,2.0
147484,PACMINEX EX 95,,137.3914116,-32.4377584,35.0,1974-03-23,"Base Metals, Copper",Y,N,N,N,Y,N,N,N,Mount Gunson Mines Pty Ltd.,EL 50,SI5304 PORT AUGUSTA,227.1,False,Tertiary-Pleistocene rocks > Whyalla Sandstone > Tapley Hill Formation > Gawler Range Volcanics,aI > N-hueh > N-hunt > M-ta,35.0,3.0,Mesoproterozoic,32.5,32.5,Gawler Range Volcanics,Gawler Range Volcanics,True,True,False,mineral,1975-05-02,2.0
147487,PACMINEX EX 99,,137.2887326,-32.4563504,64.0,1974-03-26,"Base Metals, Copper",Y,N,N,N,Y,N,N,N,Mount Gunson Mines Pty Ltd.,EL 50,SI5304 PORT AUGUSTA,227.3,False,Quaternary rocks > Tapley Hill Formation > Pandurra Formation,IH > N-hunt > M----p,64.0,3.0,Mesoproterozoic,57.5,,Pandurra Formation,,True,False,True,mineral,1975-05-02,2.0
132060,MPW 1,,134.6507501,-29.7436083,22.25,1972-04-18,Aggregate,Y,N,N,N,Y,N,N,N,South Australia. Department of Mines and Energy., ,SH5306 COOBER PEDY,228.7,False,Quaternary rocks > Mesozoic rocks > Mulgathing Complex,IH > RK > AYm,22.25,5.0,Archaean,20.42,20.42,Mulgathing Complex,Mulgathing Complex,True,True,False,mineral,1975-05-02,2.0
20543,PACMINEX EX 97,EX 97,137.3828896,-32.4548834,17.0,1974-03-23,"Base Metals, Copper",Y,N,N,N,Y,N,N,N,Mount Gunson Mines Pty Ltd.,EL 50,SI5304 PORT AUGUSTA,228.8,False,Quaternary rocks > Gawler Range Volcanics,IH > M-ta,17.0,3.0,Mesoproterozoic,3.0,3.0,Gawler Range Volcanics,Gawler Range Volcanics,True,True,False,mineral,1975-05-02,2.0
6370,COMM RAILWAYS (A9) 9,,134.51143,-30.6727553,21.0,1972-01-14,Water,N,N,N,Y,Y,Y,N,Y,Commonwealth Railways of Australia., ,SH5310 TARCOOLA,228.9,False,Quaternary rocks > Quaternary rocks > Tarcoola Formation,IH > IH > Y--t-t,21.0,4.0,Palaeoproterozoic,12.0,12.0,Tarcoola Formation,Tarcoola Formation,True,True,False,water,1975-05-02,2.0
20544,PACMINEX EX 100,EX 100,137.2936796,-32.4711204,9.0,1974-03-26,"Base Metals, Copper",Y,N,N,N,Y,N,N,N,Mount Gunson Mines Pty Ltd.,EL 50,SI5304 PORT AUGUSTA,229.0,False,Quaternary rocks > Gawler Range Volcanics,IH > M-ta,9.0,3.0,Mesoproterozoic,3.0,3.0,Gawler Range Volcanics,Gawler Range Volcanics,True,True,False,mineral,1975-05-02,2.0
6371,COMM RAILWAYS 182,,134.514238,-30.7126043,57.0,1972-01-17,Water,N,N,N,Y,Y,Y,N,Y,Commonwealth Railways of Australia., ,SH5310 TARCOOLA,229.1,False,Quaternary rocks > Carboniferous-Permian rocks > Mulgathing Complex > Mulgathing Complex,IH > CP > AYm > AYm,57.0,5.0,Archaean,49.0,49.0,Mulgathing Complex,Mulgathing Complex,True,True,False,water,1975-05-02,2.0
177989,YX 11,,139.2960134,-30.1787615,150.88,1973-04-12,Copper,Y,N,N,N,Y,N,N,N,Utah Development Co.,SML 717,SH5409 COPLEY,233.1,False,Wywyana Formation > Paralana Quartzite > Freeling Heights Quartzite,N-xcaw > N-xcap > M--e-f,150.88,3.0,Mesoproterozoic,132.0,132.0,Freeling Heights Quartzite,Freeling Heights Quartzite,True,True,False,mineral,1975-05-02,2.0
140342,PACMINEX EX 92,,137.3399346,-32.5032024,27.0,1974-03-22,"Base Metals, Copper",Y,N,N,N,Y,N,N,N,Mount Gunson Mines Pty Ltd.,EL 50,SI5304 PORT AUGUSTA,233.3,False,Quaternary rocks > Gawler Range Volcanics,IH > M-ta,27.0,3.0,Mesoproterozoic,4.0,4.0,Gawler Range Volcanics,Gawler Range Volcanics,True,True,False,mineral,1975-05-02,2.0
140300,PACMINEX EX 42,,137.4228616,-32.4963134,54.9,1973-11-04,"Base Metals, Copper",Y,N,N,N,Y,N,N,N,Mount Gunson Mines Pty Ltd.,EL 50,SI5304 PORT AUGUSTA,234.1,False,Quaternary rocks > Tapley Hill Formation > Backy Point Formation > Pandurra Formation,IH > N-hunt > N-xcak > M----p,54.9,3.0,Mesoproterozoic,52.7,,Pandurra Formation,,True,False,True,mineral,1975-05-02,2.0
19905,PACMINEX EX 41,,137.3935146,-32.5023114,65.5,1973-10-03,"Base Metals, Copper",Y,N,N,N,Y,N,N,N,Mount Gunson Mines Pty Ltd.,EL 50,SI5304 PORT AUGUSTA,234.2,False,Quaternary rocks > Umberatana Group unit 2 > Tapley Hill Formation > Backy Point Formation > Pandurra Formation,IH > N-hu----02 > N-hunt > N-xcak > M----p,65.5,3.0,Mesoproterozoic,41.0,,Pandurra Formation,,True,False,True,mineral,1975-05-02,2.0
140340,PACMINEX EX 90,,137.3917766,-32.5037604,36.0,1974-03-21,"Base Metals, Copper",Y,N,N,N,Y,N,N,N,Mount Gunson Mines Pty Ltd.,EL 50,SI5304 PORT AUGUSTA,234.3,False,Quaternary rocks > Tapley Hill Formation > Backy Point Formation > Gawler Range Volcanics,IH > N-hunt > N-xcak > M-ta,36.0,3.0,Mesoproterozoic,28.0,28.0,Gawler Range Volcanics,Gawler Range Volcanics,True,True,False,mineral,1975-05-02,2.0
140298,PACMINEX EX 40,,137.3688546,-32.5103274,42.7,1973-10-02,"Base Metals, Copper",Y,N,N,N,Y,N,N,N,Mount Gunson Mines Pty Ltd.,EL 50,SI5304 PORT AUGUSTA,234.6,False,Quaternary rocks > Gawler Range Volcanics,IH > M-ta,42.7,3.0,Mesoproterozoic,7.5,7.5,Gawler Range Volcanics,Gawler Range Volcanics,True,True,False,mineral,1975-05-02,2.0
19904,PACMINEX EX 45,,137.4075416,-32.5578454,56.4,1973-11-08,"Base Metals, Copper",Y,N,N,N,Y,N,N,N,Mount Gunson Mines Pty Ltd.,EL 50,SI5304 PORT AUGUSTA,240.5,False,Quaternary rocks > Tapley Hill Formation > Backy Point Formation > Pandurra Formation,IH > N-hunt > N-xcak > M----p,56.4,3.0,Mesoproterozoic,52.0,,Pandurra Formation,,True,False,True,mineral,1975-05-02,2.0
140302,PACMINEX EX 46,,137.3630806,-32.5661644,80.8,1973-11-09,"Base Metals, Copper",Y,N,N,N,Y,N,N,N,Mount Gunson Mines Pty Ltd.,EL 50,SI5304 PORT AUGUSTA,240.6,False,Quaternary rocks > Tapley Hill Formation > Backy Point Formation > Gawler Range Volcanics,IH > N-hunt > N-xcak > M-ta,80.8,3.0,Mesoproterozoic,70.0,70.0,Gawler Range Volcanics,Gawler Range Volcanics,True,True,False,mineral,1975-05-02,2.0
6809,LAKE PHILLIPSON BORE 1,,134.6160621,-29.4943733,963.47,1901-11-09,Water,Y,N,N,N,Y,N,N,Y,South Australia. Department of Mines and Energy., ,SH5306 COOBER PEDY,242.8,False,Quaternary rocks > Bulldog Shale > Algebuckina Sandstone > Carboniferous-Permian rocks > Mulgathing Complex,IH > K--rmb > JK---a > CP > AYm,963.5,5.0,Archaean,957.0,957.0,Mulgathing Complex,Mulgathing Complex,True,True,False,mineral,1975-05-02,2.0
148599,AU-U 1,U-AU-1,136.6855327,-32.6353024,121.92,1971-05-20,Uranium,Y,N,N,N,Y,N,N,Y,Nissho Iwai Co (Australia) Pty Ltd.,SML 463,SI5304 PORT AUGUSTA,244.7,False,Quaternary rocks > Tertiary silcrete > Corunna Conglomerate,IH > ap----si > Y--t-r,121.92,4.0,Palaeoproterozoic,8.5,8.5,Corunna Conglomerate,Corunna Conglomerate,True,True,False,mineral,1975-05-02,2.0
148604,AU-U 6,U-AU-6,136.7352547,-32.6600134,448.06,1972-09-10,Uranium,Y,N,N,N,Y,N,N,Y,Nissho Iwai Co (Australia) Pty Ltd.,SML 616,SI5304 PORT AUGUSTA,247.2,False,Corunna Conglomerate,Y--t-r,448.06,4.0,Palaeoproterozoic,0.0,0.0,Corunna Conglomerate,Corunna Conglomerate,True,True,False,mineral,1975-05-02,2.0
14205,WEEDINA 1,,135.6580361,-28.47439,1624.28,1970-03-23,Oil,N,Y,N,N,Y,N,N,Y,Pexa Oil NL.,PEL 5,SH5303 WARRINA,248.9,False,Quaternary rocks > Mount Anna Sandstone Member > Mount Toondina Formation > Stuart Range Formation > Boorthanna Formation > Cootanoorina Formation > Archaean-Devonian rocks,IH > K----ca > P----t > P----s > CP---b > E----c > AD,1624.28,5.0,Archaean,1609.04,1609.04,Archaean-Devonian rocks,Archaean-Devonian rocks,True,True,False,petroleum,1975-05-02,2.0
140312,PACMINEX EX 56,,137.3966196,-32.6379424,45.7,1973-11-13,"Base Metals, Copper",Y,N,N,N,Y,N,N,N,Mount Gunson Mines Pty Ltd.,EL 50,SI5304 PORT AUGUSTA,249.0,False,Quaternary rocks > Tapley Hill Formation > Backy Point Formation > Pandurra Formation,IH > N-hunt > N-xcak > M----p,45.7,3.0,Mesoproterozoic,43.0,,Pandurra Formation,,True,False,True,mineral,1975-05-02,2.0
140313,PACMINEX EX 57,,137.3751426,-32.6438504,61.0,1973-11-14,"Base Metals, Copper",Y,N,N,N,Y,N,N,N,Mount Gunson Mines Pty Ltd.,EL 50,SI5304 PORT AUGUSTA,249.3,False,Quaternary rocks > Pandurra Formation > Gawler Range Volcanics,IH > M----p > M-ta,61.0,3.0,Mesoproterozoic,6.0,53.0,Pandurra Formation,Gawler Range Volcanics,True,True,True,mineral,1975-05-02,2.0
19902,PACMINEX EX 53,,137.4420606,-32.6339094,61.0,1973-11-12,"Base Metals, Copper",Y,N,N,N,Y,N,N,N,Mount Gunson Mines Pty Ltd.,EL 50,SI5304 PORT AUGUSTA,249.4,False,Quaternary rocks > Tapley Hill Formation > Backy Point Formation > Pandurra Formation,IH > N-hunt > N-xcak > M----p,61.0,3.0,Mesoproterozoic,55.0,,Pandurra Formation,,True,False,True,mineral,1975-05-02,2.0
140311,PACMINEX EX 55,,137.4298606,-32.6415414,13.7,1973-11-13,"Base Metals, Copper",Y,N,N,N,Y,N,N,N,Mount Gunson Mines Pty Ltd.,EL 50,SI5304 PORT AUGUSTA,250.0,False,Quaternary rocks > Pandurra Formation,IH > M----p,13.7,3.0,Mesoproterozoic,7.0,,Pandurra Formation,,True,False,True,mineral,1975-05-02,2.0
140306,PACMINEX EX 50,,137.4640305,-32.6360944,36.6,1973-11-11,"Base Metals, Copper",Y,N,N,N,Y,N,N,N,Mount Gunson Mines Pty Ltd.,EL 50,SI5304 PORT AUGUSTA,250.1,False,Quaternary rocks > Tapley Hill Formation > Pandurra Formation,IH > N-hunt > M----p,36.6,3.0,Mesoproterozoic,33.5,,Pandurra Formation,,True,False,True,mineral,1975-05-02,2.0
140307,PACMINEX EX 51,,137.4583495,-32.6387304,18.6,1973-11-11,"Base Metals, Copper",Y,N,N,N,Y,N,N,N,Mount Gunson Mines Pty Ltd.,EL 50,SI5304 PORT AUGUSTA,250.3,False,Quaternary rocks > Tapley Hill Formation > Backy Point Formation > Pandurra Formation,IH > N-hunt > N-xcak > M----p,18.6,3.0,Mesoproterozoic,12.0,,Pandurra Formation,,True,False,True,mineral,1975-05-02,2.0
140335,PACMINEX EX 85,,137.4194666,-32.6512994,21.0,1974-03-20,"Base Metals, Copper",Y,N,N,N,Y,N,N,N,Mount Gunson Mines Pty Ltd.,EL 50,SI5304 PORT AUGUSTA,250.9,False,Quaternary rocks > Tapley Hill Formation > Pandurra Formation,IH > N-hunt > M----p,21.0,3.0,Mesoproterozoic,19.0,,Pandurra Formation,,True,False,True,mineral,1975-05-02,2.0
19939,DME PBH 2,PBH 2,137.1360576,-32.6932134,32.0,1956-08-27,Iron,Y,N,N,N,Y,Y,N,N,South Australia. Department of Mines and Energy.,OA ,SI5304 PORT AUGUSTA,251.5,False,Quaternary rocks > Corunna Conglomerate,IH > Y--t-r,32.0,4.0,Palaeoproterozoic,19.8,19.8,Corunna Conglomerate,Corunna Conglomerate,True,True,False,mineral,1975-05-02,2.0
19938,DME PBH 1,PBH 1,137.1363726,-32.6938934,26.8,1956-08-06,Iron,Y,N,N,N,Y,Y,N,N,South Australia. Department of Mines and Energy.,OA ,SI5304 PORT AUGUSTA,251.6,False,Quaternary rocks > Corunna Conglomerate,IH > Y--t-r,26.8,4.0,Palaeoproterozoic,3.0,3.0,Corunna Conglomerate,Corunna Conglomerate,True,True,False,mineral,1975-05-02,2.0
19943,DME PBH 8,PBH 8,137.1362126,-32.6934814,29.0,1956-08-30,Iron,Y,N,N,N,Y,Y,N,N,South Australia. Department of Mines and Energy.,OA ,SI5304 PORT AUGUSTA,251.6,False,Corunna Conglomerate,Y--t-r,29.0,4.0,Palaeoproterozoic,0.0,0.0,Corunna Conglomerate,Corunna Conglomerate,True,True,False,mineral,1975-05-02,2.0
19944,DME PBH 9,PBH 9,137.1365856,-32.6939074,17.4,1956-09-20,Iron,Y,N,N,N,Y,Y,N,N,South Australia. Department of Mines and Energy.,OA ,SI5304 PORT AUGUSTA,251.6,False,Corunna Conglomerate,Y--t-r,17.4,4.0,Palaeoproterozoic,0.0,0.0,Corunna Conglomerate,Corunna Conglomerate,True,True,False,mineral,1975-05-02,2.0
19949,DME DDH 45,DDH DD45,137.1369626,-32.6949384,107.6,1957-01-16,Iron,Y,N,N,N,Y,Y,N,N,South Australia. Department of Mines and Energy.,OA ,SI5304 PORT AUGUSTA,251.7,False,Quaternary rocks > Corunna Conglomerate,IH > Y--t-r,107.6,4.0,Palaeoproterozoic,4.9,4.9,Corunna Conglomerate,Corunna Conglomerate,True,True,False,mineral,1975-05-02,2.0
19948,DME DDH 44,DDH DD44,137.1370636,-32.6942694,101.1,1957-02-01,Iron,Y,N,N,N,Y,Y,N,N,South Australia. Department of Mines and Energy.,OA ,SI5304 PORT AUGUSTA,251.7,False,Quaternary rocks > Corunna Conglomerate,IH > Y--t-r,101.1,4.0,Palaeoproterozoic,3.0,3.0,Corunna Conglomerate,Corunna Conglomerate,True,True,False,mineral,1975-05-02,2.0
19946,DME DDH 42,DDH DD42,137.1366546,-32.6945554,3.05,1956-09-11,Iron,Y,N,N,N,Y,Y,N,N,South Australia. Department of Mines and Energy.,OA ,SI5304 PORT AUGUSTA,251.7,False,Corunna Conglomerate,Y--t-r,3.05,4.0,Palaeoproterozoic,0.0,0.0,Corunna Conglomerate,Corunna Conglomerate,True,True,False,mineral,1975-05-02,2.0
19940,DME PBH 3,PBH 3,137.1361216,-32.6945834,22.3,1956-09-13,Iron,Y,N,N,N,Y,Y,N,N,South Australia. Department of Mines and Energy.,OA ,SI5304 PORT AUGUSTA,251.7,False,Quaternary rocks > Corunna Conglomerate,IH > Y--t-r,22.3,4.0,Palaeoproterozoic,15.2,15.2,Corunna Conglomerate,Corunna Conglomerate,True,True,False,mineral,1975-05-02,2.0
19947,DME DDH 42A,DDH DD42A,137.1366546,-32.6945644,67.4,1956-10-19,Iron,Y,N,N,N,Y,Y,N,N,South Australia. Department of Mines and Energy.,OA ,SI5304 PORT AUGUSTA,251.7,False,Corunna Conglomerate,Y--t-r,67.4,4.0,Palaeoproterozoic,0.0,0.0,Corunna Conglomerate,Corunna Conglomerate,True,True,False,mineral,1975-05-02,2.0
19941,DME PBH 5,PBH 5,137.1362246,-32.6953024,36.6,1956-10-10,Iron,Y,N,N,N,Y,Y,N,N,South Australia. Department of Mines and Energy.,OA ,SI5304 PORT AUGUSTA,251.8,False,Corunna Conglomerate,Y--t-r,36.6,4.0,Palaeoproterozoic,0.0,0.0,Corunna Conglomerate,Corunna Conglomerate,True,True,False,mineral,1975-05-02,2.0
19942,DME PBH 7,PBH 7,137.1365816,-32.6973074,32.0,1956-09-07,Iron,Y,N,N,N,Y,Y,N,N,South Australia. Department of Mines and Energy.,OA ,SI5304 PORT AUGUSTA,252.0,False,Corunna Conglomerate,Y--t-r,32.0,4.0,Palaeoproterozoic,0.0,0.0,Corunna Conglomerate,Corunna Conglomerate,True,True,False,mineral,1975-05-02,2.0
19945,DME DDH 12,DDH DD12,137.1360836,-32.6978934,152.93,1955-04-22,Iron,Y,N,N,N,Y,Y,N,N,South Australia. Department of Mines and Energy.,OA ,SI5304 PORT AUGUSTA,252.1,False,Quaternary rocks > Gairdner Dolerite > Corunna Conglomerate,IH > N----g > Y--t-r,152.93,4.0,Palaeoproterozoic,20.1,20.1,Corunna Conglomerate,Corunna Conglomerate,True,True,False,mineral,1975-05-02,2.0
19950,DME DDH 40,DDH DD40,137.1370836,-32.6986694,110.9,1956-09-03,Iron,Y,N,N,N,Y,Y,N,N,South Australia. Department of Mines and Energy.,OA ,SI5304 PORT AUGUSTA,252.2,False,Corunna Conglomerate,Y--t-r,110.9,4.0,Palaeoproterozoic,0.0,0.0,Corunna Conglomerate,Corunna Conglomerate,True,True,False,mineral,1975-05-02,2.0
19951,DME DDH 30,DDH DD30,137.1360196,-32.7014744,205.4,1956-01-20,Iron,Y,N,N,N,Y,Y,N,N,South Australia. Department of Mines and Energy.,OA ,SI5304 PORT AUGUSTA,252.5,False,Quaternary rocks > Corunna Conglomerate,IH > Y--t-r,205.4,4.0,Palaeoproterozoic,1.8,1.8,Corunna Conglomerate,Corunna Conglomerate,True,True,False,mineral,1975-05-02,2.0
140310,PACMINEX EX 54,,137.4972495,-32.6541054,85.3,1973-11-13,"Base Metals, Copper",Y,N,N,N,Y,N,N,N,Mount Gunson Mines Pty Ltd.,EL 50,SI5304 PORT AUGUSTA,252.8,False,Quaternary rocks > Tapley Hill Formation > Pandurra Formation,IH > N-hunt > M----p,85.3,3.0,Mesoproterozoic,84.0,,Pandurra Formation,,True,False,True,mineral,1975-05-02,2.0
19952,DME DDH 13,DDH DD13,137.1397246,-32.7083554,192.6,1955-07-12,Iron,Y,N,N,N,Y,Y,N,N,South Australia. Department of Mines and Energy.,OA ,SI5304 PORT AUGUSTA,253.3,False,Quaternary rocks > Corunna Conglomerate > Gairdner Dolerite,IH > Y--t-r > N----g,192.6,4.0,Palaeoproterozoic,3.7,3.7,Corunna Conglomerate,Corunna Conglomerate,True,True,False,mineral,1975-05-02,2.0
140332,PACMINEX EX 82,,137.4198006,-32.6755504,90.0,1974-03-16,"Base Metals, Copper",Y,N,N,N,Y,N,N,N,Mount Gunson Mines Pty Ltd.,EL 50,SI5304 PORT AUGUSTA,253.5,False,Quaternary rocks > Pandurra Formation,IH > M----p,90.0,3.0,Mesoproterozoic,3.0,,Pandurra Formation,,True,False,True,mineral,1975-05-02,2.0
140334,PACMINEX EX 84,,137.4252426,-32.6756244,87.0,1974-03-20,"Base Metals, Copper",Y,N,N,N,Y,N,N,N,Mount Gunson Mines Pty Ltd.,EL 50,SI5304 PORT AUGUSTA,253.7,False,Quaternary rocks > Pandurra Formation,IH > M----p,87.0,3.0,Mesoproterozoic,3.0,,Pandurra Formation,,True,False,True,mineral,1975-05-02,2.0
140333,PACMINEX EX 83,,137.4305955,-32.6764244,40.0,1974-03-16,"Base Metals, Copper",Y,N,N,N,Y,N,N,N,Mount Gunson Mines Pty Ltd.,EL 50,SI5304 PORT AUGUSTA,253.8,False,Quaternary rocks > Whyalla Sandstone > Tapley Hill Formation > Backy Point Formation > Pandurra Formation,IH > N-hueh > N-hunt > N-xcak > M----p,40.0,3.0,Mesoproterozoic,39.5,,Pandurra Formation,,True,False,True,mineral,1975-05-02,2.0
140226,BHP JD 11,,137.1228136,-32.7305924,16.5,1961-05-01,Iron,Y,N,N,N,Y,N,N,N,Broken Hill Pty Co Ltd.,OA ,SI5304 PORT AUGUSTA,255.6,False,Quaternary rocks > Archaean rocks,IH > A-,16.5,5.0,Archaean,7.6,7.6,Archaean rocks,Archaean rocks,True,True,False,mineral,1975-05-02,2.0
140314,PACMINEX EX 58,,137.4187476,-32.6957704,64.0,1973-11-14,"Base Metals, Copper",Y,N,N,N,Y,N,N,N,Mount Gunson Mines Pty Ltd.,EL 50,SI5304 PORT AUGUSTA,255.7,False,Quaternary rocks > Pandurra Formation,IH > M----p,64.0,3.0,Mesoproterozoic,3.0,,Pandurra Formation,,True,False,True,mineral,1975-05-02,2.0
19997,DME DDH 39A,DDH DD39A,137.1431866,-32.7299474,278.0,1957-06-14,Iron,Y,N,N,N,Y,Y,N,N,South Australia. Department of Mines and Energy.,OA ,SI5304 PORT AUGUSTA,255.7,False,Quaternary rocks > Corunna Conglomerate,IH > Y--t-r,278.0,4.0,Palaeoproterozoic,33.3,33.3,Corunna Conglomerate,Corunna Conglomerate,True,True,False,mineral,1975-05-02,2.0
140225,BHP JD 10,,137.1207386,-32.7331704,15.2,1961-05-01,Iron,Y,N,N,N,Y,N,N,N,Broken Hill Pty Co Ltd.,OA ,SI5304 PORT AUGUSTA,255.8,False,Quaternary rocks > Archaean rocks,IH > A-,15.2,5.0,Archaean,6.0,6.0,Archaean rocks,Archaean rocks,True,True,False,mineral,1975-05-02,2.0
140227,BHP JD 12,,137.1286356,-32.7318644,19.8,1961-05-01,Iron,Y,N,N,N,Y,N,N,N,Broken Hill Pty Co Ltd.,OA ,SI5304 PORT AUGUSTA,255.8,False,Quaternary rocks > Archaean-Mesoproterozoic rocks,IH > AM,19.8,5.0,Archaean,17.4,17.4,Archaean-Mesoproterozoic rocks,Archaean-Mesoproterozoic rocks,True,True,False,mineral,1975-05-02,2.0
140329,PACMINEX EX 79,,137.4543975,-32.6910634,46.0,1974-03-13,"Base Metals, Copper",Y,N,N,N,Y,N,N,N,Mount Gunson Mines Pty Ltd.,EL 50,SI5304 PORT AUGUSTA,255.9,False,Quaternary rocks > Tapley Hill Formation > Backy Point Formation > Pandurra Formation,IH > N-hunt > N-xcak > M----p,46.0,3.0,Mesoproterozoic,45.0,,Pandurra Formation,,True,False,True,mineral,1975-05-02,2.0
140316,PACMINEX EX 60,,137.4794025,-32.6871914,15.8,1973-11-15,"Base Metals, Copper",Y,N,N,N,Y,N,N,N,Mount Gunson Mines Pty Ltd.,EL 50,SI5304 PORT AUGUSTA,256.0,False,Quaternary rocks > Pandurra Formation,IH > M----p,15.8,3.0,Mesoproterozoic,9.0,,Pandurra Formation,,True,False,True,mineral,1975-05-02,2.0
140216,BHP DDH 18,,137.1409516,-32.7338004,313.9,1953-12-12,Iron,Y,N,N,N,Y,N,N,N,Broken Hill Pty Co Ltd.,OA ,SI5304 PORT AUGUSTA,256.1,False,Corunna Conglomerate,Y--t-r,313.9,4.0,Palaeoproterozoic,0.0,0.0,Corunna Conglomerate,Corunna Conglomerate,True,True,False,mineral,1975-05-02,2.0
140223,BHP JD 8,,137.1179796,-32.7369704,12.2,1961-05-01,Iron,Y,N,N,N,Y,N,N,N,Broken Hill Pty Co Ltd.,OA ,SI5304 PORT AUGUSTA,256.2,False,Quaternary rocks > Archaean rocks,IH > A-,12.2,5.0,Archaean,4.0,4.0,Archaean rocks,Archaean rocks,True,True,False,mineral,1975-05-02,2.0
140229,BHP JD 14,,137.1255326,-32.7369034,16.8,1961-05-01,Iron,Y,N,N,N,Y,N,N,N,Broken Hill Pty Co Ltd.,OA ,SI5304 PORT AUGUSTA,256.3,False,Quaternary rocks > Archaean-Mesoproterozoic rocks,IH > AM,16.8,5.0,Archaean,13.7,13.7,Archaean-Mesoproterozoic rocks,Archaean-Mesoproterozoic rocks,True,True,False,mineral,1975-05-02,2.0
140224,BHP JD 9,,137.1217136,-32.7369344,18.3,1961-05-01,Iron,Y,N,N,N,Y,N,N,N,Broken Hill Pty Co Ltd.,OA ,SI5304 PORT AUGUSTA,256.3,False,Quaternary rocks > Archaean rocks,IH > A-,18.3,5.0,Archaean,4.9,4.9,Archaean rocks,Archaean rocks,True,True,False,mineral,1975-05-02,2.0
140228,BHP JD 13,,137.1290826,-32.7367894,18.3,1961-05-01,Iron,Y,N,N,N,Y,N,N,N,Broken Hill Pty Co Ltd.,OA ,SI5304 PORT AUGUSTA,256.3,False,Quaternary rocks > Archaean-Mesoproterozoic rocks,IH > AM,18.3,5.0,Archaean,15.5,15.5,Archaean-Mesoproterozoic rocks,Archaean-Mesoproterozoic rocks,True,True,False,mineral,1975-05-02,2.0
140230,BHP JD 15,,137.1248856,-32.7392594,12.8,1961-05-01,Iron,Y,N,N,N,Y,N,N,N,Broken Hill Pty Co Ltd.,OA ,SI5304 PORT AUGUSTA,256.5,False,Quaternary rocks > Archaean-Mesoproterozoic rocks,IH > AM,12.8,5.0,Archaean,11.9,11.9,Archaean-Mesoproterozoic rocks,Archaean-Mesoproterozoic rocks,True,True,False,mineral,1975-05-02,2.0
140222,BHP JD 7,,137.1140246,-32.7398504,16.8,1961-05-01,Iron,Y,N,N,N,Y,N,N,N,Broken Hill Pty Co Ltd.,OA ,SI5304 PORT AUGUSTA,256.5,False,Quaternary rocks > Archaean-Mesoproterozoic rocks,IH > AM,16.8,5.0,Archaean,1.7,1.7,Archaean-Mesoproterozoic rocks,Archaean-Mesoproterozoic rocks,True,True,False,mineral,1975-05-02,2.0
140315,PACMINEX EX 59,,137.4532255,-32.6969944,24.7,1973-11-15,"Base Metals, Copper",Y,N,N,N,Y,N,N,N,Mount Gunson Mines Pty Ltd.,EL 50,SI5304 PORT AUGUSTA,256.5,False,Quaternary rocks > Backy Point Formation > Pandurra Formation,IH > N-xcak > M----p,24.7,3.0,Mesoproterozoic,22.0,,Pandurra Formation,,True,False,True,mineral,1975-05-02,2.0
140232,BHP JD 17,,137.1294716,-32.7396874,19.2,1961-05-01,Iron,Y,N,N,N,Y,N,N,N,Broken Hill Pty Co Ltd.,OA ,SI5304 PORT AUGUSTA,256.6,False,Quaternary rocks > Archaean-Mesoproterozoic rocks,IH > AM,19.2,5.0,Archaean,16.8,16.8,Archaean-Mesoproterozoic rocks,Archaean-Mesoproterozoic rocks,True,True,False,mineral,1975-05-02,2.0
140231,BHP JD 16,,137.1285296,-32.7395594,19.5,1961-05-01,Iron,Y,N,N,N,Y,N,N,N,Broken Hill Pty Co Ltd.,OA ,SI5304 PORT AUGUSTA,256.6,False,Quaternary rocks > Archaean-Mesoproterozoic rocks,IH > AM,19.5,5.0,Archaean,17.4,17.4,Archaean-Mesoproterozoic rocks,Archaean-Mesoproterozoic rocks,True,True,False,mineral,1975-05-02,2.0
140234,BHP JD 19,,137.1315156,-32.7398954,25.9,1961-05-01,Iron,Y,N,N,N,Y,N,N,N,Broken Hill Pty Co Ltd.,OA ,SI5304 PORT AUGUSTA,256.7,False,Quaternary rocks > Gawler Range Volcanics,IH > M-ta,25.9,3.0,Mesoproterozoic,22.3,22.3,Gawler Range Volcanics,Gawler Range Volcanics,True,True,False,mineral,1975-05-02,2.0
140236,BHP JD 21,,137.1334046,-32.7399284,24.4,1961-05-01,Iron,Y,N,N,N,Y,N,N,N,Broken Hill Pty Co Ltd.,OA ,SI5304 PORT AUGUSTA,256.7,False,Quaternary rocks > Middleback Subgroup,IH > AY-i,24.4,5.0,Archaean,21.3,21.3,Middleback Subgroup,Middleback Subgroup,True,True,False,mineral,1975-05-02,2.0
140221,BHP JD 6,,137.1193826,-32.7412734,13.7,1961-05-01,Iron,Y,N,N,N,Y,N,N,N,Broken Hill Pty Co Ltd.,OA ,SI5304 PORT AUGUSTA,256.7,False,Quaternary rocks > Archaean rocks,IH > A-,13.7,5.0,Archaean,2.0,2.0,Archaean rocks,Archaean rocks,True,True,False,mineral,1975-05-02,2.0
140233,BHP JD 18,,137.1304796,-32.7398314,21.3,1961-05-01,Iron,Y,N,N,N,Y,N,N,N,Broken Hill Pty Co Ltd.,OA ,SI5304 PORT AUGUSTA,256.7,False,Quaternary rocks > Archaean-Mesoproterozoic rocks,IH > AM,21.3,5.0,Archaean,18.3,18.3,Archaean-Mesoproterozoic rocks,Archaean-Mesoproterozoic rocks,True,True,False,mineral,1975-05-02,2.0
140235,BHP JD 20,,137.1323826,-32.7400094,28.4,1961-05-01,Iron,Y,N,N,N,Y,N,N,N,Broken Hill Pty Co Ltd.,OA ,SI5304 PORT AUGUSTA,256.7,False,Quaternary rocks > Gawler Range Volcanics,IH > M-ta,28.4,3.0,Mesoproterozoic,24.1,24.1,Gawler Range Volcanics,Gawler Range Volcanics,True,True,False,mineral,1975-05-02,2.0
140327,PACMINEX EX 77,,137.4815465,-32.6991414,19.0,1974-03-13,"Base Metals, Copper",Y,N,N,N,Y,N,N,N,Mount Gunson Mines Pty Ltd.,EL 50,SI5304 PORT AUGUSTA,257.3,False,Quaternary rocks > Whyalla Sandstone > Backy Point Formation > Pandurra Formation,IH > N-hueh > N-xcak > M----p,19.0,3.0,Mesoproterozoic,17.0,,Pandurra Formation,,True,False,True,mineral,1975-05-02,2.0
140220,BHP JD 5,,137.1177076,-32.7466314,12.2,1961-05-01,Iron,Y,N,N,N,Y,N,N,N,Broken Hill Pty Co Ltd.,OA ,SI5304 PORT AUGUSTA,257.3,False,Quaternary rocks > Archaean-Mesoproterozoic rocks,IH > AM,12.2,5.0,Archaean,2.0,2.0,Archaean-Mesoproterozoic rocks,Archaean-Mesoproterozoic rocks,True,True,False,mineral,1975-05-02,2.0
140217,BHP DDH 29,,137.1467386,-32.7454704,243.8,1956-12-12,Iron,Y,N,N,N,Y,N,N,N,Broken Hill Pty Co Ltd.,OA ,SI5304 PORT AUGUSTA,257.4,False,Myola Volcanics,Y-hb-m,243.8,4.0,Palaeoproterozoic,0.0,0.0,Myola Volcanics,Myola Volcanics,True,True,False,mineral,1975-05-02,2.0
140219,BHP JD 4,,137.1234856,-32.7477874,16.8,1961-05-01,Iron,Y,N,N,N,Y,N,N,N,Broken Hill Pty Co Ltd.,OA ,SI5304 PORT AUGUSTA,257.5,False,Quaternary rocks > Archaean-Mesoproterozoic rocks,IH > AM,16.8,5.0,Archaean,14.0,14.0,Archaean-Mesoproterozoic rocks,Archaean-Mesoproterozoic rocks,True,True,False,mineral,1975-05-02,2.0
140218,BHP JD 3A,,137.1271386,-32.7487174,18.3,1961-04-01,Iron,Y,N,N,N,Y,N,N,N,Broken Hill Pty Co Ltd.,OA ,SI5304 PORT AUGUSTA,257.6,False,Quaternary rocks > Archaean rocks,IH > A-,18.3,5.0,Archaean,15.0,15.0,Archaean rocks,Archaean rocks,True,True,False,mineral,1975-05-02,2.0
19907,PACMINEX EX 76,,137.4945895,-32.7003074,37.5,1974-03-13,"Base Metals, Copper",Y,N,N,N,Y,N,N,N,Mount Gunson Mines Pty Ltd.,EL 50,SI5304 PORT AUGUSTA,257.7,False,Quaternary rocks > Tapley Hill Formation > Backy Point Formation > Pandurra Formation,IH > N-hunt > N-xcak > M----p,37.5,3.0,Mesoproterozoic,33.0,,Pandurra Formation,,True,False,True,mineral,1975-05-02,2.0
140328,PACMINEX EX 78,,137.4663975,-32.7066554,3.15,1974-03-13,"Base Metals, Copper",Y,N,N,N,Y,N,N,N,Mount Gunson Mines Pty Ltd.,EL 50,SI5304 PORT AUGUSTA,257.8,False,Quaternary rocks > Pandurra Formation,IH > M----p,3.15,3.0,Mesoproterozoic,3.0,,Pandurra Formation,,True,False,True,mineral,1975-05-02,2.0
19845,ROOPENA DDH 4,ROOPENA NO.4,137.3965388,-32.7186762,168.3,1968-08-20,,N,N,Y,N,Y,N,N,Y,South Australia. Department of Mines and Energy., ,SI5304 PORT AUGUSTA,257.8,False,Roopena Basalt unit 2 > Roopena Basalt unit 2 > Roopena Basalt unit 2 > Roopena Basalt unit 2 > Roopena Basalt unit 2 > Roopena Basalt unit 2 > Roopena Basalt unit 2 > Roopena Basalt unit 2 > Roopena Basalt unit 2 > Roopena Basalt unit 1 > Fresh Well Formation unit 1 > Moonabie Formation,M-talr--02 > M-talr--02 > M-talr--02 > M-talr--02 > M-talr--02 > M-talr--02 > M-talr--02 > M-talr--02 > M-talr--02 > M-talr--01 > M-talf--01 > Y--x-o,168.3,4.0,Palaeoproterozoic,0.0,0.0,Roopena Basalt unit 2,Roopena Basalt unit 2,True,True,False,stratigraphic,1975-05-02,2.0
19796,ROOPENA DDH 1,ROOPENA RD 1,137.398676,-32.7188158,249.58,1967-09-25,,N,N,Y,N,Y,Y,N,Y,South Australia. Department of Mines and Energy., ,SI5304 PORT AUGUSTA,257.9,False,Roopena Basalt unit 2 > Roopena Basalt unit 2 > Roopena Basalt unit 2 > Roopena Basalt unit 2 > Roopena Basalt unit 2 > Roopena Basalt unit 1 > Fresh Well Formation unit 1 > Fresh Well Formation unit 1 > Moonabie Formation,M-talr--02 > M-talr--02 > M-talr--02 > M-talr--02 > M-talr--02 > M-talr--01 > M-talf--01 > M-talf--01 > Y--x-o,249.58,4.0,Palaeoproterozoic,1.22,1.22,Roopena Basalt unit 2,Roopena Basalt unit 2,True,True,False,stratigraphic,1975-05-02,2.0
19846,ROOPENA DDH 2,ROOPENA RD 2,137.4009197,-32.718953,120.3,1967-10-16,,N,N,Y,N,Y,N,N,Y,South Australia. Department of Mines and Energy., ,SI5304 PORT AUGUSTA,257.9,False,Roopena Basalt unit 2 > Roopena Basalt unit 2 > Roopena Basalt unit 2 > Roopena Basalt unit 2 > Roopena Basalt unit 2 > Fresh Well Formation > Roopena Basalt unit 2 > Roopena Basalt unit 2 > Roopena Basalt unit 1 > Moonabie Formation,M-talr--02 > M-talr--02 > M-talr--02 > M-talr--02 > M-talr--02 > M-talf > M-talr--02 > M-talr--02 > M-talr--01 > Y--x-o,120.47,4.0,Palaeoproterozoic,0.0,0.0,Roopena Basalt unit 2,Roopena Basalt unit 2,True,True,False,stratigraphic,1975-05-02,2.0
19847,ROOPENA DDH 3,ROOPENA NO.3,137.398676,-32.7188158,181.66,1968-07-18,,N,N,Y,N,Y,N,N,Y,South Australia. Department of Mines and Energy., ,SI5304 PORT AUGUSTA,257.9,False,Roopena Basalt unit 2 > Roopena Basalt unit 2 > Roopena Basalt unit 2 > Roopena Basalt unit 2 > Roopena Basalt unit 2 > Roopena Basalt unit 1 > Fresh Well Formation unit 1 > Moonabie Formation,M-talr--02 > M-talr--02 > M-talr--02 > M-talr--02 > M-talr--02 > M-talr--01 > M-talf--01 > Y--x-o,175.87,4.0,Palaeoproterozoic,0.0,0.0,Roopena Basalt unit 2,Roopena Basalt unit 2,True,True,False,stratigraphic,1975-05-02,2.0
19972,DME DDH 8,PH 1,137.1391546,-32.7545744,337.1,1956-12-31,Iron,Y,N,N,N,Y,Y,N,N,South Australia. Department of Mines and Energy.,OA ,SI5304 PORT AUGUSTA,258.4,False,Quaternary rocks > Cooyerdoo Granite > breccia > Burrawing Amphibolite > Middleback Subgroup > Burrawing Amphibolite,IH > A----c > ------br > Y-h--r > AY-i > Y-h--r,337.1,5.0,Archaean,24.4,24.4,Cooyerdoo Granite,Cooyerdoo Granite,True,True,False,mineral,1975-05-02,2.0
139438,PUB 6,,137.5095505,-32.7044724,92.0,1975-03-07,Copper,Y,N,N,N,Y,N,N,Y,Australian Selection Pty Ltd.,EL 187,SI5304 PORT AUGUSTA,258.5,False,Tertiary-Pleistocene rocks > Tapley Hill Formation > Pandurra Formation,aI > N-hunt > M----p,92.0,3.0,Mesoproterozoic,82.0,,Pandurra Formation,,True,False,True,mineral,1975-05-02,2.0
140269,BHP RP 2,,137.3671986,-32.7306594,83.8,1969-12-12,Base Metals,Y,N,N,N,Y,N,N,N,Broken Hill Pty Co Ltd.,SML 204,SI5304 PORT AUGUSTA,258.6,False,Quaternary rocks > Roopena Basalt > Fresh Well Formation unit 1,IH > M-talr > M-talf--01,83.8,3.0,Mesoproterozoic,1.5,1.5,Roopena Basalt,Roopena Basalt,True,True,False,mineral,1975-05-02,2.0
140270,BHP RP 3,,137.3510466,-32.7330374,91.4,1969-12-12,Base Metals,Y,N,N,N,Y,N,N,N,Broken Hill Pty Co Ltd.,SML 204,SI5304 PORT AUGUSTA,258.6,False,Quaternary rocks > Fresh Well Formation unit 2 > Moonabie Formation,IH > M-talf--02 > Y--x-o,91.4,4.0,Palaeoproterozoic,1.5,1.5,Fresh Well Formation unit 2,Fresh Well Formation unit 2,True,True,False,mineral,1975-05-02,2.0
19924,DME PH 2A,PH2A,137.1396356,-32.7568294,29.72,1956-07-27,Iron,Y,N,N,N,Y,Y,N,N,South Australia. Department of Mines and Energy.,OA ,SI5304 PORT AUGUSTA,258.6,False,Quaternary rocks > Middleback Subgroup,IH > AY-i,29.72,5.0,Archaean,12.0,12.0,Middleback Subgroup,Middleback Subgroup,True,True,False,mineral,1975-05-02,2.0
19926,DME PH 5,PH 5,137.1426886,-32.7568854,7.62,1956-09-21,Iron,Y,N,N,N,Y,Y,N,N,South Australia. Department of Mines and Energy.,OA ,SI5304 PORT AUGUSTA,258.7,False,Quaternary rocks > Cooyerdoo Granite,IH > A----c,7.62,5.0,Archaean,3.0,3.0,Cooyerdoo Granite,Cooyerdoo Granite,True,True,False,mineral,1975-05-02,2.0
19925,DME PH 3,PH 3,137.1396546,-32.7594174,77.72,1956-08-16,Iron,Y,N,N,N,Y,Y,N,N,South Australia. Department of Mines and Energy.,OA ,SI5304 PORT AUGUSTA,258.9,False,Quaternary rocks > Archaean-Mesoproterozoic rocks,IH > AM,77.72,5.0,Archaean,23.0,23.0,Archaean-Mesoproterozoic rocks,Archaean-Mesoproterozoic rocks,True,True,False,mineral,1975-05-02,2.0
19927,DME PH 8,PH 8,137.1384036,-32.7593124,65.84,1956-09-03,Iron,Y,N,N,N,Y,Y,N,N,South Australia. Department of Mines and Energy.,OA ,SI5304 PORT AUGUSTA,258.9,False,Quaternary rocks > Cooyerdoo Granite > Archaean unit 1 > Cooyerdoo Granite,IH > A----c > A-------01 > A----c,65.84,5.0,Archaean,7.0,7.0,Cooyerdoo Granite,Cooyerdoo Granite,True,True,False,mineral,1975-05-02,2.0
140324,PACMINEX EX 74,,137.4953695,-32.7130244,48.0,1974-03-12,"Base Metals, Copper",Y,N,N,N,Y,N,N,N,Mount Gunson Mines Pty Ltd.,EL 50,SI5304 PORT AUGUSTA,259.1,False,Quaternary rocks > Whyalla Sandstone > Tapley Hill Formation > Pandurra Formation,IH > N-hueh > N-hunt > M----p,48.0,3.0,Mesoproterozoic,34.0,,Pandurra Formation,,True,False,True,mineral,1975-05-02,2.0
140268,BHP RP 1,,137.3918486,-32.7308224,99.1,1969-12-12,Base Metals,Y,N,N,N,Y,N,N,N,Broken Hill Pty Co Ltd.,SML 204,SI5304 PORT AUGUSTA,259.1,False,Quaternary rocks > Roopena Basalt > Moonabie Formation,IH > M-talr > Y--x-o,99.1,4.0,Palaeoproterozoic,1.8,1.8,Roopena Basalt,Roopena Basalt,True,True,False,mineral,1975-05-02,2.0
19919,DME KATUNGA HILLS DDH 1,KATUNGA HILLS 1,137.1389336,-32.7640914,565.8,1954-03-19,Iron,Y,N,N,N,Y,Y,N,N,South Australia. Department of Mines and Energy.,OA ,SI5304 PORT AUGUSTA,259.4,False,Quaternary rocks > Middleback Subgroup > Katunga Dolomite,IH > AY-i > AY-i-k,565.8,5.0,Archaean,13.1,13.1,Middleback Subgroup,Middleback Subgroup,True,True,False,mineral,1975-05-02,2.0
19937,DME PH 19,PH 19,137.1247656,-32.7661724,71.93,1957-05-01,Iron,Y,N,N,N,Y,Y,N,N,South Australia. Department of Mines and Energy.,OA ,SI5304 PORT AUGUSTA,259.5,False,Quaternary rocks > Archaean-Mesoproterozoic rocks,IH > AM,71.93,5.0,Archaean,29.0,29.0,Archaean-Mesoproterozoic rocks,Archaean-Mesoproterozoic rocks,True,True,False,mineral,1975-05-02,2.0
140271,BHP RP 4,,137.3731546,-32.7379424,53.3,1969-12-12,Base Metals,Y,N,N,N,Y,N,N,N,Broken Hill Pty Co Ltd.,SML 204,SI5304 PORT AUGUSTA,259.5,False,Quaternary rocks > Fresh Well Formation unit 2 > Fresh Well Formation unit 1,IH > M-talf--02 > M-talf--01,53.3,3.0,Mesoproterozoic,1.0,1.0,Fresh Well Formation unit 2,Fresh Well Formation unit 2,True,True,False,mineral,1975-05-02,2.0
140273,BHP RP 6,,137.3892126,-32.7360144,48.8,1969-12-12,Base Metals,Y,N,N,N,Y,N,N,N,Broken Hill Pty Co Ltd.,SML 204,SI5304 PORT AUGUSTA,259.6,False,Quaternary rocks > Fresh Well Formation > Moonabie Formation,IH > M-talf > Y--x-o,48.8,4.0,Palaeoproterozoic,4.6,4.6,Fresh Well Formation,Fresh Well Formation,True,True,False,mineral,1975-05-02,2.0
140323,PACMINEX EX 73,,137.4957225,-32.7179774,24.0,1974-03-12,"Base Metals, Copper",Y,N,N,N,Y,N,N,N,Mount Gunson Mines Pty Ltd.,EL 50,SI5304 PORT AUGUSTA,259.7,False,Quaternary rocks > Whyalla Sandstone > Pandurra Formation,IH > N-hueh > M----p,24.0,3.0,Mesoproterozoic,20.5,,Pandurra Formation,,True,False,True,mineral,1975-05-02,2.0
19922,DME DDH 7,DDH 7,137.1343756,-32.7672174,50.6,1956-07-31,Iron,Y,N,N,N,Y,Y,N,N,South Australia. Department of Mines and Energy.,OA ,SI5304 PORT AUGUSTA,259.7,False,Middleback Subgroup,AY-i,50.6,5.0,Archaean,0.0,0.0,Middleback Subgroup,Middleback Subgroup,True,True,False,mineral,1975-05-02,2.0
19935,DME PH 16,PH 16,137.1245366,-32.7681964,49.68,1957-03-25,Iron,Y,N,N,N,Y,Y,N,N,South Australia. Department of Mines and Energy.,OA ,SI5304 PORT AUGUSTA,259.7,False,Quaternary rocks > Middleback Subgroup,IH > AY-i,49.68,5.0,Archaean,48.8,48.8,Middleback Subgroup,Middleback Subgroup,True,True,False,mineral,1975-05-02,2.0
140272,BHP RP 5,,137.3611796,-32.7410534,61.0,1969-12-12,Base Metals,Y,N,N,N,Y,N,N,N,Broken Hill Pty Co Ltd.,SML 204,SI5304 PORT AUGUSTA,259.7,False,Fresh Well Formation > Fresh Well Formation,M-talf > M-talf,61.0,3.0,Mesoproterozoic,0.0,0.0,Fresh Well Formation,Fresh Well Formation,True,True,False,mineral,1975-05-02,2.0
19928,DME PH 9,PH 9,137.1358996,-32.7675614,54.48,1956-10-19,Iron,Y,N,N,N,Y,Y,N,N,South Australia. Department of Mines and Energy.,OA ,SI5304 PORT AUGUSTA,259.8,False,Quaternary rocks > Burrawing Amphibolite > Middleback Subgroup,IH > Y-h--r > AY-i,54.48,5.0,Archaean,18.3,18.3,Burrawing Amphibolite,Burrawing Amphibolite,True,True,False,mineral,1975-05-02,2.0
19936,DME PH 17,PH 17,137.1263306,-32.7695814,31.09,1957-04-09,Iron,Y,N,N,N,Y,Y,N,N,South Australia. Department of Mines and Energy.,OA ,SI5304 PORT AUGUSTA,259.9,False,Quaternary rocks > Archaean-Mesoproterozoic rocks,IH > AM,31.09,5.0,Archaean,30.8,30.8,Archaean-Mesoproterozoic rocks,Archaean-Mesoproterozoic rocks,True,True,False,mineral,1975-05-02,2.0
140322,PACMINEX EX 72,,137.4910365,-32.7221274,7.0,1974-03-12,"Base Metals, Copper",Y,N,N,N,Y,N,N,N,Mount Gunson Mines Pty Ltd.,EL 50,SI5304 PORT AUGUSTA,260.0,False,Quaternary rocks > Whyalla Sandstone > Pandurra Formation,IH > N-hueh > M----p,7.0,3.0,Mesoproterozoic,6.0,,Pandurra Formation,,True,False,True,mineral,1975-05-02,2.0
19934,DME PH 15,PH 15,137.1172426,-32.7716024,45.72,1957-02-19,Iron,Y,N,N,N,Y,N,N,N,South Australia. Department of Mines and Energy.,OA ,SI5304 PORT AUGUSTA,260.1,False,Quaternary rocks > Palaeoproterozoic unit 46 > Middleback Subgroup,IH > Y-------46 > AY-i,45.72,5.0,Archaean,30.5,30.5,Palaeoproterozoic unit 46,Palaeoproterozoic unit 46,True,True,False,mineral,1975-05-02,2.0
140321,PACMINEX EX 71,,137.4988535,-32.7231444,9.0,1974-03-11,"Base Metals, Copper",Y,N,N,N,Y,N,N,N,Mount Gunson Mines Pty Ltd.,EL 50,SI5304 PORT AUGUSTA,260.3,False,Quaternary rocks > Pandurra Formation,IH > M----p,9.0,3.0,Mesoproterozoic,6.0,,Pandurra Formation,,True,False,True,mineral,1975-05-02,2.0
19933,DME PH 14,PH 14,137.1179186,-32.7744674,27.43,1957-02-04,Iron,Y,N,N,N,Y,Y,N,N,South Australia. Department of Mines and Energy.,OA ,SI5304 PORT AUGUSTA,260.4,False,Quaternary rocks > Middleback Subgroup,IH > AY-i,27.43,5.0,Archaean,15.2,15.2,Middleback Subgroup,Middleback Subgroup,True,True,False,mineral,1975-05-02,2.0
19932,DME PH 13,PH 13,137.1149586,-32.7757084,32.0,1957-01-22,Iron,Y,N,N,N,Y,Y,N,N,South Australia. Department of Mines and Energy.,OA ,SI5304 PORT AUGUSTA,260.5,False,Quaternary rocks > Middleback Subgroup,IH > AY-i,32.0,5.0,Archaean,24.4,24.4,Middleback Subgroup,Middleback Subgroup,True,True,False,mineral,1975-05-02,2.0
19921,DME DDH 6,DDH 6,137.1324726,-32.7742214,106.3,1954-04-01,Iron,Y,N,N,N,Y,N,N,N,South Australia. Department of Mines and Energy.,OA ,SI5304 PORT AUGUSTA,260.5,False,Middleback Subgroup > Burrawing Amphibolite > Middleback Subgroup,AY-i > Y-h--r > AY-i,106.3,5.0,Archaean,0.0,0.0,Middleback Subgroup,Middleback Subgroup,True,True,False,mineral,1975-05-02,2.0
19930,DME PH 11,PH 11,137.1180236,-32.7757464,20.4,1956-12-10,Iron,Y,N,N,N,Y,Y,N,N,South Australia. Department of Mines and Energy.,OA ,SI5304 PORT AUGUSTA,260.5,False,Quaternary rocks > Middleback Subgroup,IH > AY-i,20.4,5.0,Archaean,12.2,12.2,Middleback Subgroup,Middleback Subgroup,True,True,False,mineral,1975-05-02,2.0
19931,DME PH 12,PH 12,137.1158376,-32.7758464,16.76,1956-12-18,Iron,Y,N,N,N,Y,Y,N,N,South Australia. Department of Mines and Energy.,OA ,SI5304 PORT AUGUSTA,260.5,False,Quaternary rocks > Middleback Subgroup,IH > AY-i,16.76,5.0,Archaean,15.2,15.2,Middleback Subgroup,Middleback Subgroup,True,True,False,mineral,1975-05-02,2.0
19929,DME PH 10,PH 10,137.1171666,-32.7760674,10.97,1956-11-29,Iron,Y,N,N,N,Y,Y,N,N,South Australia. Department of Mines and Energy.,OA ,SI5304 PORT AUGUSTA,260.6,False,Quaternary rocks > Middleback Subgroup,IH > AY-i,10.97,5.0,Archaean,9.1,9.1,Middleback Subgroup,Middleback Subgroup,True,True,False,mineral,1975-05-02,2.0
19920,DME KATUNGA HILLS DDH 2,KATUNGA HILLS 2,137.1230556,-32.7759234,246.6,1953-06-19,Iron,Y,N,N,N,Y,Y,N,N,South Australia. Department of Mines and Energy.,OA ,SI5304 PORT AUGUSTA,260.6,False,Quaternary rocks > Middleback Subgroup > Katunga Dolomite > Palaeoproterozoic unit 46 > Katunga Dolomite > Cooyerdoo Granite > Archaean unit 1,IH > AY-i > AY-i-k > Y-------46 > AY-i-k > A----c > A-------01,246.6,5.0,Archaean,5.8,5.8,Middleback Subgroup,Middleback Subgroup,True,True,False,mineral,1975-05-02,2.0
140241,BHP KAT 6,,137.1014896,-32.7830594,22.5,1973-05-05,Uranium,Y,N,N,N,Y,N,N,N,Broken Hill Pty Co Ltd.,EL 266,SI5304 PORT AUGUSTA,261.2,False,Quaternary rocks > Archaean rocks,IH > A-,22.5,5.0,Archaean,12.0,12.0,Archaean rocks,Archaean rocks,True,True,False,mineral,1975-05-02,2.0
140320,PACMINEX EX 70,,137.4953595,-32.7393554,33.3,1974-03-11,"Base Metals, Copper",Y,N,N,N,Y,N,N,N,Mount Gunson Mines Pty Ltd.,EL 50,SI5304 PORT AUGUSTA,262.0,False,Quaternary rocks > Tapley Hill Formation > Backy Point Formation > Pandurra Formation,IH > N-hunt > N-xcak > M----p,33.3,3.0,Mesoproterozoic,30.0,,Pandurra Formation,,True,False,True,mineral,1975-05-02,2.0
140240,BHP KAT 5,,137.1082896,-32.7929814,28.0,1973-05-05,Uranium,Y,N,N,N,Y,N,N,N,Broken Hill Pty Co Ltd.,EL 266,SI5304 PORT AUGUSTA,262.4,False,Quaternary rocks > Archaean rocks,IH > A-,28.0,5.0,Archaean,6.0,6.0,Archaean rocks,Archaean rocks,True,True,False,mineral,1975-05-02,2.0
140278,DME PH 30,,137.1284416,-32.8030484,38.0,1969-12-12,Iron,Y,N,N,N,Y,N,N,N,South Australia. Department of Mines and Energy.,OA ,SI5304 PORT AUGUSTA,263.6,False,Quaternary rocks > Gairdner Dolerite > Cooyerdoo Granite,IH > N----g > A----c,38.0,5.0,Archaean,24.0,24.0,Cooyerdoo Granite,Cooyerdoo Granite,True,True,False,mineral,1975-05-02,2.0
24131,PUB 7,,137.5310985,-32.7683224,114.0,1975-03-08,Copper,Y,N,N,N,Y,N,N,Y,Australian Selection Pty Ltd.,EL 187,SI5304 PORT AUGUSTA,265.9,False,Tertiary-Pleistocene rocks > Tapley Hill Formation > Pandurra Formation,aI > N-hunt > M----p,114.0,3.0,Mesoproterozoic,108.0,,Pandurra Formation,,True,False,True,mineral,1975-05-02,2.0
134099,A 169,,134.4732711,-29.2682993,38.7,1972-03-27,Water,N,N,N,Y,Y,N,N,N,South Australia. Department of Mines and Energy., ,SH5306 COOBER PEDY,266.8,False,Pleistocene rocks > Cadna-owie Formation > Mulgathing Complex,I- > K----c > AYm,38.7,5.0,Archaean,37.5,37.5,Mulgathing Complex,Mulgathing Complex,True,True,False,water,1975-05-02,2.0
140319,PACMINEX EX 69,,137.4807685,-32.7864444,37.5,1974-03-11,"Base Metals, Copper",Y,N,N,N,Y,N,N,N,Mount Gunson Mines Pty Ltd.,EL 50,SI5304 PORT AUGUSTA,266.8,False,Quaternary rocks > Pandurra Formation,IH > M----p,37.5,3.0,Mesoproterozoic,13.5,,Pandurra Formation,,True,False,True,mineral,1975-05-02,2.0
5051,COMM RAILWAYS (A169) 15,,134.4786941,-29.2546583,38.7,1972-03-27,Water,N,N,N,Y,Y,N,N,Y,Commonwealth Railways of Australia., ,SH5306 COOBER PEDY,267.1,False,Quaternary rocks > Jurassic-Cretaceous unit 1 > Mulgathing Complex,IH > JK------01 > AYm,38.7,5.0,Archaean,37.5,37.5,Mulgathing Complex,Mulgathing Complex,True,True,False,water,1975-05-02,2.0
134158,CPB 7,,134.4477691,-29.2257773,34.29,1971-01-01,Aggregate,Y,N,N,N,Y,N,N,N,South Australia. Department of Mines and Energy., ,SH5306 COOBER PEDY,271.3,False,Quaternary rocks > Jurassic-Cretaceous unit 1 > Mulgathing Complex > Mulgathing Complex,IH > JK------01 > AYm > AYm,34.29,5.0,Archaean,25.6,25.6,Mulgathing Complex,Mulgathing Complex,True,True,False,mineral,1975-05-02,2.0
132078,MCP 1,,134.4446961,-29.2230583,34.29,1972-04-27,Aggregate,Y,N,N,N,Y,N,N,N,South Australia. Department of Mines and Energy., ,SH5306 COOBER PEDY,271.7,False,Quaternary rocks > Algebuckina Sandstone > Mulgathing Complex,IH > JK---a > AYm,34.29,5.0,Archaean,31.69,31.69,Mulgathing Complex,Mulgathing Complex,True,True,False,mineral,1975-05-02,2.0
147477,PACMINEX EX 62,,137.5315325,-32.8450304,35.0,1974-03-07,"Base Metals, Copper",Y,N,N,N,Y,N,N,N,Mount Gunson Mines Pty Ltd.,EL 50,SI5304 PORT AUGUSTA,274.2,False,Umberatana Group unit 2 > Tapley Hill Formation > Pandurra Formation,N-hu----02 > N-hunt > M----p,35.0,3.0,Mesoproterozoic,33.53,,Pandurra Formation,,True,False,True,mineral,1975-05-02,2.0
140318,PACMINEX EX 65,,137.4912555,-32.8753254,61.0,1974-03-08,"Base Metals, Copper",Y,N,N,N,Y,N,N,N,Mount Gunson Mines Pty Ltd.,EL 50,SI5304 PORT AUGUSTA,276.7,False,Quaternary rocks > Pandurra Formation,IH > M----p,61.0,3.0,Mesoproterozoic,6.0,,Pandurra Formation,,True,False,True,mineral,1975-05-02,2.0
147480,PACMINEX EX 66,,137.5441125,-32.8777774,30.48,1974-03-08,"Base Metals, Copper",Y,N,N,N,Y,N,N,N,Mount Gunson Mines Pty Ltd.,EL 50,SI5304 PORT AUGUSTA,278.0,False,Tertiary-Pleistocene rocks > Tapley Hill Formation > Pandurra Formation,aI > N-hunt > M----p,30.48,3.0,Mesoproterozoic,27.0,,Pandurra Formation,,True,False,True,mineral,1975-05-02,2.0
140851,URN 1,,135.860457,-28.0954653,63.55,1974-01-01,Uranium,Y,N,N,N,Y,N,Y,Y,Uranerz (Australia) Pty Ltd.,EL 110,SH5303 WARRINA,279.2,False,Callanna Group > Peake Metamorphics,N-xc > Y-he,63.55,4.0,Palaeoproterozoic,61.57,61.57,Peake Metamorphics,Peake Metamorphics,True,True,False,mineral,1975-05-02,2.0
140257,BHP MH 1,,137.3612635,-32.9498244,87.0,1970-12-12,Uranium,Y,N,N,N,Y,N,N,N,Broken Hill Pty Co Ltd.,EL 266,SI5304 PORT AUGUSTA,282.6,False,Quaternary rocks > Broadview Schist,IH > Y-hb-b,87.0,4.0,Palaeoproterozoic,23.0,23.0,Broadview Schist,Broadview Schist,True,True,False,mineral,1975-05-02,2.0
16348,BUCKLEBOO SILO 1,,136.2076067,-32.9209504,6.1,1959-07-01,,N,N,N,N,Y,N,N,N,South Australia. Department of Mines and Energy., ,SI5303 YARDEA,283.2,False,Tertiary-Pleistocene rocks > Sleaford Complex,aI > AYs,6.1,5.0,Archaean,2.74,2.74,Sleaford Complex,Sleaford Complex,True,True,False,other,1975-05-02,2.0
140261,BHP MH 5,,137.3528695,-32.9684694,82.5,1973-12-12,Uranium,Y,N,N,N,Y,N,N,N,Broken Hill Pty Co Ltd.,EL 266,SI5304 PORT AUGUSTA,284.5,False,Quaternary rocks > Broadview Schist,IH > Y-hb-b,82.5,4.0,Palaeoproterozoic,82.0,82.0,Broadview Schist,Broadview Schist,True,True,False,mineral,1975-05-02,2.0
140258,BHP MH 2,,137.3711195,-32.9685024,22.0,1973-12-12,Uranium,Y,N,N,N,Y,N,N,N,Broken Hill Pty Co Ltd.,EL 266,SI5304 PORT AUGUSTA,284.8,False,Quaternary rocks > Broadview Schist,IH > Y-hb-b,22.0,4.0,Palaeoproterozoic,16.0,16.0,Broadview Schist,Broadview Schist,True,True,False,mineral,1975-05-02,2.0
140852,URN 2,,135.841727,-28.0427763,8.37,1974-01-01,Uranium,Y,N,N,N,Y,N,N,Y,Uranerz (Australia) Pty Ltd.,EL 110,SH5303 WARRINA,285.3,False,Wirriecurrie Granite,Y--j-w,8.37,4.0,Palaeoproterozoic,0.0,0.0,Wirriecurrie Granite,Wirriecurrie Granite,True,True,False,mineral,1975-05-02,2.0
16364,PINKAWILLINIE,,136.1576777,-32.9784614,36.27,1928-09-01,Water,N,N,N,Y,Y,Y,N,N,, ,SI5303 YARDEA,290.5,False,Pleistocene regolith/colluvial unit 4 > Hiltaba Suite,I---r---04 > M-th,36.0,3.0,Mesoproterozoic,9.0,9.0,Hiltaba Suite,Hiltaba Suite,True,True,False,water,1975-05-02,2.0
9200,SA RAILWAYS RH 11,,135.1615989,-32.8151023,2.83,1968-06-18,Construction Materials,Y,N,N,N,Y,N,N,N,South Australia. Department of Mines and Energy., ,SI5303 YARDEA,310.4,False,Pleistocene regolith/colluvial unit 4 > Hiltaba Suite,I---r---04 > M-th,2.83,3.0,Mesoproterozoic,2.13,2.13,Hiltaba Suite,Hiltaba Suite,True,True,False,mineral,1975-05-02,2.0
9190,SA RAILWAYS RH 1,,135.1611299,-32.8150943,1.62,1968-06-18,Construction Materials,Y,N,N,N,Y,N,N,N,South Australia. Department of Mines and Energy., ,SI5303 YARDEA,310.5,False,Pleistocene regolith/colluvial unit 4 > Hiltaba Suite,I---r---04 > M-th,1.62,3.0,Mesoproterozoic,1.37,1.37,Hiltaba Suite,Hiltaba Suite,True,True,False,mineral,1975-05-02,2.0
9214,SA RAILWAYS RH 25,,135.1602219,-32.8159443,5.49,1968-06-19,Construction Materials,Y,N,N,N,Y,N,N,N,South Australia. Department of Mines and Energy., ,SI5303 YARDEA,310.6,False,Tertiary-Pleistocene rocks > Hiltaba Suite,aI > M-th,5.49,3.0,Mesoproterozoic,4.11,4.11,Hiltaba Suite,Hiltaba Suite,True,True,False,mineral,1975-05-02,2.0
9178,,,135.0974119,-32.7879893,45.72,1955-11-04,Water,N,N,N,Y,Y,Y,N,N,, ,SI5303 YARDEA,311.2,False,Wiabuna Formation > Pooraka Formation > Garford Formation > St Peter Suite,I---ew > I---ap > eI-i-g > Y--p,45.72,4.0,Palaeoproterozoic,42.67,42.67,St Peter Suite,St Peter Suite,True,True,False,water,1975-05-02,2.0
6092,E&WS - KUDDLEBA BORE,,134.8555389,-32.6454883,27.4,1913-08-01,Water,N,N,N,Y,Y,Y,N,Y,South Australia. Engineer in Chiefs Department., ,SI5302 STREAKY BAY,311.7,False,Bridgewater Formation > Garford Formation > St Peter Suite,I---cb > eI-i-g > Y--p,27.4,4.0,Palaeoproterozoic,22.25,22.25,St Peter Suite,St Peter Suite,True,True,False,water,1975-05-02,2.0
9189,SA RAILWAYS MDD 2,,135.1909409,-32.8437743,50.65,1966-11-30,Construction Materials,Y,N,N,N,Y,N,N,Y,South Australia. Department of Mines and Energy., ,SI5303 YARDEA,311.7,False,Hiltaba Suite,M-th,50.65,3.0,Mesoproterozoic,0.0,0.0,Hiltaba Suite,Hiltaba Suite,True,True,False,mineral,1975-05-02,2.0
9188,SA BULK HANDLING MINNIPA SILO 3,,135.1527729,-32.8561743,9.14,1966-07-28,,N,N,N,N,Y,N,N,N,South Australia. Department of Mines and Energy., ,SI5303 YARDEA,314.7,False,Tertiary-Pleistocene rocks > Hiltaba Suite,aI > M-th,30.0,3.0,Mesoproterozoic,20.5,20.5,Hiltaba Suite,Hiltaba Suite,True,True,False,other,1975-05-02,2.0
9186,SA BULK HANDLING MINNIPA SILO 1,,135.1524389,-32.8556523,6.4,1958-07-16,,N,N,N,N,Y,N,N,N,South Australia. Department of Mines and Energy., ,SI5303 YARDEA,314.7,False,Tertiary-Pleistocene rocks > Hiltaba Suite,aI > M-th,6.4,3.0,Mesoproterozoic,6.17,6.17,Hiltaba Suite,Hiltaba Suite,True,True,False,other,1975-05-02,2.0
6109,HIGHWAYS AND LOCAL GOVT DEPT,BORE SERIAL NO PD 75/64,134.7274739,-32.6908493,51.82,1963-12-06,Water,N,N,N,Y,Y,Y,N,N,, ,SI5302 STREAKY BAY,323.2,False,Bridgewater Formation > Bridgewater Formation > St Peter Suite,I---cb > I---cb > Y--p,51.82,4.0,Palaeoproterozoic,47.24,47.24,St Peter Suite,St Peter Suite,True,True,False,water,1975-05-02,2.0
6100,,,134.7689199,-32.7731653,57.91,1948-11-08,Water,N,N,N,Y,Y,Y,N,N,, ,SI5302 STREAKY BAY,327.8,False,Bridgewater Formation > Garford Formation > Hiltaba Suite > Hiltaba Suite,I---cb > eI-i-g > M-th > M-th,58.0,3.0,Mesoproterozoic,43.89,43.89,Hiltaba Suite,Hiltaba Suite,True,True,False,water,1975-05-02,2.0
9181,DME IR 5,,135.0111509,-32.9299483,45.42,1959-05-15,Iron,Y,N,N,N,Y,N,N,Y,South Australia. Department of Mines and Energy., ,SI5303 YARDEA,328.8,False,Tertiary-Pleistocene rocks > Hiltaba Suite,aI > M-th,45.42,3.0,Mesoproterozoic,44.2,44.2,Hiltaba Suite,Hiltaba Suite,True,True,False,mineral,1975-05-02,2.0
133944,DME IR 3,DD25/291,135.0012759,-32.9336113,59.13,1960-05-26,Iron,Y,N,N,N,Y,N,N,Y,South Australia. Department of Mines and Energy., ,SI5303 YARDEA,329.6,False,Tertiary-Pleistocene rocks > Cretaceous-Paleocene deep weathering > Palaeoproterozoic unit 9,aI > Ka----dw > Y-------09,59.13,4.0,Palaeoproterozoic,57.91,57.91,Palaeoproterozoic unit 9,Palaeoproterozoic unit 9,True,True,False,mineral,1975-05-02,2.0
133881,CR 1,BORE SERIAL NO DD 4/60,134.676298,-32.7304103,88.62,1960-02-26,Iron,Y,N,N,N,Y,N,N,Y,South Australia. Department of Mines and Energy., ,SI5302 STREAKY BAY,329.6,False,Tertiary-Pleistocene rocks > Lincoln Complex,aI > L-l,46.53,4.0,Palaeoproterozoic,42.67,42.67,Lincoln Complex,Lincoln Complex,True,True,False,mineral,1975-05-02,2.0
133941,DME IR 2,INKSTER AEROMAG ANOMALY,135.0009559,-32.9363193,76.5,1959-05-20,Iron,Y,N,N,N,Y,Y,N,Y,South Australia. Department of Mines and Energy., ,SI5303 YARDEA,329.9,False,Tertiary-Pleistocene rocks > Cretaceous-Paleocene deep weathering > Palaeoproterozoic unit 9,aI > Ka----dw > Y-------09,66.29,4.0,Palaeoproterozoic,64.97,64.97,Palaeoproterozoic unit 9,Palaeoproterozoic unit 9,True,True,False,mineral,1975-05-02,2.0
133940,DME IR MINNIPA 1,B/S DD27/59,135.0003149,-32.9408273,60.96,1955-05-08,Iron,Y,N,N,N,Y,N,N,Y,South Australia. Department of Mines and Energy., ,SI5303 YARDEA,330.3,False,Tertiary-Pleistocene rocks > Cretaceous-Paleocene deep weathering > Palaeoproterozoic unit 9,aI > Ka----dw > Y-------09,60.96,4.0,Palaeoproterozoic,59.44,59.44,Palaeoproterozoic unit 9,Palaeoproterozoic unit 9,True,True,False,mineral,1975-05-02,2.0
133882,CR - DEPT OF MINES 2,SERIAL NO DD 3/60,134.661142,-32.7303683,77.62,1960-02-17,Iron,Y,N,N,N,Y,N,N,Y,South Australia. Department of Mines and Energy., ,SI5302 STREAKY BAY,330.5,False,Tertiary-Pleistocene rocks > Cretaceous-Paleocene deep weathering > Palaeoproterozoic unit 9,aI > Ka----dw > Y-------09,77.62,4.0,Palaeoproterozoic,75.9,75.9,Palaeoproterozoic unit 9,Palaeoproterozoic unit 9,True,True,False,mineral,1975-05-02,2.0
133942,DME IR 6,,134.9928259,-32.9381223,75.44,1959-07-09,Iron,Y,N,N,N,Y,N,N,Y,South Australia. Department of Mines and Energy., ,SI5302 STREAKY BAY,330.5,False,Tertiary-Pleistocene rocks > Palaeoproterozoic unit 9 > Palaeoproterozoic unit 9,aI > Y-------09 > Y-------09,75.44,4.0,Palaeoproterozoic,44.2,44.2,Palaeoproterozoic unit 9,Palaeoproterozoic unit 9,True,True,False,mineral,1975-05-02,2.0
6141,,,134.7714139,-32.8079623,45.72,1954-02-19,Water,N,N,N,Y,Y,Y,N,N,, ,SI5302 STREAKY BAY,330.7,False,Bridgewater Formation > Garford Formation > Hiltaba Suite,I---cb > eI-i-g > M-th,45.7,3.0,Mesoproterozoic,44.81,44.81,Hiltaba Suite,Hiltaba Suite,True,True,False,water,1975-05-02,2.0
133883,CR 3,DEPT ON MINES,134.654737,-32.7306243,88.62,1960-02-02,Iron,Y,N,N,N,Y,N,N,N,South Australia. Department of Mines and Energy., ,SI5302 STREAKY BAY,330.9,False,Tertiary-Pleistocene rocks > Cretaceous-Paleocene deep weathering > Palaeoproterozoic unit 9,aI > Ka----dw > Y-------09,88.62,4.0,Palaeoproterozoic,86.79,86.79,Palaeoproterozoic unit 9,Palaeoproterozoic unit 9,True,True,False,mineral,1975-05-02,2.0
133885,STREAKY R 1A,,134.617798,-32.7084153,124.97,1972-10-06,Uranium,Y,N,N,N,Y,Y,N,N,Endeavour Oil Co NL.,SML 594,SI5302 STREAKY BAY,331.3,False,Bridgewater Formation > Pantoulbie Formation > Pidinga Formation > St Peter Suite,I---cb > eI-iba > eI-ibp > Y--p,124.97,4.0,Palaeoproterozoic,117.35,117.35,St Peter Suite,St Peter Suite,True,True,False,mineral,1975-05-02,2.0
133943,DME IR 4,B/S DD 1/60 INKSTER AEROMAG,134.9746369,-32.9480413,76.5,1959-05-27,Iron,Y,N,N,N,Y,Y,N,Y,South Australia. Department of Mines and Energy., ,SI5302 STREAKY BAY,332.3,False,Tertiary-Pleistocene rocks > Pidinga Formation > no sample > Hiltaba Suite,aI > eI-ibp > ------ns > M-th,76.5,3.0,Mesoproterozoic,74.98,74.98,Hiltaba Suite,Hiltaba Suite,True,True,False,mineral,1975-05-02,2.0
6144,,,134.7900969,-32.8441673,47.4,1958-11-05,Water,N,N,N,Y,Y,N,N,N,, ,SI5302 STREAKY BAY,332.9,False,Quaternary rocks > Bridgewater Formation > Garford Formation > Hiltaba Suite,IH > I---cb > eI-i-g > M-th,47.2,3.0,Mesoproterozoic,18.2,18.2,Hiltaba Suite,Hiltaba Suite,True,True,False,water,1975-05-02,2.0
6129,,B/S NO 187/50,134.8218299,-32.8733623,46.02,1950-07-06,Water,N,N,N,Y,Y,Y,N,N,, ,SI5302 STREAKY BAY,333.7,False,Bridgewater Formation > Garford Formation > Hiltaba Suite,I---cb > eI-i-g > M-th,46.02,3.0,Mesoproterozoic,35.57,35.57,Hiltaba Suite,Hiltaba Suite,True,True,False,water,1975-05-02,2.0
6151,,,134.7527889,-32.8642973,53.34,1955-03-02,Water,N,N,N,Y,Y,N,N,N,, ,SI5302 STREAKY BAY,336.8,False,Bridgewater Formation > Garford Formation > Hiltaba Suite,I---cb > eI-i-g > M-th,53.3,3.0,Mesoproterozoic,25.0,25.0,Hiltaba Suite,Hiltaba Suite,True,True,False,water,1975-05-02,2.0
6236,,,134.7250979,-32.8495263,53.34,1948-06-28,Water,N,N,N,Y,Y,N,N,N,, ,SI5302 STREAKY BAY,337.0,False,Quaternary rocks > Bridgewater Formation > Garford Formation > Hiltaba Suite,IH > I---cb > eI-i-g > M-th,53.3,3.0,Mesoproterozoic,51.8,51.8,Hiltaba Suite,Hiltaba Suite,True,True,False,water,1975-05-02,2.0
6237,,,134.7250229,-32.8497883,49.38,1948-07-15,Water,N,N,N,Y,Y,N,N,N,, ,SI5302 STREAKY BAY,337.1,False,Quaternary rocks > Bridgewater Formation > Garford Formation > Hiltaba Suite,IH > I---cb > eI-i-g > M-th,49.4,3.0,Mesoproterozoic,33.8,33.8,Hiltaba Suite,Hiltaba Suite,True,True,False,water,1975-05-02,2.0
6235,,,134.7220199,-32.8530553,51.8,1929-08-13,Water,N,N,N,Y,Y,N,N,N,, ,SI5302 STREAKY BAY,337.5,False,Quaternary rocks > Tertiary rocks > Hiltaba Suite,IH > ap > M-th,51.8,3.0,Mesoproterozoic,45.7,45.7,Hiltaba Suite,Hiltaba Suite,True,True,False,water,1975-05-02,2.0
6233,,,134.7431859,-32.8736953,35.97,1952-05-13,Water,N,N,N,Y,Y,N,N,N,, ,SI5302 STREAKY BAY,338.1,False,Bridgewater Formation > Garford Formation > Hiltaba Suite,I---cb > eI-i-g > M-th,36.0,3.0,Mesoproterozoic,30.5,30.5,Hiltaba Suite,Hiltaba Suite,True,True,False,water,1975-05-02,2.0
6234,,,134.7322729,-32.8732933,33.53,1955-03-16,Water,N,N,N,Y,Y,N,N,N,, ,SI5302 STREAKY BAY,338.7,False,Bridgewater Formation > Garford Formation > Hiltaba Suite,I---cb > eI-i-g > M-th,33.5,3.0,Mesoproterozoic,6.1,6.1,Hiltaba Suite,Hiltaba Suite,True,True,False,water,1975-05-02,2.0
6226,,405004804,134.7299959,-32.9471843,39.01,1954-02-05,Water,N,N,N,Y,Y,Y,N,N,, ,SI5302 STREAKY BAY,345.4,False,Bridgewater Formation > Garford Formation > St Peter Suite,I---cb > eI-i-g > Y--p,39.0,4.0,Palaeoproterozoic,32.0,32.0,St Peter Suite,St Peter Suite,True,True,False,water,1975-05-02,2.0
6248,,279001105,134.521739,-32.8241803,28.96,1952-12-16,Water,N,N,N,Y,Y,Y,N,N,, ,SI5302 STREAKY BAY,346.9,False,Bridgewater Formation > Garford Formation > Hiltaba Suite > Hiltaba Suite,I---cb > eI-i-g > M-th > M-th,30.0,3.0,Mesoproterozoic,15.24,15.24,Hiltaba Suite,Hiltaba Suite,True,True,False,water,1975-05-02,2.0
4067,,279000101,134.477769,-32.8235633,36.58,1953-10-03,Water,N,N,N,Y,Y,Y,N,N,, ,SI5302 STREAKY BAY,349.6,False,Bridgewater Formation > Garford Formation > Hiltaba Suite,I---cb > eI-i-g > M-th,36.5,3.0,Mesoproterozoic,28.04,28.04,Hiltaba Suite,Hiltaba Suite,True,True,False,water,1975-05-02,2.0
5145,MOUNT FURNER 1,,134.4653931,-28.1025323,555.04,1969-06-17,,Y,N,Y,Y,Y,N,Y,Y,South Australia. Department of Mines and Energy., ,SH5302 MURLOOCOPPIE,350.4,False,Bulldog Shale > Cadna-owie Formation > Algebuckina Sandstone > Mount Toondina Formation > Stuart Range Formation > Mulgathing Complex,K--rmb > K----c > JK---a > P----t > P----s > AYm,555.04,5.0,Archaean,548.64,548.64,Mulgathing Complex,Mulgathing Complex,True,True,False,stratigraphic,1975-05-02,2.0
4063,,279000202,134.464835,-32.8355503,20.12,1949-09-16,Water,N,N,N,Y,Y,Y,N,N,, ,SI5302 STREAKY BAY,351.4,False,Bridgewater Formation > Garford Formation > Hiltaba Suite,I---cb > eI-i-g > M-th,20.12,3.0,Mesoproterozoic,18.0,18.0,Hiltaba Suite,Hiltaba Suite,True,True,False,water,1975-05-02,2.0
4062,,279000201,134.450313,-32.8339633,18.29,1949-09-08,Water,N,N,N,Y,Y,Y,N,N,, ,SI5302 STREAKY BAY,352.1,False,Bridgewater Formation > Garford Formation > Hiltaba Suite,I---cb > eI-i-g > M-th,18.26,3.0,Mesoproterozoic,17.68,17.68,Hiltaba Suite,Hiltaba Suite,True,True,False,water,1975-05-02,2.0
4066,,279000205,134.45251,-32.8520853,36.58,1958-09-05,Water,N,N,N,Y,Y,Y,N,N,, ,SI5302 STREAKY BAY,353.5,False,Bridgewater Formation > Garford Formation > Hiltaba Suite,I---cb > eI-i-g > M-th,36.58,3.0,Mesoproterozoic,24.3,24.3,Hiltaba Suite,Hiltaba Suite,True,True,False,water,1975-05-02,2.0
4164,,357006002,134.433128,-32.8463973,37.19,1950-05-30,Water,N,N,N,Y,Y,Y,N,N,, ,SI5302 STREAKY BAY,354.2,False,Bridgewater Formation > Garford Formation > Hiltaba Suite,I---cb > eI-i-g > M-th,37.19,3.0,Mesoproterozoic,36.88,36.88,Hiltaba Suite,Hiltaba Suite,True,True,False,water,1975-05-02,2.0
4127,,357000701,134.350802,-32.7920373,40.23,1956-12-20,Water,N,N,N,Y,Y,Y,N,N,, ,SI5302 STREAKY BAY,355.0,False,Bridgewater Formation > Garford Formation > St Peter Suite,I---cb > eI-i-g > Y--p,40.2,4.0,Palaeoproterozoic,36.58,36.58,St Peter Suite,St Peter Suite,True,True,False,water,1975-05-02,2.0
4159,,357006204,134.418914,-32.8481183,42.67,1954-02-25,Water,N,N,N,Y,Y,Y,N,N,, ,SI5302 STREAKY BAY,355.3,False,Bridgewater Formation > Garford Formation > Hiltaba Suite,I---cb > eI-i-g > M-th,42.65,3.0,Mesoproterozoic,41.25,41.25,Hiltaba Suite,Hiltaba Suite,True,True,False,water,1975-05-02,2.0
4193,DEPT OF MINES,357BK1310,134.438234,-32.9161833,8.43,1967-05-02,Water,N,N,N,Y,Y,Y,N,Y,South Australia. Department of Mines and Energy., ,SI5302 STREAKY BAY,359.8,False,Wiabuna Formation > St Peter Suite,I---ew > Y--p,8.23,4.0,Palaeoproterozoic,8.23,8.23,St Peter Suite,St Peter Suite,True,True,False,water,1975-05-02,2.0
4181,,357BK1807,134.342127,-32.8561723,19.81,1956-03-09,Water,N,N,N,Y,Y,Y,N,N,, ,SI5302 STREAKY BAY,360.7,False,Bridgewater Formation > Garford Formation > St Peter Suite,I---cb > eI-i-g > Y--p,20.0,4.0,Palaeoproterozoic,18.29,18.29,St Peter Suite,St Peter Suite,True,True,False,water,1975-05-02,2.0
