drillhole_no,hole_name,lon_dd,lat_dd,max_depth_m,drill_date,purpose,hole_class,strat_units_top_to_base,deepest_logged_base_m,unit_at_deepest_base,has_strat_log,in_state_t0_1973,in_state_prerd1_1975,window_status
20625,ENGINE WELL NO.4,137.0752407,-31.0839454,39.62,1925-10-29,Water,N,,,,False,True,True,PROVISIONAL
20646,YELTACOWIE WELL,137.1243997,-31.4318134,10.67,1929-01-01,Water,N,,,,False,True,True,PROVISIONAL
18027,WORKS & HOUSING DEPT,136.9634637,-31.0831434,,1947-01-01,Water,N,,,,False,True,True,PROVISIONAL
20613,PHILLIP PONDS B.,137.0472207,-31.0196014,45.75,1947-01-01,Water,N,,,,False,True,True,PROVISIONAL
20614,PHILLIP PONDS B.,137.0511817,-31.0368014,60.1,1947-01-01,Water,N,,,,False,True,True,PROVISIONAL
20615,,137.0584777,-31.0024904,45.75,1947-01-01,Water,N,,,,False,True,True,PROVISIONAL
20617,,137.0538737,-31.0250954,60.1,1947-01-01,Water,N,,,,False,True,True,PROVISIONAL
20622,PHILLIP PONDS B.,137.0747927,-31.0594264,45.72,1947-01-01,Water,N,,,,False,True,True,PROVISIONAL
18023,PARADISE WELL,136.8230737,-31.0900794,57.0,1947-05-27,Water,N,,,,False,True,True,PROVISIONAL
18045,PHILLIP PONDS 2,136.8457887,-31.1733684,4.27,1947-05-27,Water,N,,,,False,True,True,PROVISIONAL
18046,PHILLIP PONDS 1,136.8417387,-31.1733824,10.06,1947-05-27,Water,N,,,,False,True,True,PROVISIONAL
18058,ROCKY WELL,136.9728517,-31.1973564,36.6,1947-05-27,Water,N,,,,False,True,True,PROVISIONAL
18059,MARCELLA WELL,136.9496917,-31.2243894,54.86,1947-05-27,Water,N,,,,False,True,True,PROVISIONAL
18060,LITTLE PINE WELL,136.9450167,-31.2472644,57.91,1947-05-27,Water,N,,,,False,True,True,PROVISIONAL
18061,THE PINES WELL,136.9496307,-31.2577394,57.91,1947-05-27,Water,N,,,,False,True,True,PROVISIONAL
20618,NORTH STN. WELL,137.0930167,-31.0001314,56.08,1947-05-27,Water,N,,,,False,True,True,PROVISIONAL
20626,BLUFF WELL,137.0550857,-31.1263054,27.43,1947-05-27,Water,N,,,,False,True,True,PROVISIONAL
20629,ELIZABETH WELL,137.1768377,-31.1787314,36.58,1947-05-27,Water,N,,,,False,True,True,PROVISIONAL
20632,STH BOSWORTH B,137.3439046,-31.1165994,12.19,1947-05-27,Water,N,,,,False,True,True,PROVISIONAL
20636,WELCOME WELL,137.0553407,-31.2860214,15.24,1947-05-27,Water,N,,,,False,True,True,PROVISIONAL
20648,HOUSE WELL,137.0428577,-31.4910764,18.29,1947-05-27,Water,N,,,,False,True,True,PROVISIONAL
20649,BELLAMY WELL,137.0723717,-31.4963284,24.38,1947-05-27,Water,N,,,,False,True,True,PROVISIONAL
18047,WORKS & HOUSING DEPT DD1,136.8368217,-31.1709344,7.92,1947-07-16,,Y,,,,False,True,True,PROVISIONAL
18054,PHILLIP PONDS W.,136.8495137,-31.1771764,214.58,1947-07-21,Water,N,,,,False,True,True,PROVISIONAL
18052,WORKS & HOUSING DEPT. DD2,136.8670917,-31.1618574,14.94,1947-07-29,,Y,,,,False,True,True,PROVISIONAL
17996,,136.7665907,-31.6900934,24.38,1947-08-01,Water,N,,,,False,True,True,PROVISIONAL
18063,PIMBA RS.BORE,136.8088707,-31.2512104,93.27,1947-08-01,Water,N,,,,False,True,True,PROVISIONAL
18064,PIMBA RS.BORE,136.8050347,-31.2549714,93.27,1947-08-01,Water,N,,,,False,True,True,PROVISIONAL
20620,ENGINE WELL NO.1,137.0782067,-31.0718374,26.67,1947-08-01,Water,N,,,,False,True,True,PROVISIONAL
20621,PHILLIP PONDS B.,137.0784927,-31.0667014,30.48,1947-08-01,Water,N,,,,False,True,True,PROVISIONAL
20623,ENGINE WELL NO.2,137.0813487,-31.0674844,26.67,1947-08-01,Water,N,,,,False,True,True,PROVISIONAL
20624,PHILLIP PONDS B.,137.0781677,-31.0846124,45.72,1947-08-01,Water,N,,,,False,True,True,PROVISIONAL
20630,PHILLIP POND B.,137.2456377,-31.1743914,30.48,1947-08-01,Water,N,,,,False,True,True,PROVISIONAL
20631,PHILLIP PONDS B.,137.2462767,-31.1725584,30.48,1947-08-01,Water,N,,,,False,True,True,PROVISIONAL
20633,STH BOSWORTH A,137.3437516,-31.1147184,16.76,1947-08-01,Water,N,,,,False,True,True,PROVISIONAL
20634,ELIZABETH TANK,137.2090937,-31.2110764,6.71,1947-08-01,Water,N,,,,False,True,True,PROVISIONAL
20639,PHILLIP PONDS,137.2091667,-31.2110114,2.1,1947-08-01,Water,N,,,,False,True,True,PROVISIONAL
284955,PHILLIP PONDS DD8,136.8398707,-31.1705294,6.71,1947-08-03,,N,,,,False,True,True,PROVISIONAL
18034,WORKS & HOUSING DEPT. DD11,136.8517947,-31.1445074,9.75,1947-08-06,,N,,,,False,True,True,PROVISIONAL
18035,WORKS & HOUSING DEPT.,136.8517947,-31.1445074,8.99,1947-08-12,,N,,,,False,True,True,PROVISIONAL
18036,WORKS & HOUSING DEPT. DD5,136.8517947,-31.1445074,8.84,1947-08-19,,N,,,,False,True,True,PROVISIONAL
20554,OAKDEN HILLS STH,137.0485737,-31.6621074,24.38,1947-08-19,Water,N,,,,False,True,True,PROVISIONAL
20555,OAKDEN HILLS NTH,137.0476177,-31.6594264,24.38,1947-08-19,Water,N,,,,False,True,True,PROVISIONAL
20556,GARDEN WELL,137.0458897,-31.6609154,24.38,1947-08-19,Water,N,,,,False,True,True,PROVISIONAL
20557,DOG HOLLOW WELL,137.1124926,-31.6784904,7.62,1947-08-19,Water,N,,,,False,True,True,PROVISIONAL
18037,WORKS & HOUSING DEPT. DD6,136.8517947,-31.1445074,8.84,1947-08-22,,N,,,,False,True,True,PROVISIONAL
18028,WORK & HOUSING DEPT. DD7,136.9402397,-31.1032254,7.01,1947-08-27,,N,,,,False,True,True,PROVISIONAL
18029,WORKS & HOUSING DEPT.,136.9403007,-31.1032334,6.86,1947-09-01,,N,,,,False,True,True,PROVISIONAL
18053,PHILLIP PONDS W.,136.8443967,-31.1763934,121.92,1947-09-01,Water,N,,,,False,True,True,PROVISIONAL
284954,PHILLIP PONDS DD3,136.8644017,-31.1617744,9.75,1947-09-15,,N,,,,False,True,True,PROVISIONAL
18030,WORKS & HOUSING DEPT. DD9,136.8517947,-31.1445074,7.92,1947-09-17,,N,,,,False,True,True,PROVISIONAL
18031,WORKS & HOUSING DEPT. DD4,136.8517947,-31.1445704,9.14,1947-09-20,,N,,,,False,True,True,PROVISIONAL
18032,WORKS & HOUSING DEPT. DD10,136.8517947,-31.1445074,9.45,1947-09-25,,N,,,,False,True,True,PROVISIONAL
18033,WORKS & HOUSING DEPT DD12,136.8517947,-31.1445704,9.14,1947-09-29,,N,,,,False,True,True,PROVISIONAL
18048,WORKS & HOUSING DEPT. DD13,136.8368217,-31.1708824,7.92,1947-10-02,,Y,,,,False,True,True,PROVISIONAL
18049,PHILLIP PONDS DD 14,136.8368217,-31.1708824,7.92,1947-10-06,,Y,,,,False,True,True,PROVISIONAL
18050,WORKS & HOUSING DEPT. DD15,136.8368947,-31.1708794,7.92,1947-10-10,,Y,,,,False,True,True,PROVISIONAL
18051,WORKS & HOUSING DEPT. DD16,136.8368217,-31.1708824,9.45,1947-10-16,,Y,,,,False,True,True,PROVISIONAL
18041,WORKS & HOUSING DEPT. DD17,136.8516997,-31.1579684,6.1,1947-10-18,,N,,,,False,True,True,PROVISIONAL
18042,WORKS & HOUSING DEPT. DD18,136.8516997,-31.1579684,6.1,1947-10-20,,N,,,,False,True,True,PROVISIONAL
18043,WORKS & HOUSING DEPT DD19,136.8516997,-31.1579684,6.71,1947-10-21,,N,,,,False,True,True,PROVISIONAL
18044,WORKS & HOUSING DEPT. DD20,136.8516997,-31.1579684,6.1,1947-10-22,,N,,,,False,True,True,PROVISIONAL
18055,WORKS & HOUSING DEPT. DD21,136.8489387,-31.1843124,17.98,1947-11-05,,N,,,,False,True,True,PROVISIONAL
18056,WORKS & HOUSING DEPT. DD22,136.8489387,-31.1843124,18.29,1947-11-11,,N,,,,False,True,True,PROVISIONAL
18025,PARADISE WELL,136.8304457,-31.1191934,61.57,1947-11-27,Water,N,,,,False,True,True,PROVISIONAL
18024,PARADISE WELL 2,136.8393567,-31.0881074,32.61,1948-02-07,Water,N,,,,False,True,True,PROVISIONAL
18039,FREDS SWAMP AREA,136.7799227,-31.1643834,38.4,1948-02-10,Water,N,,,,False,True,True,PROVISIONAL
20564,WOOCALLA CLAY,137.1810926,-31.6917314,4.41,1949-03-18,,Y,,,,False,True,True,PROVISIONAL
20559,WOOCALLA CLAY,137.1810196,-31.6917944,8.07,1949-03-22,,Y,,,,False,True,True,PROVISIONAL
20560,WOOCALLA CLAY,137.1810926,-31.6917314,9.37,1949-03-25,,Y,,,,False,True,True,PROVISIONAL
20561,WOOCALLA CLAY,137.1810926,-31.6917314,2.44,1949-03-28,,Y,,,,False,True,True,PROVISIONAL
20562,WOOCALLA CLAY,137.1810926,-31.6917314,1.6,1949-03-29,,Y,,,,False,True,True,PROVISIONAL
20563,WOOCALLA CLAY,137.1810926,-31.6917314,6.32,1949-03-31,,Y,,,,False,True,True,PROVISIONAL
20567,WOOCALLA CLAY,137.1810926,-31.6917314,8.53,1949-04-05,,Y,,,,False,True,True,PROVISIONAL
20568,WOOCALLA CLAY,137.1810926,-31.6917314,7.84,1949-04-07,,Y,,,,False,True,True,PROVISIONAL
20565,WOOCALLA CLAY,137.1810926,-31.6917314,5.18,1949-04-09,,Y,,,,False,True,True,PROVISIONAL
20566,WOOCALLA CLAY,137.1810926,-31.6917314,7.01,1949-04-12,,Y,,,,False,True,True,PROVISIONAL
18057,WOOMERA 1,136.8513387,-31.1818594,611.12,1958-05-30,Oil,Y,Tertiary-Pleistocene rocks > Bulldog Shale > Corraberra Sandstone Member > Tregolana Shale Member > Whyalla Sandstone > Tapley Hill Formation > Pandurra Formation,611.12,Pandurra Formation,True,True,True,PROVISIONAL
18038,ARCOONA STATION,136.7567457,-31.1454414,106.07,1958-09-19,Water,N,,,,False,True,True,PROVISIONAL
18062,,136.9411227,-31.3001204,54.25,1958-10-16,Water,N,,,,False,True,True,PROVISIONAL
18016,,136.7972357,-31.1413734,9.45,1958-10-27,Water,N,,,,False,True,True,PROVISIONAL
18017,,136.7972357,-31.1413734,9.3,1958-10-30,Water,N,,,,False,True,True,PROVISIONAL
18026,,136.9231307,-31.0836084,71.32,1958-12-04,Water,N,,,,False,True,True,PROVISIONAL
18066,"DEPT. OF WORKS, WOOMERA WEST",136.8224357,-31.3952334,10.67,1960-03-18,,N,,,,False,True,True,PROVISIONAL
18067,"DEPT. OF WORKS, WOOMERA",136.8224357,-31.3951694,10.67,1960-03-22,,N,,,,False,True,True,PROVISIONAL
18068,COMMONWEALTH DEPT. OF WORKS,136.8224357,-31.3951694,10.67,1960-03-25,,N,,,,False,True,True,PROVISIONAL
18069,DEPT. OF WORKS,136.8224357,-31.3951694,6.1,1960-03-30,,N,,,,False,True,True,PROVISIONAL
18070,DEPT. OF WORKS,136.8224357,-31.3952334,8.84,1960-04-06,,N,,,,False,True,True,PROVISIONAL
18071,DEPT OF WORKS,136.8075707,-31.1878764,9.45,1969-08-22,,Y,,,,False,True,True,PROVISIONAL
18072,DEPT OF WORKS,136.8075707,-31.1878204,15.24,1969-08-22,,Y,,,,False,True,True,PROVISIONAL
18073,DEPT OF WORKS,136.8075707,-31.1878204,9.4,1969-08-22,,Y,,,,False,True,True,PROVISIONAL
18074,DEPT OF WORKS,136.8075707,-31.1878204,6.05,1969-08-22,,Y,,,,False,True,True,PROVISIONAL
18075,DEPT OF WORKS,136.8075707,-31.1878764,20.07,1969-08-22,,Y,,,,False,True,True,PROVISIONAL
18076,DEPT OF WORKS,136.8075707,-31.1878204,2.44,1969-08-22,,Y,,,,False,True,True,PROVISIONAL
20650,STUARTS BLUFF,137.2069367,-31.3020314,24.38,1969-08-27,,Y,,,,False,True,True,PROVISIONAL
20651,STUARTS BLUFF,137.2546116,-31.3506764,24.38,1969-08-27,,Y,,,,False,True,True,PROVISIONAL
20654,STUARTS BLUFF,137.3196676,-31.4353174,22.86,1969-08-28,,Y,,,,False,True,True,PROVISIONAL
20590,SB 4,137.3173546,-31.4845204,18.29,1969-11-21,Copper,Y,,,,False,True,True,PROVISIONAL
20591,SB 4A,137.3173546,-31.4845204,15.24,1969-11-21,,Y,,,,False,True,True,PROVISIONAL
20592,SB 5,137.2998186,-31.4559764,54.86,1969-11-21,Copper,Y,,,,False,True,True,PROVISIONAL
20594,SB 7,137.3084526,-31.5505234,17.07,1969-11-23,Copper,Y,,,,False,True,True,PROVISIONAL
20589,SB 3,137.3402096,-31.5147704,41.15,1969-11-27,Copper,Y,,,,False,True,True,PROVISIONAL
20593,SB 6,137.3127596,-31.5116624,42.67,1969-11-27,Copper,Y,,,,False,True,True,PROVISIONAL
20595,SB 8,137.3046636,-31.5677264,19.81,1969-11-27,Copper,Y,,,,False,True,True,PROVISIONAL
20596,SB 9,137.3122556,-31.5766094,42.67,1969-11-27,Copper,Y,,,,False,True,True,PROVISIONAL
20597,SB 10,137.3341506,-31.6095814,19.81,1969-11-27,Copper,Y,,,,False,True,True,PROVISIONAL
379903,3-7-1P,137.1744641,-31.4428608,110.0,1970-11-11,Copper,Y,,,,False,True,True,PROVISIONAL
379904,3-7-2P,137.1743145,-31.4442182,100.0,1970-11-12,Copper,Y,,,,False,True,True,PROVISIONAL
379905,3-7-3P,137.1741465,-31.4455992,84.0,1970-11-12,Copper,Y,,,,False,True,True,PROVISIONAL
379906,3-7-4P,137.1739907,-31.4469639,80.0,1970-11-13,Copper,Y,,,,False,True,True,PROVISIONAL
379635,3-9-1P,137.2174729,-31.6773548,12.2,1970-12-19,Copper,Y,,,,False,True,True,PROVISIONAL
379636,3-9-2P,137.2162491,-31.6778286,12.2,1970-12-19,Copper,Y,,,,False,True,True,PROVISIONAL
379637,3-9-3P,137.2147613,-31.6775829,9.1,1970-12-19,Copper,Y,,,,False,True,True,PROVISIONAL
379638,3-9-4P,137.2160978,-31.6788874,7.6,1970-12-19,Copper,Y,,,,False,True,True,PROVISIONAL
379639,3-9-5P,137.2157759,-31.6801907,18.3,1970-12-20,Copper,Y,,,,False,True,True,PROVISIONAL
379640,3-9-6P,137.2159097,-31.6813651,13.7,1970-12-20,Copper,Y,,,,False,True,True,PROVISIONAL
379641,3-9-7P,137.2180002,-31.6802424,11.0,1970-12-20,Copper,Y,,,,False,True,True,PROVISIONAL
379642,3-9-8P,137.2183557,-31.6818356,10.7,1970-12-20,Copper,Y,,,,False,True,True,PROVISIONAL
379643,3-9-15P,137.2064164,-31.6798398,6.1,1970-12-21,Copper,Y,,,,False,True,True,PROVISIONAL
379644,3-9-16P,137.2067538,-31.6776916,7.6,1970-12-21,Copper,Y,,,,False,True,True,PROVISIONAL
379645,3-9-17P,137.2073184,-31.6762033,7.6,1970-12-21,Copper,Y,,,,False,True,True,PROVISIONAL
379646,3-9-18P,137.2057925,-31.6758373,12.2,1970-12-21,Copper,Y,,,,False,True,True,PROVISIONAL
379647,3-9-19P,137.2045552,-31.675738,10.7,1970-12-21,Copper,Y,,,,False,True,True,PROVISIONAL
379648,3-9-20P,137.2074282,-31.6748735,10.7,1970-12-21,Copper,Y,,,,False,True,True,PROVISIONAL
379649,3-9-21P,137.2088749,-31.6748786,9.1,1970-12-21,Copper,Y,,,,False,True,True,PROVISIONAL
379650,3-9-22P,137.2089085,-31.6762963,7.6,1970-12-21,Copper,Y,,,,False,True,True,PROVISIONAL
379651,3-10-1P,137.2067001,-31.6038223,18.0,1971-01-01,Copper,Y,,,,False,True,True,PROVISIONAL
379907,3-7-5P,137.1903666,-31.4506804,9.0,1971-01-13,Copper,Y,,,,False,True,True,PROVISIONAL
379908,3-7-6P,137.1913195,-31.4506641,18.0,1971-01-13,Copper,Y,,,,False,True,True,PROVISIONAL
379909,3-7-7P,137.1923712,-31.4506461,13.5,1971-01-13,Copper,Y,,,,False,True,True,PROVISIONAL
379910,3-7-8P,137.1934229,-31.4506281,18.0,1971-01-14,Copper,Y,,,,False,True,True,PROVISIONAL
379911,3-7-9P,137.1944746,-31.4506101,15.0,1971-01-14,Copper,Y,,,,False,True,True,PROVISIONAL
379912,3-7-10P,137.1955263,-31.450592,15.0,1971-01-14,Copper,Y,,,,False,True,True,PROVISIONAL
379913,3-7-11P,137.196578,-31.450574,13.5,1971-01-14,Copper,Y,,,,False,True,True,PROVISIONAL
379914,3-7-12P,137.1976297,-31.450556,15.0,1971-01-14,Copper,Y,,,,False,True,True,PROVISIONAL
379915,3-7-13P,137.1881224,-31.4489149,21.0,1971-01-15,Copper,Y,,,,False,True,True,PROVISIONAL
379916,3-7-14P,137.1881015,-31.4480132,24.0,1971-01-15,Copper,Y,,,,False,True,True,PROVISIONAL
379917,3-7-15P,137.1880805,-31.4471116,28.5,1971-01-16,Copper,Y,,,,False,True,True,PROVISIONAL
379918,3-7-16P,137.1891322,-31.4470936,24.0,1971-01-16,Copper,Y,,,,False,True,True,PROVISIONAL
379919,3-7-17P,137.1902469,-31.4470746,30.0,1971-01-16,Copper,Y,,,,False,True,True,PROVISIONAL
379920,3-7-18P,137.1901419,-31.4452725,27.0,1971-01-18,Copper,Y,,,,False,True,True,PROVISIONAL
379921,3-7-19P,137.1901209,-31.4443709,24.0,1971-01-19,Copper,Y,,,,False,True,True,PROVISIONAL
379922,3-7-20P,137.1911305,-31.4425497,15.0,1971-01-19,Copper,Y,,,,False,True,True,PROVISIONAL
379923,3-7-21P,137.1921822,-31.4425317,18.0,1971-01-19,Copper,Y,,,,False,True,True,PROVISIONAL
379924,3-7-22P,137.1932338,-31.4425137,18.0,1971-01-20,Copper,Y,,,,False,True,True,PROVISIONAL
379925,3-7-23P,137.1942854,-31.4424957,18.0,1971-01-20,Copper,Y,,,,False,True,True,PROVISIONAL
379926,3-7-24P,137.195337,-31.4424777,20.1,1971-01-20,Copper,Y,,,,False,True,True,PROVISIONAL
379927,3-7-25P,137.1963886,-31.4424596,19.5,1971-01-20,Copper,Y,,,,False,True,True,PROVISIONAL
379928,3-7-26P,137.1974402,-31.4424416,24.0,1971-01-21,Copper,Y,,,,False,True,True,PROVISIONAL
379929,3-7-27P,137.1984918,-31.4424235,24.0,1971-01-21,Copper,Y,,,,False,True,True,PROVISIONAL
379745,3-3-1P,137.1865973,-31.4511958,27.0,1971-01-22,Copper,Y,,,,False,True,True,PROVISIONAL
379746,3-3-2P,137.1855147,-31.4512414,21.0,1971-01-22,Copper,Y,,,,False,True,True,PROVISIONAL
379747,3-3-3P,137.1865659,-31.4498434,22.5,1971-01-22,Copper,Y,,,,False,True,True,PROVISIONAL
379748,3-3-4P,137.1870917,-31.4498345,27.0,1971-01-25,Copper,Y,,,,False,True,True,PROVISIONAL
379749,3-3-5P,137.1871022,-31.4502853,25.5,1971-01-25,Copper,Y,,,,False,True,True,PROVISIONAL
379750,3-3-6P,137.187628,-31.4502763,25.5,1971-01-25,Copper,Y,,,,False,True,True,PROVISIONAL
139671,LD 1,137.1013426,-31.6485234,92.7,1971-03-27,Base Metals,Y,Tertiary-Pleistocene rocks > Whyalla Sandstone > Tapley Hill Formation > Pandurra Formation,92.66,Pandurra Formation,True,True,True,PROVISIONAL
379751,3-3-8P,137.1837724,-31.4502925,13.0,1971-04-08,Copper,Y,,,,False,True,True,PROVISIONAL
379752,3-3-9P,137.1840506,-31.4500397,15.0,1971-04-08,Copper,Y,,,,False,True,True,PROVISIONAL
379753,3-3-10P,137.1842677,-31.4503291,15.0,1971-04-08,Copper,Y,,,,False,True,True,PROVISIONAL
379754,3-3-11P,137.1842321,-31.4506048,12.0,1971-04-08,Copper,Y,,,,False,True,True,PROVISIONAL
379755,3-3-13P,137.1844803,-31.4506457,25.0,1971-04-08,Copper,Y,,,,False,True,True,PROVISIONAL
379756,3-3-14P,137.1844987,-31.4508979,25.0,1971-04-14,Copper,Y,,,,False,True,True,PROVISIONAL
379757,3-3-15P,137.1848084,-31.4509557,24.0,1971-04-14,Copper,Y,,,,False,True,True,PROVISIONAL
379758,3-3-16P,137.1847775,-31.4512134,25.0,1971-04-14,Copper,Y,,,,False,True,True,PROVISIONAL
379761,3-3-19P,137.1850682,-31.4512715,30.0,1971-04-14,Copper,Y,,,,False,True,True,PROVISIONAL
379936,3-7-45P,137.1807397,-31.4481388,24.0,1971-04-14,Copper,Y,,,,False,True,True,PROVISIONAL
379937,3-7-46P,137.1806979,-31.4463357,30.0,1971-04-15,Copper,Y,,,,False,True,True,PROVISIONAL
379938,3-7-47P,137.1806374,-31.443721,29.0,1971-04-15,Copper,Y,,,,False,True,True,PROVISIONAL
379771,3-3-29P,137.1864333,-31.450026,25.0,1971-04-20,Copper,Y,,,,False,True,True,PROVISIONAL
379783,3-3-41P,137.1873652,-31.4502853,25.0,1971-04-20,Copper,Y,,,,False,True,True,PROVISIONAL
379762,3-3-20P,137.185532,-31.4501767,20.0,1971-04-21,Copper,Y,,,,False,True,True,PROVISIONAL
379766,3-3-24P,137.1861031,-31.4503023,20.75,1971-04-21,Copper,Y,,,,False,True,True,PROVISIONAL
379774,3-3-32P,137.1867867,-31.4502906,30.0,1971-04-21,Copper,Y,,,,False,True,True,PROVISIONAL
379775,3-3-33P,137.1867614,-31.4505616,25.0,1971-04-21,Copper,Y,,,,False,True,True,PROVISIONAL
379784,3-3-42P,137.187361,-31.4505559,25.0,1971-04-21,Copper,Y,,,,False,True,True,PROVISIONAL
379759,3-3-17P,137.1854812,-31.450708,25.0,1971-04-22,Copper,Y,,,,False,True,True,PROVISIONAL
379763,3-3-21P,137.1855067,-31.4504477,15.0,1971-04-22,Copper,Y,,,,False,True,True,PROVISIONAL
379764,3-3-22P,137.1855267,-31.4504024,18.0,1971-04-22,Copper,Y,,,,False,True,True,PROVISIONAL
379767,3-3-25P,137.1860484,-31.450213,25.0,1971-04-22,Copper,Y,,,,False,True,True,PROVISIONAL
379772,3-3-30P,137.1862834,-31.4508178,20.0,1971-04-22,Copper,Y,,,,False,True,True,PROVISIONAL
379776,3-3-34P,137.1864904,-31.4511254,20.0,1971-04-22,Copper,Y,,,,False,True,True,PROVISIONAL
379777,3-3-35P,137.1866964,-31.4513863,25.0,1971-04-22,Copper,Y,,,,False,True,True,PROVISIONAL
379778,3-3-36P,137.186681,-31.4516273,25.0,1971-04-22,Copper,Y,,,,False,True,True,PROVISIONAL
379781,3-3-39P,137.1869802,-31.4506932,30.0,1971-04-23,Copper,Y,,,,False,True,True,PROVISIONAL
379782,3-3-40P,137.1869561,-31.4516949,30.0,1971-04-23,Copper,Y,,,,False,True,True,PROVISIONAL
379786,3-3-44P,137.1873646,-31.4511646,30.0,1971-04-23,Copper,Y,,,,False,True,True,PROVISIONAL
379780,3-3-38P,137.1870639,-31.4508992,30.0,1971-04-28,Copper,Y,,,,False,True,True,PROVISIONAL
379785,3-3-43P,137.1873732,-31.4508533,25.0,1971-04-28,Copper,Y,,,,False,True,True,PROVISIONAL
379787,3-3-45P,137.1872924,-31.45168,30.0,1971-04-28,Copper,Y,,,,False,True,True,PROVISIONAL
379788,3-3-46P,137.1877184,-31.4508609,30.0,1971-04-29,Copper,Y,,,,False,True,True,PROVISIONAL
379789,3-3-47P,137.1876849,-31.4511366,30.0,1971-04-29,Copper,Y,,,,False,True,True,PROVISIONAL
379790,3-3-48P,137.1876549,-31.4514303,30.0,1971-04-29,Copper,Y,,,,False,True,True,PROVISIONAL
379791,3-3-49P,137.1876088,-31.4517107,30.0,1971-04-29,Copper,Y,,,,False,True,True,PROVISIONAL
379795,3-3-52P,137.1880716,-31.4509361,25.0,1971-04-30,Copper,Y,,,,False,True,True,PROVISIONAL
379796,3-3-53P,137.1880231,-31.4512031,30.0,1971-04-30,Copper,Y,,,,False,True,True,PROVISIONAL
379797,3-3-54P,137.1876147,-31.4517376,30.0,1971-04-30,Copper,Y,,,,False,True,True,PROVISIONAL
379802,3-3-59P,137.1882521,-31.4517763,25.0,1971-04-30,Copper,Y,,,,False,True,True,PROVISIONAL
379800,3-3-57P,137.1883873,-31.4512555,20.0,1971-05-01,Copper,Y,,,,False,True,True,PROVISIONAL
379801,3-3-58P,137.1882884,-31.4515277,25.0,1971-05-01,Copper,Y,,,,False,True,True,PROVISIONAL
379804,3-3-61P,137.1886963,-31.4509705,25.0,1971-05-01,Copper,Y,,,,False,True,True,PROVISIONAL
379798,3-3-55P,137.1884738,-31.4504512,20.0,1971-05-04,Copper,Y,,,,False,True,True,PROVISIONAL
379799,3-3-56P,137.1884588,-31.450713,20.0,1971-05-04,Copper,Y,,,,False,True,True,PROVISIONAL
379803,3-3-60P,137.1887897,-31.4504629,20.0,1971-05-04,Copper,Y,,,,False,True,True,PROVISIONAL
379805,3-3-62P,137.1891372,-31.4504759,25.0,1971-05-04,Copper,Y,,,,False,True,True,PROVISIONAL
379806,3-3-63P,137.1891426,-31.4507086,25.0,1971-05-04,Copper,Y,,,,False,True,True,PROVISIONAL
379760,3-3-18P,137.1851192,-31.4509775,27.0,1971-05-05,Copper,Y,,,,False,True,True,PROVISIONAL
379768,3-3-26P,137.1881465,-31.4513047,25.0,1971-05-05,Copper,Y,,,,False,True,True,PROVISIONAL
379792,3-3-50P,137.1881678,-31.4504114,27.0,1971-05-05,Copper,Y,,,,False,True,True,PROVISIONAL
379794,3-3-51P,137.1881107,-31.4506739,25.0,1971-05-05,Copper,Y,,,,False,True,True,PROVISIONAL
379765,3-3-23P,137.1856635,-31.449498,30.0,1971-05-06,Copper,Y,,,,False,True,True,PROVISIONAL
379769,3-3-27P,137.1860283,-31.4516114,25.5,1971-05-06,Copper,Y,,,,False,True,True,PROVISIONAL
379770,3-3-28P,137.1859975,-31.4518735,25.5,1971-05-06,Copper,Y,,,,False,True,True,PROVISIONAL
379773,3-3-31P,137.1863438,-31.451606,25.0,1971-05-06,Copper,Y,,,,False,True,True,PROVISIONAL
379779,3-3-37P,137.1866452,-31.4518985,31.5,1971-05-06,Copper,Y,,,,False,True,True,PROVISIONAL
379940,3-7-49P,137.1860706,-31.4489048,31.5,1971-05-06,Copper,Y,,,,False,True,True,PROVISIONAL
379941,3-7-50P,137.184942,-31.4501417,30.5,1971-05-06,Copper,Y,,,,False,True,True,PROVISIONAL
379939,3-7-48P,137.1807585,-31.4489503,27.0,1971-05-07,Copper,Y,,,,False,True,True,PROVISIONAL
379930,3-7-29P,137.1718004,-31.4482907,21.0,1971-05-26,Copper,Y,,,,False,True,True,PROVISIONAL
379931,3-7-30P,137.1717796,-31.4473891,30.0,1971-05-26,Copper,Y,,,,False,True,True,PROVISIONAL
379932,3-7-31P,137.1717588,-31.4464877,27.0,1971-05-27,Copper,Y,,,,False,True,True,PROVISIONAL
379934,3-7-33P,137.1716756,-31.4428811,30.0,1971-05-27,Copper,Y,,,,False,True,True,PROVISIONAL
379935,3-7-36P,137.1670885,-31.4492726,36.0,1971-05-31,Copper,Y,,,,False,True,True,PROVISIONAL
379828,3-3-85P,137.1850965,-31.4511312,25.5,1971-06-01,Copper,Y,,,,False,True,True,PROVISIONAL
379830,3-3-87P,137.1849611,-31.4509622,20.25,1971-06-01,Copper,Y,,,,False,True,True,PROVISIONAL
379834,3-3-90P,137.1847954,-31.4510778,20.25,1971-06-01,Copper,Y,,,,False,True,True,PROVISIONAL
379810,3-3-67P,137.1877585,-31.449778,24.0,1971-06-02,Copper,Y,,,,False,True,True,PROVISIONAL
379824,3-3-81P,137.1855935,-31.45101,39.0,1971-06-02,Copper,Y,,,,False,True,True,PROVISIONAL
379825,3-3-82P,137.1854175,-31.4511347,25.5,1971-06-02,Copper,Y,,,,False,True,True,PROVISIONAL
379826,3-3-83P,137.185443,-31.4508728,22.5,1971-06-02,Copper,Y,,,,False,True,True,PROVISIONAL
379827,3-3-84P,137.185299,-31.4510151,20.25,1971-06-02,Copper,Y,,,,False,True,True,PROVISIONAL
379833,3-3-89P,137.1848311,-31.450802,20.25,1971-06-02,Copper,Y,,,,False,True,True,PROVISIONAL
379836,3-3-91AP,137.1846543,-31.4508907,20.25,1971-06-02,Copper,Y,,,,False,True,True,PROVISIONAL
379807,3-3-64P,137.1878922,-31.4503259,33.0,1971-06-03,Copper,Y,,,,False,True,True,PROVISIONAL
379808,3-3-65P,137.1879495,-31.4500723,36.75,1971-06-03,Copper,Y,,,,False,True,True,PROVISIONAL
379809,3-3-66P,137.1876855,-31.4500317,30.0,1971-06-03,Copper,Y,,,,False,True,True,PROVISIONAL
379811,3-3-68P,137.1885706,-31.4500887,24.0,1971-06-08,Copper,Y,,,,False,True,True,PROVISIONAL
379812,3-3-69P,137.1886175,-31.4498444,24.0,1971-06-08,Copper,Y,,,,False,True,True,PROVISIONAL
379813,3-3-70P,137.1884553,-31.4498833,27.0,1971-06-08,Copper,Y,,,,False,True,True,PROVISIONAL
379817,3-3-74P,137.1870104,-31.451315,30.0,1971-06-09,Copper,Y,,,,False,True,True,PROVISIONAL
379818,3-3-75P,137.187336,-31.4512914,27.0,1971-06-09,Copper,Y,,,,False,True,True,PROVISIONAL
379819,3-3-76P,137.1875074,-31.4514238,27.0,1971-06-09,Copper,Y,,,,False,True,True,PROVISIONAL
379820,3-3-77P,137.1873155,-31.4515398,27.0,1971-06-09,Copper,Y,,,,False,True,True,PROVISIONAL
379821,3-3-78P,137.1871393,-31.4514301,27.0,1971-06-09,Copper,Y,,,,False,True,True,PROVISIONAL
379822,3-3-79P,137.1869851,-31.4515861,30.0,1971-06-09,Copper,Y,,,,False,True,True,PROVISIONAL
379823,3-3-80P,137.1868498,-31.4514214,30.0,1971-06-09,Copper,Y,,,,False,True,True,PROVISIONAL
379814,3-3-71P,137.1894449,-31.4510389,24.0,1971-06-10,Copper,Y,,,,False,True,True,PROVISIONAL
379815,3-3-72P,137.1890516,-31.4508652,24.0,1971-06-10,Copper,Y,,,,False,True,True,PROVISIONAL
379816,3-3-73P,137.1890171,-31.4511906,27.0,1971-06-10,Copper,Y,,,,False,True,True,PROVISIONAL
379829,3-3-86AP,137.1851962,-31.450895,21.0,1971-06-10,Copper,Y,,,,False,True,True,PROVISIONAL
379832,3-3-88AP,137.1848576,-31.4508105,21.0,1971-06-10,Copper,Y,,,,False,True,True,PROVISIONAL
379831,3-3-88P,137.1849758,-31.4506913,24.0,1971-06-15,Copper,Y,,,,False,True,True,PROVISIONAL
379835,3-3-91P,137.1846331,-31.4506566,21.0,1971-06-16,Copper,Y,,,,False,True,True,PROVISIONAL
379652,3-10-2P,137.2097816,-31.6036781,15.75,1971-07-01,Copper,Y,,,,False,True,True,PROVISIONAL
379653,3-10-3P,137.2125983,-31.6035838,24.75,1971-07-01,Copper,Y,,,,False,True,True,PROVISIONAL
379658,3-10-8P,137.2021908,-31.5930207,21.0,1971-07-02,Copper,Y,,,,False,True,True,PROVISIONAL
379655,3-10-5P,137.2186071,-31.6035251,25.5,1971-07-04,Copper,Y,,,,False,True,True,PROVISIONAL
379659,3-10-9P,137.2039532,-31.5910783,22.5,1971-07-06,Copper,Y,,,,False,True,True,PROVISIONAL
379660,3-10-10P,137.2057349,-31.5899551,24.0,1971-07-06,Copper,Y,,,,False,True,True,PROVISIONAL
379663,3-10-13P,137.2021073,-31.5894714,21.75,1971-07-06,Copper,Y,,,,False,True,True,PROVISIONAL
379664,3-10-14P,137.2038283,-31.5880306,23.25,1971-07-06,Copper,Y,,,,False,True,True,PROVISIONAL
379661,3-10-11P,137.2071401,-31.5886562,18.0,1971-07-07,Copper,Y,,,,False,True,True,PROVISIONAL
379662,3-10-12P,137.200752,-31.5906328,21.0,1971-07-07,Copper,Y,,,,False,True,True,PROVISIONAL
379665,3-10-15P,137.2053441,-31.5869121,21.0,1971-07-07,Copper,Y,,,,False,True,True,PROVISIONAL
379666,3-10-16P,137.2281732,-31.6389101,21.0,1971-07-07,Copper,Y,,,,False,True,True,PROVISIONAL
379654,3-10-4P,137.2154671,-31.6034429,21.0,1971-07-08,Copper,Y,,,,False,True,True,PROVISIONAL
379656,3-10-6P,137.2213706,-31.6034315,15.0,1971-07-09,Copper,Y,,,,False,True,True,PROVISIONAL
379657,3-10-7P,137.2241298,-31.6031557,15.75,1971-07-09,Copper,Y,,,,False,True,True,PROVISIONAL
379933,3-7-32P,137.1717172,-31.4446843,27.0,1971-07-25,Copper,Y,,,,False,True,True,PROVISIONAL
379129,3-4-1D,137.1754425,-31.4488242,23.1,1971-09-13,Copper,Y,,,,False,True,True,PROVISIONAL
379130,3-4-2D,137.1760626,-31.4487957,21.3,1971-09-16,Copper,Y,,,,False,True,True,PROVISIONAL
379131,3-4-3D,137.1762886,-31.4487873,14.0,1971-09-18,Copper,Y,,,,False,True,True,PROVISIONAL
379132,3-4-4D,137.1740842,-31.4469569,29.65,1971-09-18,Copper,Y,,,,False,True,True,PROVISIONAL
379517,3-6-2D,137.2100943,-31.443712,54.0,1971-10-03,Copper,Y,,,,False,True,True,PROVISIONAL
379516,3-6-1D,137.2017521,-31.4468772,34.8,1971-10-15,Copper,Y,,,,False,True,True,PROVISIONAL
379883,3-3-313P,137.1823402,-31.4491037,24.0,1971-11-13,Copper,Y,,,,False,True,True,PROVISIONAL
379881,3-3-311P,137.1823601,-31.4499603,21.0,1971-11-14,Copper,Y,,,,False,True,True,PROVISIONAL
379882,3-3-312P,137.1823465,-31.4493742,24.0,1971-11-14,Copper,Y,,,,False,True,True,PROVISIONAL
379875,3-3-301P,137.181097,-31.4499367,17.25,1971-11-15,Copper,Y,,,,False,True,True,PROVISIONAL
379876,3-3-302P,137.1810908,-31.4496662,20.25,1971-11-15,Copper,Y,,,,False,True,True,PROVISIONAL
379880,3-3-310P,137.1823591,-31.4499152,18.0,1971-11-15,Copper,Y,,,,False,True,True,PROVISIONAL
379877,3-3-303P,137.1810845,-31.4493957,15.75,1971-11-16,Copper,Y,,,,False,True,True,PROVISIONAL
379878,3-3-304P,137.1810782,-31.4491252,27.0,1971-11-16,Copper,Y,,,,False,True,True,PROVISIONAL
379879,3-3-305P,137.1810719,-31.4488548,24.0,1971-11-16,Copper,Y,,,,False,True,True,PROVISIONAL
379870,3-3-291P,137.179835,-31.4499582,18.0,1971-11-19,Copper,Y,,,,False,True,True,PROVISIONAL
379871,3-3-292P,137.1798287,-31.4496877,21.0,1971-11-19,Copper,Y,,,,False,True,True,PROVISIONAL
379872,3-3-293P,137.1798225,-31.4494172,21.0,1971-11-19,Copper,Y,,,,False,True,True,PROVISIONAL
379873,3-3-294P,137.1798162,-31.4491467,24.0,1971-11-20,Copper,Y,,,,False,True,True,PROVISIONAL
379874,3-3-295P,137.1798099,-31.4488763,24.0,1971-11-20,Copper,Y,,,,False,True,True,PROVISIONAL
379518,3-6-4D,137.2267739,-31.4372447,58.2,1971-11-24,Copper,Y,,,,False,True,True,PROVISIONAL
379326,3-6-6D,137.2037502,-31.4468429,28.6,1971-12-10,,Y,,,,False,True,True,PROVISIONAL
379525,R000-000,137.1324637,-31.4534619,72.74,1971-12-14,Copper,Y,,,,False,True,True,PROVISIONAL
379526,S000-000,137.1377225,-31.4533742,81.1,1971-12-15,Copper,Y,,,,False,True,True,PROVISIONAL
379885,3-3-320P,137.1839366,-31.4498883,18.0,1972-05-22,Copper,Y,,,,False,True,True,PROVISIONAL
379886,3-3-322P,137.1839429,-31.4501587,24.0,1972-05-22,Copper,Y,,,,False,True,True,PROVISIONAL
379837,3-3-100P,137.1845825,-31.4505177,21.0,1972-05-23,Copper,Y,,,,False,True,True,PROVISIONAL
379838,3-3-101P,137.184576,-31.4502382,21.0,1972-05-23,Copper,Y,,,,False,True,True,PROVISIONAL
379839,3-3-111P,137.1848998,-31.4505889,21.0,1972-05-23,Copper,Y,,,,False,True,True,PROVISIONAL
379840,3-3-126P,137.1852165,-31.4506331,21.0,1972-05-23,Copper,Y,,,,False,True,True,PROVISIONAL
379884,3-3-318P,137.1836274,-31.4501641,15.0,1972-05-23,Copper,Y,,,,False,True,True,PROVISIONAL
379841,3-3-155P,137.1858506,-31.4507576,21.0,1972-05-24,Copper,Y,,,,False,True,True,PROVISIONAL
379842,3-3-156P,137.1858475,-31.4506223,21.0,1972-05-24,Copper,Y,,,,False,True,True,PROVISIONAL
379843,3-3-161P,137.1859916,-31.4504845,21.0,1972-05-24,Copper,Y,,,,False,True,True,PROVISIONAL
379846,3-3-171P,137.1861661,-31.4507522,18.0,1972-05-24,Copper,Y,,,,False,True,True,PROVISIONAL
379849,3-3-191P,137.1864848,-31.450882,21.0,1972-05-24,Copper,Y,,,,False,True,True,PROVISIONAL
379844,3-3-167P,137.186185,-31.4515636,21.0,1972-05-25,Copper,Y,,,,False,True,True,PROVISIONAL
379845,3-3-169P,137.1861787,-31.4512932,18.0,1972-05-25,Copper,Y,,,,False,True,True,PROVISIONAL
379847,3-3-189P,137.1864942,-31.4512878,21.0,1972-05-25,Copper,Y,,,,False,True,True,PROVISIONAL
379848,3-3-190P,137.1864879,-31.4510173,24.0,1972-05-25,Copper,Y,,,,False,True,True,PROVISIONAL
379850,3-3-206P,137.186822,-31.4520831,24.0,1972-05-25,Copper,Y,,,,False,True,True,PROVISIONAL
379851,3-3-208P,137.1868223,-31.4518233,24.0,1972-05-25,Copper,Y,,,,False,True,True,PROVISIONAL
379852,3-3-212P,137.1868066,-31.4511471,24.0,1972-05-25,Copper,Y,,,,False,True,True,PROVISIONAL
379853,3-3-215P,137.1816964,-31.4508285,21.0,1972-05-26,Copper,Y,,,,False,True,True,PROVISIONAL
379855,3-3-229P,137.1872767,-31.4510038,18.0,1972-05-26,Copper,Y,,,,False,True,True,PROVISIONAL
379856,3-3-230P,137.187221,-31.4508694,18.0,1972-05-26,Copper,Y,,,,False,True,True,PROVISIONAL
379857,3-3-231P,137.1872704,-31.4507334,21.0,1972-05-26,Copper,Y,,,,False,True,True,PROVISIONAL
379858,3-3-245P,137.1875859,-31.450728,24.0,1972-05-26,Copper,Y,,,,False,True,True,PROVISIONAL
379859,3-3-247P,137.1875712,-31.4504549,21.0,1972-05-27,Copper,Y,,,,False,True,True,PROVISIONAL
379861,3-3-261P,137.1880604,-31.4508173,21.0,1972-05-27,Copper,Y,,,,False,True,True,PROVISIONAL
379862,3-3-264P,137.1880466,-31.4501789,24.0,1972-05-27,Copper,Y,,,,False,True,True,PROVISIONAL
379865,3-3-278P,137.1885296,-31.4505882,21.0,1972-05-27,Copper,Y,,,,False,True,True,PROVISIONAL
379863,3-3-276P,137.1885419,-31.4511175,18.0,1972-05-28,Copper,Y,,,,False,True,True,PROVISIONAL
379864,3-3-277P,137.18846,-31.4508537,12.0,1972-05-28,Copper,Y,,,,False,True,True,PROVISIONAL
379866,3-3-283P,137.1888637,-31.4513825,21.0,1972-05-28,Copper,Y,,,,False,True,True,PROVISIONAL
379867,3-3-285P,137.1888574,-31.4511121,30.0,1972-05-28,Copper,Y,,,,False,True,True,PROVISIONAL
379868,3-3-289P,137.1891761,-31.451242,24.0,1972-05-28,Copper,Y,,,,False,True,True,PROVISIONAL
379854,3-3-222P,137.1871372,-31.4517909,21.0,1972-05-29,Copper,Y,,,,False,True,True,PROVISIONAL
379860,3-3-251P,137.1877688,-31.4518071,21.0,1972-05-29,Copper,Y,,,,False,True,True,PROVISIONAL
379869,3-3-290P,137.1891729,-31.4511067,24.0,1972-05-29,Copper,Y,,,,False,True,True,PROVISIONAL
379667,3-10-17P,137.2294529,-31.6390243,21.0,1972-07-02,Copper,Y,,,,False,True,True,PROVISIONAL
379668,3-10-18P,137.2062972,-31.5844828,21.0,1972-07-03,Copper,Y,,,,False,True,True,PROVISIONAL
379669,3-10-19P,137.1960722,-31.5838396,27.0,1972-07-03,Copper,Y,,,,False,True,True,PROVISIONAL
379670,3-10-20P,137.1879267,-31.5834332,21.0,1972-07-03,Copper,Y,,,,False,True,True,PROVISIONAL
379887,3-3-323P,137.1889215,-31.4516071,24.0,1972-07-07,Copper,Y,,,,False,True,True,PROVISIONAL
379889,3-3-325P,137.1895,-31.4515972,24.0,1972-07-07,Copper,Y,,,,False,True,True,PROVISIONAL
379890,3-3-326P,137.1898429,-31.4505089,21.0,1972-07-07,Copper,Y,,,,False,True,True,PROVISIONAL
379891,3-3-327P,137.1898534,-31.4509597,21.0,1972-07-07,Copper,Y,,,,False,True,True,PROVISIONAL
379892,3-3-329P,137.1898618,-31.4513203,27.0,1972-07-07,Copper,Y,,,,False,True,True,PROVISIONAL
379893,3-3-334P,137.1904865,-31.4510391,24.0,1972-07-07,Copper,Y,,,,False,True,True,PROVISIONAL
379894,3-3-339P,137.1911146,-31.450902,18.0,1972-07-08,Copper,Y,,,,False,True,True,PROVISIONAL
379895,3-3-340P,137.1904907,-31.4512195,27.0,1972-07-08,Copper,Y,,,,False,True,True,PROVISIONAL
379896,3-3-341P,137.1877584,-31.4513563,18.0,1972-07-08,Copper,Y,,,,False,True,True,PROVISIONAL
379897,3-3-342P,137.1871294,-31.4514573,18.0,1972-07-08,Copper,Y,,,,False,True,True,PROVISIONAL
379888,3-3-324P,137.1892371,-31.4516017,24.0,1972-07-09,Copper,Y,,,,False,True,True,PROVISIONAL
379215,M220-360,137.1413929,-31.4468277,39.59,1972-08-22,Copper,Y,,,,False,True,True,PROVISIONAL
379170,H130-370,137.14133,-31.4431397,46.82,1972-09-02,Copper,Y,,,,False,True,True,PROVISIONAL
379202,M020-150,137.1392348,-31.4486226,51.77,1972-09-12,Copper,Y,,,,False,True,True,PROVISIONAL
379195,L010-450,137.1371025,-31.4487754,60.12,1972-09-13,Copper,Y,,,,False,True,True,PROVISIONAL
379313,R330-460,137.1372229,-31.45037,70.97,1972-09-19,Copper,Y,,,,False,True,True,PROVISIONAL
379181,I140-230,137.1451978,-31.4429757,46.08,1972-09-24,Copper,Y,,,,False,True,True,PROVISIONAL
379180,I110-460,137.1476228,-31.4432056,39.59,1972-09-25,Copper,Y,,,,False,True,True,PROVISIONAL
376845,I310-270,137.1455627,-31.4414453,33.84,1972-09-29,Copper,Y,,,,False,True,True,PROVISIONAL
379159,D010-270,137.1455313,-31.4396057,38.8,1972-09-30,Copper,Y,,,,False,True,True,PROVISIONAL
379160,D020-070,137.1434479,-31.4395865,47.72,1972-10-01,Copper,Y,,,,False,True,True,PROVISIONAL
376849,L000-000,137.1323615,-31.4489537,74.65,1972-10-10,Copper,Y,,,,False,True,True,PROVISIONAL
379194,L000-260,137.1330129,-31.358754,70.2,1972-10-10,Copper,Y,,,,False,True,True,PROVISIONAL
376836,G000-000,137.1322593,-31.4444455,54.3,1972-10-11,Copper,Y,,,,False,True,True,PROVISIONAL
377010,H320-200,137.1397658,-31.441434,47.0,1972-10-11,Copper,Y,,,,False,True,True,PROVISIONAL
377012,G150-050,137.1327545,-31.4430843,52.0,1972-10-12,Copper,Y,,,,False,True,True,PROVISIONAL
379312,R330-270,137.1352052,-31.4504758,75.97,1972-10-12,Copper,Y,,,,False,True,True,PROVISIONAL
377013,G200-200,137.1290635,-31.4426948,47.5,1972-10-13,Copper,Y,,,,False,True,True,PROVISIONAL
376869,R430-360,137.1361086,-31.4494865,67.59,1972-10-14,Copper,Y,,,,False,True,True,PROVISIONAL
379261,N000-150,137.1444563,-31.4487516,39.4,1972-10-25,Copper,Y,,,,False,True,True,PROVISIONAL
379263,N010-250,137.1455067,-31.4486799,44.86,1972-10-25,Copper,Y,,,,False,True,True,PROVISIONAL
379262,N000-200,137.1449821,-31.4487428,41.7,1972-10-26,Copper,Y,,,,False,True,True,PROVISIONAL
379286,N210-450,137.1475997,-31.4468048,48.68,1972-10-26,Copper,Y,,,,False,True,True,PROVISIONAL
379287,N214-183,137.1447593,-31.4468164,52.0,1972-10-26,Copper,Y,,,,False,True,True,PROVISIONAL
379288,N214-189,137.1448224,-31.4468154,52.1,1972-10-27,Copper,Y,,,,False,True,True,PROVISIONAL
379289,N218-182,137.144748,-31.4467805,51.1,1972-10-28,Copper,Y,,,,False,True,True,PROVISIONAL
379304,N370-290,137.1437393,-31.4454536,48.43,1972-10-28,Copper,Y,,,,False,True,True,PROVISIONAL
379193,J310-000,137.147939,-31.4413874,36.52,1972-10-29,Copper,Y,,,,False,True,True,PROVISIONAL
379290,N218-189,137.1448216,-31.4467793,52.0,1972-10-29,Copper,Y,,,,False,True,True,PROVISIONAL
376874,T310-060,137.1435801,-31.4504711,50.39,1972-11-02,Copper,Y,,,,False,True,True,PROVISIONAL
379274,N130-390,137.1469111,-31.44752,46.85,1972-11-05,Copper,Y,,,,False,True,True,PROVISIONAL
376875,T320-280,137.1458613,-31.4503878,40.78,1972-11-06,Copper,Y,,,,False,True,True,PROVISIONAL
376878,T420-180,137.1448295,-31.449431,44.05,1972-11-07,Copper,Y,,,,False,True,True,PROVISIONAL
379311,P450-090,137.1490115,-31.4445893,39.0,1972-11-10,Copper,Y,,,,False,True,True,PROVISIONAL
376868,P190-190,137.150085,-31.4469074,39.91,1972-11-12,Copper,Y,,,,False,True,True,PROVISIONAL
379310,P360-180,137.1499454,-31.4454035,40.45,1972-11-12,Copper,Y,,,,False,True,True,PROVISIONAL
376871,T180-340,137.146509,-31.4515676,35.06,1972-11-13,Copper,Y,,,,False,True,True,PROVISIONAL
376872,T190-060,137.1435631,-31.4515718,52.21,1972-11-14,Copper,Y,,,,False,True,True,PROVISIONAL
376851,M230-190,137.1395302,-31.4468047,43.3,1972-11-16,Copper,Y,,,,False,True,True,PROVISIONAL
379198,L230-490,137.1374249,-31.4467586,50.11,1972-11-16,Copper,Y,,,,False,True,True,PROVISIONAL
379217,M330-090,137.1384893,-31.445911,45.32,1972-11-17,Copper,Y,,,,False,True,True,PROVISIONAL
379164,H020-290,137.1405733,-31.4440994,50.46,1972-11-19,Copper,Y,,,,False,True,True,PROVISIONAL
379228,M420-190,137.1395209,-31.4450099,50.56,1972-11-20,Copper,Y,,,,False,True,True,PROVISIONAL
376857,M320-490,137.142728,-31.4458583,43.23,1972-11-21,Copper,Y,,,,False,True,True,PROVISIONAL
379211,M130-080,137.1384775,-31.4477061,47.15,1972-11-23,Copper,Y,,,,False,True,True,PROVISIONAL
379173,I010-390,137.1468748,-31.4440841,44.63,1972-11-24,Copper,Y,,,,False,True,True,PROVISIONAL
379174,I020-190,137.1658041,-31.4437472,46.9,1972-11-24,Copper,Y,,,,False,True,True,PROVISIONAL
379165,H020-490,137.1426564,-31.4441007,48.12,1972-11-25,Copper,Y,,,,False,True,True,PROVISIONAL
379184,I200-200,137.144782,-31.4422701,38.9,1972-11-26,Copper,Y,,,,False,True,True,PROVISIONAL
379187,I210-400,137.1468863,-31.4422799,33.58,1972-11-26,Copper,Y,,,,False,True,True,PROVISIONAL
379172,H220-490,137.1426783,-31.4422873,42.2,1972-11-27,Copper,Y,,,,False,True,True,PROVISIONAL
379185,I200-220,137.1449923,-31.4422666,36.7,1972-11-27,Copper,Y,,,,False,True,True,PROVISIONAL
379158,C230-200,137.139504,-31.4377854,39.98,1972-11-28,Copper,Y,,,,False,True,True,PROVISIONAL
379157,C020-200,137.1394926,-31.4395985,49.31,1972-11-29,Copper,Y,,,,False,True,True,PROVISIONAL
376835,C010-370,137.1413368,-31.4397391,45.86,1972-11-30,Copper,Y,,,,False,True,True,PROVISIONAL
376846,I420-000,137.1426583,-31.4404838,46.58,1972-11-30,Copper,Y,,,,False,True,True,PROVISIONAL
376847,I420-190,137.1447296,-31.440431,42.32,1972-12-01,Copper,Y,,,,False,True,True,PROVISIONAL
376848,I420-400,137.1468763,-31.4404581,40.76,1972-12-02,Copper,Y,,,,False,True,True,PROVISIONAL
379296,N290-170,137.1446276,-31.4461151,49.61,1972-12-04,Copper,Y,,,,False,True,True,PROVISIONAL
376844,I310-100,137.1437958,-31.4414659,39.96,1972-12-13,Copper,Y,,,,False,True,True,PROVISIONAL
379320,S420-450,137.1424105,-31.4494715,48.15,1972-12-14,Copper,Y,,,,False,True,True,PROVISIONAL
352246,B517-18,137.1263296,-31.4571899,60.0,1973-01-21,Copper,Y,,,,False,False,True,PROVISIONAL
379273,N120-200,137.1449581,-31.447688,45.64,1973-01-24,Copper,Y,,,,False,False,True,PROVISIONAL
379299,N320-090,137.1437284,-31.4458956,45.42,1973-01-28,Copper,Y,,,,False,False,True,PROVISIONAL
379216,M220-490,137.142718,-31.4468055,48.31,1973-02-03,Copper,Y,,,,False,False,True,PROVISIONAL
379279,N150-200,137.14478,-31.446798,47.09,1973-02-05,Copper,Y,,,,False,False,True,PROVISIONAL
379349,N210-190,137.14478,-31.446798,47.09,1973-02-05,,Y,,,,False,False,True,PROVISIONAL
379300,N320-370,137.1466524,-31.4458646,47.95,1973-02-17,Copper,Y,,,,False,False,True,PROVISIONAL
379196,L150-300,137.135487,-31.4475938,47.0,1973-02-18,Copper,Y,,,,False,False,True,PROVISIONAL
379197,L150-470,137.1373064,-31.4475635,48.23,1973-02-18,Copper,Y,,,,False,False,True,PROVISIONAL
379204,M040-070,137.1383479,-31.448484,54.5,1973-02-19,Copper,Y,,,,False,False,True,PROVISIONAL
379205,M040-290,137.1407048,-31.4484899,43.25,1973-02-21,Copper,Y,,,,False,False,True,PROVISIONAL
379203,M020-480,137.1426535,-31.4485925,41.14,1973-02-22,Copper,Y,,,,False,False,True,PROVISIONAL
376877,T350-100,137.1438561,-31.4496547,44.69,1973-02-23,Copper,Y,,,,False,False,True,PROVISIONAL
379266,N100-090,137.1438249,-31.4478243,42.04,1973-02-24,Copper,Y,,,,False,False,True,PROVISIONAL
376856,M250-400,137.1416557,-31.4458942,40.09,1973-03-18,Copper,Y,,,,False,False,True,PROVISIONAL
379210,M120-390,137.1417287,-31.447715,41.48,1973-03-18,Copper,Y,,,,False,False,True,PROVISIONAL
376852,M230-290,137.14058,-31.4467059,36.44,1973-03-19,Copper,Y,,,,False,False,True,PROVISIONAL
376837,I000-100,137.1438277,-31.4442524,49.51,1973-03-20,Copper,Y,,,,False,False,True,PROVISIONAL
379163,H000-400,137.1417244,-31.4442876,47.98,1973-03-21,Copper,Y,,,,False,False,True,PROVISIONAL
379176,I100-000,137.1427557,-31.4433774,47.29,1973-03-21,Copper,Y,,,,False,False,True,PROVISIONAL
376860,N400-200,137.1449313,-31.4451269,50.72,1973-03-24,Copper,Y,,,,False,False,True,PROVISIONAL
379177,I100-200,137.1449215,-31.4433141,44.19,1973-03-25,Copper,Y,,,,False,False,True,PROVISIONAL
376861,N400-400,137.147035,-31.4451096,45.32,1973-03-26,Copper,Y,,,,False,False,True,PROVISIONAL
379298,N300-300,137.1459721,-31.4460204,52.59,1973-03-26,Copper,Y,,,,False,False,True,PROVISIONAL
379308,P300-000,137.1481073,-31.4459936,44.21,1973-03-28,Copper,Y,,,,False,False,True,PROVISIONAL
379225,M400-300,137.1407126,-31.4451343,48.15,1973-03-29,Copper,Y,,,,False,False,True,PROVISIONAL
379162,H000-200,137.1396718,-31.4442407,49.99,1973-03-30,Copper,Y,,,,False,False,True,PROVISIONAL
379305,N400-000,137.1427858,-31.4451628,47.4,1973-03-30,Copper,Y,,,,False,False,True,PROVISIONAL
379191,J200-000,137.1479932,-31.4423786,35.04,1973-03-31,Copper,Y,,,,False,False,True,PROVISIONAL
379192,J220-090,137.1489355,-31.4421824,35.7,1973-03-31,Copper,Y,,,,False,False,True,PROVISIONAL
379190,J000-005,137.1480758,-31.4441541,44.63,1973-04-01,Copper,Y,,,,False,False,True,PROVISIONAL
379272,N100-300,137.1459924,-31.4478331,50.7,1973-04-02,Copper,Y,,,,False,False,True,PROVISIONAL
379271,N100-150,137.14452,-31.4478577,40.0,1973-04-03,Copper,Y,,,,False,False,True,PROVISIONAL
379306,P100/100,137.1491684,-31.4477707,43.1,1973-04-03,Copper,Y,,,,False,False,True,PROVISIONAL
379179,I100-400,137.1469409,-31.4432893,39.74,1973-04-04,Copper,Y,,,,False,False,True,PROVISIONAL
379188,I300-400,137.1469315,-31.4414945,30.4,1973-04-04,Copper,Y,,,,False,False,True,PROVISIONAL
379186,I200-300,137.1458905,-31.442441,40.24,1973-04-05,Copper,Y,,,,False,False,True,PROVISIONAL
379314,S200-300,137.1408368,-31.4515182,57.0,1973-04-06,Copper,Y,,,,False,False,True,PROVISIONAL
376873,T300-000,137.1430241,-31.4505436,49.99,1973-04-07,Copper,Y,,,,False,False,True,PROVISIONAL
379319,S400-300,137.1407958,-31.449715,51.7,1973-04-07,Copper,Y,,,,False,False,True,PROVISIONAL
379316,S300/350,137.1413421,-31.4506078,56.9,1973-04-08,Copper,Y,,,,False,False,True,PROVISIONAL
379318,S350/450,137.1423836,-31.4501394,47.3,1973-04-08,Copper,Y,,,,False,False,True,PROVISIONAL
379315,S250/450,137.1424041,-31.451041,56.9,1973-04-09,Copper,Y,,,,False,False,True,PROVISIONAL
379321,T300-200,137.145117,-31.4505085,44.09,1973-04-09,Copper,Y,,,,False,False,True,PROVISIONAL
379285,N200-400,137.1469611,-31.4469419,47.72,1973-04-10,Copper,Y,,,,False,False,True,PROVISIONAL
379317,S340/150,137.1392305,-31.4502822,60.6,1973-04-10,Copper,Y,,,,False,False,True,PROVISIONAL
376838,I000-300,137.145911,-31.4442626,47.49,1973-04-12,Copper,Y,,,,False,False,True,PROVISIONAL
379309,P300-100,137.149076,-31.4460314,39.44,1973-04-12,Copper,Y,,,,False,False,True,PROVISIONAL
376855,M300-200,137.1396618,-31.446117,40.69,1973-04-13,Copper,Y,,,,False,False,True,PROVISIONAL
379161,H000-100,137.1386632,-31.4443026,51.05,1973-04-14,Copper,Y,,,,False,False,True,PROVISIONAL
379224,M400-100,137.1386,-31.4452238,48.0,1973-04-14,Copper,Y,,,,False,False,True,PROVISIONAL
379167,H100-100,137.1385489,-31.4434387,51.36,1973-04-15,Copper,Y,,,,False,False,True,PROVISIONAL
379325,T460/240,137.145411,-31.4490965,50.7,1973-04-15,Copper,Y,,,,False,False,True,PROVISIONAL
379223,M400-000,137.1375701,-31.4452769,51.61,1973-04-16,Copper,Y,,,,False,False,True,PROVISIONAL
379171,H200-300,137.1406422,-31.4425017,48.9,1973-04-17,Copper,Y,,,,False,False,True,PROVISIONAL
379178,I100-300,137.1396016,-31.4434662,46.42,1973-04-18,Copper,Y,,,,False,False,True,PROVISIONAL
352245,MG 1,137.0854859,-31.4701648,104.5,1973-05-01,Copper,Y,,,,False,False,True,PROVISIONAL
352247,MG 3,137.1583784,-31.4351055,17.0,1973-05-03,Copper,Y,,,,False,False,True,PROVISIONAL
352248,MG 4,137.158437,-31.439497,18.0,1973-05-03,Copper,Y,,,,False,False,True,PROVISIONAL
379169,H100-300,137.1406625,-31.4433944,47.82,1973-05-04,Copper,Y,,,,False,False,True,PROVISIONAL
379168,H100-200,137.1396519,-31.4433661,50.42,1973-05-05,Copper,Y,,,,False,False,True,PROVISIONAL
379213,M200-100,137.1281235,-31.4471842,45.29,1973-05-05,Copper,Y,,,,False,False,True,PROVISIONAL
379214,M200-200,137.1291752,-31.4471668,44.1,1973-05-05,Copper,Y,,,,False,False,True,PROVISIONAL
376863,N450-150,137.144364,-31.4447034,48.4,1973-05-06,Copper,Y,,,,False,False,True,PROVISIONAL
376862,N450-050,137.1432909,-31.4447033,50.9,1973-05-07,Copper,Y,,,,False,False,True,PROVISIONAL
377011,H000-000,137.1376115,-31.4443202,57.0,1973-05-07,Copper,Y,,,,False,False,True,PROVISIONAL
379291,N250-150,137.1444049,-31.4464976,50.05,1973-05-08,Copper,Y,,,,False,False,True,PROVISIONAL
379293,N250-250,137.1454461,-31.4464802,50.42,1973-05-08,Copper,Y,,,,False,False,True,PROVISIONAL
379523,Q000-000,137.1272048,-31.4535494,83.62,1973-05-09,Copper,Y,,,,False,False,True,PROVISIONAL
379277,N150-150,137.144425,-31.4473812,55.1,1973-05-10,Copper,Y,,,,False,False,True,PROVISIONAL
379278,N150-200,137.1449509,-31.4473724,50.6,1973-05-10,Copper,Y,,,,False,False,True,PROVISIONAL
379524,Q250-250,137.1297832,-31.4512516,69.0,1973-05-10,Copper,Y,,,,False,False,True,PROVISIONAL
376865,N450-350,137.1464776,-31.444659,46.36,1973-05-11,Copper,Y,,,,False,False,True,PROVISIONAL
379301,N350-250,137.1454362,-31.4455874,48.42,1973-05-11,Copper,Y,,,,False,False,True,PROVISIONAL
379275,N150-050,137.1433737,-31.4474168,42.48,1973-05-12,Copper,Y,,,,False,False,True,PROVISIONAL
379276,N150-100,137.1438996,-31.447408,48.7,1973-05-12,Copper,Y,,,,False,False,True,PROVISIONAL
379281,N200-100,137.1438893,-31.4469573,47.37,1973-05-12,Copper,Y,,,,False,False,True,PROVISIONAL
376864,N450-250,137.1454276,-31.4447487,46.57,1973-05-13,Copper,Y,,,,False,False,True,PROVISIONAL
379206,M050-200,137.139712,-31.4483259,45.0,1973-05-15,Copper,Y,,,,False,False,True,PROVISIONAL
379207,M050-250,137.1402064,-31.4483177,44.81,1973-05-15,Copper,Y,,,,False,False,True,PROVISIONAL
379209,M100-200,137.1397123,-31.4478749,40.34,1973-05-15,Copper,Y,,,,False,False,True,PROVISIONAL
379212,M150-450,137.1423111,-31.4474166,40.18,1973-05-15,Copper,Y,,,,False,False,True,PROVISIONAL
376853,M250-350,137.1412394,-31.4465551,36.59,1973-05-17,Copper,Y,,,,False,False,True,PROVISIONAL
379231,M450-450,137.1422501,-31.4447388,47.05,1973-05-17,Copper,Y,,,,False,False,True,PROVISIONAL
379232,M450-450,137.1422605,-31.4447296,43.6,1973-05-17,Copper,Y,,,,False,False,True,PROVISIONAL
376850,M000-200,137.139733,-31.4487857,49.63,1973-05-18,Copper,Y,,,,False,False,True,PROVISIONAL
376854,M250-450,137.1423015,-31.4465328,39.03,1973-05-18,Copper,Y,,,,False,False,True,PROVISIONAL
376866,N450-450,137.147519,-31.4446505,44.79,1973-05-20,Copper,Y,,,,False,False,True,PROVISIONAL
379303,N350-450,137.1475394,-31.4455431,44.89,1973-05-20,Copper,Y,,,,False,False,True,PROVISIONAL
379175,I050-150,137.139085,-31.4438807,46.07,1973-05-21,Copper,Y,,,,False,False,True,PROVISIONAL
379166,H050-450,137.142659,-31.4437487,45.15,1973-05-22,Copper,Y,,,,False,False,True,PROVISIONAL
379182,I150-050,137.1432704,-31.4428816,44.08,1973-05-22,Copper,Y,,,,False,False,True,PROVISIONAL
376843,I250-450,137.1474676,-31.4419365,29.33,1973-05-23,Copper,Y,,,,False,False,True,PROVISIONAL
379189,I300-450,137.1474468,-31.4414859,27.48,1973-05-23,Copper,Y,,,,False,False,True,PROVISIONAL
379295,N250-350,137.1464243,-31.4464728,50.23,1973-05-24,Copper,Y,,,,False,False,True,PROVISIONAL
379302,N350-350,137.146498,-31.4455516,46.96,1973-05-24,Copper,Y,,,,False,False,True,PROVISIONAL
379267,N050-150,137.1443851,-31.4484011,38.19,1973-05-25,Copper,Y,,,,False,False,True,PROVISIONAL
352249,MG 5,137.1063432,-31.4616784,96.0,1973-05-26,Copper,Y,,,,False,False,True,PROVISIONAL
376880,T450-150,137.1444651,-31.4491394,38.47,1973-05-26,Copper,Y,,,,False,False,True,PROVISIONAL
379268,N050-200,137.144911,-31.4483923,41.0,1973-05-26,Copper,Y,,,,False,False,True,PROVISIONAL
379229,M450-150,137.1391162,-31.4447911,48.15,1973-05-29,Copper,Y,,,,False,False,True,PROVISIONAL
379226,M400-350,137.1433224,-31.4451628,47.22,1973-05-30,Copper,Y,,,,False,False,True,PROVISIONAL
379227,M400-400,137.1438482,-31.445154,46.4,1973-05-30,Copper,Y,,,,False,False,True,PROVISIONAL
379230,M450-250,137.1401573,-31.4447738,50.73,1973-05-30,Copper,Y,,,,False,False,True,PROVISIONAL
379222,M350-450,137.1422911,-31.445613,42.44,1973-05-31,Copper,Y,,,,False,False,True,PROVISIONAL
379218,M350-150,137.1392002,-31.4457098,44.36,1973-06-01,Copper,Y,,,,False,False,True,PROVISIONAL
379219,M350-250,137.1401885,-31.4456843,44.74,1973-06-03,Copper,Y,,,,False,False,True,PROVISIONAL
379220,M350-300,137.1407039,-31.4456757,31.8,1973-06-03,Copper,Y,,,,False,False,True,PROVISIONAL
379221,M350-350,137.1412297,-31.4456669,44.8,1973-06-03,Copper,Y,,,,False,False,True,PROVISIONAL
379519,L250-250,137.1349396,-31.4466558,65.2,1973-06-03,Copper,Y,,,,False,False,True,PROVISIONAL
379199,M000-300,137.1407332,-31.448814,44.9,1973-06-06,Copper,Y,,,,False,False,True,PROVISIONAL
379200,M000-400,137.1417847,-31.4487874,47.26,1973-06-06,Copper,Y,,,,False,False,True,PROVISIONAL
379208,M050-450,137.1423426,-31.4483361,41.12,1973-06-07,Copper,Y,,,,False,False,True,PROVISIONAL
376879,T450-050,137.1434375,-31.4492919,41.26,1973-06-08,Copper,Y,,,,False,False,True,PROVISIONAL
352250,MG 6,137.1168005,-31.4587729,45.0,1973-06-14,Copper,Y,,,,False,False,True,PROVISIONAL
352251,MG 7,137.1220475,-31.4581448,52.0,1973-06-15,Copper,Y,,,,False,False,True,PROVISIONAL
352252,MG 9,137.1218617,-31.453638,108.0,1973-06-17,Copper,Y,,,,False,False,True,PROVISIONAL
352253,MG 10,137.121557,-31.4401225,60.0,1973-06-30,Copper,Y,,,,False,False,True,PROVISIONAL
352254,MG 11,137.1220347,-31.4454453,39.0,1973-07-01,Copper,Y,,,,False,False,True,PROVISIONAL
352255,MG 12,137.1216336,-31.4491229,42.0,1973-07-01,Copper,Y,,,,False,False,True,PROVISIONAL
352257,MG 13,137.1163729,-31.4491197,54.0,1973-07-01,Copper,Y,,,,False,False,True,PROVISIONAL
352258,MG 14,137.153085,-31.4350142,33.0,1973-07-02,Copper,Y,,,,False,False,True,PROVISIONAL
352259,MG 15,137.1477971,-31.4351661,37.5,1973-07-02,Copper,Y,,,,False,False,True,PROVISIONAL
352261,MG 16,137.149321,-31.4304955,42.0,1973-07-03,Copper,Y,,,,False,False,True,PROVISIONAL
352262,MG 17,137.1397611,-31.4278052,66.0,1973-07-04,Copper,Y,,,,False,False,True,PROVISIONAL
352263,MG 18,137.130328,-31.4246523,106.6,1973-07-05,Copper,Y,,,,False,False,True,PROVISIONAL
352264,MG 19,137.1438991,-31.4229015,33.0,1973-07-05,Copper,Y,,,,False,False,True,PROVISIONAL
352265,MG 20,137.1488414,-31.4186966,21.0,1973-07-07,Copper,Y,,,,False,False,True,PROVISIONAL
352266,MG 21,137.1372812,-31.4353331,72.0,1973-07-10,Copper,Y,,,,False,False,True,PROVISIONAL
352256,MG 12 B,137.1218442,-31.4491284,48.0,1973-07-12,Copper,Y,,,,False,False,True,PROVISIONAL
379134,3-4-9D,137.1745253,-31.4482896,28.04,1973-07-13,Copper,Y,,,,False,False,True,PROVISIONAL
379133,3-4-6D,137.1746451,-31.4489191,26.7,1973-07-15,Copper,Y,,,,False,False,True,PROVISIONAL
376842,I250-350,137.1464054,-31.4419543,30.19,1973-07-21,Copper,Y,,,,False,False,True,PROVISIONAL
376841,I250-250,137.1453856,-31.4419804,35.15,1973-07-22,Copper,Y,,,,False,False,True,PROVISIONAL
376840,I150-350,137.1464262,-31.4428649,42.89,1973-07-23,Copper,Y,,,,False,False,True,PROVISIONAL
379183,I150-450,137.1474882,-31.4428381,35.83,1973-07-23,Copper,Y,,,,False,False,True,PROVISIONAL
376839,I050-450,137.1474871,-31.443713,43.34,1973-07-24,Copper,Y,,,,False,False,True,PROVISIONAL
379307,P200-100,137.1489828,-31.4470162,42.97,1973-07-28,Copper,Y,,,,False,False,True,PROVISIONAL
376867,P050-050,137.1486971,-31.4483288,41.17,1973-07-29,Copper,Y,,,,False,False,True,PROVISIONAL
376881,T450-400,137.146935,-31.4490259,50.92,1973-07-30,Copper,Y,,,,False,False,True,PROVISIONAL
379270,N050-400,137.1470311,-31.4481674,44.97,1973-07-31,Copper,Y,,,,False,False,True,PROVISIONAL
376859,N150-300,137.1458351,-31.4473937,50.1,1973-08-02,Copper,Y,,,,False,False,True,PROVISIONAL
379269,N050-250,137.1455577,-31.448147,50.57,1973-08-03,Copper,Y,,,,False,False,True,PROVISIONAL
379284,N200-350,137.146434,-31.4468966,49.02,1973-08-04,Copper,Y,,,,False,False,True,PROVISIONAL
379297,N300-250,137.1459608,-31.4459844,49.16,1973-08-05,Copper,Y,,,,False,False,True,PROVISIONAL
376870,S400-400,137.1418361,-31.4496615,46.45,1973-08-07,Copper,Y,,,,False,False,True,PROVISIONAL
379283,N200-300,137.1458869,-31.4468968,50.21,1973-08-08,Copper,Y,,,,False,False,True,PROVISIONAL
379294,N250-300,137.1459721,-31.4464803,51.7,1973-08-09,Copper,Y,,,,False,False,True,PROVISIONAL
376876,T400-000,137.1429299,-31.4496432,45.17,1973-08-10,Copper,Y,,,,False,False,True,PROVISIONAL
379292,N250-200,137.1449301,-31.4464618,50.19,1973-08-14,Copper,Y,,,,False,False,True,PROVISIONAL
379282,N200-150,137.1443731,-31.4469492,54.86,1973-08-15,Copper,Y,,,,False,False,True,PROVISIONAL
379280,N190-210B,137.1449841,-31.446984,49.13,1973-08-16,Copper,Y,,,,False,False,True,PROVISIONAL
376858,N150-250,137.1449513,-31.4473904,50.64,1973-08-17,Copper,Y,,,,False,False,True,PROVISIONAL
344154,MG 14D,137.1530864,-31.4350773,43.77,1973-08-18,,Y,,,,False,False,True,PROVISIONAL
379264,N050-000,137.1439098,-31.4483189,41.8,1973-12-10,Copper,Y,,,,False,False,True,PROVISIONAL
379265,N050-100,137.1439098,-31.4483189,36.81,1973-12-10,Copper,Y,,,,False,False,True,PROVISIONAL
379260,N000-100,137.1439199,-31.4487606,40.64,1973-12-11,Copper,Y,,,,False,False,True,PROVISIONAL
379324,T450-100,137.1439398,-31.4491753,41.88,1973-12-12,Copper,Y,,,,False,False,True,PROVISIONAL
379322,T400-050,137.1434459,-31.4496615,43.59,1973-12-13,Copper,Y,,,,False,False,True,PROVISIONAL
379323,T450-000,137.1428784,-31.4492292,43.98,1973-12-14,Copper,Y,,,,False,False,True,PROVISIONAL
379201,M000-450,137.1423216,-31.448801,45.36,1973-12-17,Copper,Y,,,,False,False,True,PROVISIONAL
379258,N000-000,137.1428684,-31.4487873,48.28,1973-12-18,Copper,Y,,,,False,False,True,PROVISIONAL
379259,N000-050,137.1434043,-31.4487603,43.09,1973-12-20,Copper,Y,,,,False,False,True,PROVISIONAL
20676,,137.0810837,-31.4704534,101.8,1974-01-20,Water,N,,,,False,False,True,PROVISIONAL
20655,,137.0785097,-31.4730284,102.0,1974-01-21,Water,N,,,,False,False,True,PROVISIONAL
20675,,137.1075117,-31.4720064,137.16,1974-01-24,Water,N,,,,False,False,True,PROVISIONAL
20657,,137.1124837,-31.4708314,113.69,1974-01-26,Water,N,,,,False,False,True,PROVISIONAL
20674,,137.1289817,-31.4701614,54.86,1974-02-05,Water,N,,,,False,False,True,PROVISIONAL
20658,,137.1258617,-31.4704114,48.77,1974-02-07,Water,N,,,,False,False,True,PROVISIONAL
20673,,137.1295507,-31.4586424,100.58,1974-02-07,Water,N,,,,False,False,True,PROVISIONAL
20659,,137.1287337,-31.4560224,101.19,1974-02-08,Water,N,,,,False,False,True,PROVISIONAL
20672,,137.1397007,-31.4482554,37.19,1974-02-08,Water,N,,,,False,False,True,PROVISIONAL
20660,,137.1370147,-31.4449074,50.3,1974-02-09,Water,N,,,,False,False,True,PROVISIONAL
20671,,137.1134427,-31.4573144,117.35,1974-02-11,Water,N,,,,False,False,True,PROVISIONAL
20670,,137.0999347,-31.4898974,67.06,1974-02-13,Water,N,,,,False,False,True,PROVISIONAL
20669,,137.0918827,-31.4898314,65.53,1974-02-14,Water,N,,,,False,False,True,PROVISIONAL
20668,,137.1053617,-31.4855334,95.1,1974-02-19,Water,N,,,,False,False,True,PROVISIONAL
20663,,137.1037567,-31.4517814,123.5,1974-02-22,Water,N,,,,False,False,True,PROVISIONAL
20664,,137.0941117,-31.4520114,100.58,1974-02-24,Water,N,,,,False,False,True,PROVISIONAL
20667,,137.0879347,-31.4790174,90.53,1974-02-25,Water,N,,,,False,False,True,PROVISIONAL
20662,,137.1112787,-31.4851474,99.06,1974-02-26,Water,N,,,,False,False,True,PROVISIONAL
20666,,137.1455717,-31.4418324,53.64,1974-02-26,Water,N,,,,False,False,True,PROVISIONAL
256313,LY 2,137.1326077,-31.4500464,667.4,1974-03-01,,Y,Quaternary rocks > Whyalla Sandstone > Pandurra Formation,667.4,Pandurra Formation,True,False,True,PROVISIONAL
256314,LY 3,137.1542797,-31.4343714,246.6,1974-03-07,,Y,Quaternary rocks > Woocalla Dolomite Member > Pandurra Formation > Gairdner Dolerite > Pandurra Formation > Gairdner Dolerite,246.4,Gairdner Dolerite,True,False,True,PROVISIONAL
20656,,137.1000337,-31.4694224,135.5,1974-03-14,Water,N,,,,False,False,True,PROVISIONAL
20661,,137.0954467,-31.4863924,77.8,1974-03-14,Water,N,,,,False,False,True,PROVISIONAL
352277,MG 29,137.1266954,-31.4310084,48.0,1974-06-28,Copper,Y,,,,False,False,True,PROVISIONAL
352278,MG 30,137.1424682,-31.4307455,60.0,1974-07-06,Copper,Y,,,,False,False,True,PROVISIONAL
352268,MG 22 A,137.1541173,-31.434158,30.0,1974-07-10,Copper,Y,,,,False,False,True,PROVISIONAL
352279,MG 31,137.1372106,-31.4308333,87.0,1974-07-10,Copper,Y,,,,False,False,True,PROVISIONAL
352280,MG 32,137.1541076,-31.4254542,39.0,1974-07-12,Copper,Y,,,,False,False,True,PROVISIONAL
352281,MG 33,137.1534627,-31.4216316,13.5,1974-07-12,Copper,Y,,,,False,False,True,PROVISIONAL
352282,MG 34,137.1371993,-31.4178181,61.5,1974-07-13,Copper,Y,,,,False,False,True,PROVISIONAL
352283,MG 35,137.0745828,-31.4529697,67.5,1974-08-01,Copper,Y,,,,False,False,True,PROVISIONAL
352284,MG 36,137.1169507,-31.465445,42.0,1974-08-02,Copper,Y,,,,False,False,True,PROVISIONAL
352269,MG 22 B,137.1541173,-31.434158,30.0,1974-08-08,Copper,Y,,,,False,False,True,PROVISIONAL
352270,MG 23,137.1530658,-31.4341757,34.0,1974-08-09,Copper,Y,,,,False,False,True,PROVISIONAL
352272,MG 24,137.154138,-31.4350596,32.0,1974-08-10,Copper,Y,,,,False,False,True,PROVISIONAL
352274,MG 26,137.1549832,-31.4260257,30.6,1974-08-10,Copper,Y,,,,False,False,True,PROVISIONAL
352273,MG 25,137.1572926,-31.4350065,22.5,1974-08-12,Copper,Y,,,,False,False,True,PROVISIONAL
352260,MG 15 D,137.1478286,-31.4351656,34.8,1974-08-13,Copper,Y,,,,False,False,True,PROVISIONAL
352275,MG 27,137.1540967,-31.4332564,34.4,1974-08-14,Copper,Y,,,,False,False,True,PROVISIONAL
352276,MG 28,137.1425708,-31.4352537,39.8,1974-08-14,Copper,Y,,,,False,False,True,PROVISIONAL
352267,MG 21 B,137.137313,-31.4353415,66.0,1974-08-17,Copper,Y,,,,False,False,True,PROVISIONAL
352285,MG 44,137.1520142,-31.4341934,35.5,1974-08-17,Copper,Y,,,,False,False,True,PROVISIONAL
352286,MG 45,137.1520348,-31.435095,34.0,1974-08-19,Copper,Y,,,,False,False,True,PROVISIONAL
352287,MG 46,137.1520555,-31.4359966,26.0,1974-08-19,Copper,Y,,,,False,False,True,PROVISIONAL
352288,MG 47,137.153107,-31.4359789,27.0,1974-08-20,Copper,Y,,,,False,False,True,PROVISIONAL
352289,MG 48,137.1541586,-31.4359613,26.0,1974-08-21,Copper,Y,,,,False,False,True,PROVISIONAL
352290,MG 49,137.1561998,-31.433221,26.0,1974-08-21,Copper,Y,,,,False,False,True,PROVISIONAL
352291,MG 50,137.1551482,-31.4332387,32.0,1974-08-22,Copper,Y,,,,False,False,True,PROVISIONAL
352292,MG 51,137.1530452,-31.4332741,36.0,1974-08-23,Copper,Y,,,,False,False,True,PROVISIONAL
352293,MG 52,137.1519936,-31.4332918,32.0,1974-08-24,Copper,Y,,,,False,False,True,PROVISIONAL
139779,MF 13,136.7873357,-31.6743354,96.0,1974-09-23,Base Metals,Y,Quaternary rocks > Whyalla Sandstone > Woocalla Dolomite Member,96.0,Woocalla Dolomite Member,True,False,True,PROVISIONAL
139721,OEP 2,137.3226066,-31.6539844,48.0,1975-01-01,Copper,Y,Tertiary-Pleistocene rocks > Whyalla Sandstone,48.0,Whyalla Sandstone,True,False,True,PROVISIONAL
139722,OEP 3,137.3090846,-31.6614464,48.0,1975-01-01,Copper,Y,Tertiary-Pleistocene rocks > Whyalla Sandstone,48.0,Whyalla Sandstone,True,False,True,PROVISIONAL
139723,OEP 4,137.3398676,-31.6275154,42.0,1975-01-01,Copper,Y,Tertiary-Pleistocene rocks > Tertiary-Pleistocene rocks,42.0,Tertiary-Pleistocene rocks,True,False,True,PROVISIONAL
139724,OEP 5,137.3395756,-31.6157954,48.0,1975-01-01,Copper,Y,Tertiary-Pleistocene rocks > Tregolana Shale Member,48.0,Tregolana Shale Member,True,False,True,PROVISIONAL
139725,OEP 6,137.3455796,-31.4767914,48.0,1975-01-01,Copper,Y,Tertiary-Pleistocene rocks > Tregolana Shale Member,48.0,Tregolana Shale Member,True,False,True,PROVISIONAL
139726,OEP 7,137.3364266,-31.4895874,42.0,1975-01-01,Copper,Y,Tertiary-Pleistocene rocks > Tregolana Shale Member,42.0,Tregolana Shale Member,True,False,True,PROVISIONAL
139727,OEP 8,137.3336046,-31.5031674,48.0,1975-01-01,Copper,Y,Tertiary-Pleistocene rocks > Tregolana Shale Member,48.0,Tregolana Shale Member,True,False,True,PROVISIONAL
139728,OEP 9,137.3286566,-31.5158844,30.0,1975-01-01,Copper,Y,Tertiary-Pleistocene rocks > Tregolana Shale Member,30.0,Tregolana Shale Member,True,False,True,PROVISIONAL
139729,OEP 10,137.3268886,-31.5294454,36.0,1975-01-01,Copper,Y,Tertiary-Pleistocene rocks > Tregolana Shale Member,36.0,Tregolana Shale Member,True,False,True,PROVISIONAL
372317,G250/250,137.1333651,-31.44216,53.0,1975-01-01,,Y,,,,False,False,True,PROVISIONAL
372318,H250/000,137.1360792,-31.4421509,57.0,1975-01-01,,Y,,,,False,False,True,PROVISIONAL
372319,K250/250,137.1277119,-31.4466468,61.0,1975-01-01,,Y,,,,False,False,True,PROVISIONAL
372320,V250/250,137.1272197,-31.4555935,84.1,1975-01-01,,Y,,,,False,False,True,PROVISIONAL
372321,W250/300,137.1329997,-31.4552809,78.0,1975-01-01,,Y,,,,False,False,True,PROVISIONAL
293674,GY 8,137.1775226,-31.4454874,40.0,1975-02-03,,Y,,,,False,False,True,PROVISIONAL
293677,GY 11,137.1775636,-31.4472914,35.5,1975-02-07,,Y,,,,False,False,True,PROVISIONAL
293680,GY 15,137.1859356,-31.4453444,25.3,1975-02-09,,Y,,,,False,False,True,PROVISIONAL
373240,MG 59,137.1498494,-31.4315238,46.5,1975-02-15,Copper,Y,,,,False,False,True,PROVISIONAL
373241,MG 60,137.1477463,-31.4315591,51.75,1975-02-17,Copper,Y,,,,False,False,True,PROVISIONAL
373242,MG 61,137.1477052,-31.4297558,49.9,1975-02-19,Copper,Y,,,,False,False,True,PROVISIONAL
373243,MG 62,137.1456433,-31.4315943,57.25,1975-02-20,Copper,Y,,,,False,False,True,PROVISIONAL
373244,MG 63,137.1435403,-31.4316295,57.5,1975-02-22,Copper,Y,,,,False,False,True,PROVISIONAL
373245,MG 64,137.1477875,-31.4333624,50.0,1975-02-23,Copper,Y,,,,False,False,True,PROVISIONAL
373246,MG 65,137.1498906,-31.4333271,44.0,1975-02-23,Copper,Y,,,,False,False,True,PROVISIONAL
373247,MG 66,137.1499317,-31.4351303,37.0,1975-02-24,Copper,Y,,,,False,False,True,PROVISIONAL
184730,GY 1,137.1732736,-31.4437524,37.7,1975-02-26,Copper,Y,Holocene aeolian sediments > Whyalla Sandstone > Woocalla Dolomite Member > Neoproterozoic rocks > Pandurra Formation,37.7,Pandurra Formation,True,False,True,PROVISIONAL
293687,GY 2,137.1711706,-31.4437914,30.0,1975-02-27,,Y,,,,False,False,True,PROVISIONAL
293684,GY 5,137.1733156,-31.4455594,28.6,1975-02-28,,Y,,,,False,False,True,PROVISIONAL
293685,GY 4,137.1733576,-31.4473624,26.0,1975-02-28,,Y,,,,False,False,True,PROVISIONAL
293686,GY 3,137.1712126,-31.4455954,26.6,1975-02-28,,Y,,,,False,False,True,PROVISIONAL
293683,GY 6,137.1754186,-31.4455234,39.8,1975-03-01,,Y,,,,False,False,True,PROVISIONAL
293682,GY 7,137.1753776,-31.4437204,34.0,1975-03-02,,Y,,,,False,False,True,PROVISIONAL
293675,GY 9,137.1796256,-31.4454524,38.1,1975-03-04,,Y,,,,False,False,True,PROVISIONAL
293676,GY 10,137.1754606,-31.4473264,32.1,1975-03-04,,Y,,,,False,False,True,PROVISIONAL
293678,GY 12,137.1796676,-31.4472554,35.0,1975-03-07,,Y,,,,False,False,True,PROVISIONAL
184731,GY 13,137.1817286,-31.4454134,53.0,1975-03-08,Copper,Y,Holocene aeolian sediments > Brighton Limestone > Tapley Hill Formation > Appila Tillite,53.0,Appila Tillite,True,False,True,PROVISIONAL
293679,GY 14,137.1838316,-31.4453804,37.5,1975-03-09,,Y,,,,False,False,True,PROVISIONAL
293681,GY 16,137.1859776,-31.4471474,32.9,1975-03-10,,Y,,,,False,False,True,PROVISIONAL
139560,OEP 1,137.3338176,-31.6384484,48.0,1975-05-16,Copper,Y,Tertiary-Pleistocene rocks > Whyalla Sandstone,48.0,Whyalla Sandstone,True,False,True,PROVISIONAL
139732,MG 82,137.1626556,-31.4394274,36.0,1975-08-16,Copper,Y,Quaternary rocks > Whyalla Sandstone > Pandurra Formation,36.0,Pandurra Formation,True,False,False,PROVISIONAL
139733,MG 83,137.1680356,-31.4447464,30.0,1975-08-16,Copper,Y,Quaternary rocks > Whyalla Sandstone > Woocalla Dolomite Member > Pandurra Formation,30.0,Pandurra Formation,True,False,False,PROVISIONAL
139734,MG 84,137.1564697,-31.4449414,24.0,1975-08-16,Copper,Y,Tertiary-Pleistocene rocks > Whyalla Sandstone > Pandurra Formation,24.0,Pandurra Formation,True,False,False,PROVISIONAL
139735,MG 85,137.1523637,-31.4495214,30.0,1975-08-17,Copper,Y,Tertiary-Pleistocene rocks > Whyalla Sandstone > Pandurra Formation,30.0,Pandurra Formation,True,False,False,PROVISIONAL
139736,MG 86,137.1565717,-31.4494494,39.0,1975-08-17,Copper,Y,Tertiary-Pleistocene rocks > Whyalla Sandstone > Pandurra Formation,39.0,Pandurra Formation,True,False,False,PROVISIONAL
139737,MG 87,137.1618306,-31.4493604,30.0,1975-08-18,Copper,Y,Tertiary-Pleistocene rocks > Whyalla Sandstone > Pandurra Formation,30.0,Pandurra Formation,True,False,False,PROVISIONAL
139738,MG 88,137.1617056,-31.4439524,42.0,1975-08-18,Copper,Y,Tertiary-Pleistocene rocks > Whyalla Sandstone > Pandurra Formation,42.0,Pandurra Formation,True,False,False,PROVISIONAL
139739,MG 89,137.1522417,-31.4441104,30.0,1975-08-19,Copper,Y,Tertiary-Pleistocene rocks > Whyalla Sandstone > Pandurra Formation,30.0,Pandurra Formation,True,False,False,PROVISIONAL
139701,OK 57,137.1036777,-31.5775084,69.0,1975-08-25,Copper,Y,Tertiary-Pleistocene rocks > Tregolana Shale Member > Whyalla Sandstone > Pandurra Formation,69.0,Pandurra Formation,True,False,False,PROVISIONAL
139702,OK 58,137.1035357,-31.5711974,61.5,1975-08-25,Copper,Y,Tertiary-Pleistocene rocks > Tregolana Shale Member > Tregolana Shale Member > Whyalla Sandstone > Pandurra Formation,61.5,Pandurra Formation,True,False,False,PROVISIONAL
139703,OK 59,137.0970747,-31.5649894,30.0,1975-08-26,Copper,Y,Tertiary-Pleistocene rocks > Tregolana Shale Member > Whyalla Sandstone > Pandurra Formation,30.0,Pandurra Formation,True,False,False,PROVISIONAL
139704,OK 60,137.0906587,-31.5605834,30.0,1975-08-26,Copper,Y,Tertiary-Pleistocene rocks > Whyalla Sandstone > Pandurra Formation,30.0,Pandurra Formation,True,False,False,PROVISIONAL
139705,OK 61,137.0810197,-31.5535254,11.3,1975-08-26,Copper,Y,Tertiary-Pleistocene rocks > Whyalla Sandstone > Whyalla Sandstone,11.3,Whyalla Sandstone,True,False,False,PROVISIONAL
139706,OK 62,137.0809387,-31.5499194,63.0,1975-08-26,Copper,Y,Tertiary-Pleistocene rocks > Whyalla Sandstone > Pandurra Formation > Pandurra Formation,63.0,Pandurra Formation,True,False,False,PROVISIONAL
139707,OK 63,137.0769087,-31.5581044,72.0,1975-08-27,Copper,Y,Tertiary-Pleistocene rocks > Tregolana Shale Member > Whyalla Sandstone > Whyalla Sandstone > Woocalla Dolomite Member > Umberatana Group,72.0,Umberatana Group,True,False,False,PROVISIONAL
139708,OK 64,137.0661807,-31.5492574,64.0,1975-08-31,Copper,Y,Tertiary-Pleistocene rocks > Whyalla Sandstone > Woocalla Dolomite Member > Umberatana Group,64.0,Umberatana Group,True,False,False,PROVISIONAL
139709,OK 65,137.1173886,-31.5781834,84.0,1975-09-01,Copper,Y,Tertiary-Pleistocene rocks > Tregolana Shale Member > Umberatana Group,84.0,Umberatana Group,True,False,False,PROVISIONAL
139710,OK 66,137.0920917,-31.5776974,87.0,1975-09-03,Copper,Y,Tertiary-Pleistocene rocks > Tregolana Shale Member > Tregolana Shale Member > Whyalla Sandstone > Woocalla Dolomite Member > Umberatana Group > Pandurra Formation,87.0,Pandurra Formation,True,False,False,PROVISIONAL
139711,OK 67,137.0953727,-31.5830564,57.0,1975-09-03,Copper,Y,Tertiary-Pleistocene rocks > Tregolana Shale Member > Whyalla Sandstone > Woocalla Dolomite Member > Umberatana Group > Pandurra Formation,57.0,Pandurra Formation,True,False,False,PROVISIONAL
379242,MG 69/1,137.1509627,-31.4342111,35.62,1975-09-05,Copper,Y,,,,False,False,False,PROVISIONAL
379244,MG 70,137.1562411,-31.4350243,26.85,1975-09-06,Copper,Y,,,,False,False,False,PROVISIONAL
139712,OK 68,137.0751997,-31.5761704,73.5,1975-09-08,Copper,Y,Tertiary-Pleistocene rocks > Whyalla Sandstone > Woocalla Dolomite Member > Gairdner Dolerite,73.5,Gairdner Dolerite,True,False,False,PROVISIONAL
379235,MG 54,137.1583028,-31.4331856,23.8,1975-09-08,Copper,Y,,,,False,False,False,PROVISIONAL
379236,MG 55,137.1582615,-31.4313823,20.7,1975-09-08,Copper,Y,,,,False,False,False,PROVISIONAL
379245,MG 71,137.1562204,-31.4341226,27.65,1975-09-08,Copper,Y,,,,False,False,False,PROVISIONAL
139713,OK 69,137.0444137,-31.5171344,45.0,1975-09-09,Copper,Y,Tertiary-Pleistocene rocks > Umberatana Group > Pandurra Formation,45.0,Pandurra Formation,True,False,False,PROVISIONAL
139714,OK 70,137.0467757,-31.6253344,90.0,1975-09-12,Copper,Y,Tertiary-Pleistocene rocks > Eocene-Quaternary silcrete > Whyalla Sandstone > Umberatana Group unit 2 > Woocalla Dolomite Member,90.0,Woocalla Dolomite Member,True,False,False,PROVISIONAL
139715,OK 71,137.0744147,-31.6357124,72.0,1975-09-13,Copper,Y,Tertiary-Pleistocene rocks > Tregolana Shale Member > Whyalla Sandstone > Umberatana Group unit 2,72.0,Umberatana Group unit 2,True,False,False,PROVISIONAL
139716,OK 72,137.0612507,-31.6124764,66.0,1975-09-14,Copper,Y,Tertiary-Pleistocene rocks > Tregolana Shale Member > Whyalla Sandstone > Umberatana Group unit 2,66.0,Umberatana Group unit 2,True,False,False,PROVISIONAL
139717,OK 73,137.0669557,-31.5844204,21.0,1975-09-14,Copper,Y,Tertiary-Pleistocene rocks > Whyalla Sandstone > Pandurra Formation,21.0,Pandurra Formation,True,False,False,PROVISIONAL
139718,OK 74,137.1249547,-31.5401754,24.0,1975-09-14,Copper,Y,Tertiary-Pleistocene rocks > Tregolana Shale Member > Pandurra Formation,24.0,Pandurra Formation,True,False,False,PROVISIONAL
139719,OK 75,137.1117606,-31.6089424,37.5,1975-09-15,Copper,Y,Tertiary-Pleistocene rocks > Tregolana Shale Member > Umberatana Group,37.5,Umberatana Group,True,False,False,PROVISIONAL
139720,OK 76,137.1240276,-31.6385034,67.5,1975-09-15,Copper,Y,Tertiary-Pleistocene rocks > Tregolana Shale Member > Whyalla Sandstone > Woocalla Dolomite Member > Pandurra Formation,67.5,Pandurra Formation,True,False,False,PROVISIONAL
379246,MG 72,137.1561791,-31.4323194,21.75,1975-09-17,Copper,Y,,,,False,False,False,PROVISIONAL
139740,MG 90,137.1284617,-31.4625474,69.0,1975-09-18,Copper,Y,Tertiary-Pleistocene rocks > Whyalla Sandstone > Pandurra Formation,42.0,Pandurra Formation,True,False,False,PROVISIONAL
139741,MG 91,137.1347727,-31.4624434,27.0,1975-09-18,Copper,Y,Tertiary-Pleistocene rocks > Pandurra Formation,27.0,Pandurra Formation,True,False,False,PROVISIONAL
379247,MG 73,137.1551276,-31.4323371,25.12,1975-09-18,Copper,Y,,,,False,False,False,PROVISIONAL
139742,MG 92,137.1410837,-31.4623384,25.5,1975-09-19,Copper,Y,Tertiary-Pleistocene rocks > Pandurra Formation,25.5,Pandurra Formation,True,False,False,PROVISIONAL
379248,MG 74,137.1540761,-31.4323548,29.41,1975-09-19,Copper,Y,,,,False,False,False,PROVISIONAL
379249,MG 75,137.1530245,-31.4323725,29.6,1975-09-21,Copper,Y,,,,False,False,False,PROVISIONAL
139780,W 10,137.1939977,-31.3396764,54.0,1975-09-22,Copper,Y,Tertiary-Pleistocene rocks > Tregolana Shale Member > Pandurra Formation,54.0,Pandurra Formation,True,False,False,PROVISIONAL
139781,W 11,137.2216616,-31.3094344,72.0,1975-09-23,Copper,Y,Tertiary-Pleistocene rocks > Tregolana Shale Member > Woocalla Dolomite Member > Pandurra Formation,72.0,Pandurra Formation,True,False,False,PROVISIONAL
379250,MG 76,137.151973,-31.4323902,25.63,1975-09-23,Copper,Y,,,,False,False,False,PROVISIONAL
139782,W 12,137.1929507,-31.2945954,19.5,1975-09-24,Copper,Y,Tertiary-Pleistocene rocks > Pandurra Formation,19.5,Pandurra Formation,True,False,False,PROVISIONAL
139783,W 13,137.2136327,-31.2807124,81.0,1975-09-24,Copper,Y,Tertiary-Pleistocene rocks > Tregolana Shale Member > Tregolana Shale Member,81.0,Tregolana Shale Member,True,False,False,PROVISIONAL
139784,W 14,137.1901637,-31.2648794,42.0,1975-09-26,Copper,Y,Tertiary-Pleistocene rocks > Tertiary-Pleistocene rocks > Tregolana Shale Member,42.0,Tregolana Shale Member,True,False,False,PROVISIONAL
139785,W 15,137.1819757,-31.2740374,36.0,1975-09-26,Copper,Y,Tertiary-Pleistocene rocks > Tregolana Shale Member > Whyalla Sandstone > Pandurra Formation,36.0,Pandurra Formation,True,False,False,PROVISIONAL
139786,W 16,137.1803307,-31.2939094,33.0,1975-09-27,Copper,Y,Tertiary-Pleistocene rocks > Tregolana Shale Member > Pandurra Formation,33.0,Pandurra Formation,True,False,False,PROVISIONAL
139787,W 17,137.1953626,-31.3531814,60.0,1975-09-29,Copper,Y,Tertiary-Pleistocene rocks > Tregolana Shale Member,60.0,Tregolana Shale Member,True,False,False,PROVISIONAL
139693,6334M 3,137.1950416,-31.6995364,15.0,1975-10-02,Copper,Y,Tertiary-Pleistocene rocks > Woocalla Dolomite Member > Pandurra Formation,15.0,Pandurra Formation,True,False,False,PROVISIONAL
139694,6334M 4,137.2561136,-31.6948634,24.0,1975-10-04,Copper,Y,Tertiary-Pleistocene rocks > Tregolana Shale Member > Pandurra Formation,24.0,Pandurra Formation,True,False,False,PROVISIONAL
379251,MG 77,137.1509215,-31.4324078,33.79,1975-10-07,Copper,Y,,,,False,False,False,PROVISIONAL
379237,MG 56,137.1561585,-31.4314177,24.7,1975-10-08,Copper,Y,,,,False,False,False,PROVISIONAL
379252,MG 78,137.1509421,-31.4333094,36.25,1975-10-08,Copper,Y,,,,False,False,False,PROVISIONAL
379238,MG 57,137.1540554,-31.4314531,29.5,1975-10-09,Copper,Y,,,,False,False,False,PROVISIONAL
379240,MG 67,137.1456844,-31.4333976,52.5,1975-10-09,Copper,Y,,,,False,False,False,PROVISIONAL
379239,MG 58,137.1519524,-31.4314884,30.0,1975-10-10,Copper,Y,,,,False,False,False,PROVISIONAL
379241,MG 68,137.1435813,-31.4334329,36.2,1975-10-10,Copper,Y,,,,False,False,False,PROVISIONAL
379243,MG 69/2,137.1509627,-31.4342111,36.3,1975-10-10,Copper,Y,,,,False,False,False,PROVISIONAL
379253,MG 79,137.1535812,-31.4337161,26.25,1975-10-11,Copper,Y,,,,False,False,False,PROVISIONAL
379257,MG17D,137.1372413,-31.4321859,63.3,1975-10-11,Copper,Y,,,,False,False,False,PROVISIONAL
379254,MG 80,137.1525297,-31.4337338,33.6,1975-10-12,Copper,Y,,,,False,False,False,PROVISIONAL
379234,MG 27D,137.1540967,-31.4332564,33.8,1975-10-13,Copper,Y,,,,False,False,False,PROVISIONAL
352271,MG 23-2,137.1530658,-31.4341757,34.2,1975-10-14,Copper,Y,,,,False,False,False,PROVISIONAL
379233,MG 23/2,137.1530658,-31.4341757,34.2,1975-10-14,Copper,Y,,,,False,False,False,PROVISIONAL
379255,MG 81,137.1536019,-31.4346177,32.1,1975-10-15,Copper,Y,,,,False,False,False,PROVISIONAL
379256,MG 93,137.1546328,-31.4336984,31.6,1975-10-16,Copper,Y,,,,False,False,False,PROVISIONAL
352294,MG 95,137.1111955,-31.466893,48.0,1975-11-22,Copper,Y,,,,False,False,False,PROVISIONAL
352295,MG 96,137.1235048,-31.4644345,42.0,1975-11-22,Copper,Y,,,,False,False,False,PROVISIONAL
352296,MG 97,137.1170928,-31.4717566,33.0,1975-11-23,Copper,Y,,,,False,False,False,PROVISIONAL
352297,MG 98,137.1171943,-31.4762647,43.0,1975-11-24,Copper,Y,,,,False,False,False,PROVISIONAL
352298,MG 99,137.1172959,-31.4807729,42.0,1975-11-24,Copper,Y,,,,False,False,False,PROVISIONAL
352299,MG 100,137.1174991,-31.4897893,55.0,1975-11-24,Copper,Y,,,,False,False,False,PROVISIONAL
20680,PEB 7,137.2215567,-31.1961664,118.0,1975-12-31,Copper,Y,Quaternary rocks > Tregolana Shale Member > Pandurra Formation,118.0,Pandurra Formation,True,False,False,PROVISIONAL
20681,PEB 8,137.1879537,-31.1612674,106.0,1975-12-31,Copper,Y,Quaternary rocks > Tregolana Shale Member > Pandurra Formation,106.0,Pandurra Formation,True,False,False,PROVISIONAL
20682,PEB 9,137.1192467,-31.1672794,118.0,1975-12-31,Copper,Y,Quaternary rocks > Tregolana Shale Member > Pandurra Formation,118.0,Pandurra Formation,True,False,False,PROVISIONAL
20683,PEB 14,137.2249197,-31.1425414,76.0,1975-12-31,Copper,Y,Quaternary rocks > Tregolana Shale Member > Pandurra Formation,76.0,Pandurra Formation,True,False,False,PROVISIONAL
20684,PEB 15,137.2325317,-31.1558394,80.0,1975-12-31,Copper,Y,Tregolana Shale Member > Pandurra Formation,80.0,Pandurra Formation,True,False,False,PROVISIONAL
20685,PEB 16,137.3017496,-31.1097294,166.0,1975-12-31,Copper,Y,Quaternary rocks > Tregolana Shale Member > Pandurra Formation,166.0,Pandurra Formation,True,False,False,PROVISIONAL
20686,PEB 17,137.2813256,-31.1629584,112.0,1975-12-31,Copper,Y,Quaternary rocks > Tregolana Shale Member,112.0,Tregolana Shale Member,True,False,False,PROVISIONAL
20687,PEB 19,137.3030006,-31.1878894,166.0,1975-12-31,Copper,Y,Holocene aeolian sediments > Tregolana Shale Member,166.0,Tregolana Shale Member,True,False,False,PROVISIONAL
20688,PEB 20,137.0874707,-31.0795984,118.0,1975-12-31,Copper,Y,,,,False,False,False,PROVISIONAL
165557,PEB 1,137.1286247,-31.1475694,150.0,1975-12-31,Copper,Y,Quaternary rocks > Tregolana Shale Member > Pandurra Formation,150.0,Pandurra Formation,True,False,False,PROVISIONAL
165561,PEB 2,137.1625277,-31.1672994,9.0,1975-12-31,Copper,Y,Tregolana Shale Member > Pandurra Formation,9.0,Pandurra Formation,True,False,False,PROVISIONAL
165562,PEB 3,137.1532977,-31.1858554,106.0,1975-12-31,Copper,Y,Quaternary rocks > Tregolana Shale Member > Pandurra Formation,106.0,Pandurra Formation,True,False,False,PROVISIONAL
165563,PEB 4,137.1493057,-31.1995424,78.0,1975-12-31,Copper,Y,Quaternary rocks > Tregolana Shale Member > Pandurra Formation,78.0,Pandurra Formation,True,False,False,PROVISIONAL
165564,PEB 5,137.2046897,-31.2032054,82.0,1975-12-31,Copper,Y,Tregolana Shale Member > Pandurra Formation,82.0,Pandurra Formation,True,False,False,PROVISIONAL
165565,PEB 6,137.1977637,-31.1850134,94.0,1975-12-31,Copper,Y,Quaternary rocks > Tregolana Shale Member > Pandurra Formation,94.0,Pandurra Formation,True,False,False,PROVISIONAL
165566,PEB 10,137.1081507,-31.1844374,70.0,1975-12-31,Copper,Y,Quaternary rocks > Tregolana Shale Member > Pandurra Formation,70.0,Pandurra Formation,True,False,False,PROVISIONAL
165567,PEB 11,137.1161017,-31.1692434,28.0,1975-12-31,Copper,Y,Quaternary rocks > Tregolana Shale Member > Pandurra Formation,28.0,Pandurra Formation,True,False,False,PROVISIONAL
165568,PEB 12,137.1038317,-31.1409414,46.0,1975-12-31,Copper,Y,Quaternary rocks > Tregolana Shale Member > Pandurra Formation,46.0,Pandurra Formation,True,False,False,PROVISIONAL
165569,PEB 13,137.2351947,-31.1259204,94.0,1975-12-31,Copper,Y,Holocene alluvial/fluvial sediments > Tregolana Shale Member > Nuccaleena Formation > Pandurra Formation,94.0,Pandurra Formation,True,False,False,PROVISIONAL
165570,PEB 18,137.3061946,-31.1915934,24.0,1975-12-31,Copper,Y,Holocene aeolian sediments,24.0,Holocene aeolian sediments,True,False,False,PROVISIONAL
369158,LW 18,137.1100137,-31.390695,30.0,1976-06-04,Copper,Y,,,,False,False,False,PROVISIONAL
369159,LW 19,137.1131569,-31.3901922,103.0,1976-06-07,Copper,Y,,,,False,False,False,PROVISIONAL
369160,LW 20,137.0956737,-31.3841654,91.0,1976-06-09,Copper,Y,,,,False,False,False,PROVISIONAL
369161,LW 21,137.1308317,-31.3813308,84.0,1976-06-11,Copper,Y,,,,False,False,False,PROVISIONAL
369162,LW 22,137.1418327,-31.4027949,55.0,1976-06-14,Copper,Y,,,,False,False,False,PROVISIONAL
369163,LW 23,137.1329383,-31.4047472,78.0,1976-06-15,Copper,Y,,,,False,False,False,PROVISIONAL
369164,LW 24,137.1567451,-31.3881133,30.0,1976-06-16,Copper,Y,,,,False,False,False,PROVISIONAL
369165,LW 25,137.1351077,-31.3379643,93.0,1976-06-20,Copper,Y,,,,False,False,False,PROVISIONAL
369166,LW 26,137.1416074,-31.3928769,72.0,1976-06-22,Copper,Y,,,,False,False,False,PROVISIONAL
369167,LW 27,137.1752331,-31.3463101,66.0,1976-06-23,Copper,Y,,,,False,False,False,PROVISIONAL
369168,LW 28,137.215538,-31.3172084,66.0,1976-06-24,Copper,Y,,,,False,False,False,PROVISIONAL
369169,LW 29,137.1934315,-31.3153331,54.0,1976-06-25,Copper,Y,,,,False,False,False,PROVISIONAL
369170,LW 30,137.1691114,-31.3085306,40.0,1976-06-28,Copper,Y,,,,False,False,False,PROVISIONAL
369171,LW 31,137.1632013,-31.2797668,93.0,1976-07-02,Copper,Y,,,,False,False,False,PROVISIONAL
369172,LW 32,137.1464731,-31.3756579,48.0,1976-07-03,Copper,Y,,,,False,False,False,PROVISIONAL
369173,LW 33,137.1413618,-31.3820572,69.0,1976-07-06,Copper,Y,,,,False,False,False,PROVISIONAL
139597,PRL 6,137.3405326,-31.6960464,160.0,1976-08-19,Copper,Y,Tertiary-Pleistocene rocks > Whyalla Sandstone > Umberatana Group unit 2 > Tapley Hill Formation > Beda Basalt,160.0,Beda Basalt,True,False,False,PROVISIONAL
139598,PRL 7,137.3396646,-31.6194014,198.0,1976-08-23,Copper,Y,Tertiary-Pleistocene rocks > Tregolana Shale Member > Whyalla Sandstone > Umberatana Group unit 2 > Tapley Hill Formation > Backy Point Formation > Pandurra Formation,198.0,Pandurra Formation,True,False,False,PROVISIONAL
165571,PEB 21,137.1513187,-31.1911204,124.0,1976-09-10,Copper,Y,Holocene regolith/colluvial sediments > Tregolana Shale Member > Pandurra Formation,124.0,Pandurra Formation,True,False,False,PROVISIONAL
165572,PEB 22,137.1421037,-31.1965954,40.0,1976-09-10,Copper,Y,Holocene alluvial/fluvial sediments > Tregolana Shale Member > Pandurra Formation,40.0,Pandurra Formation,True,False,False,PROVISIONAL
165578,PEB 23,137.1348137,-31.2364044,124.0,1976-09-11,Copper,Y,Holocene regolith/colluvial sediments > Tregolana Shale Member > Pandurra Formation,124.0,Pandurra Formation,True,False,False,PROVISIONAL
165579,PEB 24,137.1164227,-31.2260654,76.0,1976-09-11,Copper,Y,Holocene regolith/colluvial sediments > Tregolana Shale Member > Pandurra Formation,76.0,Pandurra Formation,True,False,False,PROVISIONAL
165580,PEB 25,137.1542027,-31.2026174,54.0,1976-09-11,Copper,Y,Holocene regolith/colluvial sediments > Tregolana Shale Member > Pandurra Formation,54.0,Pandurra Formation,True,False,False,PROVISIONAL
165581,PEB 26,137.2184117,-31.2380564,26.0,1976-09-12,Copper,Y,Holocene aeolian sediments > Tregolana Shale Member,26.0,Tregolana Shale Member,True,False,False,PROVISIONAL
165582,PEB 27,137.2144907,-31.2229704,80.0,1976-09-12,Copper,Y,Holocene alluvial/fluvial sediments > Tregolana Shale Member > Pandurra Formation,80.0,Pandurra Formation,True,False,False,PROVISIONAL
165583,PEB 28,137.2587977,-31.1175714,160.0,1976-09-13,Copper,Y,Holocene regolith/colluvial sediments > Tregolana Shale Member > Pandurra Formation,160.0,Pandurra Formation,True,False,False,PROVISIONAL
165584,PEB 29,137.2637837,-31.1376874,40.0,1976-09-14,Copper,Y,Holocene alluvial/fluvial sediments > Tregolana Shale Member > Pandurra Formation,40.0,Pandurra Formation,True,False,False,PROVISIONAL
165585,PEB 30,137.2427197,-31.1115374,124.0,1976-09-14,Copper,Y,Holocene regolith/colluvial sediments > Tregolana Shale Member > Pandurra Formation,124.0,Pandurra Formation,True,False,False,PROVISIONAL
165586,PEB 31,137.2637986,-31.1559974,104.0,1976-09-15,Copper,Y,Holocene regolith/colluvial sediments > Tregolana Shale Member > Pandurra Formation,104.0,Pandurra Formation,True,False,False,PROVISIONAL
165587,PEB 32,137.2865736,-31.1828344,8.0,1976-09-16,Copper,Y,Quaternary rocks,8.0,Quaternary rocks,True,False,False,PROVISIONAL
165588,PEB 33,137.2952326,-31.1764564,22.0,1976-09-16,Copper,Y,Holocene regolith/colluvial sediments > Quaternary rocks,22.0,Quaternary rocks,True,False,False,PROVISIONAL
165589,PEB 34,137.2940176,-31.1652034,42.0,1976-09-17,Copper,Y,Holocene alluvial/fluvial sediments > Tertiary silcrete > Tregolana Shale Member,42.0,Tregolana Shale Member,True,False,False,PROVISIONAL
165590,PEB 35,137.1544087,-31.1051074,198.0,1976-09-18,Copper,Y,Simmens Quartzite Member > Corraberra Sandstone Member > Tregolana Shale Member,198.0,Tregolana Shale Member,True,False,False,PROVISIONAL
165591,PEB 36,137.2185687,-31.2312884,70.0,1976-09-19,Copper,Y,Quaternary rocks > Tregolana Shale Member > Pandurra Formation,70.0,Pandurra Formation,True,False,False,PROVISIONAL
165592,PEB 37,137.1327207,-31.2180384,142.0,1976-09-20,Copper,Y,Holocene regolith/colluvial sediments > Tregolana Shale Member > Whyalla Sandstone > Pandurra Formation,142.0,Pandurra Formation,True,False,False,PROVISIONAL
165593,PEB 38,137.1412397,-31.2466704,106.0,1976-09-20,Copper,Y,Holocene alluvial/fluvial sediments > Tregolana Shale Member > Pandurra Formation,106.0,Pandurra Formation,True,False,False,PROVISIONAL
139756,PL 15,137.0819437,-31.5002944,54.0,1976-11-01,Copper,Y,Tertiary-Pleistocene rocks > Whyalla Sandstone > Pandurra Formation,54.0,Pandurra Formation,True,False,False,PROVISIONAL
139757,PL 16,137.0808127,-31.4967064,48.0,1976-11-02,Copper,Y,Tertiary-Pleistocene rocks > Whyalla Sandstone,48.0,Whyalla Sandstone,True,False,False,PROVISIONAL
139758,PL 17,137.0933987,-31.4946944,71.0,1976-11-04,Copper,Y,Tertiary-Pleistocene rocks > Whyalla Sandstone > Pandurra Formation,71.0,Pandurra Formation,True,False,False,PROVISIONAL
139759,PL 18,137.0925077,-31.5019254,78.0,1976-11-05,Copper,Y,Tertiary-Pleistocene rocks > Whyalla Sandstone,78.0,Whyalla Sandstone,True,False,False,PROVISIONAL
139760,PL 19,137.0838907,-31.4930474,93.3,1976-11-06,Copper,Y,Tertiary-Pleistocene rocks > Whyalla Sandstone > Pandurra Formation,93.3,Pandurra Formation,True,False,False,PROVISIONAL
139761,PL 20,137.0816847,-31.4885724,61.0,1976-11-08,Copper,Y,Tertiary-Pleistocene rocks > Whyalla Sandstone,61.0,Whyalla Sandstone,True,False,False,PROVISIONAL
139762,PL 21,137.0238907,-31.4931094,51.0,1976-11-08,Copper,Y,Tertiary-Pleistocene rocks > Whyalla Sandstone,51.0,Whyalla Sandstone,True,False,False,PROVISIONAL
376887,OK 36 D,137.082172,-31.5580176,45.5,1976-11-09,Copper,Y,,,,False,False,False,PROVISIONAL
379522,OK 113,137.0908776,-31.5705029,49.6,1976-11-18,Copper,Y,,,,False,False,False,PROVISIONAL
139763,PL 22,137.0936827,-31.5073194,73.0,1976-11-20,Copper,Y,Tertiary-Pleistocene rocks > Whyalla Sandstone > Pandurra Formation,73.0,Pandurra Formation,True,False,False,PROVISIONAL
139764,PL 24,137.0964157,-31.4883334,60.6,1976-11-23,Copper,Y,Tertiary-Pleistocene rocks > Whyalla Sandstone > Pandurra Formation,60.6,Pandurra Formation,True,False,False,PROVISIONAL
139765,PL 25,137.0602267,-31.4699784,95.5,1976-11-24,Copper,Y,Tertiary-Pleistocene rocks > Whyalla Sandstone > Pandurra Formation,95.5,Pandurra Formation,True,False,False,PROVISIONAL
379535,OK 115,137.090961,-31.5101131,54.3,1976-11-26,Copper,Y,,,,False,False,False,PROVISIONAL
139766,PL 26,137.0475047,-31.4656724,39.0,1976-11-27,Copper,Y,Tertiary-Pleistocene rocks > Whyalla Sandstone,39.0,Whyalla Sandstone,True,False,False,PROVISIONAL
139767,PL 27,137.0443077,-31.4639194,44.0,1976-11-27,Copper,Y,Tertiary-Pleistocene rocks > Whyalla Sandstone,44.0,Whyalla Sandstone,True,False,False,PROVISIONAL
20718,PRL 5 / SAR 4,137.3342326,-31.3153114,333.4,1976-12-09,Copper,Y,Tertiary-Pleistocene rocks > Tregolana Shale Member > Whyalla Sandstone > Tapley Hill Formation > Pandurra Formation,333.4,Pandurra Formation,True,False,False,PROVISIONAL
20607,PRL 10 / SAR 5,137.3410736,-31.6177834,199.8,1976-12-17,Copper,Y,Tertiary-Pleistocene rocks > Tregolana Shale Member > Whyalla Sandstone > Umberatana Group unit 2 > Tapley Hill Formation > Pandurra Formation,199.8,Pandurra Formation,True,False,False,PROVISIONAL
20608,PRL 11 / SAR 6,137.3481416,-31.6094514,243.2,1977-02-11,Copper,Y,Tertiary-Pleistocene rocks > Tregolana Shale Member > Whyalla Sandstone > Tapley Hill Formation > Pandurra Formation,243.2,Pandurra Formation,True,False,False,PROVISIONAL
379715,PL 29,137.1085611,-31.4995066,60.0,1977-05-20,Copper,Y,,,,False,False,False,PROVISIONAL
379714,PL 28,137.0661057,-31.4657869,96.15,1977-05-21,Copper,Y,,,,False,False,False,PROVISIONAL
379716,PL 31,137.0462566,-31.4692761,102.3,1977-06-02,Copper,Y,,,,False,False,False,PROVISIONAL
20720,PL 32,137.0408347,-31.4614944,263.8,1977-06-18,,Y,,,,False,False,False,PROVISIONAL
379598,FLT-1,137.1450503,-31.4471182,29.77,1977-06-23,Copper,Y,,,,False,False,False,PROVISIONAL
379599,FLT-2,137.1443818,-31.4471023,52.45,1977-06-26,Copper,Y,,,,False,False,False,PROVISIONAL
139603,PRL 14,137.3397316,-31.6221064,257.0,1977-07-05,Copper,Y,Tertiary-Pleistocene rocks > Tregolana Shale Member > Whyalla Sandstone > Umberatana Group unit 2 > Tapley Hill Formation > Backy Point Formation > Beda Basalt > Pandurra Formation,257.0,Pandurra Formation,True,False,False,PROVISIONAL
379673,LW 34,137.1241327,-31.3989277,87.0,1977-07-06,Copper,Y,,,,False,False,False,PROVISIONAL
379674,LW 35,137.1031469,-31.3961547,30.0,1977-07-07,Copper,Y,,,,False,False,False,PROVISIONAL
139604,PRL 15,137.3354506,-31.6194794,197.0,1977-07-08,Copper,Y,Tertiary-Pleistocene rocks > Tregolana Shale Member > Whyalla Sandstone > Umberatana Group unit 2 > Tapley Hill Formation > Pandurra Formation,197.0,Pandurra Formation,True,False,False,PROVISIONAL
379675,LW 36,137.151291,-31.4056843,54.0,1977-07-08,Copper,Y,,,,False,False,False,PROVISIONAL
379676,LW 37,137.1284028,-31.4005953,78.0,1977-07-09,Copper,Y,,,,False,False,False,PROVISIONAL
139600,PRL 12A,137.3398676,-31.6275154,197.0,1977-07-10,Copper,Y,Tertiary-Pleistocene rocks > Tregolana Shale Member > Whyalla Sandstone > Umberatana Group unit 2 > Tapley Hill Formation > Backy Point Formation > Beda Basalt,197.0,Beda Basalt,True,False,False,PROVISIONAL
379677,LW 38,137.1192738,-31.3975764,114.0,1977-07-11,Copper,Y,,,,False,False,False,PROVISIONAL
379678,LW 39,137.1560387,-31.407343,57.0,1977-07-13,Copper,Y,,,,False,False,False,PROVISIONAL
379679,LW 41,137.1741392,-31.4037648,51.0,1977-07-15,Copper,Y,,,,False,False,False,PROVISIONAL
379680,LW 42,137.1860087,-31.4014663,54.0,1977-07-16,Copper,Y,,,,False,False,False,PROVISIONAL
379681,LW 43,137.2051644,-31.3895826,54.0,1977-07-16,Copper,Y,,,,False,False,False,PROVISIONAL
379682,LW 44,137.20784,-31.3943939,54.0,1977-07-17,Copper,Y,,,,False,False,False,PROVISIONAL
379683,LW 45,137.210271,-31.4040158,51.0,1977-07-17,Copper,Y,,,,False,False,False,PROVISIONAL
20726,AD 2,137.1303887,-31.0899174,829.0,1977-07-18,"Gold, Copper, Uranium",Y,Simmens Quartzite Member > Tregolana Shale Member > Nuccaleena Formation > Whyalla Sandstone > Pandurra Formation > Palaeoproterozoic rocks,829.0,Palaeoproterozoic rocks,True,False,False,PROVISIONAL
277532,AP4A,137.1253197,-31.0887224,829.0,1977-07-18,Copper,Y,,,,False,False,False,PROVISIONAL
379684,LW 46,137.2039533,-31.4040735,60.0,1977-07-18,Copper,Y,,,,False,False,False,PROVISIONAL
379685,LW 47,137.2064482,-31.3807658,75.0,1977-07-19,Copper,Y,,,,False,False,False,PROVISIONAL
379717,PL 34,137.0859102,-31.4872482,87.0,1977-07-21,Copper,Y,,,,False,False,False,PROVISIONAL
379718,PL 35,137.0820333,-31.4630746,90.0,1977-07-21,Copper,Y,,,,False,False,False,PROVISIONAL
379695,OK 116,137.0605507,-31.4923069,81.5,1977-07-26,Copper,Y,,,,False,False,False,PROVISIONAL
379686,LW 48,137.1612697,-31.401477,45.0,1977-07-27,Copper,Y,,,,False,False,False,PROVISIONAL
379687,LW 49,137.1837043,-31.3766046,42.0,1977-07-27,Copper,Y,,,,False,False,False,PROVISIONAL
379719,PL 37,137.0915206,-31.4739133,105.0,1977-08-01,Copper,Y,,,,False,False,False,PROVISIONAL
379720,PL 38,137.0980443,-31.4828571,63.0,1977-08-05,Copper,Y,,,,False,False,False,PROVISIONAL
379688,LW 50,137.151807,-31.4256682,60.0,1977-08-06,Copper,Y,,,,False,False,False,PROVISIONAL
379689,LW 51,137.1551297,-31.42234,48.0,1977-08-06,Copper,Y,,,,False,False,False,PROVISIONAL
379520,MG 11-3,137.1238459,-31.4445854,151.95,1977-08-18,Copper,Y,,,,False,False,False,PROVISIONAL
379521,MG 11-4,137.1233201,-31.4445941,42.1,1977-08-19,Copper,Y,,,,False,False,False,PROVISIONAL
379532,OK 109,137.074932,-31.5569088,58.3,1977-08-20,Copper,Y,,,,False,False,False,PROVISIONAL
379533,OK 110,137.0767918,-31.5612795,63.5,1977-08-21,Copper,Y,,,,False,False,False,PROVISIONAL
379534,OK 111,137.0806298,-31.5643918,60.5,1977-08-22,Copper,Y,,,,False,False,False,PROVISIONAL
379696,OK 117,137.0326619,-31.486102,140.0,1977-09-01,Copper,Y,,,,False,False,False,PROVISIONAL
379697,OK 118,137.0127601,-31.4848044,75.0,1977-09-02,Copper,Y,,,,False,False,False,PROVISIONAL
379536,OK 119,137.000933,-31.4843993,145.6,1977-09-19,Copper,Y,,,,False,False,False,PROVISIONAL
379698,OK 120,136.9778563,-31.4970385,129.0,1977-09-20,Copper,Y,,,,False,False,False,PROVISIONAL
379699,OK 121,136.9874711,-31.5067654,105.0,1977-09-24,Copper,Y,,,,False,False,False,PROVISIONAL
379700,OK 122,137.0087798,-31.507642,66.0,1977-09-25,Copper,Y,,,,False,False,False,PROVISIONAL
379701,OK 123,137.0287757,-31.5076287,93.0,1977-09-26,Copper,Y,,,,False,False,False,PROVISIONAL
379702,OK 124,137.0387877,-31.5082757,45.0,1977-09-28,Copper,Y,,,,False,False,False,PROVISIONAL
379703,OK 125,137.0188553,-31.5057701,51.0,1977-09-29,Copper,Y,,,,False,False,False,PROVISIONAL
379704,OK 126,136.9982079,-31.5083114,63.0,1977-09-29,Copper,Y,,,,False,False,False,PROVISIONAL
379706,OK 128,136.9642581,-31.5048062,150.0,1977-09-30,Copper,Y,,,,False,False,False,PROVISIONAL
379707,OK 129,136.948961,-31.5384978,126.0,1977-09-30,Copper,Y,,,,False,False,False,PROVISIONAL
379705,OK 127,136.9771469,-31.5080341,81.0,1977-10-01,Copper,Y,,,,False,False,False,PROVISIONAL
379708,OK 130,136.9794998,-31.5693697,141.0,1977-10-05,Copper,Y,,,,False,False,False,PROVISIONAL
379709,OK 131,137.0041566,-31.5610241,128.0,1977-10-07,Copper,Y,,,,False,False,False,PROVISIONAL
379527,LW 52,137.1379257,-31.3922687,77.7,1977-10-13,Copper,Y,,,,False,False,False,PROVISIONAL
379690,LW 53,137.1229172,-31.3899485,63.0,1977-10-14,Copper,Y,,,,False,False,False,PROVISIONAL
379691,LW 54,137.1418482,-31.3836512,81.0,1977-10-15,Copper,Y,,,,False,False,False,PROVISIONAL
379692,LW 55,137.1189245,-31.403258,102.0,1977-10-16,Copper,Y,,,,False,False,False,PROVISIONAL
379693,LW 56,137.1349317,-31.4072362,84.0,1977-10-17,Copper,Y,,,,False,False,False,PROVISIONAL
379528,LW 58,137.1285608,-31.3954463,60.0,1977-10-21,Copper,Y,,,,False,False,False,PROVISIONAL
379694,LW 59,137.1236155,-31.3944878,69.0,1977-10-21,Copper,Y,,,,False,False,False,PROVISIONAL
379529,LW 60,137.1327692,-31.3911609,102.0,1977-10-22,Copper,Y,,,,False,False,False,PROVISIONAL
236031,LUCAS HILL LH 1,137.0296547,-31.3234854,787.8,1978-04-10,,Y,Quaternary rocks > Simmens Quartzite Member > Corraberra Sandstone Member > Tregolana Shale Member > Whyalla Sandstone > Umberatana Group > Tapley Hill Formation > Pandurra Formation,787.8,Pandurra Formation,True,False,False,PROVISIONAL
139605,PRL 16,137.3438786,-31.6193234,356.0,1978-06-09,"Base Metals, Copper, Uranium",Y,Tertiary-Pleistocene rocks > Tregolana Shale Member > Umberatana Group > Tapley Hill Formation > Beda Basalt > Pandurra Formation,356.0,Pandurra Formation,True,False,False,PROVISIONAL
139606,PRL 17,137.3395756,-31.6157954,268.0,1978-06-12,"Base Metals, Copper, Uranium",Y,Tertiary-Pleistocene rocks > Tregolana Shale Member > Umberatana Group > Tapley Hill Formation > Beda Basalt,268.0,Beda Basalt,True,False,False,PROVISIONAL
379672,LD 32,137.2864274,-31.6698636,104.0,1978-06-22,Copper,Y,,,,False,False,False,PROVISIONAL
139607,PRL 18,137.3460476,-31.5548134,212.0,1978-06-23,"Base Metals, Copper, Uranium",Y,Tertiary-Pleistocene rocks > Tregolana Shale Member > Umberatana Group > Tapley Hill Formation,212.0,Tapley Hill Formation,True,False,False,PROVISIONAL
165603,SAE 1,137.1171677,-31.1228634,818.0,1978-07-29,Copper,Y,Corraberra Sandstone Member > Tregolana Shale Member > Pandurra Formation,818.0,Pandurra Formation,True,False,False,PROVISIONAL
165604,SAE 1X,137.1171677,-31.1228634,648.85,1978-08-05,Copper,Y,Pandurra Formation,648.85,Pandurra Formation,True,False,False,PROVISIONAL
376888,LW 62,137.1290878,-31.4205057,91.26,1978-09-25,Copper,Y,,,,False,False,False,PROVISIONAL
379530,LW 61,137.1353057,-31.3917901,94.06,1978-09-26,Copper,Y,,,,False,False,False,PROVISIONAL
379531,LW 63,137.1311544,-31.3928292,87.83,1978-09-29,Copper,Y,,,,False,False,False,PROVISIONAL
379721,PL 41,137.0835664,-31.4514935,56.0,1978-10-06,Copper,Y,,,,False,False,False,PROVISIONAL
379722,PL 42,137.0880621,-31.4524942,146.0,1978-10-09,Copper,Y,,,,False,False,False,PROVISIONAL
379723,PL 43,137.0612865,-31.4445934,152.0,1978-10-12,Copper,Y,,,,False,False,False,PROVISIONAL
379724,PL 44,137.0510616,-31.4625519,160.0,1978-10-23,Copper,Y,,,,False,False,False,PROVISIONAL
379710,OK 132,137.012635,-31.4789613,40.0,1978-10-26,Copper,Y,,,,False,False,False,PROVISIONAL
379711,OK 133,137.0142903,-31.4738964,88.0,1978-10-26,Copper,Y,,,,False,False,False,PROVISIONAL
379712,OK 134,136.9787171,-31.4876529,160.0,1978-10-27,Copper,Y,,,,False,False,False,PROVISIONAL
379713,OK 135,136.9714751,-31.5068114,136.0,1978-10-30,Copper,Y,,,,False,False,False,PROVISIONAL
20599,,137.1317906,-31.5800444,85.0,1978-11-04,Water,N,,,,False,False,False,PROVISIONAL
20602,WOOLCALLA RS.,137.1872056,-31.6869534,57.0,1978-11-25,Water,N,,,,False,False,False,PROVISIONAL
20601,,137.1499166,-31.6227564,150.0,1978-12-02,Water,N,,,,False,False,False,PROVISIONAL
20600,,137.1410946,-31.6025644,150.0,1978-12-06,Water,N,,,,False,False,False,PROVISIONAL
18079,PIMBA BAKER WELL,136.7210357,-31.2621864,145.0,1979-03-30,Water,N,,,,False,False,False,PROVISIONAL
165594,PEB 40,137.2350767,-31.1253804,120.0,1979-04-20,Copper,Y,Quaternary rocks > Tregolana Shale Member > Nuccaleena Formation > Pandurra Formation,120.0,Pandurra Formation,True,False,False,PROVISIONAL
392503,PEB 41,137.2348534,-31.1259708,120.0,1979-04-21,Base Metals,Y,,,,False,False,False,PROVISIONAL
392504,PEB 42,137.2356116,-31.1259576,120.0,1979-04-22,Base Metals,Y,,,,False,False,False,PROVISIONAL
392505,PEB 43,137.2352007,-31.1262798,120.0,1979-04-23,Base Metals,Y,,,,False,False,False,PROVISIONAL
165595,PEB 44,137.3058056,-31.1755454,256.0,1979-04-27,Copper,Y,Holocene regolith/colluvial sediments > Cretaceous rocks > Tregolana Shale Member > Whyalla Sandstone,256.0,Whyalla Sandstone,True,False,False,PROVISIONAL
165605,SAE 2,137.2955856,-31.1824034,213.0,1979-06-29,Copper,Y,Holocene regolith/colluvial sediments > Tregolana Shale Member > Nuccaleena Formation > Gawler Range Volcanics,213.0,Gawler Range Volcanics,True,False,False,PROVISIONAL
379537,PL 36,137.0603728,-31.481055,108.3,1979-06-30,Copper,Y,,,,False,False,False,PROVISIONAL
379538,PL 39,137.0694549,-31.4546462,158.0,1979-07-01,Copper,Y,,,,False,False,False,PROVISIONAL
379539,PL 5B,137.0975283,-31.4977974,89.25,1979-07-02,Copper,Y,,,,False,False,False,PROVISIONAL
20719,PRL 22,137.3470396,-31.4644724,276.0,1979-07-23,"Base Metals, Copper, Uranium",Y,Eocene-Quaternary silcrete > Tregolana Shale Member > Umberatana Group > Tapley Hill Formation > Gawler Range Volcanics,276.0,Gawler Range Volcanics,True,False,False,PROVISIONAL
262018,EC 22,137.2108086,-31.3018364,152.0,1980-01-20,,Y,Quaternary rocks > Tregolana Shale Member > Pandurra Formation,152.0,Pandurra Formation,True,False,False,PROVISIONAL
20711,EC 21,137.2100796,-31.3774984,1002.0,1980-03-23,,Y,Pandurra Formation > Pandurra Formation > Pandurra Formation > Pandurra Formation > Pandurra Formation > Gawler Range Volcanics > Gawler Range Volcanics > Wandearah Formation > Lincoln Complex,1002.0,Lincoln Complex,True,False,False,PROVISIONAL
18093,WJP1/WJD1,136.9662437,-31.0658634,1015.1,1980-05-28,"Gold, Copper, Uranium",Y,Simmens Quartzite Member > Corraberra Sandstone Member > Tregolana Shale Member > Whyalla Sandstone > Tapley Hill Formation > Pandurra Formation > Gawler Range Volcanics > Palaeoproterozoic rocks,1015.1,Palaeoproterozoic rocks,True,False,False,PROVISIONAL
139788,EC 23,137.1139357,-31.3780024,88.0,1980-09-22,"Gold, Copper, Uranium",Y,Tertiary-Pleistocene rocks > Whyalla Sandstone > Pandurra Formation,88.0,Pandurra Formation,True,False,False,PROVISIONAL
139789,EC 24,137.1325267,-31.3632634,84.0,1980-09-23,"Gold, Copper, Uranium",Y,Tertiary-Pleistocene rocks > Tregolana Shale Member > Whyalla Sandstone > Pandurra Formation,84.0,Pandurra Formation,True,False,False,PROVISIONAL
139790,EC 25,137.1290297,-31.3479884,62.0,1980-09-23,"Gold, Copper, Uranium",Y,Tertiary-Pleistocene rocks > Tregolana Shale Member > Whyalla Sandstone > Pandurra Formation,62.0,Pandurra Formation,True,False,False,PROVISIONAL
139791,EC 26,137.1540797,-31.3403524,60.0,1980-09-24,"Gold, Copper, Uranium",Y,Tertiary-Pleistocene rocks > Tregolana Shale Member > Whyalla Sandstone > Pandurra Formation,60.0,Pandurra Formation,True,False,False,PROVISIONAL
139792,EC 27,137.1527207,-31.3268464,108.0,1980-09-25,"Gold, Copper, Uranium",Y,Tertiary-Pleistocene rocks > Tregolana Shale Member > Tregolana Shale Member > Whyalla Sandstone > Pandurra Formation,108.0,Pandurra Formation,True,False,False,PROVISIONAL
139793,EC 28,137.1367207,-31.3162914,116.0,1980-09-26,"Gold, Copper, Uranium",Y,Tertiary-Pleistocene rocks > Tregolana Shale Member > Whyalla Sandstone > Tapley Hill Formation > Pandurra Formation,116.0,Pandurra Formation,True,False,False,PROVISIONAL
139794,EC 29,137.1777007,-31.3165044,102.0,1980-09-26,"Gold, Copper, Uranium",Y,Tertiary-Pleistocene rocks > Tregolana Shale Member > Tregolana Shale Member > Whyalla Sandstone > Pandurra Formation,102.0,Pandurra Formation,True,False,False,PROVISIONAL
139795,EC 30,137.1657977,-31.3013704,76.0,1980-09-27,"Gold, Copper, Uranium",Y,Tertiary-Pleistocene rocks > Tregolana Shale Member > Pandurra Formation,76.0,Pandurra Formation,True,False,False,PROVISIONAL
139796,EC 31,137.1591677,-31.2870514,64.0,1980-09-27,"Gold, Copper, Uranium",Y,Tertiary-Pleistocene rocks > Tregolana Shale Member > Nuccaleena Formation > Whyalla Sandstone > Pandurra Formation,64.0,Pandurra Formation,True,False,False,PROVISIONAL
139797,EC 32,137.1638807,-31.2635204,114.0,1980-09-29,"Gold, Copper, Uranium",Y,Tertiary-Pleistocene rocks > Tregolana Shale Member > Pandurra Formation,114.0,Pandurra Formation,True,False,False,PROVISIONAL
139798,EC 33,137.1858607,-31.2604424,104.0,1980-09-30,"Gold, Copper, Uranium",Y,Tertiary-Pleistocene rocks > Tregolana Shale Member > Pandurra Formation,104.0,Pandurra Formation,True,False,False,PROVISIONAL
139799,EC 34,137.2050277,-31.2718404,136.0,1980-09-30,"Gold, Copper, Uranium",Y,Tertiary-Pleistocene rocks > Tregolana Shale Member > Pandurra Formation,136.0,Pandurra Formation,True,False,False,PROVISIONAL
20710,EC 35,137.2346856,-31.2800594,200.0,1980-10-01,"Gold, Copper, Uranium",Y,Tertiary-Pleistocene rocks > Tregolana Shale Member > Whyalla Sandstone > Pandurra Formation,200.0,Pandurra Formation,True,False,False,PROVISIONAL
139800,EC 36,137.2312276,-31.2695844,62.0,1980-10-02,"Gold, Copper, Uranium",Y,Tertiary-Pleistocene rocks > Tregolana Shale Member > Tregolana Shale Member > Pandurra Formation,62.0,Pandurra Formation,True,False,False,PROVISIONAL
139801,EC 37,137.2223926,-31.2958924,62.0,1980-10-02,"Gold, Copper, Uranium",Y,Tertiary-Pleistocene rocks > Tregolana Shale Member > Nuccaleena Formation > Pandurra Formation,62.0,Pandurra Formation,True,False,False,PROVISIONAL
139802,EC 38,137.1904477,-31.3225984,92.0,1980-10-03,"Gold, Copper, Uranium",Y,Tregolana Shale Member > Tregolana Shale Member > Nuccaleena Formation > Whyalla Sandstone > Pandurra Formation,92.0,Pandurra Formation,True,False,False,PROVISIONAL
139803,EC 39,137.1802797,-31.3372044,82.0,1980-10-03,"Gold, Copper, Uranium",Y,Tertiary-Pleistocene rocks > Tregolana Shale Member > Tregolana Shale Member > Nuccaleena Formation > Whyalla Sandstone > Pandurra Formation,82.0,Pandurra Formation,True,False,False,PROVISIONAL
277526,ASW1,137.1033667,-31.0375504,102.0,1981-02-10,Copper,Y,,,,False,False,False,PROVISIONAL
165596,PEB 46,137.3056356,-31.1771714,240.0,1981-02-16,"Base Metals, Copper",Y,Quaternary rocks > Corraberra Sandstone Member > Tregolana Shale Member > Pandurra Formation,240.0,Pandurra Formation,True,False,False,PROVISIONAL
165597,PEB 47,137.2917646,-31.1239334,352.0,1981-02-28,"Base Metals, Copper",Y,Tregolana Shale Member > Nuccaleena Formation > Pandurra Formation,352.0,Pandurra Formation,True,False,False,PROVISIONAL
165598,PEB 48,137.1163507,-31.1285594,352.0,1981-03-06,"Base Metals, Copper",Y,Corraberra Sandstone Member > Tregolana Shale Member > Whyalla Sandstone > Pandurra Formation,352.0,Pandurra Formation,True,False,False,PROVISIONAL
20712,PY 1,137.2038196,-31.4699684,1293.3,1981-03-20,Copper,Y,Quaternary rocks > Woocalla Dolomite Member > Pandurra Formation > Gawler Range Volcanics,1293.3,Gawler Range Volcanics,True,False,False,PROVISIONAL
20713,PY 2,137.2190236,-31.4097064,926.6,1981-06-07,Copper,Y,no description > Pandurra Formation > Gawler Range Volcanics,926.6,Gawler Range Volcanics,True,False,False,PROVISIONAL
20722,ASD 1,137.1088647,-31.0364764,1118.0,1981-07-07,"Gold, Copper, Uranium",Y,Simmens Quartzite Member > Tregolana Shale Member > Nuccaleena Formation > Whyalla Sandstone > Umberatana Group unit 2 > Tapley Hill Formation > Pandurra Formation > Palaeoproterozoic rocks,1118.0,Palaeoproterozoic rocks,True,False,False,PROVISIONAL
262014,LW 67,137.1241407,-31.4151824,148.0,1981-08-01,,Y,Quaternary rocks > Tent Hill Formation > Whyalla Sandstone > Tapley Hill Formation > Pandurra Formation,148.0,Pandurra Formation,True,False,False,PROVISIONAL
262015,EC 5,137.2264066,-31.3571274,240.0,1981-08-01,,Y,Quaternary rocks > Tent Hill Formation > Umberatana Group > Tapley Hill Formation > Beda Basalt > Pandurra Formation,240.0,Pandurra Formation,True,False,False,PROVISIONAL
20714,PY 3,137.2012016,-31.3944384,1288.3,1981-10-03,Copper,Y,Pandurra Formation > Gawler Range Volcanics,1288.3,Gawler Range Volcanics,True,False,False,PROVISIONAL
20704,EC 43,137.2424786,-31.3114814,159.0,1981-10-09,,Y,Quaternary rocks > Tregolana Shale Member > Whyalla Sandstone > Pandurra Formation > Palaeoproterozoic-Mesoproterozoic rocks,159.0,Palaeoproterozoic-Mesoproterozoic rocks,True,False,False,PROVISIONAL
262017,EC 44,137.2059007,-31.3112024,146.0,1981-10-10,,Y,Quaternary rocks > Tregolana Shale Member > Pandurra Formation,146.0,Pandurra Formation,True,False,False,PROVISIONAL
20703,EC 45,137.2445026,-31.3007484,128.0,1981-10-11,,Y,,,,False,False,False,PROVISIONAL
262019,EC 46,137.2486036,-31.2553784,248.0,1981-10-15,,Y,Quaternary rocks > Tregolana Shale Member > Pandurra Formation,248.0,Pandurra Formation,True,False,False,PROVISIONAL
20708,EC 49,137.2621916,-31.2831754,240.0,1981-10-18,,Y,Quaternary rocks > Tregolana Shale Member > Pandurra Formation > Palaeoproterozoic-Mesoproterozoic rocks,240.0,Palaeoproterozoic-Mesoproterozoic rocks,True,False,False,PROVISIONAL
20707,EC 48,137.2736936,-31.2980894,272.0,1981-10-27,,Y,Quaternary rocks > Tregolana Shale Member > Whyalla Sandstone > Tapley Hill Formation > Pandurra Formation > Palaeoproterozoic-Mesoproterozoic rocks,272.0,Palaeoproterozoic-Mesoproterozoic rocks,True,False,False,PROVISIONAL
20727,EC 50,137.2759496,-31.2708724,256.0,1981-10-29,,Y,,,,False,False,False,PROVISIONAL
20709,EC 51,137.2581536,-31.3317264,292.0,1981-10-31,,Y,Quaternary rocks > Tertiary rocks > Tregolana Shale Member > Whyalla Sandstone > Umberatana Group unit 2 > Tapley Hill Formation > Pandurra Formation > Gawler Range Volcanics,292.0,Gawler Range Volcanics,True,False,False,PROVISIONAL
262016,EC 53,137.1698477,-31.3245794,200.0,1981-11-02,,Y,Quaternary rocks > Tregolana Shale Member > Whyalla Sandstone > Pandurra Formation,200.0,Pandurra Formation,True,False,False,PROVISIONAL
304125,LH 2,137.0699477,-31.3199824,96.0,1981-11-07,,Y,,,,False,False,False,PROVISIONAL
304126,LH 3,137.0906857,-31.2794524,220.0,1981-11-08,,Y,,,,False,False,False,PROVISIONAL
304127,LH 4,137.0728527,-31.2938314,176.0,1981-11-09,,Y,,,,False,False,False,PROVISIONAL
262013,BM 1,137.1144557,-31.4438264,700.0,1981-11-26,,Y,Quaternary rocks > Tregolana Shale Member > Whyalla Sandstone > Tapley Hill Formation > Pandurra Formation,700.0,Pandurra Formation,True,False,False,PROVISIONAL
20705,EC 40,137.2733116,-31.3473514,596.0,1981-12-04,,Y,Quaternary rocks > Tregolana Shale Member > Whyalla Sandstone > Thora Dolomite > Tapley Hill Formation > Thora Dolomite > Tapley Hill Formation > Woocalla Dolomite Member > Tapley Hill Formation > Pandurra Formation > Pandurra Formation > Gawler Range Volcanics > Gawler Range Volcanics > Gawler Range Volcanics,596.0,Gawler Range Volcanics,True,False,False,PROVISIONAL
20706,EC 47,137.2540716,-31.2734224,370.95,1981-12-08,,Y,,,,False,False,False,PROVISIONAL
379135,800-770,137.1873709,-31.4525202,32.2,1982-01-23,Copper,Y,,,,False,False,False,PROVISIONAL
379137,820-730,137.1847987,-31.4507684,21.0,1982-01-25,Copper,Y,,,,False,False,False,PROVISIONAL
379138,820-750,137.1850133,-31.4507647,28.7,1982-01-25,Copper,Y,,,,False,False,False,PROVISIONAL
379144,830-740,137.1839781,-31.4499092,30.7,1982-01-26,Copper,Y,,,,False,False,False,PROVISIONAL
379136,810-760,137.1860297,-31.4517197,22.0,1982-01-27,Copper,Y,,,,False,False,False,PROVISIONAL
379142,830-700,137.1797225,-31.4499619,22.0,1982-01-27,Copper,Y,,,,False,False,False,PROVISIONAL
379143,830-720,137.1818518,-31.4498642,22.4,1982-01-27,Copper,Y,,,,False,False,False,PROVISIONAL
376883,860-650,137.1744423,-31.447428,33.4,1982-01-28,Copper,Y,,,,False,False,False,PROVISIONAL
379147,840-650,137.174482,-31.4491473,28.4,1982-01-28,Copper,Y,,,,False,False,False,PROVISIONAL
379141,830-660,137.1755045,-31.4500039,23.0,1982-01-29,Copper,Y,,,,False,False,False,PROVISIONAL
379148,840-670,137.1765662,-31.4491001,20.7,1982-01-29,Copper,Y,,,,False,False,False,PROVISIONAL
379153,850-660,137.1752296,-31.4481739,30.1,1982-01-30,Copper,Y,,,,False,False,False,PROVISIONAL
376884,870-540,137.1628176,-31.4466471,35.5,1982-02-01,Copper,Y,,,,False,False,False,PROVISIONAL
376885,880-550,137.1638549,-31.4457257,34.0,1982-02-01,Copper,Y,,,,False,False,False,PROVISIONAL
376886,860-550,137.1639005,-31.4475279,32.0,1982-02-01,Copper,Y,,,,False,False,False,PROVISIONAL
379145,840-570,137.1660475,-31.4492948,39.0,1982-02-02,Copper,Y,,,,False,False,False,PROVISIONAL
379150,850-560,137.1649738,-31.4484037,30.4,1982-02-02,Copper,Y,,,,False,False,False,PROVISIONAL
379513,850-580,137.16707,-31.4483746,40.0,1982-02-02,Copper,Y,,,,False,False,False,PROVISIONAL
379155,870-600,137.1691371,-31.4465366,35.1,1982-02-04,Copper,Y,,,,False,False,False,PROVISIONAL
379515,870-580,137.1670305,-31.4465678,49.1,1982-02-04,Copper,Y,,,,False,False,False,PROVISIONAL
379151,850-620,137.1709265,-31.4482182,31.0,1982-02-05,Copper,Y,,,,False,False,False,PROVISIONAL
379156,870-620,137.1712358,-31.446436,37.0,1982-02-05,Copper,Y,,,,False,False,False,PROVISIONAL
379146,840-630,137.1723724,-31.4491434,25.2,1982-02-06,Copper,Y,,,,False,False,False,PROVISIONAL
379140,830-630,137.1780471,-31.4499886,22.2,1982-02-08,Copper,Y,,,,False,False,False,PROVISIONAL
379149,840-690,137.1786731,-31.4491247,25.0,1982-02-08,Copper,Y,,,,False,False,False,PROVISIONAL
379152,850-640,137.1733803,-31.4482757,30.8,1982-02-08,Copper,Y,,,,False,False,False,PROVISIONAL
379514,860-630,137.172315,-31.4474324,14.2,1982-02-09,Copper,Y,,,,False,False,False,PROVISIONAL
376882,851-654,137.1748436,-31.4481318,85.0,1982-02-10,Copper,Y,,,,False,False,False,PROVISIONAL
20611,PRL 23 / SAR 9,137.3471436,-31.5663824,1246.0,1982-03-01,"Base Metals, Copper, Uranium",Y,Tertiary-Pleistocene rocks > Tregolana Shale Member > Umberatana Group unit 2 > Tapley Hill Formation > Pandurra Formation > Gawler Range Volcanics > Wandearah Formation,1246.0,Wandearah Formation,True,False,False,PROVISIONAL
277541,HUD1,137.3376606,-31.1783984,326.0,1982-03-29,Copper,Y,,,,False,False,False,PROVISIONAL
20725,HUD 2,137.3491866,-31.2096574,396.3,1982-04-21,"Gold, Copper, Uranium",Y,Quaternary rocks > Simmens Quartzite Member > Corraberra Sandstone Member > Tregolana Shale Member > Whyalla Sandstone > Gawler Range Volcanics,396.3,Gawler Range Volcanics,True,False,False,PROVISIONAL
277542,HUD2,137.3446756,-31.2075834,396.0,1982-04-21,Copper,Y,,,,False,False,False,PROVISIONAL
20721,HUD 1,137.3424976,-31.1792134,483.0,1982-07-27,"Gold, Copper, Uranium",Y,Quaternary rocks > Simmens Quartzite Member > Corraberra Sandstone Member > Tregolana Shale Member > Whyalla Sandstone > Gawler Range Volcanics,483.0,Gawler Range Volcanics,True,False,False,PROVISIONAL
304128,LH 5,137.0387427,-31.3039474,200.0,1982-08-24,,Y,,,,False,False,False,PROVISIONAL
304129,LH 6,137.0073027,-31.2802684,200.0,1982-08-26,,Y,,,,False,False,False,PROVISIONAL
304130,LH 7,137.0539097,-31.2863874,200.0,1982-08-26,,Y,,,,False,False,False,PROVISIONAL
304131,LH 8,137.0712157,-31.3404554,232.0,1982-08-27,,Y,,,,False,False,False,PROVISIONAL
304132,LH 9,137.0803417,-31.3635344,72.0,1982-08-27,,Y,,,,False,False,False,PROVISIONAL
304133,LH 10,137.1015597,-31.2705974,200.0,1982-08-28,,Y,,,,False,False,False,PROVISIONAL
304134,LH 11,137.0729087,-31.2666434,208.0,1982-08-29,,Y,,,,False,False,False,PROVISIONAL
18092,VANGUARD 1,136.9301497,-31.4397484,1096.0,1982-11-20,Copper,Y,Quaternary rocks > Tregolana Shale Member > Nuccaleena Formation > Whyalla Sandstone > Tapley Hill Formation > Pandurra Formation > Gawler Range Volcanics,1096.0,Gawler Range Volcanics,True,False,False,PROVISIONAL
20715,PY 4,137.2343416,-31.4622234,1015.0,1983-01-17,Copper,Y,Quaternary rocks > Tregolana Shale Member > Whyalla Sandstone > Woocalla Dolomite Member > Pandurra Formation > Gawler Range Volcanics,1015.0,Gawler Range Volcanics,True,False,False,PROVISIONAL
139814,LH 12,137.0743057,-31.3399564,109.0,1983-02-20,Copper,Y,Tregolana Shale Member > Nuccaleena Formation > Whyalla Sandstone,109.0,Whyalla Sandstone,True,False,False,PROVISIONAL
139815,LH 13,137.0706497,-31.3362254,99.75,1983-02-22,Copper,Y,Tregolana Shale Member > Nuccaleena Formation > Whyalla Sandstone,99.75,Whyalla Sandstone,True,False,False,PROVISIONAL
139816,LH 14,137.0760327,-31.3468724,76.1,1983-02-23,Copper,Y,Tregolana Shale Member > Nuccaleena Formation > Whyalla Sandstone,76.0,Whyalla Sandstone,True,False,False,PROVISIONAL
139817,LH 15,137.0801467,-31.3427464,119.2,1983-02-25,Copper,Y,Tregolana Shale Member > Nuccaleena Formation > Whyalla Sandstone,119.2,Whyalla Sandstone,True,False,False,PROVISIONAL
139818,LH 16,137.0833217,-31.3389054,75.8,1983-02-26,Copper,Y,Tregolana Shale Member > Whyalla Sandstone > Pandurra Formation,75.8,Pandurra Formation,True,False,False,PROVISIONAL
139819,LH 17,137.0792137,-31.3337414,85.0,1983-03-01,Copper,Y,Tregolana Shale Member > Whyalla Sandstone > Pandurra Formation,85.0,Pandurra Formation,True,False,False,PROVISIONAL
139820,LH 18,137.0861277,-31.3328164,31.0,1983-03-02,Copper,Y,Whyalla Sandstone > Pandurra Formation,31.0,Pandurra Formation,True,False,False,PROVISIONAL
139821,LH 19,137.0899967,-31.3366324,22.0,1983-03-02,Copper,Y,Whyalla Sandstone > Pandurra Formation,22.0,Pandurra Formation,True,False,False,PROVISIONAL
139822,LH 20,137.0740327,-31.3322924,22.4,1983-03-03,Copper,Y,Tregolana Shale Member > Nuccaleena Formation > Whyalla Sandstone,22.4,Whyalla Sandstone,True,False,False,PROVISIONAL
139823,LH 21,137.0745387,-31.3409424,211.0,1983-03-19,Copper,Y,Tregolana Shale Member > Nuccaleena Formation > Whyalla Sandstone > Tapley Hill Formation,211.0,Tapley Hill Formation,True,False,False,PROVISIONAL
139824,LH 22,137.0807057,-31.3489614,52.0,1983-03-20,Copper,Y,Tregolana Shale Member > Nuccaleena Formation > Whyalla Sandstone,52.0,Whyalla Sandstone,True,False,False,PROVISIONAL
139825,LH 23,137.0875307,-31.3439804,105.0,1983-03-22,Copper,Y,Tregolana Shale Member > Nuccaleena Formation > Whyalla Sandstone > Pandurra Formation,105.0,Pandurra Formation,True,False,False,PROVISIONAL
139826,LH 24,137.0908107,-31.3402274,58.0,1983-03-23,Copper,Y,Tregolana Shale Member > Whyalla Sandstone,58.0,Whyalla Sandstone,True,False,False,PROVISIONAL
139827,LH 25,137.0769127,-31.3199774,89.1,1983-03-25,Copper,Y,Tregolana Shale Member > Whyalla Sandstone > Pandurra Formation,89.1,Pandurra Formation,True,False,False,PROVISIONAL
139828,LH 26,137.0910947,-31.3720644,111.5,1983-05-27,Copper,Y,Tertiary-Pleistocene rocks > Whyalla Sandstone > Pandurra Formation,111.5,Pandurra Formation,True,False,False,PROVISIONAL
139829,LH 27,137.0903967,-31.3594464,41.0,1983-05-28,Copper,Y,Tertiary-Pleistocene rocks > Whyalla Sandstone > Pandurra Formation,41.0,Pandurra Formation,True,False,False,PROVISIONAL
139830,LH 28,137.0976137,-31.3531054,50.8,1983-05-28,Copper,Y,Tregolana Shale Member > Whyalla Sandstone > Pandurra Formation,50.8,Pandurra Formation,True,False,False,PROVISIONAL
139831,LH 29,137.0860447,-31.3528414,26.8,1983-05-29,Copper,Y,Tregolana Shale Member > Whyalla Sandstone,26.8,Whyalla Sandstone,True,False,False,PROVISIONAL
139832,LH 30,137.0974497,-31.3458024,36.3,1983-05-30,Copper,Y,Tertiary-Pleistocene rocks > Tregolana Shale Member > Whyalla Sandstone > Pandurra Formation,36.3,Pandurra Formation,True,False,False,PROVISIONAL
139833,LH 31,137.0776997,-31.3365604,42.0,1983-05-31,Copper,Y,Tregolana Shale Member > Nuccaleena Formation > Whyalla Sandstone,42.0,Whyalla Sandstone,True,False,False,PROVISIONAL
139834,LH 32,137.0749327,-31.3254214,104.1,1983-06-01,Copper,Y,Tregolana Shale Member > Whyalla Sandstone > Pandurra Formation,104.1,Pandurra Formation,True,False,False,PROVISIONAL
139835,LH 33,137.0790687,-31.2649184,84.0,1983-06-03,Copper,Y,Tregolana Shale Member > Nuccaleena Formation > Whyalla Sandstone > Pandurra Formation,84.0,Pandurra Formation,True,False,False,PROVISIONAL
139836,LH 34,137.0915047,-31.3098184,99.0,1983-06-04,Copper,Y,Tregolana Shale Member > Whyalla Sandstone,99.0,Whyalla Sandstone,True,False,False,PROVISIONAL
139837,LH 35,137.1019817,-31.3132554,45.0,1983-06-05,Copper,Y,Tregolana Shale Member > Whyalla Sandstone > Pandurra Formation,45.0,Pandurra Formation,True,False,False,PROVISIONAL
139838,LH 36,137.1082797,-31.3176634,87.0,1983-06-07,Copper,Y,Tregolana Shale Member > Nuccaleena Formation > Whyalla Sandstone,87.0,Whyalla Sandstone,True,False,False,PROVISIONAL
139839,LH 37,137.1096157,-31.3257574,60.0,1983-06-07,Copper,Y,Tregolana Shale Member > Nuccaleena Formation > Whyalla Sandstone > Pandurra Formation,60.0,Pandurra Formation,True,False,False,PROVISIONAL
139840,LH 38,137.1363347,-31.2991574,57.0,1983-06-09,Copper,Y,Tregolana Shale Member > Nuccaleena Formation > Whyalla Sandstone > Woocalla Dolomite Member,57.0,Woocalla Dolomite Member,True,False,False,PROVISIONAL
139841,LH 39,137.1362557,-31.2910414,99.0,1983-06-10,Copper,Y,Tregolana Shale Member > Nuccaleena Formation > Whyalla Sandstone > Woocalla Dolomite Member > Tapley Hill Formation,99.0,Tapley Hill Formation,True,False,False,PROVISIONAL
139743,MG 501,137.1503417,-31.4328244,37.1,1983-11-15,Copper,Y,Whyalla Sandstone > Tapley Hill Formation > Pandurra Formation,37.1,Pandurra Formation,True,False,False,PROVISIONAL
139744,MG 502,137.1525497,-31.4346164,36.7,1983-11-17,Copper,Y,no description > Whyalla Sandstone > Tapley Hill Formation,36.7,Tapley Hill Formation,True,False,False,PROVISIONAL
139745,MG 503,137.1547197,-31.4347074,36.0,1983-11-18,Copper,Y,no description > Whyalla Sandstone > Tapley Hill Formation,29.0,Tapley Hill Formation,True,False,False,PROVISIONAL
139746,MG 504,137.1557167,-31.4346184,28.3,1983-11-18,Copper,Y,no description > Tapley Hill Formation,28.3,Tapley Hill Formation,True,False,False,PROVISIONAL
139747,MG 505,137.1557947,-31.4338774,30.5,1983-11-19,Copper,Y,no description > Whyalla Sandstone > Tapley Hill Formation,30.5,Tapley Hill Formation,True,False,False,PROVISIONAL
139748,MG 506,137.1551717,-31.4337604,42.5,1983-11-20,Copper,Y,no description > Whyalla Sandstone > Tapley Hill Formation > Pandurra Formation,42.5,Pandurra Formation,True,False,False,PROVISIONAL
139749,MG 507,137.1540557,-31.4336914,33.4,1983-11-21,Copper,Y,no description > Tapley Hill Formation > Pandurra Formation,33.4,Pandurra Formation,True,False,False,PROVISIONAL
139750,MG 508,137.1519417,-31.4337524,36.4,1983-11-22,Copper,Y,no description > Whyalla Sandstone > Tapley Hill Formation > Pandurra Formation,36.4,Pandurra Formation,True,False,False,PROVISIONAL
139751,MG 509,137.1514167,-31.4337804,34.9,1983-11-23,Copper,Y,no description > Whyalla Sandstone > Tapley Hill Formation > Pandurra Formation,34.9,Pandurra Formation,True,False,False,PROVISIONAL
139752,MG 510,137.1509637,-31.4337524,36.1,1983-11-24,Copper,Y,Whyalla Sandstone > Tapley Hill Formation > Pandurra Formation,36.1,Pandurra Formation,True,False,False,PROVISIONAL
139753,MG 511,137.1504277,-31.4337604,36.4,1983-11-25,Copper,Y,no description > Whyalla Sandstone > Tapley Hill Formation,36.4,Tapley Hill Formation,True,False,False,PROVISIONAL
379139,83/108,137.1346307,-31.4450817,90.5,1983-11-25,Copper,Y,,,,False,False,False,PROVISIONAL
139534,LY 5,137.1570997,-31.4495304,150.0,1983-12-04,Copper,Y,Tertiary-Pleistocene rocks > Whyalla Sandstone > Umberatana Group unit 2 > Pandurra Formation,150.0,Pandurra Formation,True,False,False,PROVISIONAL
139533,LY 4B,137.1557947,-31.4476604,150.0,1983-12-07,Copper,Y,Tertiary-Pleistocene rocks > Whyalla Sandstone > Umberatana Group unit 2 > Pandurra Formation,150.0,Pandurra Formation,True,False,False,PROVISIONAL
139535,LY 6,137.1597497,-31.4412324,50.0,1983-12-07,Copper,Y,Tertiary-Pleistocene rocks > Whyalla Sandstone > Umberatana Group unit 2 > Pandurra Formation,50.0,Pandurra Formation,True,False,False,PROVISIONAL
139875,LY 7,137.1506327,-31.4404414,33.4,1983-12-09,Copper,Y,Tertiary-Pleistocene rocks > Whyalla Sandstone > Umberatana Group unit 2 > Pandurra Formation,33.4,Pandurra Formation,True,False,False,PROVISIONAL
142045,LY 8,137.1639106,-31.4482884,41.1,1983-12-11,Copper,Y,Whyalla Sandstone > Umberatana Group unit 2 > Pandurra Formation,41.1,Pandurra Formation,True,False,False,PROVISIONAL
379154,870-550,137.1647846,-31.4465344,32.0,1983-12-11,Copper,Y,,,,False,False,False,PROVISIONAL
376889,LY9,137.1770672,-31.4485622,67.5,1984-02-13,Copper,Y,,,,False,False,False,PROVISIONAL
376890,LY10,137.1765538,-31.4491121,50.0,1984-02-15,Copper,Y,,,,False,False,False,PROVISIONAL
376891,LY11,137.1770267,-31.4488445,50.0,1984-02-17,Copper,Y,,,,False,False,False,PROVISIONAL
20723,ASD 2,137.0222567,-31.0199684,1148.4,1984-03-04,"Gold, Copper, Uranium",Y,Simmens Quartzite Member > Corraberra Sandstone Member > Tregolana Shale Member > Whyalla Sandstone > Tapley Hill Formation > Pandurra Formation > Palaeoproterozoic rocks > Mesoproterozoic rocks > Palaeoproterozoic rocks,1148.4,Palaeoproterozoic rocks,True,False,False,PROVISIONAL
139852,LW 76,137.1156857,-31.3852354,88.0,1984-03-19,Copper,Y,Tertiary-Pleistocene rocks > Tregolana Shale Member > Whyalla Sandstone > Tapley Hill Formation > Pandurra Formation,88.0,Pandurra Formation,True,False,False,PROVISIONAL
139853,LW 77,137.1080747,-31.3800664,88.0,1984-03-19,Copper,Y,Tertiary-Pleistocene rocks > Tregolana Shale Member > Whyalla Sandstone > Umberatana Group unit 2 > Pandurra Formation,88.0,Pandurra Formation,True,False,False,PROVISIONAL
139854,LW 78,137.1024807,-31.3724714,72.0,1984-03-20,Copper,Y,Tertiary-Pleistocene rocks > Tregolana Shale Member > Whyalla Sandstone > Pandurra Formation,72.0,Pandurra Formation,True,False,False,PROVISIONAL
139855,LW 79,137.1166307,-31.3672964,40.0,1984-03-20,Copper,Y,Tertiary-Pleistocene rocks > Tregolana Shale Member > Whyalla Sandstone > Pandurra Formation,40.0,Pandurra Formation,True,False,False,PROVISIONAL
139856,LW 80,137.1350957,-31.3471304,56.0,1984-03-21,Copper,Y,Tertiary-Pleistocene rocks > Tregolana Shale Member > Whyalla Sandstone > Pandurra Formation,56.0,Pandurra Formation,True,False,False,PROVISIONAL
139857,LW 81,137.1289067,-31.3370024,80.0,1984-03-21,Copper,Y,Tertiary-Pleistocene rocks > Tregolana Shale Member > Whyalla Sandstone,80.0,Whyalla Sandstone,True,False,False,PROVISIONAL
139858,LW 82,137.1448567,-31.3346074,96.0,1984-03-22,Copper,Y,Tertiary-Pleistocene rocks > Tregolana Shale Member > Whyalla Sandstone > Pandurra Formation,96.0,Pandurra Formation,True,False,False,PROVISIONAL
139859,LW 83,137.1236707,-31.3265104,51.0,1984-03-22,Copper,Y,Tertiary-Pleistocene rocks > Tregolana Shale Member > Whyalla Sandstone,51.0,Whyalla Sandstone,True,False,False,PROVISIONAL
139860,LW 83A,137.1236707,-31.3265104,112.0,1984-03-22,Copper,Y,Tertiary-Pleistocene rocks > Tregolana Shale Member > Whyalla Sandstone > Pandurra Formation,112.0,Pandurra Formation,True,False,False,PROVISIONAL
139861,LW 84,137.1330457,-31.3164414,72.0,1984-03-23,Copper,Y,Tertiary-Pleistocene rocks > Tregolana Shale Member > Nuccaleena Formation > Whyalla Sandstone > Tapley Hill Formation > Pandurra Formation,72.0,Pandurra Formation,True,False,False,PROVISIONAL
139862,LW 85,137.1431627,-31.3186994,96.0,1984-03-23,Copper,Y,Tertiary-Pleistocene rocks > Tregolana Shale Member > Nuccaleena Formation > Whyalla Sandstone > Tapley Hill Formation > Pandurra Formation,96.0,Pandurra Formation,True,False,False,PROVISIONAL
139863,LW 86,137.1489157,-31.3120104,104.0,1984-03-24,Copper,Y,Tertiary-Pleistocene rocks > Tregolana Shale Member > Nuccaleena Formation > Whyalla Sandstone > Tapley Hill Formation > Pandurra Formation,104.0,Pandurra Formation,True,False,False,PROVISIONAL
139864,LW 87,137.1412187,-31.3070524,68.0,1984-03-24,Copper,Y,Tertiary-Pleistocene rocks > Tregolana Shale Member > Whyalla Sandstone > Pandurra Formation,68.0,Pandurra Formation,True,False,False,PROVISIONAL
139865,LW 88,137.1503727,-31.2906354,80.0,1984-03-26,Copper,Y,Tertiary-Pleistocene rocks > Tregolana Shale Member > Whyalla Sandstone > Pandurra Formation,80.0,Pandurra Formation,True,False,False,PROVISIONAL
139868,LW 91,137.1824557,-31.3177844,112.0,1984-03-26,Copper,Y,Tertiary-Pleistocene rocks > Tregolana Shale Member > Nuccaleena Formation > Whyalla Sandstone > Pandurra Formation,112.0,Pandurra Formation,True,False,False,PROVISIONAL
139869,LW 92,137.1867447,-31.3269204,84.0,1984-03-27,Copper,Y,Tertiary-Pleistocene rocks > Tregolana Shale Member > Nuccaleena Formation > Whyalla Sandstone > Pandurra Formation,84.0,Pandurra Formation,True,False,False,PROVISIONAL
139870,LW 93,137.1892647,-31.3327044,96.0,1984-03-27,Copper,Y,Tertiary-Pleistocene rocks > Tregolana Shale Member > Nuccaleena Formation > Whyalla Sandstone > Pandurra Formation,96.0,Pandurra Formation,True,False,False,PROVISIONAL
139867,LW 90,137.1974577,-31.2624624,128.0,1984-03-28,Copper,Y,Tertiary-Pleistocene rocks > Tregolana Shale Member > Pandurra Formation,128.0,Pandurra Formation,True,False,False,PROVISIONAL
139866,LW 89,137.1597757,-31.2713174,80.0,1984-03-29,Copper,Y,Tertiary-Pleistocene rocks > Tregolana Shale Member > Pandurra Formation,80.0,Pandurra Formation,True,False,False,PROVISIONAL
139842,LH 40,137.0948437,-31.2736824,328.0,1984-03-31,Copper,Y,Tertiary-Pleistocene rocks > Tregolana Shale Member > Whyalla Sandstone > Umberatana Group unit 2 > Pandurra Formation,328.0,Pandurra Formation,True,False,False,PROVISIONAL
139843,LH 41,137.1128557,-31.2680494,228.0,1984-04-02,Copper,Y,Tertiary-Pleistocene rocks > Tregolana Shale Member > Nuccaleena Formation > Whyalla Sandstone > Tapley Hill Formation > Pandurra Formation,228.0,Pandurra Formation,True,False,False,PROVISIONAL
139844,LH 42,137.0663487,-31.3139684,136.0,1984-04-03,Copper,Y,Tertiary-Pleistocene rocks > Tregolana Shale Member > Whyalla Sandstone > Umberatana Group unit 2 > Pandurra Formation,136.0,Pandurra Formation,True,False,False,PROVISIONAL
139845,LH 43,137.0615137,-31.3191444,136.0,1984-04-03,Copper,Y,Tertiary-Pleistocene rocks > Tregolana Shale Member > Whyalla Sandstone > Umberatana Group unit 2 > Pandurra Formation,136.0,Pandurra Formation,True,False,False,PROVISIONAL
139846,LH 44,137.0664277,-31.3241974,120.0,1984-04-04,Copper,Y,Tertiary-Pleistocene rocks > Tregolana Shale Member > Whyalla Sandstone > Umberatana Group unit 2 > Pandurra Formation,120.0,Pandurra Formation,True,False,False,PROVISIONAL
139847,LH 45,137.0656467,-31.3476334,368.0,1984-04-06,Copper,Y,Tertiary-Pleistocene rocks > Tregolana Shale Member > Whyalla Sandstone > Umberatana Group unit 2 > Tapley Hill Formation > Pandurra Formation,368.0,Pandurra Formation,True,False,False,PROVISIONAL
139848,LH 46,137.0770967,-31.3583834,108.0,1984-04-06,Copper,Y,Tertiary-Pleistocene rocks > Tregolana Shale Member > Nuccaleena Formation > Whyalla Sandstone > Umberatana Group unit 2 > Pandurra Formation,108.0,Pandurra Formation,True,False,False,PROVISIONAL
139849,LH 47,137.0742917,-31.3651114,112.0,1984-04-07,Copper,Y,Tertiary-Pleistocene rocks > Tregolana Shale Member > Whyalla Sandstone > Umberatana Group unit 2 > Pandurra Formation,112.0,Pandurra Formation,True,False,False,PROVISIONAL
139850,LH 48,137.0823947,-31.3697784,180.0,1984-04-09,Copper,Y,Tertiary-Pleistocene rocks > Tregolana Shale Member > Nuccaleena Formation > Whyalla Sandstone > Umberatana Group unit 2 > Tapley Hill Formation > Pandurra Formation,180.0,Pandurra Formation,True,False,False,PROVISIONAL
139851,LH 49,137.0816957,-31.2856524,388.0,1984-04-11,Copper,Y,Tertiary-Pleistocene rocks > Tregolana Shale Member > Nuccaleena Formation > Whyalla Sandstone > Umberatana Group unit 2 > Tapley Hill Formation > Pandurra Formation,388.0,Pandurra Formation,True,False,False,PROVISIONAL
139871,LW 94,137.1358637,-31.4173634,80.0,1984-04-12,Copper,Y,Tertiary-Pleistocene rocks > Tregolana Shale Member > Whyalla Sandstone > Umberatana Group unit 2 > Tapley Hill Formation > Pandurra Formation,80.0,Pandurra Formation,True,False,False,PROVISIONAL
139872,LW 95,137.1314527,-31.4147744,68.0,1984-04-13,Copper,Y,Tertiary-Pleistocene rocks > Whyalla Sandstone > Umberatana Group unit 2 > Tapley Hill Formation > Pandurra Formation,68.0,Pandurra Formation,True,False,False,PROVISIONAL
139873,LW 96,137.1290607,-31.4127414,72.0,1984-04-13,Copper,Y,Tertiary-Pleistocene rocks > Tregolana Shale Member > Umberatana Group unit 2 > Tapley Hill Formation > Pandurra Formation,72.0,Pandurra Formation,True,False,False,PROVISIONAL
139874,LW 97,137.1286027,-31.4181134,140.0,1984-04-14,Copper,Y,Tertiary-Pleistocene rocks > Tregolana Shale Member > Nuccaleena Formation > Whyalla Sandstone > Tapley Hill Formation > Pandurra Formation,140.0,Pandurra Formation,True,False,False,PROVISIONAL
165606,SAE 3,137.1424207,-31.1174844,1221.0,1984-07-20,"Gold, Copper, Uranium",Y,Holocene regolith/colluvial sediments > Simmens Quartzite Member > Corraberra Sandstone Member > Tregolana Shale Member > Pandurra Formation > Pandurra Formation > Palaeoproterozoic-Mesoproterozoic rocks,1221.0,Palaeoproterozoic-Mesoproterozoic rocks,True,False,False,PROVISIONAL
20724,AD8,137.1234377,-31.0950674,1000.2,1985-10-14,"Gold, Copper, Uranium",Y,Simmens Quartzite Member > Corraberra Sandstone Member > Tregolana Shale Member > Whyalla Sandstone > Pandurra Formation > Palaeoproterozoic rocks > Palaeoproterozoic rocks > Palaeoproterozoic rocks > Palaeoproterozoic rocks > Palaeoproterozoic rocks,1000.2,Palaeoproterozoic rocks,True,False,False,PROVISIONAL
18080,ROXBY DOWNS WB8,136.8485057,-31.1734204,84.0,1986-03-18,Water,N,,,,False,False,False,PROVISIONAL
193634,PY 5,137.2287426,-31.2979484,342.4,1986-03-19,,Y,,,,False,False,False,PROVISIONAL
18081,ROXBY DOWNS WB7,136.9055247,-31.0148614,130.0,1986-03-21,Water,N,,,,False,False,False,PROVISIONAL
193635,PY 6,137.2287936,-31.3308844,273.5,1986-03-24,,Y,,,,False,False,False,PROVISIONAL
193636,PY 7,137.2083456,-31.3169534,703.0,1986-04-12,,Y,,,,False,False,False,PROVISIONAL
193646,PY 8,137.2608246,-31.3481664,574.6,1986-04-25,,Y,,,,False,False,False,PROVISIONAL
18082,,136.8305577,-31.2899834,130.0,1987-04-15,Water,N,,,,False,False,False,PROVISIONAL
18083,,136.8240017,-31.2725464,149.0,1987-04-25,Water,N,,,,False,False,False,PROVISIONAL
18084,WIRRAPPA,136.9813377,-31.4109704,151.0,1987-04-28,Water,N,,,,False,False,False,PROVISIONAL
18085,STUART HIGHWAY,136.9600077,-31.3972434,226.0,1987-05-04,Water,N,,,,False,False,False,PROVISIONAL
20700,,137.0911207,-31.4689644,83.07,1987-05-04,Water,N,,,,False,False,False,PROVISIONAL
18086,,136.8506527,-31.1618954,39.5,1987-05-06,Water,N,,,,False,False,False,PROVISIONAL
18087,,136.8631857,-31.1633484,67.0,1987-05-07,Water,N,,,,False,False,False,PROVISIONAL
20699,,137.0187047,-31.4462764,172.0,1987-05-09,Water,N,,,,False,False,False,PROVISIONAL
18088,,136.8797267,-31.1158834,144.0,1987-08-13,Water,N,,,,False,False,False,PROVISIONAL
18089,,136.8895067,-31.1067924,181.0,1987-08-17,Water,N,,,,False,False,False,PROVISIONAL
18090,,136.8654847,-31.1356404,81.0,1987-08-19,Water,N,,,,False,False,False,PROVISIONAL
18091,MESA'S -NEAR WOOMERA,136.8649327,-31.1593624,48.6,1987-08-21,Water,N,,,,False,False,False,PROVISIONAL
165607,SAE 4,137.1409107,-31.1109254,1172.5,1987-12-07,"Gold, Copper, Uranium",Y,Holocene regolith/colluvial sediments > Simmens Quartzite Member > Corraberra Sandstone Member > Tregolana Shale Member > no sample > Pandurra Formation > Palaeoproterozoic-Mesoproterozoic rocks > Hiltaba Suite,1172.5,Hiltaba Suite,True,False,False,PROVISIONAL
165608,SAE 5,137.1598477,-31.0999654,914.4,1988-07-21,"Gold, Copper",Y,Holocene regolith/colluvial sediments > Simmens Quartzite Member > Corraberra Sandstone Member > Tregolana Shale Member > Pandurra Formation > Gairdner Dolerite > Pandurra Formation > Gairdner Dolerite > Pandurra Formation > Gairdner Dolerite > Pandurra Formation > Gairdner Dolerite,914.4,Gairdner Dolerite,True,False,False,PROVISIONAL
165609,SAE 6,137.1493917,-31.1104234,1200.0,1989-08-31,"Gold, Copper",Y,Holocene regolith/colluvial sediments > Simmens Quartzite Member > Corraberra Sandstone Member > Tregolana Shale Member > Whyalla Sandstone > Tapley Hill Formation > Pandurra Formation > Donington Suite > Gawler Range Volcanics > Wallaroo Group,1200.0,Wallaroo Group,True,False,False,PROVISIONAL
165046,SAE 7,137.1162097,-31.1269374,1221.7,1990-04-23,"Gold, Base Metals, Copper",Y,Simmens Quartzite Member > Tregolana Shale Member > Pandurra Formation > Gawler Range Volcanics > Palaeoproterozoic-Mesoproterozoic rocks,1221.7,Palaeoproterozoic-Mesoproterozoic rocks,True,False,False,PROVISIONAL
165047,SAE 8,137.1852277,-31.1873914,1177.2,1990-05-08,"Gold, Base Metals, Copper",Y,Quaternary rocks > Tregolana Shale Member > Pandurra Formation > Gawler Range Volcanics,1177.2,Gawler Range Volcanics,True,False,False,PROVISIONAL
165070,SAE 9,137.2204617,-31.0785494,1199.7,1990-05-19,"Gold, Base Metals, Copper",Y,Simmens Quartzite Member > Corraberra Sandstone Member > Tregolana Shale Member > Pandurra Formation > Gawler Range Volcanics,1199.7,Gawler Range Volcanics,True,False,False,PROVISIONAL
165155,PEB 56,137.2563097,-31.1320464,452.0,1990-05-30,"Gold, Base Metals, Copper",Y,Quaternary rocks > Pandurra Formation,452.0,Pandurra Formation,True,False,False,PROVISIONAL
165156,PEB 57,137.3236626,-31.0776324,426.0,1990-06-06,"Gold, Base Metals, Copper",Y,Simmens Quartzite Member > Corraberra Sandstone Member > Tregolana Shale Member > Nuccaleena Formation > Pandurra Formation,426.0,Pandurra Formation,True,False,False,PROVISIONAL
165071,SAE 10,137.2890526,-31.1855864,1100.8,1990-06-30,"Gold, Base Metals, Copper",Y,Simmens Quartzite Member > Tregolana Shale Member > Nuccaleena Formation > Gawler Range Volcanics,1100.8,Gawler Range Volcanics,True,False,False,PROVISIONAL
165125,SAE 11,136.9379087,-31.0731844,1267.3,1990-06-30,"Gold, Base Metals, Copper",Y,Simmens Quartzite Member > Corraberra Sandstone Member > Tregolana Shale Member > Whyalla Sandstone > Tapley Hill Formation > Pandurra Formation > Gawler Range Volcanics > Wandearah Formation > Gawler Range Volcanics > Wandearah Formation > Gawler Range Volcanics > Wandearah Formation,1267.3,Wandearah Formation,True,False,False,PROVISIONAL
139804,RP 1,137.3066716,-31.6705074,132.0,1991-05-21,Copper,Y,Tertiary-Pleistocene rocks > Whyalla Sandstone > Tapley Hill Formation > Pandurra Formation,132.0,Pandurra Formation,True,False,False,PROVISIONAL
139805,RP 2,137.3143096,-31.6595464,147.0,1991-05-22,Copper,Y,Tertiary-Pleistocene rocks > Whyalla Sandstone > Tapley Hill Formation > Pandurra Formation,147.0,Pandurra Formation,True,False,False,PROVISIONAL
139806,RP 3,137.3323476,-31.6429844,126.0,1991-05-23,Copper,Y,Tertiary-Pleistocene rocks > Whyalla Sandstone > Tapley Hill Formation > Pandurra Formation,126.0,Pandurra Formation,True,False,False,PROVISIONAL
165157,SAE 12,137.1589227,-31.1146824,446.3,1991-07-31,"Gold, Base Metals, Copper",Y,Holocene regolith/colluvial sediments > Simmens Quartzite Member > Corraberra Sandstone Member > Tregolana Shale Member > Nuccaleena Formation > Whyalla Sandstone > Tapley Hill Formation > Pandurra Formation,446.3,Pandurra Formation,True,False,False,PROVISIONAL
165368,SAE 13,137.1701027,-31.1037614,477.6,1991-08-31,"Gold, Base Metals, Copper",Y,Holocene regolith/colluvial sediments > Simmens Quartzite Member > Corraberra Sandstone Member > Tregolana Shale Member > Nuccaleena Formation > Whyalla Sandstone > Pandurra Formation,477.6,Pandurra Formation,True,False,False,PROVISIONAL
165370,SAE 14,137.1537027,-31.0924014,498.44,1991-09-30,"Gold, Base Metals, Copper",Y,Holocene regolith/colluvial sediments > Simmens Quartzite Member > Corraberra Sandstone Member > Tregolana Shale Member > Whyalla Sandstone > Pandurra Formation,498.44,Pandurra Formation,True,False,False,PROVISIONAL
165372,SAE 15,137.1438127,-31.1047434,400.81,1991-09-30,"Gold, Base Metals, Copper",Y,Simmens Quartzite Member > Corraberra Sandstone Member > Tregolana Shale Member > Nuccaleena Formation > Whyalla Sandstone > Tapley Hill Formation > Pandurra Formation,400.81,Pandurra Formation,True,False,False,PROVISIONAL
193679,PY 9,137.2017698,-31.3575823,597.0,1992-03-18,"Base Metals, Copper",Y,,,,False,False,False,PROVISIONAL
193680,PY 10,137.0960321,-31.4900523,992.0,1992-05-27,"Base Metals, Copper",Y,Quaternary rocks > Whyalla Sandstone > Pandurra Formation,992.0,Pandurra Formation,True,False,False,PROVISIONAL
165444,PEB 64,137.1479627,-31.1121604,401.0,1992-11-22,"Gold, Base Metals, Copper",Y,Simmens Quartzite Member > Corraberra Sandstone Member > Tregolana Shale Member > Whyalla Sandstone > Pandurra Formation,401.0,Pandurra Formation,True,False,False,PROVISIONAL
165447,SAE 16,137.1596427,-31.1233304,357.8,1992-11-27,"Gold, Base Metals, Copper",Y,Simmens Quartzite Member > Corraberra Sandstone Member > Tregolana Shale Member > Whyalla Sandstone > Pandurra Formation,357.8,Pandurra Formation,True,False,False,PROVISIONAL
165448,SAE 17,137.1647707,-31.1182834,435.2,1992-12-03,"Gold, Base Metals, Copper",Y,Simmens Quartzite Member > Corraberra Sandstone Member > Tregolana Shale Member > Whyalla Sandstone > Tapley Hill Formation > Pandurra Formation,435.2,Pandurra Formation,True,False,False,PROVISIONAL
181396,PL 1,137.2098306,-31.5974674,50.0,1993-05-03,,Y,,,,False,False,False,PROVISIONAL
181397,PL 2,137.2116016,-31.5988354,50.0,1993-05-03,,Y,,,,False,False,False,PROVISIONAL
181398,PL 3,137.2106836,-31.5979044,50.0,1993-05-03,,Y,,,,False,False,False,PROVISIONAL
181399,PL 4,137.2080366,-31.5973634,35.0,1993-05-03,,Y,,,,False,False,False,PROVISIONAL
181400,PL 5,137.2056046,-31.5969994,29.0,1993-05-03,,Y,,,,False,False,False,PROVISIONAL
181401,PL 6,137.2058426,-31.5981684,24.0,1993-05-03,,Y,,,,False,False,False,PROVISIONAL
181402,PL 7,137.2087126,-31.5969904,20.0,1993-05-03,,Y,,,,False,False,False,PROVISIONAL
181403,PL 8,137.2084986,-31.5968594,20.0,1993-05-03,,Y,,,,False,False,False,PROVISIONAL
181404,PL 9,137.2103156,-31.5979104,13.0,1993-05-03,,Y,,,,False,False,False,PROVISIONAL
181405,PL 10,137.2048856,-31.5977784,20.0,1993-05-03,,Y,,,,False,False,False,PROVISIONAL
181406,PL 11,137.2067296,-31.5977924,20.0,1993-05-03,,Y,,,,False,False,False,PROVISIONAL
181407,PL 12,137.2063436,-31.5970774,20.0,1993-05-03,,Y,,,,False,False,False,PROVISIONAL
181408,PL 13,137.2063776,-31.5985194,20.0,1993-05-03,,Y,,,,False,False,False,PROVISIONAL
181409,PL 14,137.2041336,-31.5972054,20.0,1993-05-03,,Y,,,,False,False,False,PROVISIONAL
165487,SAE 18,137.1648577,-31.1174704,426.7,1993-08-31,"Gold, Base Metals, Copper",Y,Holocene regolith/colluvial sediments > Simmens Quartzite Member > Corraberra Sandstone Member > Tregolana Shale Member > Whyalla Sandstone > Tapley Hill Formation > Pandurra Formation,426.7,Pandurra Formation,True,False,False,PROVISIONAL
165488,SAE 19,137.1662937,-31.1160934,429.7,1993-08-31,"Gold, Base Metals, Copper",Y,Holocene regolith/colluvial sediments > Simmens Quartzite Member > Corraberra Sandstone Member > Tregolana Shale Member > Whyalla Sandstone > Tapley Hill Formation > Pandurra Formation,429.7,Pandurra Formation,True,False,False,PROVISIONAL
165489,SAE 20,137.1635257,-31.1188454,417.85,1993-08-31,"Gold, Base Metals, Copper",Y,Simmens Quartzite Member > Corraberra Sandstone Member > Tregolana Shale Member > Whyalla Sandstone > Tapley Hill Formation > Pandurra Formation,417.85,Pandurra Formation,True,False,False,PROVISIONAL
263694,SN 1,137.2140346,-31.6788484,14.0,1994-12-01,Copper,Y,Quaternary rocks > Woocalla Dolomite Member > Pandurra Formation,14.0,Pandurra Formation,True,False,False,PROVISIONAL
263695,SN 2,137.2131926,-31.6806664,14.0,1994-12-01,Copper,Y,Quaternary rocks > Woocalla Dolomite Member > Pandurra Formation,14.0,Pandurra Formation,True,False,False,PROVISIONAL
263696,SN 3,137.2133136,-31.6813404,14.0,1994-12-01,Copper,Y,Quaternary rocks > Woocalla Dolomite Member > Pandurra Formation,14.0,Pandurra Formation,True,False,False,PROVISIONAL
263697,SN 4,137.2142436,-31.6805124,14.0,1994-12-01,Copper,Y,Quaternary rocks > Woocalla Dolomite Member > Pandurra Formation,14.0,Pandurra Formation,True,False,False,PROVISIONAL
263698,SN 5,137.2140996,-31.6811194,14.0,1994-12-01,Copper,Y,Quaternary rocks > Woocalla Dolomite Member > Pandurra Formation,14.0,Pandurra Formation,True,False,False,PROVISIONAL
263699,SN 6,137.2141796,-31.6818214,14.0,1994-12-01,Copper,Y,Quaternary rocks > Woocalla Dolomite Member > Pandurra Formation,14.0,Pandurra Formation,True,False,False,PROVISIONAL
263700,SN 7,137.2145596,-31.6814184,14.0,1994-12-01,Copper,Y,Quaternary rocks > Woocalla Dolomite Member > Pandurra Formation,14.0,Pandurra Formation,True,False,False,PROVISIONAL
263701,SN 8,137.2146776,-31.6823904,14.0,1994-12-01,Copper,Y,Quaternary rocks > Woocalla Dolomite Member > Pandurra Formation,14.0,Pandurra Formation,True,False,False,PROVISIONAL
263702,SN 9,137.2157306,-31.6823094,14.0,1994-12-01,Copper,Y,Quaternary rocks > Woocalla Dolomite Member > Pandurra Formation,14.0,Pandurra Formation,True,False,False,PROVISIONAL
263703,SN 10,137.2157536,-31.6832554,14.0,1994-12-01,Copper,Y,Quaternary rocks > Woocalla Dolomite Member > Pandurra Formation,14.0,Pandurra Formation,True,False,False,PROVISIONAL
263704,SN 11,137.2158896,-31.6841104,14.0,1994-12-01,Copper,Y,Quaternary rocks > Woocalla Dolomite Member > Pandurra Formation,14.0,Pandurra Formation,True,False,False,PROVISIONAL
263705,SN 12,137.2168896,-31.6840384,9.5,1994-12-01,Copper,Y,Quaternary rocks > Woocalla Dolomite Member > Pandurra Formation,9.5,Pandurra Formation,True,False,False,PROVISIONAL
263706,SN 13,137.2171836,-31.6848544,14.0,1994-12-01,Copper,Y,Woocalla Dolomite Member > Pandurra Formation,14.0,Pandurra Formation,True,False,False,PROVISIONAL
263707,SN 14,137.2161246,-31.6806784,14.0,1995-03-01,Copper,Y,Quaternary rocks > Woocalla Dolomite Member > Pandurra Formation,14.0,Pandurra Formation,True,False,False,PROVISIONAL
263708,SN 15,137.2166516,-31.6806694,14.0,1995-03-01,Copper,Y,Quaternary rocks > Woocalla Dolomite Member > Pandurra Formation,14.0,Pandurra Formation,True,False,False,PROVISIONAL
263709,SN 16,137.2172946,-31.6815334,12.0,1995-03-01,Copper,Y,Quaternary rocks > Woocalla Dolomite Member > Pandurra Formation,12.0,Pandurra Formation,True,False,False,PROVISIONAL
165529,SAE 21,137.1579587,-31.1091074,452.3,1995-05-31,"Gold, Base Metals, Copper",Y,Holocene regolith/colluvial sediments > Simmens Quartzite Member > Corraberra Sandstone Member > Tregolana Shale Member > Whyalla Sandstone > Tapley Hill Formation > Pandurra Formation,452.3,Pandurra Formation,True,False,False,PROVISIONAL
165530,SAE 22,137.1523747,-31.1032474,435.6,1995-05-31,"Gold, Base Metals, Copper",Y,Holocene regolith/colluvial sediments > Simmens Quartzite Member > Corraberra Sandstone Member > Tregolana Shale Member > Whyalla Sandstone > Brighton Limestone > Tapley Hill Formation > Pandurra Formation,435.6,Pandurra Formation,True,False,False,PROVISIONAL
179950,CW001D 1,137.1403677,-31.3919954,78.8,1995-09-01,,Y,,,,False,False,False,PROVISIONAL
179951,CW002D 2,137.1393757,-31.3876374,101.9,1995-09-01,,Y,,,,False,False,False,PROVISIONAL
179952,CW003D 3,137.1309267,-31.3901684,98.0,1995-09-01,,Y,,,,False,False,False,PROVISIONAL
179953,CW004RD 4,137.1308797,-31.3880944,96.3,1995-09-01,,Y,,,,False,False,False,PROVISIONAL
179954,CW005D 5,137.1364247,-31.3868754,104.75,1995-09-01,,Y,,,,False,False,False,PROVISIONAL
179955,CW006RD 6,137.1288177,-31.3857114,102.0,1995-09-01,,Y,,,,False,False,False,PROVISIONAL
179956,CW007RD 7,137.1333487,-31.3894064,67.0,1995-09-01,,Y,,,,False,False,False,PROVISIONAL
179957,CW008RD 8,137.1373737,-31.3893214,75.0,1995-09-01,,Y,,,,False,False,False,PROVISIONAL
179958,CMG001D 1,137.1530967,-31.4355284,35.85,1995-09-01,,Y,,,,False,False,False,PROVISIONAL
179959,CMG002D 2,137.1562107,-31.4336894,30.0,1995-09-01,,Y,,,,False,False,False,PROVISIONAL
179960,CMG003D 3,137.1520037,-31.4337334,37.53,1995-09-01,,Y,,,,False,False,False,PROVISIONAL
179961,CMG004RD 4,137.1509627,-31.4346614,33.0,1995-09-01,,Y,,,,False,False,False,PROVISIONAL
179962,CSND1,137.2145496,-31.6814314,12.6,1995-09-01,,Y,,,,False,False,False,PROVISIONAL
179963,CSND2,137.2166416,-31.6806904,9.0,1995-09-01,,Y,,,,False,False,False,PROVISIONAL
179964,CSND3,137.2157436,-31.6832774,10.8,1995-09-01,,Y,,,,False,False,False,PROVISIONAL
170015,NRMB 1,136.7942947,-31.3215334,10.0,1998-06-24,Water,N,,,,False,False,False,PROVISIONAL
170016,NRMB 2,136.7869577,-31.3225384,12.0,1998-06-24,Water,N,,,,False,False,False,PROVISIONAL
170019,NRMB 5,136.7869577,-31.3225384,9.0,1998-06-25,Water,N,,,,False,False,False,PROVISIONAL
170017,NRMB 3,136.7911767,-31.3233814,9.0,1998-06-26,Water,N,,,,False,False,False,PROVISIONAL
170018,NRMB 4,136.7942947,-31.3215334,9.0,1998-06-26,Water,N,,,,False,False,False,PROVISIONAL
179946,MGD 1,137.1675797,-31.1223934,435.66,1998-07-24,,Y,,,,False,False,False,PROVISIONAL
179947,MGD2,137.2371958,-31.2983054,304.5,1998-08-06,Copper,Y,,,,False,False,False,PROVISIONAL
179948,MGD4,137.2833526,-31.2957973,374.6,1998-08-14,Copper,Y,,,,False,False,False,PROVISIONAL
179949,MGD5,137.2792276,-31.2981345,387.4,1998-09-06,Copper,Y,,,,False,False,False,PROVISIONAL
189009,10N,136.8433367,-31.0435254,95.0,1999-05-20,,Y,,,,False,False,False,PROVISIONAL
189008,7SW,136.8563397,-31.2535264,126.0,1999-05-21,,Y,,,,False,False,False,PROVISIONAL
189005,41W,137.0163367,-31.1738244,80.0,1999-09-04,,Y,,,,False,False,False,PROVISIONAL
189004,40N,137.0543367,-31.2184244,102.0,1999-09-05,,Y,,,,False,False,False,PROVISIONAL
183609,MGD 24,137.3172106,-31.1571184,450.5,2000-05-30,,Y,,,,False,False,False,PROVISIONAL
183610,MGD 25,137.2924516,-31.3262274,520.0,2000-06-12,,Y,,,,False,False,False,PROVISIONAL
183611,MGD 26,137.1958596,-31.3746744,1103.7,2000-12-16,"Gold, Base Metals",Y,,,,False,False,False,PROVISIONAL
184203,MGD 26 W1,137.1958596,-31.3746744,1136.9,2001-02-12,"Gold, Base Metals",Y,,,,False,False,False,PROVISIONAL
185140,MGD 27,137.1976686,-31.3747154,1134.0,2001-05-23,"Gold, Base Metals",Y,,,,False,False,False,PROVISIONAL
186233,MGD 28,137.1973296,-31.3926524,1155.0,2001-06-29,"Gold, Base Metals",Y,,,,False,False,False,PROVISIONAL
188625,MGD 29,137.1966766,-31.3871614,998.89,2001-12-11,"Gold, Base Metals",Y,,,,False,False,False,PROVISIONAL
196260,MW 3,136.8458887,-31.1844874,12.0,2002-08-16,Water,N,,,,False,False,False,PROVISIONAL
196261,MW 1,136.8441677,-31.1828614,15.0,2002-08-16,Water,N,,,,False,False,False,PROVISIONAL
196262,MW 2,136.8436426,-31.1839334,15.0,2002-08-16,Water,N,,,,False,False,False,PROVISIONAL
196263,MW 4,136.8425477,-31.1831914,21.0,2002-08-18,Water,N,,,,False,False,False,PROVISIONAL
193436,MGP 30,137.2528236,-31.2725884,504.0,2002-09-20,,Y,,,,False,False,False,PROVISIONAL
193437,MGP 31,137.2540176,-31.2565584,452.0,2002-09-20,,Y,,,,False,False,False,PROVISIONAL
196523,MW 5,136.8435307,-31.1825094,20.0,2002-09-24,Water,N,,,,False,False,False,PROVISIONAL
203905,MW 6,136.8435337,-31.1831864,20.0,2002-09-24,Water,N,,,,False,False,False,PROVISIONAL
207058,MWRC 1,137.2047286,-31.6000814,19.0,2003-03-12,,Y,Quaternary rocks > Woocalla Dolomite Member > Pandurra Formation,19.0,Pandurra Formation,True,False,False,PROVISIONAL
207059,MWRC 2,137.2052756,-31.6000444,30.0,2003-03-13,,Y,Quaternary rocks > Woocalla Dolomite Member > Pandurra Formation,30.0,Pandurra Formation,True,False,False,PROVISIONAL
207057,MWRC 3,137.2057936,-31.6000994,20.0,2003-03-15,,Y,Quaternary rocks > Woocalla Dolomite Member > Pandurra Formation,20.0,Pandurra Formation,True,False,False,PROVISIONAL
207060,MWRC 4,137.2067556,-31.5993244,20.0,2003-03-20,,Y,Quaternary rocks > Woocalla Dolomite Member > Pandurra Formation,20.0,Pandurra Formation,True,False,False,PROVISIONAL
207061,MWRC 5,137.2054226,-31.5977964,20.0,2003-04-13,,Y,Woocalla Dolomite Member > Pandurra Formation,20.0,Pandurra Formation,True,False,False,PROVISIONAL
201416,MGD 33,136.9841197,-31.5632904,252.14,2004-06-01,,Y,Quaternary rocks > Tregolana Shale Member > Whyalla Sandstone > Tapley Hill Formation > Pandurra Formation,252.14,Pandurra Formation,True,False,False,PROVISIONAL
201415,MGD 32,137.0340647,-31.3443114,488.47,2004-06-23,,Y,Simmens Quartzite Member > Corraberra Sandstone Member > Tregolana Shale Member > Whyalla Sandstone > Angepena Formation > Tapley Hill Formation,488.47,Tapley Hill Formation,True,False,False,PROVISIONAL
202254,,137.0458307,-31.2108064,78.0,2004-06-23,Water,N,,,,False,False,False,PROVISIONAL
212208,MGD34,137.2500336,-31.2563724,600.5,2006-01-07,"Gold, Copper",Y,Quaternary rocks > Tregolana Shale Member > Pandurra Formation > Donington Suite > Donington Suite > Donington Suite > Donington Suite,600.5,Donington Suite,True,False,False,PROVISIONAL
218994,MGC 36,136.9859027,-31.5529794,118.0,2006-01-07,"Gold, Copper",Y,Quaternary rocks > Tregolana Shale Member > Whyalla Sandstone > Tapley Hill Formation,118.0,Tapley Hill Formation,True,False,False,PROVISIONAL
218995,MGC 37,136.9857507,-31.5457664,130.0,2006-01-10,"Gold, Copper",Y,Quaternary rocks > Tregolana Shale Member > Whyalla Sandstone > Tapley Hill Formation,130.0,Tapley Hill Formation,True,False,False,PROVISIONAL
218996,MGC 38,136.9856207,-31.5396344,100.0,2006-01-15,"Gold, Copper",Y,Quaternary rocks > Tregolana Shale Member > Whyalla Sandstone > Tapley Hill Formation,100.0,Tapley Hill Formation,True,False,False,PROVISIONAL
212209,MGD35,137.2476296,-31.2656594,560.6,2006-01-16,"Gold, Copper",Y,Quaternary rocks > Tregolana Shale Member > Pandurra Formation > Donington Suite > Donington Suite > Donington Suite,560.6,Donington Suite,True,False,False,PROVISIONAL
218997,MGC 39,136.9855787,-31.5376514,52.0,2006-01-16,"Gold, Copper",Y,Quaternary rocks > Whyalla Sandstone > Pandurra Formation,52.0,Pandurra Formation,True,False,False,PROVISIONAL
212211,MGD 41,136.9788007,-31.5458744,135.0,2006-02-03,"Gold, Copper",Y,Quaternary rocks > Tregolana Shale Member > Whyalla Sandstone > Tapley Hill Formation,135.0,Tapley Hill Formation,True,False,False,PROVISIONAL
212210,MGD 40,136.9856127,-31.5392744,92.9,2006-02-06,"Gold, Copper",Y,Quaternary rocks > Tregolana Shale Member > Whyalla Sandstone > Tapley Hill Formation > Pandurra Formation,92.9,Pandurra Formation,True,False,False,PROVISIONAL
219309,GW 67,136.8026657,-31.1489744,15.0,2006-02-21,Water,N,,,,False,False,False,PROVISIONAL
219310,GW 70,136.8036837,-31.1495264,17.5,2006-02-21,Water,N,,,,False,False,False,PROVISIONAL
219311,GW 71,136.8037187,-31.1487454,17.5,2006-02-21,Water,N,,,,False,False,False,PROVISIONAL
219312,GW 68,136.8027107,-31.1496664,16.0,2006-02-21,Water,N,,,,False,False,False,PROVISIONAL
219313,GW 69,136.8021627,-31.1492334,16.0,2006-02-22,Water,N,,,,False,False,False,PROVISIONAL
219314,GW 74,136.8036577,-31.1482304,16.0,2006-02-22,Water,N,,,,False,False,False,PROVISIONAL
219315,GW 81,136.8043457,-31.1485044,16.0,2006-02-22,Water,N,,,,False,False,False,PROVISIONAL
219328,GW 82C,136.8039777,-31.1483204,16.5,2006-02-22,Water,N,,,,False,False,False,PROVISIONAL
219329,GW 73C  MW73,136.8040997,-31.1496684,17.0,2006-02-22,Water,N,,,,False,False,False,PROVISIONAL
219307,GW 78,136.8028747,-31.1477824,17.0,2006-02-23,Water,N,,,,False,False,False,PROVISIONAL
219317,GW 83,136.8046357,-31.1490634,17.0,2006-02-23,Water,N,,,,False,False,False,PROVISIONAL
219330,GW 89C,136.8035867,-31.1434214,15.3,2006-02-23,Water,N,,,,False,False,False,PROVISIONAL
219331,GW 75C,136.8020557,-31.1480834,16.3,2006-02-23,Water,N,,,,False,False,False,PROVISIONAL
219319,GW 88,136.8036477,-31.1427974,14.0,2006-02-24,Water,N,,,,False,False,False,PROVISIONAL
219332,GW 76C,136.8017387,-31.1485904,15.1,2006-02-24,Water,N,,,,False,False,False,PROVISIONAL
219333,GW 77C,136.8026577,-31.1475244,15.0,2006-02-24,Water,N,,,,False,False,False,PROVISIONAL
219334,GW 84C,136.8030977,-31.1449124,16.1,2006-02-24,Water,N,,,,False,False,False,PROVISIONAL
219335,GW 79C,136.8032697,-31.1481554,14.2,2006-02-24,Water,N,,,,False,False,False,PROVISIONAL
219308,GW 91,136.8027507,-31.1434594,16.0,2006-02-25,Water,N,,,,False,False,False,PROVISIONAL
219320,GW 90,136.8031507,-31.1432884,14.0,2006-02-25,Water,N,,,,False,False,False,PROVISIONAL
219336,GW 105C,136.8129817,-31.1909344,40.0,2006-02-25,Water,N,,,,False,False,False,PROVISIONAL
219337,GW 97C,136.8182487,-31.2055024,9.0,2006-02-25,Water,N,,,,False,False,False,PROVISIONAL
219338,GW 102C,136.8186367,-31.2057944,9.4,2006-02-25,Water,N,,,,False,False,False,PROVISIONAL
219339,GW 98C,136.8238257,-31.4756374,10.0,2006-02-25,Water,N,,,,False,False,False,PROVISIONAL
219305,GW 80,136.8028427,-31.1482114,16.0,2006-02-26,Water,N,,,,False,False,False,PROVISIONAL
219318,GW 86,136.8023997,-31.1437604,15.0,2006-02-26,Water,N,,,,False,False,False,PROVISIONAL
219321,GW106  NRMB 08,136.8180452,-31.1605661,20.0,2006-02-26,Water,N,,,,False,False,False,PROVISIONAL
219389,GW 94C,136.8046047,-31.1431814,15.5,2006-02-26,Water,N,,,,False,False,False,PROVISIONAL
219390,GW 95C,136.8047037,-31.1443984,15.5,2006-02-26,Water,N,,,,False,False,False,PROVISIONAL
219306,GW 101,136.8186937,-31.2054714,10.0,2006-02-27,Water,N,,,,False,False,False,PROVISIONAL
219391,GW 99C,136.8188717,-31.2052754,10.0,2006-02-27,Water,N,,,,False,False,False,PROVISIONAL
219392,GW 96C,136.8184677,-31.2055314,10.0,2006-02-27,Water,N,,,,False,False,False,PROVISIONAL
219393,GW 85C,136.8022657,-31.1440004,14.0,2006-02-28,Water,N,,,,False,False,False,PROVISIONAL
219394,GW 87C,136.8023827,-31.1429094,14.0,2006-02-28,Water,N,,,,False,False,False,PROVISIONAL
219395,GW 103C,136.8186657,-31.2059674,10.0,2006-03-01,Water,N,,,,False,False,False,PROVISIONAL
219396,GW 104C,136.8186887,-31.2062374,10.0,2006-03-01,Water,N,,,,False,False,False,PROVISIONAL
219323,GW 93,136.8028667,-31.1440314,30.0,2006-03-02,Water,N,,,,False,False,False,PROVISIONAL
219324,GW 92,136.8038577,-31.1439204,30.0,2006-03-02,Water,N,,,,False,False,False,PROVISIONAL
220554,PN-06-03,137.3439916,-31.5267114,571.9,2006-06-18,"Gold, Copper",Y,Quaternary aeolian sediments > Tregolana Shale Member > Whyalla Sandstone > Tapley Hill Formation > Mesoproterozoic rocks,571.9,Mesoproterozoic rocks,True,False,False,PROVISIONAL
219316,GW72,136.8040217,-31.1491824,17.0,2006-06-22,Water,N,,,,False,False,False,PROVISIONAL
219322,GW 100,136.8188657,-31.2054174,10.0,2006-06-27,Water,N,,,,False,False,False,PROVISIONAL
262076,FTDD01,137.3105016,-31.4163674,461.9,2006-11-28,,Y,Tertiary-Pleistocene regolith/colluvial sediments > Tregolana Shale Member > Nuccaleena Formation > Whyalla Sandstone > Woocalla Dolomite Member > Tindelpina Shale Member > Pandurra Formation > Donington Suite > Gairdner Dolerite > Donington Suite > Gairdner Dolerite > Donington Suite,461.9,Donington Suite,True,False,False,PROVISIONAL
227932,BG1,136.8542667,-31.1465254,371.5,2006-12-03,"Silver, Gold, Copper, Uranium",Y,,,,False,False,False,PROVISIONAL
353854,PL1,136.8677077,-31.1436864,106.0,2006-12-08,,Y,,,,False,False,False,PROVISIONAL
237134,MGC 43,137.1944917,-31.1350424,82.0,2007-02-14,Water,Y,Simmens Quartzite Member,82.0,Simmens Quartzite Member,True,False,False,PROVISIONAL
229980,MGD 42,137.1942097,-31.1350914,1023.3,2007-03-19,,Y,Simmens Quartzite Member > Corraberra Sandstone Member > Tregolana Shale Member > Whyalla Sandstone > Heysen Supergroup > Pandurra Formation > Gawler Range Volcanics,1023.3,Gawler Range Volcanics,True,False,False,PROVISIONAL
229978,MGD44,137.2515826,-31.2676474,607.32,2007-03-29,,Y,Tregolana Shale Member > Whyalla Sandstone > Pandurra Formation > Gawler Range Volcanics > Gawler Range Volcanics > White Dam Subsuite > Donington Suite > Gawler Range Volcanics > Donington Suite > Gawler Range Volcanics > Donington Suite,607.32,Donington Suite,True,False,False,PROVISIONAL
229979,MGD45,137.2521566,-31.2511304,801.17,2007-04-12,,Y,Tregolana Shale Member > Pandurra Formation > Hiltaba Suite > Gairdner Dolerite > Hiltaba Suite > Gairdner Dolerite > Hiltaba Suite,801.17,Hiltaba Suite,True,False,False,PROVISIONAL
229981,MGD 46,137.2581956,-31.2455224,795.13,2007-04-27,,Y,Quaternary rocks > Tregolana Shale Member > Pandurra Formation > Hiltaba Suite > White Dam Subsuite > Hiltaba Suite > Hiltaba Suite > White Dam Subsuite > Hiltaba Suite,795.13,Hiltaba Suite,True,False,False,PROVISIONAL
288241,PN-07-09,137.3462006,-31.5569024,1836.8,2007-05-19,"Gold, Copper",Y,Neoproterozoic rocks > Beda Basalt > Pandurra Formation > Gairdner Dolerite > Gawler Range Volcanics > Gawler Range Volcanics > Gawler Range Volcanics > Gawler Range Volcanics > Gawler Range Volcanics > Gawler Range Volcanics > Wallaroo Group > Wallaroo Group > Wallaroo Group > Wallaroo Group > Wallaroo Group > Wallaroo Group > Wallaroo Group > Wallaroo Group > Hiltaba Suite > Wallaroo Group,1836.0,Wallaroo Group,True,False,False,PROVISIONAL
232346,PCDD1,137.2891863,-31.3783722,594.0,2007-06-06,,Y,,,,False,False,False,PROVISIONAL
262023,IHAD1,137.1176577,-31.0962514,1062.9,2007-07-23,"Gold, Base Metals",Y,,,,False,False,False,PROVISIONAL
262024,IHAD2,137.1540567,-31.0983634,1158.8,2007-08-08,"Gold, Base Metals",Y,,,,False,False,False,PROVISIONAL
262025,IHAD3,137.1385307,-31.0832884,1027.5,2007-09-05,"Gold, Base Metals",Y,Tertiary-Pleistocene rocks > Simmens Quartzite Member > Tregolana Shale Member > Whyalla Sandstone > Tapley Hill Formation > Pandurra Formation > Wallaroo Group > Wallaroo Group > Wallaroo Group,1027.5,Wallaroo Group,True,False,False,PROVISIONAL
262026,IHAD4,137.1097987,-31.0873784,1128.7,2007-09-27,"Gold, Base Metals",Y,Simmens Quartzite Member > Tregolana Shale Member > Pandurra Formation > Pandurra Formation > Pandurra Formation > Donington Suite > Donington Suite > Donington Suite,1128.7,Donington Suite,True,False,False,PROVISIONAL
262894,MGDD001,137.1794576,-31.4740624,1072.9,2007-12-09,"Gold, Copper, Iron",Y,Pandurra Formation > Gawler Range Volcanics,1072.9,Gawler Range Volcanics,True,False,False,PROVISIONAL
239072,MGD47,137.2481366,-31.2596074,561.87,2008-02-13,Copper,Y,,,,False,False,False,PROVISIONAL
237078,07WJ01,136.9486967,-31.0625554,1205.5,2008-02-20,"Silver, Gold, Copper, Rare Earths, Uranium",Y,Quaternary rocks > Simmens Quartzite Member > Corraberra Sandstone Member > Tregolana Shale Member > Whyalla Sandstone > Tapley Hill Formation > Pandurra Formation > Wandearah Formation > Gawler Range Volcanics > Wandearah Formation,1206.0,Wandearah Formation,True,False,False,PROVISIONAL
240505,PDD2,137.2900926,-31.3819184,600.0,2008-02-22,,Y,Tregolana Shale Member > Tregolana Shale Member > Nuccaleena Formation > Whyalla Sandstone > Brighton Limestone > Tapley Hill Formation > Pandurra Formation > Donington Suite > Donington Suite,600.0,Donington Suite,True,False,False,PROVISIONAL
262027,IHAD5,137.1505107,-31.0949774,1152.8,2008-02-26,"Gold, Base Metals",Y,,,,False,False,False,PROVISIONAL
237079,08WJ02,136.9136677,-31.0548084,1375.0,2008-03-01,"Silver, Gold, Copper, Rare Earths, Uranium",Y,Simmens Quartzite Member > Corraberra Sandstone Member > Tregolana Shale Member > Whyalla Sandstone > Tapley Hill Formation > Pandurra Formation > Gawler Range Volcanics,1375.0,Gawler Range Volcanics,True,False,False,PROVISIONAL
239073,MGD48,137.2517636,-31.2628814,771.6,2008-03-01,Copper,Y,,,,False,False,False,PROVISIONAL
252717,PDD3,137.2987876,-31.3771904,493.0,2008-03-09,"Base Metals, Uranium",Y,Tertiary-Pleistocene rocks > Tregolana Shale Member > Whyalla Sandstone > Brighton Limestone > Tapley Hill Formation > Pandurra Formation > Donington Suite,493.0,Donington Suite,True,False,False,PROVISIONAL
240832,MGD49,137.2010907,-31.1378874,956.43,2008-03-21,,Y,,,,False,False,False,PROVISIONAL
262028,IHAD6,137.1471547,-31.0916234,1116.7,2008-04-02,"Gold, Base Metals",Y,,,,False,False,False,PROVISIONAL
252718,PDD4,137.2671986,-31.3466174,664.0,2008-04-07,"Base Metals, Uranium",Y,Tertiary-Pleistocene rocks > Tregolana Shale Member > Tregolana Shale Member > Whyalla Sandstone > Brighton Limestone > Tapley Hill Formation > Tapley Hill Formation > Pandurra Formation > Donington Suite > Donington Suite,663.9,Donington Suite,True,False,False,PROVISIONAL
275980,IHAD7,137.1432817,-31.0946644,465.9,2008-04-09,,Y,,,,False,False,False,PROVISIONAL
262029,IHAD8,137.0134797,-31.0681634,1206.6,2008-04-10,"Gold, Base Metals",Y,,,,False,False,False,PROVISIONAL
325424,IHAD9B,137.097369,-31.0363281,1107.5,2008-06-05,"Gold, Base Metals",Y,,,,False,False,False,PROVISIONAL
348901,MGD50,137.1565501,-31.4342673,28.0,2008-07-18,Copper,Y,,,,False,False,False,PROVISIONAL
348902,MGD51,137.1565325,-31.4335009,31.9,2008-07-19,Copper,Y,,,,False,False,False,PROVISIONAL
348903,MGD52,137.1517996,-31.4335354,34.1,2008-07-20,Copper,Y,,,,False,False,False,PROVISIONAL
348904,MGD53,137.1533965,-31.4343655,32.5,2008-07-21,Copper,Y,,,,False,False,False,PROVISIONAL
348905,MGD54,137.1549759,-31.4344291,28.0,2008-07-22,Copper,Y,,,,False,False,False,PROVISIONAL
254454,MGD55,137.1403157,-31.1166324,1107.3,2009-07-31,,Y,Simmens Quartzite Member > Corraberra Sandstone Member > Tregolana Shale Member > Pandurra Formation > Wandearah Formation unit 2 > Wandearah Formation,1107.32,Wandearah Formation,True,False,False,PROVISIONAL
254455,MGD56,137.1101217,-31.1261514,1181.1,2009-08-31,,Y,Simmens Quartzite Member > Corraberra Sandstone Member > Tregolana Shale Member > Pandurra Formation > Gawler Range Volcanics > Gawler Range Volcanics > Gawler Range Volcanics > Hiltaba Suite,1181.1,Hiltaba Suite,True,False,False,PROVISIONAL
344169,MGD58,137.1551961,-31.4339384,32.6,2010-03-17,Copper,Y,,,,False,False,False,PROVISIONAL
344170,MGD59,137.1541286,-31.4337218,32.8,2010-03-18,Copper,Y,,,,False,False,False,PROVISIONAL
344171,MGD60,137.1525831,-31.4337568,34.98,2010-03-19,Copper,Y,,,,False,False,False,PROVISIONAL
344172,MGD61,137.150927,-31.4344791,34.9,2010-03-20,Copper,Y,,,,False,False,False,PROVISIONAL
344173,MGD62,137.1528715,-31.4353304,35.55,2010-03-23,Copper,Y,,,,False,False,False,PROVISIONAL
344174,MGD63,137.1395762,-31.3913925,71.9,2010-03-24,Copper,Y,,,,False,False,False,PROVISIONAL
344175,MGD64,137.1353655,-31.3879269,83.9,2010-03-27,Copper,Y,,,,False,False,False,PROVISIONAL
344176,MGD65,137.1302303,-31.3863438,92.9,2010-04-11,Copper,Y,,,,False,False,False,PROVISIONAL
344177,MGD66,137.1306676,-31.3908103,79.53,2010-04-14,Copper,Y,,,,False,False,False,PROVISIONAL
344178,MGD67,137.1392001,-31.3975232,67.22,2010-04-18,Copper,Y,,,,False,False,False,PROVISIONAL
262487,MGD57,137.153172,-31.1055943,1242.9,2010-05-01,,Y,Simmens Quartzite Member > Corraberra Sandstone Member > Tregolana Shale Member > Whyalla Sandstone > Tapley Hill Formation > Pandurra Formation > Donington Suite > Donington Suite > Donington Suite > Wandearah Formation unit 2 > Donington Suite > Wandearah Formation unit 2,1242.87,Wandearah Formation unit 2,True,False,False,PROVISIONAL
352397,RS1,136.8354212,-31.1515446,120.0,2010-05-19,"Gold, Copper, Iron, Uranium",Y,Tregolana Shale Member,120.0,Tregolana Shale Member,True,False,False,PROVISIONAL
264089,ODS001,137.2184967,-31.0454054,993.8,2011-06-13,"Base Metals, Copper, Uranium",Y,Corraberra Sandstone Member > Tregolana Shale Member > Pandurra Formation > Donington Suite,986.5,Donington Suite,True,False,False,PROVISIONAL
280415,WJE001,137.0068767,-31.0696104,1053.6,2011-07-14,"Gold, Base Metals",Y,Tertiary-Pleistocene rocks > Corraberra Sandstone Member > Tregolana Shale Member > Whyalla Sandstone > Tapley Hill Formation > Wandearah Formation,1053.6,Wandearah Formation,True,False,False,PROVISIONAL
340223,MGD68,137.1499721,-31.1254739,1043.6,2011-09-02,"Gold, Copper, Iron, Uranium",Y,Corraberra Sandstone Member > Tregolana Shale Member > Pandurra Formation > Pandurra Formation > Pandurra Formation > Gawler Range Volcanics > Gawler Range Volcanics > Donington Suite,1043.6,Donington Suite,True,False,False,PROVISIONAL
340224,MGD69,137.1288089,-31.112151,1077.5,2011-10-03,"Gold, Copper, Iron, Uranium",Y,Corraberra Sandstone Member > Tregolana Shale Member > Pandurra Formation > Pandurra Formation > Wandearah Formation unit 2 > Wandearah Formation > Wandearah Formation > Wandearah Formation,1076.1,Wandearah Formation,True,False,False,PROVISIONAL
272697,BHDD01,137.3470546,-31.2910384,766.5,2011-11-24,,Y,Quaternary rocks > Tregolana Shale Member > Whyalla Sandstone > Woocalla Dolomite Member > Tindelpina Shale Member > Pandurra Formation > Donington Suite,766.5,Donington Suite,True,False,False,PROVISIONAL
279637,LHD001,137.0391247,-31.3469734,1275.6,2012-02-08,"Gold, Copper, Iron",Y,Simmens Quartzite Member > Corraberra Sandstone Member > Tregolana Shale Member > Whyalla Sandstone > Yudnamutana Subgroup > Tapley Hill Formation > Pandurra Formation > Pandurra Formation unit 1 > Wallaroo Group,1275.6,Wallaroo Group,True,False,False,PROVISIONAL
335952,UWJDD001,136.8971025,-31.061196,1284.15,2012-02-26,"Gold, Copper, Iron Ore, Uranium",Y,,,,False,False,False,PROVISIONAL
279638,LHD002,137.0391977,-31.3469364,1395.3,2012-03-06,"Gold, Copper, Iron",Y,Simmens Quartzite Member > Corraberra Sandstone Member > Tregolana Shale Member > Whyalla Sandstone > Yudnamutana Subgroup > Tapley Hill Formation > Gairdner Dolerite > Gairdner Dolerite > Pandurra Formation > Pandurra Formation unit 1 > Wallaroo Group,1395.3,Wallaroo Group,True,False,False,PROVISIONAL
280416,WJE002,137.0086107,-31.0698264,1006.0,2012-05-31,"Gold, Base Metals",Y,Simmens Quartzite Member > Tregolana Shale Member > Whyalla Sandstone > Tapley Hill Formation > Wandearah Formation,1006.0,Wandearah Formation,True,False,False,PROVISIONAL
280417,WJE003,137.0133187,-31.0679854,1050.9,2012-07-01,"Gold, Base Metals",Y,Simmens Quartzite Member > Tregolana Shale Member > Whyalla Sandstone > Tapley Hill Formation,883.6,Tapley Hill Formation,True,False,False,PROVISIONAL
335381,MGD70,137.1981239,-31.3711809,997.7,2012-08-05,"Gold, Copper, Iron",Y,,,,False,False,False,PROVISIONAL
277607,ENV W1,137.3304646,-31.3014694,550.0,2013-09-18,Water,N,,,,False,False,False,PROVISIONAL
279578,ENV N4,136.9895447,-31.0716654,168.0,2013-11-05,Water,N,,,,False,False,False,PROVISIONAL
279574,ENV N8,136.9477077,-31.0561744,399.0,2013-12-09,Water,N,,,,False,False,False,PROVISIONAL
293716,PHDD1401,137.3464356,-31.2935934,989.03,2014-10-17,"Gold, Copper, Iron Ore",Y,,,,False,False,False,PROVISIONAL
290582,15RTDD-BS1,137.0927717,-31.0885494,1098.0,2015-11-07,"Gold, Copper, Iron",Y,Simmens Quartzite Member > Tregolana Shale Member > Nuccaleena Formation > Whyalla Sandstone > Pandurra Formation > Donington Suite > Donington Suite,1098.0,Donington Suite,True,False,False,PROVISIONAL
300801,17WTRDDH01,137.1146657,-31.0946414,962.9,2017-05-26,"Gold, Copper, Iron, Uranium",Y,,,,False,False,False,PROVISIONAL
300802,17WTRDDH02,137.1674607,-31.0889834,954.7,2017-06-10,"Gold, Copper, Iron, Uranium",Y,,,,False,False,False,PROVISIONAL
303640,,137.2296026,-31.3562424,245.0,2017-06-10,,N,,,,False,False,False,PROVISIONAL
303654,,137.2603916,-31.3480544,347.0,2017-06-14,,N,,,,False,False,False,PROVISIONAL
300803,17WTRDDH03,137.1806307,-31.0304914,1029.6,2017-06-29,"Gold, Copper, Iron, Uranium",Y,,,,False,False,False,PROVISIONAL
304203,,137.0919127,-31.4667014,115.0,2017-07-11,,N,,,,False,False,False,PROVISIONAL
384215,MG14DD012,137.1397272,-31.4263841,60.76,2017-09-01,"Cobalt, Copper",Y,,,,False,False,False,PROVISIONAL
384216,MG14DD013,137.1417709,-31.4281955,50.8,2017-09-01,"Cobalt, Copper",Y,,,,False,False,False,PROVISIONAL
384208,MG14DD005,137.1486064,-31.4335792,37.7,2017-09-02,"Cobalt, Copper",Y,,,,False,False,False,PROVISIONAL
384214,MG14DD011,137.1490425,-31.4333174,39.1,2017-09-02,"Cobalt, Copper",Y,,,,False,False,False,PROVISIONAL
384210,MG14DD007,137.150996,-31.4351331,35.45,2017-09-03,"Cobalt, Copper",Y,,,,False,False,False,PROVISIONAL
384213,MG14DD010,137.1528678,-31.4350693,35.63,2017-09-03,"Cobalt, Copper",Y,,,,False,False,False,PROVISIONAL
384217,MG14DD014,137.1494947,-31.4351612,35.54,2017-09-03,"Cobalt, Copper",Y,,,,False,False,False,PROVISIONAL
384207,MG14DD004,137.1530693,-31.4342802,36.2,2017-09-04,"Cobalt, Copper",Y,,,,False,False,False,PROVISIONAL
384209,MG14DD006,137.1504541,-31.4348953,36.1,2017-09-04,"Cobalt, Copper",Y,,,,False,False,False,PROVISIONAL
384212,MG14DD009,137.1542055,-31.4343901,29.36,2017-09-04,"Cobalt, Copper",Y,,,,False,False,False,PROVISIONAL
384218,MG14DD015,137.1508608,-31.4346885,35.8,2017-09-04,"Cobalt, Copper",Y,,,,False,False,False,PROVISIONAL
384204,MG14DD001,137.1541306,-31.4339604,27.5,2017-09-05,"Cobalt, Copper",Y,,,,False,False,False,PROVISIONAL
384205,MG14DD002,137.1555386,-31.4344298,28.9,2017-09-05,"Cobalt, Copper",Y,,,,False,False,False,PROVISIONAL
384206,MG14DD003,137.1561915,-31.4338557,26.5,2017-09-05,"Cobalt, Copper",Y,,,,False,False,False,PROVISIONAL
384211,MG14DD008,137.1515218,-31.4344475,32.4,2017-09-05,"Cobalt, Copper",Y,,,,False,False,False,PROVISIONAL
384219,MG14DD016,137.1542587,-31.4344483,29.26,2017-09-05,"Cobalt, Copper",Y,,,,False,False,False,PROVISIONAL
384227,WB017,137.1364267,-31.3901652,86.0,2017-09-16,"Cobalt, Copper",Y,,,,False,False,False,PROVISIONAL
384229,WB019,137.1374039,-31.3919019,77.8,2017-09-16,"Cobalt, Copper",Y,,,,False,False,False,PROVISIONAL
384231,WB024,137.1405388,-31.3917509,73.5,2017-09-16,"Cobalt, Copper",Y,,,,False,False,False,PROVISIONAL
384230,WB023,137.135358,-31.3913989,84.7,2017-09-17,"Cobalt, Copper",Y,,,,False,False,False,PROVISIONAL
384232,WB025,137.1377215,-31.3933298,70.4,2017-09-17,"Cobalt, Copper",Y,,,,False,False,False,PROVISIONAL
384233,WB026,137.1336625,-31.3908667,85.6,2017-09-17,"Cobalt, Copper",Y,,,,False,False,False,PROVISIONAL
384236,WB029,137.1336968,-31.3927571,79.5,2017-09-17,"Cobalt, Copper",Y,,,,False,False,False,PROVISIONAL
384220,WB007,137.1211335,-31.385709,76.1,2017-09-18,"Cobalt, Copper",Y,,,,False,False,False,PROVISIONAL
384221,WB008,137.1239728,-31.386066,85.4,2017-09-18,"Cobalt, Copper",Y,,,,False,False,False,PROVISIONAL
384225,WB015,137.1282056,-31.3906928,67.2,2017-09-18,"Cobalt, Copper",Y,,,,False,False,False,PROVISIONAL
384226,WB016,137.1322752,-31.3895691,89.2,2017-09-18,"Cobalt, Copper",Y,,,,False,False,False,PROVISIONAL
384228,WB018,137.1383714,-31.3882027,91.9,2017-09-19,"Cobalt, Copper",Y,,,,False,False,False,PROVISIONAL
384234,WB027,137.1354902,-31.3863381,89.8,2017-09-19,"Cobalt, Copper",Y,,,,False,False,False,PROVISIONAL
384235,WB028,137.1395923,-31.3874311,87.6,2017-09-19,"Cobalt, Copper",Y,,,,False,False,False,PROVISIONAL
384237,WB030,137.1309652,-31.387679,82.1,2017-09-19,"Cobalt, Copper",Y,,,,False,False,False,PROVISIONAL
384222,WB009,137.1260505,-31.3852828,87.2,2017-09-20,"Cobalt, Copper",Y,,,,False,False,False,PROVISIONAL
384223,WB010,137.1227639,-31.3871161,5.0,2017-09-20,"Cobalt, Copper",Y,,,,False,False,False,PROVISIONAL
384224,WB010-A,137.1228179,-31.3871239,68.8,2017-09-20,"Cobalt, Copper",Y,,,,False,False,False,PROVISIONAL
305871,,137.3414146,-31.0493844,371.0,2017-10-21,,N,,,,False,False,False,PROVISIONAL
314566,17WTRDDH05,137.0380207,-31.0641694,1084.9,2017-11-12,,Y,,,,False,False,False,PROVISIONAL
312579,,136.7774755,-31.3262212,5.3,2018-03-15,,N,,,,False,False,False,PROVISIONAL
312580,,136.7788832,-31.3262017,4.5,2018-03-16,,N,,,,False,False,False,PROVISIONAL
312581,,136.7761223,-31.324111,5.0,2018-03-16,,N,,,,False,False,False,PROVISIONAL
312594,NRMB 10,136.7774851,-31.3239388,7.0,2018-03-19,,N,,,,False,False,False,PROVISIONAL
307488,,137.3036757,-31.0114054,364.0,2018-03-23,,N,,,,False,False,False,PROVISIONAL
307563,,137.3036827,-31.0112604,420.0,2018-04-23,,N,,,,False,False,False,PROVISIONAL
326070,,136.8062961,-31.1464563,40.0,2018-05-03,,N,,,,False,False,False,PROVISIONAL
326071,,136.8067611,-31.1476901,20.0,2018-05-10,,N,,,,False,False,False,PROVISIONAL
326074,,136.805993,-31.149719,16.5,2018-05-23,,N,,,,False,False,False,PROVISIONAL
326076,,136.8068342,-31.1504956,17.0,2018-05-23,,N,,,,False,False,False,PROVISIONAL
326073,,136.8083732,-31.1472472,18.0,2018-05-24,,N,,,,False,False,False,PROVISIONAL
326075,,136.8082158,-31.156688,18.0,2018-05-24,,N,,,,False,False,False,PROVISIONAL
326077,,136.8073495,-31.1578593,20.0,2018-05-25,,N,,,,False,False,False,PROVISIONAL
326384,,136.8079015,-31.1576485,20.0,2018-05-29,,N,,,,False,False,False,PROVISIONAL
326078,,136.8181505,-31.2061402,20.0,2018-05-30,,N,,,,False,False,False,PROVISIONAL
326069,,136.8273708,-31.2010281,30.0,2018-06-01,,N,,,,False,False,False,PROVISIONAL
312578,,136.777753,-31.3236554,8.0,2018-08-15,,N,,,,False,False,False,PROVISIONAL
325503,,137.3415444,-31.0493454,392.0,2018-11-24,,N,,,,False,False,False,PROVISIONAL
314386,,137.1442412,-31.3435637,36.5,2018-12-15,,N,,,,False,False,False,PROVISIONAL
325536,,137.3415444,-31.0493454,392.0,2019-02-12,,N,,,,False,False,False,PROVISIONAL
325569,ENV-N11,137.1163846,-31.010869,396.0,2019-07-25,Water,N,,,,False,False,False,PROVISIONAL
325570,ENV-N10,137.1160973,-31.0110225,144.0,2019-07-25,Water,N,,,,False,False,False,PROVISIONAL
332474,,137.3315755,-31.122251,504.0,2019-10-06,,N,,,,False,False,False,PROVISIONAL
332495,,137.2973176,-31.0523417,500.0,2019-10-26,,N,,,,False,False,False,PROVISIONAL
332488,,137.2860886,-31.0454156,500.0,2019-11-05,,N,,,,False,False,False,PROVISIONAL
346002,,136.8438616,-31.1817022,24.0,2020-09-08,,N,,,,False,False,False,PROVISIONAL
346000,,136.8036146,-31.1452599,15.0,2020-09-09,,N,,,,False,False,False,PROVISIONAL
355070,,136.8468763,-31.1824166,18.0,2021-04-28,,N,,,,False,False,False,PROVISIONAL
355071,,136.8452396,-31.1829634,8.0,2021-04-28,,N,,,,False,False,False,PROVISIONAL
376694,PSDDH01,137.2977604,-31.5061753,1110.5,2021-12-15,"Silver, Cobalt, Copper",Y,,,,False,False,False,PROVISIONAL
376695,PSDDH02,137.2991124,-31.5063585,998.8,2022-03-01,"Silver, Cobalt, Copper",Y,,,,False,False,False,PROVISIONAL
387781,NT 37,137.3292849,-31.076969,550.0,2023-03-08,,N,,,,False,False,False,PROVISIONAL
387265,,137.1973516,-31.2768698,500.0,2024-01-22,,N,,,,False,False,False,PROVISIONAL
392332,ADHY09,137.1229777,-31.0003464,500.0,2025-01-23,,N,,,,False,False,False,PROVISIONAL
392333,ADHY09 - A,137.1229777,-31.0003464,107.0,2025-01-23,,N,,,,False,False,False,PROVISIONAL
18040,ARCOONA STN,136.7792037,-31.1691744,,,Water,N,,,,False,False,False,PROVISIONAL
18065,WHITE WELL,136.8102877,-31.3072354,,,Water,N,,,,False,False,False,PROVISIONAL
20552,,137.1162687,-31.5654944,,,Water,N,,,,False,False,False,PROVISIONAL
20553,SELBY DAM,137.1208196,-31.6263894,,,Water,N,,,,False,False,False,PROVISIONAL
20558,FLYNNS WELL,137.1447636,-31.6591814,,,Water,N,,,,False,False,False,PROVISIONAL
20569,,137.3011576,-31.6653574,,,Water,N,,,,False,False,False,PROVISIONAL
20570,POND DAM,137.3369206,-31.6382094,,,Water,N,,,,False,False,False,PROVISIONAL
20571,POND WELL,137.3467336,-31.6302014,,,Water,N,,,,False,False,False,PROVISIONAL
20598,NONNING PASTORAL CO. PTY. LTD,137.0181937,-31.6553774,,,Water,N,,,,False,False,False,PROVISIONAL
20612,WINJABY LAKE,137.0179287,-31.0546554,,,Water,N,,,,False,False,False,PROVISIONAL
20616,ARCOONA STN,137.0530457,-31.0202014,,,Water,N,,,,False,False,False,PROVISIONAL
20627,CON RYANS WELL,137.1251237,-31.1401594,,,Water,N,,,,False,False,False,PROVISIONAL
20628,SOAKAGE WELL,137.1148297,-31.1620044,,,Water,N,,,,False,False,False,PROVISIONAL
20635,GORGE WELL,137.3210166,-31.2056044,,,Water,N,,,,False,False,False,PROVISIONAL
20640,WORKS & HOUSING DEPT.,137.0595977,-31.0102374,,,Water,N,,,,False,False,False,PROVISIONAL
20647,NAVVYS HOLE,137.0191737,-31.4651484,,,Water,N,,,,False,False,False,PROVISIONAL
20665,,137.0911207,-31.4689644,71.93,,Water,N,,,,False,False,False,PROVISIONAL
20677,,137.1867196,-31.4468744,,,Water,N,,,,False,False,False,PROVISIONAL
20678,,137.1979636,-31.4404664,,,Water,N,,,,False,False,False,PROVISIONAL
20689,,137.2091667,-31.2110114,,,Water,N,,,,False,False,False,PROVISIONAL
20690,,137.2091667,-31.2110114,,,Water,N,,,,False,False,False,PROVISIONAL
20691,,137.2091637,-31.2109554,,,Water,N,,,,False,False,False,PROVISIONAL
20692,,137.2091667,-31.2110114,,,Water,N,,,,False,False,False,PROVISIONAL
20693,,137.2091637,-31.2109554,,,Water,N,,,,False,False,False,PROVISIONAL
20694,,137.2091667,-31.2110114,,,Water,N,,,,False,False,False,PROVISIONAL
20695,,137.2091637,-31.2109554,,,Water,N,,,,False,False,False,PROVISIONAL
20696,,137.2091637,-31.2109554,,,Water,N,,,,False,False,False,PROVISIONAL
20697,,137.2091667,-31.2110114,,,Water,N,,,,False,False,False,PROVISIONAL
20698,,137.2091637,-31.2109554,,,Water,N,,,,False,False,False,PROVISIONAL
20701,,137.0785097,-31.4730284,,,Water,N,,,,False,False,False,PROVISIONAL
20702,,137.0785097,-31.4730284,,,Water,N,,,,False,False,False,PROVISIONAL
