DRILLHOLE_NO,DEPTH_FROM_M,DEPTH_TO_M,GIS_CODE,STRAT_UNIT_NAME,MAJOR_LITHOLOGY,age_class,is_pre_adelaidean,is_pandurra,is_crystalline_basement,DH_NAME,drill_date,dist_od_km
4062,0.0,3.66,I---cb,Bridgewater Formation,Limestone,post-Cambrian cover,False,False,False,,1949-09-08,352.1
4062,3.66,17.68,eI-i-g,Garford Formation,Sand,post-Cambrian cover,False,False,False,,1949-09-08,352.1
4062,17.68,18.26,M-th,Hiltaba Suite,Granite,Mesoproterozoic,True,False,True,,1949-09-08,352.1
4063,0.0,4.0,I---cb,Bridgewater Formation,Limestone,post-Cambrian cover,False,False,False,,1949-09-16,351.4
4063,4.0,18.0,eI-i-g,Garford Formation,Sand,post-Cambrian cover,False,False,False,,1949-09-16,351.4
4063,18.0,20.12,M-th,Hiltaba Suite,Granite,Mesoproterozoic,True,False,True,,1949-09-16,351.4
4066,0.0,5.49,I---cb,Bridgewater Formation,Limestone,post-Cambrian cover,False,False,False,,1958-09-05,353.5
4066,5.49,24.3,eI-i-g,Garford Formation,Sand,post-Cambrian cover,False,False,False,,1958-09-05,353.5
4066,24.3,36.58,M-th,Hiltaba Suite,Granite,Mesoproterozoic,True,False,True,,1958-09-05,353.5
4067,0.0,17.0,I---cb,Bridgewater Formation,Limestone,post-Cambrian cover,False,False,False,,1953-10-03,349.6
4067,17.0,28.04,eI-i-g,Garford Formation,Sandstone,post-Cambrian cover,False,False,False,,1953-10-03,349.6
4067,28.04,36.5,M-th,Hiltaba Suite,Granite,Mesoproterozoic,True,False,True,,1953-10-03,349.6
4127,0.0,19.81,I---cb,Bridgewater Formation,Limestone,post-Cambrian cover,False,False,False,,1956-12-20,355.0
4127,19.81,36.58,eI-i-g,Garford Formation,Sand,post-Cambrian cover,False,False,False,,1956-12-20,355.0
4127,36.58,40.2,Y--p,St Peter Suite,Granite,Palaeoproterozoic,True,False,True,,1956-12-20,355.0
4159,0.0,10.36,I---cb,Bridgewater Formation,Limestone,post-Cambrian cover,False,False,False,,1954-02-25,355.3
4159,10.36,41.25,eI-i-g,Garford Formation,Sand,post-Cambrian cover,False,False,False,,1954-02-25,355.3
4159,41.25,42.65,M-th,Hiltaba Suite,Granite,Mesoproterozoic,True,False,True,,1954-02-25,355.3
4164,0.0,4.27,I---cb,Bridgewater Formation,Limestone,post-Cambrian cover,False,False,False,,1950-05-30,354.2
4164,4.27,36.88,eI-i-g,Garford Formation,Sand,post-Cambrian cover,False,False,False,,1950-05-30,354.2
4164,36.88,37.19,M-th,Hiltaba Suite,Granite,Mesoproterozoic,True,False,True,,1950-05-30,354.2
4181,0.0,11.58,I---cb,Bridgewater Formation,Limestone,post-Cambrian cover,False,False,False,,1956-03-09,360.7
4181,11.58,18.29,eI-i-g,Garford Formation,Sand,post-Cambrian cover,False,False,False,,1956-03-09,360.7
4181,18.29,20.0,Y--p,St Peter Suite,Granite,Palaeoproterozoic,True,False,True,,1956-03-09,360.7
4193,0.0,8.23,I---ew,Wiabuna Formation,Gravel,post-Cambrian cover,False,False,False,DEPT OF MINES,1967-05-02,359.8
4193,8.23,,Y--p,St Peter Suite,Granite,Palaeoproterozoic,True,False,True,DEPT OF MINES,1967-05-02,359.8
5051,0.0,2.5,IH,Quaternary rocks,Sand,post-Cambrian cover,False,False,False,COMM RAILWAYS (A169) 15,1972-03-27,267.1
5051,2.5,37.5,JK------01,Jurassic-Cretaceous unit 1,Sandstone,post-Cambrian cover,False,False,False,COMM RAILWAYS (A169) 15,1972-03-27,267.1
5051,37.5,38.7,AYm,Mulgathing Complex,Felsic Intrusive,Archaean,True,False,True,COMM RAILWAYS (A169) 15,1972-03-27,267.1
5145,0.0,60.96,K--rmb,Bulldog Shale,Shale,post-Cambrian cover,False,False,False,MOUNT FURNER 1,1969-06-17,350.4
5145,60.96,105.16,K----c,Cadna-owie Formation,Sandstone,post-Cambrian cover,False,False,False,MOUNT FURNER 1,1969-06-17,350.4
5145,105.16,132.59,JK---a,Algebuckina Sandstone,Sandstone,post-Cambrian cover,False,False,False,MOUNT FURNER 1,1969-06-17,350.4
5145,132.59,521.21,P----t,Mount Toondina Formation,Sandstone,post-Cambrian cover,False,False,False,MOUNT FURNER 1,1969-06-17,350.4
5145,521.21,548.64,P----s,Stuart Range Formation,Claystone,post-Cambrian cover,False,False,False,MOUNT FURNER 1,1969-06-17,350.4
5145,548.64,555.04,AYm,Mulgathing Complex,Gneiss,Archaean,True,False,True,MOUNT FURNER 1,1969-06-17,350.4
6092,0.0,3.05,I---cb,Bridgewater Formation,Limestone,post-Cambrian cover,False,False,False,E&WS - KUDDLEBA BORE,1913-08-01,311.7
6092,3.05,22.05,eI-i-g,Garford Formation,Clay (Undiff. Origin),post-Cambrian cover,False,False,False,E&WS - KUDDLEBA BORE,1913-08-01,311.7
6092,22.25,27.4,Y--p,St Peter Suite,Granite,Palaeoproterozoic,True,False,True,E&WS - KUDDLEBA BORE,1913-08-01,311.7
6100,0.0,7.0,I---cb,Bridgewater Formation,Limestone,post-Cambrian cover,False,False,False,,1948-11-08,327.8
6100,7.0,43.89,eI-i-g,Garford Formation,Sand,post-Cambrian cover,False,False,False,,1948-11-08,327.8
6100,43.89,57.0,M-th,Hiltaba Suite,Clay (Undiff. Origin),Mesoproterozoic,True,False,True,,1948-11-08,327.8
6100,57.0,58.0,M-th,Hiltaba Suite,Granite,Mesoproterozoic,True,False,True,,1948-11-08,327.8
6109,0.0,10.67,I---cb,Bridgewater Formation,Limestone,post-Cambrian cover,False,False,False,HIGHWAYS AND LOCAL GOVT DEPT,1963-12-06,323.2
6109,10.67,47.24,I---cb,Bridgewater Formation,Sandstone,post-Cambrian cover,False,False,False,HIGHWAYS AND LOCAL GOVT DEPT,1963-12-06,323.2
6109,47.24,51.82,Y--p,St Peter Suite,Clay (Undiff. Origin),Palaeoproterozoic,True,False,True,HIGHWAYS AND LOCAL GOVT DEPT,1963-12-06,323.2
6129,0.0,4.27,I---cb,Bridgewater Formation,Limestone,post-Cambrian cover,False,False,False,,1950-07-06,333.7
6129,4.27,35.57,eI-i-g,Garford Formation,Sand,post-Cambrian cover,False,False,False,,1950-07-06,333.7
6129,35.57,46.02,M-th,Hiltaba Suite,Clay (Undiff. Origin),Mesoproterozoic,True,False,True,,1950-07-06,333.7
6141,0.0,10.67,I---cb,Bridgewater Formation,Limestone,post-Cambrian cover,False,False,False,,1954-02-19,330.7
6141,10.67,44.81,eI-i-g,Garford Formation,Sand,post-Cambrian cover,False,False,False,,1954-02-19,330.7
6141,44.81,45.7,M-th,Hiltaba Suite,Granite,Mesoproterozoic,True,False,True,,1954-02-19,330.7
6144,0.0,1.2,IH,Quaternary rocks,Clay (Sedimentary),post-Cambrian cover,False,False,False,,1958-11-05,332.9
6144,1.2,4.8,I---cb,Bridgewater Formation,Limestone,post-Cambrian cover,False,False,False,,1958-11-05,332.9
6144,4.8,18.2,eI-i-g,Garford Formation,Sand,post-Cambrian cover,False,False,False,,1958-11-05,332.9
6144,18.2,47.2,M-th,Hiltaba Suite,Granite,Mesoproterozoic,True,False,True,,1958-11-05,332.9
6151,0.0,5.5,I---cb,Bridgewater Formation,Limestone,post-Cambrian cover,False,False,False,,1955-03-02,336.8
6151,5.5,25.0,eI-i-g,Garford Formation,Clay (Sedimentary),post-Cambrian cover,False,False,False,,1955-03-02,336.8
6151,25.0,53.3,M-th,Hiltaba Suite,Clay (Sedimentary),Mesoproterozoic,True,False,True,,1955-03-02,336.8
6226,0.0,3.05,I---cb,Bridgewater Formation,Limestone,post-Cambrian cover,False,False,False,,1954-02-05,345.4
6226,3.05,32.0,eI-i-g,Garford Formation,Sand,post-Cambrian cover,False,False,False,,1954-02-05,345.4
6226,32.0,39.0,Y--p,St Peter Suite,Clay (Undiff. Origin),Palaeoproterozoic,True,False,True,,1954-02-05,345.4
6233,0.0,6.1,I---cb,Bridgewater Formation,Limestone,post-Cambrian cover,False,False,False,,1952-05-13,338.1
6233,6.1,30.5,eI-i-g,Garford Formation,Clay (Sedimentary),post-Cambrian cover,False,False,False,,1952-05-13,338.1
6233,30.5,36.0,M-th,Hiltaba Suite,Clay (Sedimentary),Mesoproterozoic,True,False,True,,1952-05-13,338.1
6234,0.0,1.8,I---cb,Bridgewater Formation,Limestone,post-Cambrian cover,False,False,False,,1955-03-16,338.7
6234,1.8,6.1,eI-i-g,Garford Formation,Sand,post-Cambrian cover,False,False,False,,1955-03-16,338.7
6234,6.1,33.5,M-th,Hiltaba Suite,Granite,Mesoproterozoic,True,False,True,,1955-03-16,338.7
6235,0.0,15.2,IH,Quaternary rocks,,post-Cambrian cover,False,False,False,,1929-08-13,337.5
6235,15.2,45.7,ap,Tertiary rocks,,post-Cambrian cover,False,False,False,,1929-08-13,337.5
6235,45.7,51.8,M-th,Hiltaba Suite,,Mesoproterozoic,True,False,True,,1929-08-13,337.5
6236,0.0,1.8,IH,Quaternary rocks,,post-Cambrian cover,False,False,False,,1948-06-28,337.0
6236,1.8,3.0,I---cb,Bridgewater Formation,,post-Cambrian cover,False,False,False,,1948-06-28,337.0
6236,3.0,51.8,eI-i-g,Garford Formation,,post-Cambrian cover,False,False,False,,1948-06-28,337.0
6236,51.8,53.3,M-th,Hiltaba Suite,,Mesoproterozoic,True,False,True,,1948-06-28,337.0
6237,0.0,1.8,IH,Quaternary rocks,,post-Cambrian cover,False,False,False,,1948-07-15,337.1
6237,1.8,2.7,I---cb,Bridgewater Formation,,post-Cambrian cover,False,False,False,,1948-07-15,337.1
6237,2.7,33.8,eI-i-g,Garford Formation,,post-Cambrian cover,False,False,False,,1948-07-15,337.1
6237,33.8,49.4,M-th,Hiltaba Suite,,Mesoproterozoic,True,False,True,,1948-07-15,337.1
6248,0.0,4.27,I---cb,Bridgewater Formation,Limestone,post-Cambrian cover,False,False,False,,1952-12-16,346.9
6248,4.27,15.24,eI-i-g,Garford Formation,Sand,post-Cambrian cover,False,False,False,,1952-12-16,346.9
6248,15.24,28.65,M-th,Hiltaba Suite,Clay (Undiff. Origin),Mesoproterozoic,True,False,True,,1952-12-16,346.9
6248,28.65,30.0,M-th,Hiltaba Suite,Granite,Mesoproterozoic,True,False,True,,1952-12-16,346.9
6363,0.0,44.2,Y--t-t,Tarcoola Formation,Quartzite,Palaeoproterozoic,True,False,True,TD 1 SADME,1965-05-17,226.5
6363,44.2,50.7,Y--t-tp,Peela Conglomerate Member,Conglomerate,Palaeoproterozoic,True,False,True,TD 1 SADME,1965-05-17,226.5
6363,50.7,64.01,M-th,Hiltaba Suite,Granite,Mesoproterozoic,True,False,True,TD 1 SADME,1965-05-17,226.5
6364,0.0,40.1,Y--t-t,Tarcoola Formation,Quartzite,Palaeoproterozoic,True,False,True,TD 2 SADME,1965-06-12,226.5
6364,40.1,45.9,Y--t-tp,Peela Conglomerate Member,Conglomerate,Palaeoproterozoic,True,False,True,TD 2 SADME,1965-06-12,226.5
6364,45.9,61.26,M-th,Hiltaba Suite,Granite,Mesoproterozoic,True,False,True,TD 2 SADME,1965-06-12,226.5
6365,0.0,19.8,Y--t-t,Tarcoola Formation,Quartzite,Palaeoproterozoic,True,False,True,TD 3 SADME,1965-07-14,226.5
6365,19.8,32.9,Y--t-tp,Peela Conglomerate Member,Conglomerate,Palaeoproterozoic,True,False,True,TD 3 SADME,1965-07-14,226.5
6365,32.9,41.15,AYm,Mulgathing Complex,Adamellite,Archaean,True,False,True,TD 3 SADME,1965-07-14,226.5
6370,0.0,3.0,IH,Quaternary rocks,Sand,post-Cambrian cover,False,False,False,COMM RAILWAYS (A9) 9,1972-01-14,228.9
6370,3.0,12.0,IH,Quaternary rocks,Sand,post-Cambrian cover,False,False,False,COMM RAILWAYS (A9) 9,1972-01-14,228.9
6370,12.0,21.0,Y--t-t,Tarcoola Formation,Clay (Undiff. Origin),Palaeoproterozoic,True,False,True,COMM RAILWAYS (A9) 9,1972-01-14,228.9
6371,0.0,3.0,IH,Quaternary rocks,Sand,post-Cambrian cover,False,False,False,COMM RAILWAYS 182,1972-01-17,229.1
6371,3.0,49.0,CP,Carboniferous-Permian rocks,Clay (Undiff. Origin),post-Cambrian cover,False,False,False,COMM RAILWAYS 182,1972-01-17,229.1
6371,49.0,54.0,AYm,Mulgathing Complex,,Archaean,True,False,True,COMM RAILWAYS 182,1972-01-17,229.1
6371,54.0,57.0,AYm,Mulgathing Complex,Granite,Archaean,True,False,True,COMM RAILWAYS 182,1972-01-17,229.1
6381,0.0,1.5,IH,Quaternary rocks,Calcrete,post-Cambrian cover,False,False,False,TD 4 SADME,1966-06-10,225.9
6381,1.5,76.55,Y--t-t,Tarcoola Formation,Quartzite,Palaeoproterozoic,True,False,True,TD 4 SADME,1966-06-10,225.9
6382,0.0,15.7,------ns,no sample,,post-Cambrian cover,False,False,False,TD 5 SADME,1966-07-29,219.8
6382,15.7,20.6,ap,Tertiary rocks,Clay (Undiff. Origin),post-Cambrian cover,False,False,False,TD 5 SADME,1966-07-29,219.8
6382,20.6,82.7,Y--t-t,Tarcoola Formation,Claystone,Palaeoproterozoic,True,False,True,TD 5 SADME,1966-07-29,219.8
6382,82.7,99.06,Y----i,Wilgena Hill Jaspilite,Banded Iron Formation,Palaeoproterozoic,True,False,True,TD 5 SADME,1966-07-29,219.8
6409,0.0,40.23,AYm,Mulgathing Complex,Schist,Archaean,True,False,True,EDR 1,1969-11-06,188.4
6410,0.0,47.24,AYm,Mulgathing Complex,Gneiss,Archaean,True,False,True,EDR 2,1969-11-07,188.4
6411,0.0,35.05,AYm,Mulgathing Complex,Gneiss,Archaean,True,False,True,EDR 3,1969-11-08,188.4
6412,0.0,36.58,AYm,Mulgathing Complex,Schist,Archaean,True,False,True,EDR 4,1969-11-11,188.4
6413,0.0,29.87,AYm,Mulgathing Complex,Gneiss,Archaean,True,False,True,EDR 5,1969-11-11,188.4
6414,0.0,22.86,AYm,Mulgathing Complex,Gneiss,Archaean,True,False,True,EDR 6,1969-11-11,188.4
6521,0.0,1.5,IH,Quaternary rocks,Sand,post-Cambrian cover,False,False,False,COMM RAILWAYS 11,1972-01-24,226.0
6521,1.5,15.0,AYm,Mulgathing Complex,Granite,Archaean,True,False,True,COMM RAILWAYS 11,1972-01-24,226.0
6766,0.0,2.5,IH,Quaternary rocks,Sand,post-Cambrian cover,False,False,False,COMM RAILWAYS 14,1972-03-08,223.9
6766,2.5,9.0,AYm,Mulgathing Complex,Quartz Feldspar Porphyry,Archaean,True,False,True,COMM RAILWAYS 14,1972-03-08,223.9
6770,0.0,19.81,M-tale,Ealbara Rhyolite,Feldspar Porphyry,Mesoproterozoic,True,False,True,PERFECTION DDH 1,1971-04-16,224.4
6771,0.0,19.81,M-tale,Ealbara Rhyolite,Feldspar Porphyry,Mesoproterozoic,True,False,True,PERFECTION DDH 2,1971-04-09,224.1
6772,0.0,19.6,M-tale,Ealbara Rhyolite,Feldspar Porphyry,Mesoproterozoic,True,False,True,PERFECTION DDH 3,1971-04-14,224.1
6809,0.0,7.6,IH,Quaternary rocks,Sand,post-Cambrian cover,False,False,False,LAKE PHILLIPSON BORE 1,1901-11-09,242.8
6809,7.6,30.4,K--rmb,Bulldog Shale,Mudstone,post-Cambrian cover,False,False,False,LAKE PHILLIPSON BORE 1,1901-11-09,242.8
6809,30.4,50.5,JK---a,Algebuckina Sandstone,Sand,post-Cambrian cover,False,False,False,LAKE PHILLIPSON BORE 1,1901-11-09,242.8
6809,50.5,957.0,CP,Carboniferous-Permian rocks,Siltstone,post-Cambrian cover,False,False,False,LAKE PHILLIPSON BORE 1,1901-11-09,242.8
6809,957.0,963.5,AYm,Mulgathing Complex,Granite,Archaean,True,False,True,LAKE PHILLIPSON BORE 1,1901-11-09,242.8
9178,0.0,1.83,I---ew,Wiabuna Formation,Sand,post-Cambrian cover,False,False,False,,1955-11-04,311.2
9178,1.83,15.24,I---ap,Pooraka Formation,Sand,post-Cambrian cover,False,False,False,,1955-11-04,311.2
9178,15.24,42.67,eI-i-g,Garford Formation,Clay (Undiff. Origin),post-Cambrian cover,False,False,False,,1955-11-04,311.2
9178,42.67,45.72,Y--p,St Peter Suite,Granite,Palaeoproterozoic,True,False,True,,1955-11-04,311.2
9181,0.0,44.2,aI,Tertiary-Pleistocene rocks,Sand,post-Cambrian cover,False,False,False,DME IR 5,1959-05-15,328.8
9181,44.2,45.42,M-th,Hiltaba Suite,Adamellite,Mesoproterozoic,True,False,True,DME IR 5,1959-05-15,328.8
9186,0.0,6.17,aI,Tertiary-Pleistocene rocks,Sand,post-Cambrian cover,False,False,False,SA BULK HANDLING MINNIPA SILO 1,1958-07-16,314.7
9186,6.17,6.4,M-th,Hiltaba Suite,Granite,Mesoproterozoic,True,False,True,SA BULK HANDLING MINNIPA SILO 1,1958-07-16,314.7
9188,0.0,20.5,aI,Tertiary-Pleistocene rocks,Sand,post-Cambrian cover,False,False,False,SA BULK HANDLING MINNIPA SILO 3,1966-07-28,314.7
9188,20.5,30.0,M-th,Hiltaba Suite,Granite,Mesoproterozoic,True,False,True,SA BULK HANDLING MINNIPA SILO 3,1966-07-28,314.7
9189,0.0,50.65,M-th,Hiltaba Suite,Granite,Mesoproterozoic,True,False,True,SA RAILWAYS MDD 2,1966-11-30,311.7
9190,0.0,1.37,I---r---04,Pleistocene regolith/colluvial unit 4,Sand,post-Cambrian cover,False,False,False,SA RAILWAYS RH 1,1968-06-18,310.5
9190,1.37,1.62,M-th,Hiltaba Suite,Granite,Mesoproterozoic,True,False,True,SA RAILWAYS RH 1,1968-06-18,310.5
9200,0.0,2.13,I---r---04,Pleistocene regolith/colluvial unit 4,Sand,post-Cambrian cover,False,False,False,SA RAILWAYS RH 11,1968-06-18,310.4
9200,2.13,2.83,M-th,Hiltaba Suite,Granite,Mesoproterozoic,True,False,True,SA RAILWAYS RH 11,1968-06-18,310.4
9214,0.0,4.11,aI,Tertiary-Pleistocene rocks,Sand,post-Cambrian cover,False,False,False,SA RAILWAYS RH 25,1968-06-19,310.6
9214,4.11,5.49,M-th,Hiltaba Suite,Granite,Mesoproterozoic,True,False,True,SA RAILWAYS RH 25,1968-06-19,310.6
9330,0.0,45.72,AYm--g,Glenloth Granite,Granite,Archaean,True,False,True,GLW 1,1969-11-27,185.1
9439,0.0,2.16,aI,Tertiary-Pleistocene rocks,Sand,post-Cambrian cover,False,False,False,LINE 60E 10,1969-10-24,183.4
9439,2.16,5.49,M-th,Hiltaba Suite,Granite,Mesoproterozoic,True,False,True,LINE 60E 10,1969-10-24,183.4
9440,0.0,2.4,aI,Tertiary-Pleistocene rocks,Sand,post-Cambrian cover,False,False,False,LINE 60E 07,1969-10-24,183.4
9440,2.4,6.1,M-th,Hiltaba Suite,Granite,Mesoproterozoic,True,False,True,LINE 60E 07,1969-10-24,183.4
9441,0.0,1.92,aI,Tertiary-Pleistocene rocks,Sand,post-Cambrian cover,False,False,False,LINE 60E 04,1969-10-24,183.6
9441,1.92,6.1,M-th,Hiltaba Suite,Granite,Mesoproterozoic,True,False,True,LINE 60E 04,1969-10-24,183.6
9443,0.0,2.4,aI,Tertiary-Pleistocene rocks,Sand,post-Cambrian cover,False,False,False,LINE 60E 98,1969-10-24,183.6
9443,2.4,6.1,M-th,Hiltaba Suite,Granite,Mesoproterozoic,True,False,True,LINE 60E 98,1969-10-24,183.6
9444,0.0,4.8,aI,Tertiary-Pleistocene rocks,Sand,post-Cambrian cover,False,False,False,LINE 70E 10,1969-10-24,183.0
9444,4.8,9.14,M-th,Hiltaba Suite,Granite,Mesoproterozoic,True,False,True,LINE 70E 10,1969-10-24,183.0
9445,0.0,3.84,aI,Tertiary-Pleistocene rocks,Sand,post-Cambrian cover,False,False,False,LINE 70E 07,1969-10-24,183.0
9445,3.84,6.1,M-th,Hiltaba Suite,Granite,Mesoproterozoic,True,False,True,LINE 70E 07,1969-10-24,183.0
9446,0.0,4.8,aI,Tertiary-Pleistocene rocks,Sand,post-Cambrian cover,False,False,False,LINE 70E 04,1969-10-24,183.1
9446,4.8,6.1,M-th,Hiltaba Suite,Granite,Mesoproterozoic,True,False,True,LINE 70E 04,1969-10-24,183.1
9447,0.0,5.28,aI,Tertiary-Pleistocene rocks,Sand,post-Cambrian cover,False,False,False,LINE 70E 01,1969-10-24,183.1
9447,5.28,10.67,M-th,Hiltaba Suite,Granite,Mesoproterozoic,True,False,True,LINE 70E 01,1969-10-24,183.1
9448,0.0,5.04,IH,Quaternary rocks,Sand,post-Cambrian cover,False,False,False,LINE 35E 06,1969-10-23,184.1
9448,5.04,12.19,AYm--g,Glenloth Granite,Granite,Archaean,True,False,True,LINE 35E 06,1969-10-23,184.1
9449,0.0,1.44,IH,Quaternary rocks,Sand,post-Cambrian cover,False,False,False,LINE 35E 03,1969-10-23,184.1
9449,1.44,6.1,M-tai---02,Chitanilga Volcanic Complex unit 2,Rhyolite,Mesoproterozoic,True,False,True,LINE 35E 03,1969-10-23,184.1
9450,0.0,2.4,IH,Quaternary rocks,Sand,post-Cambrian cover,False,False,False,LINE 35E 04.5,1969-10-23,184.1
9450,2.4,9.14,M-tai---02,Chitanilga Volcanic Complex unit 2,Rhyolite,Mesoproterozoic,True,False,True,LINE 35E 04.5,1969-10-23,184.1
9451,0.0,3.48,IH,Quaternary rocks,Sand,post-Cambrian cover,False,False,False,LINE 35E 07.5,1969-10-23,184.1
9451,3.48,6.1,AYm--g,Glenloth Granite,Granite,Archaean,True,False,True,LINE 35E 07.5,1969-10-23,184.1
9452,0.0,1.92,IH,Quaternary rocks,Sand,post-Cambrian cover,False,False,False,LINE 30E 20,1969-10-23,184.1
9452,1.92,3.66,AYm--g,Glenloth Granite,Granite,Archaean,True,False,True,LINE 30E 20,1969-10-23,184.1
9453,0.0,1.44,IH,Quaternary rocks,Sand,post-Cambrian cover,False,False,False,LINE 30E 17,1969-10-23,184.1
9453,1.44,6.1,AYm--g,Glenloth Granite,Granite,Archaean,True,False,True,LINE 30E 17,1969-10-23,184.1
9454,0.0,1.44,IH,Quaternary rocks,Sand,post-Cambrian cover,False,False,False,LINE 30E 15,1969-10-23,184.1
9454,1.44,6.1,AYm--g,Glenloth Granite,Granite,Archaean,True,False,True,LINE 30E 15,1969-10-23,184.1
9455,0.0,1.68,IH,Quaternary rocks,Sand,post-Cambrian cover,False,False,False,LINE 80E 19,1969-10-25,182.6
9455,1.68,5.18,M-tai---10,Chitanilga Volcanic Complex unit 10,Basalt,Mesoproterozoic,True,False,True,LINE 80E 19,1969-10-25,182.6
9456,0.0,1.2,IH,Quaternary rocks,Sand,post-Cambrian cover,False,False,False,LINE 80E 20,1969-10-25,182.6
9456,1.2,7.01,M-tai---02,Chitanilga Volcanic Complex unit 2,Rhyolite,Mesoproterozoic,True,False,True,LINE 80E 20,1969-10-25,182.6
9457,0.0,3.12,IH,Quaternary rocks,Sand,post-Cambrian cover,False,False,False,LINE 90E 20,1969-10-25,182.2
9457,3.12,7.01,M-th,Hiltaba Suite,Granite,Mesoproterozoic,True,False,True,LINE 90E 20,1969-10-25,182.2
9458,0.0,1.92,IH,Quaternary rocks,Sand,post-Cambrian cover,False,False,False,LINE 90E 18,1969-10-25,182.2
9458,1.92,6.1,M-th,Hiltaba Suite,Granite,Mesoproterozoic,True,False,True,LINE 90E 18,1969-10-25,182.2
9459,0.0,1.44,IH,Quaternary rocks,Sand,post-Cambrian cover,False,False,False,LINE 90E 16,1969-10-25,182.4
9459,1.44,6.1,M-th,Hiltaba Suite,Microgranite,Mesoproterozoic,True,False,True,LINE 90E 16,1969-10-25,182.4
9460,0.0,3.05,M-tai---02,Chitanilga Volcanic Complex unit 2,Rhyolite,Mesoproterozoic,True,False,True,LINE 90E 14,1969-10-25,182.4
9461,0.0,3.05,M-tai---02,Chitanilga Volcanic Complex unit 2,Rhyolite,Mesoproterozoic,True,False,True,LINE 90E 15,1969-10-25,182.4
9462,0.0,1.44,IH,Quaternary rocks,Sand,post-Cambrian cover,False,False,False,LINE 90E 15.5,1969-10-25,182.4
9462,1.44,9.14,M-th,Hiltaba Suite,Microgranite,Mesoproterozoic,True,False,True,LINE 90E 15.5,1969-10-25,182.4
9465,0.0,10.8,aI,Tertiary-Pleistocene rocks,Sand,post-Cambrian cover,False,False,False,LINE 30N 28,1969-10-26,184.8
9465,10.8,16.56,Ka----dw,Cretaceous-Paleocene deep weathering,Regolith,post-Cambrian cover,False,False,False,LINE 30N 28,1969-10-26,184.8
9465,16.56,19.81,M-tai---10,Chitanilga Volcanic Complex unit 10,Basalt,Mesoproterozoic,True,False,True,LINE 30N 28,1969-10-26,184.8
9560,0.0,6.4,IH,Quaternary rocks,Clay (Undiff. Origin),post-Cambrian cover,False,False,False,,1962-08-08,140.2
9560,6.4,39.0,JK---a,Algebuckina Sandstone,Sandstone,post-Cambrian cover,False,False,False,,1962-08-08,140.2
9560,39.0,56.7,M----p,Pandurra Formation,Sandstone,Mesoproterozoic,True,True,False,,1962-08-08,140.2
9563,0.0,1.8,IH,Quaternary rocks,Soil,post-Cambrian cover,False,False,False,N. MUNGILLIO BOR,1962-01-01,145.1
9563,1.8,10.7,mp---md,Danae Conglomerate Member,Sandstone,post-Cambrian cover,False,False,False,N. MUNGILLIO BOR,1962-01-01,145.1
9563,10.7,30.5,JK---a,Algebuckina Sandstone,Clay (Undiff. Origin),post-Cambrian cover,False,False,False,N. MUNGILLIO BOR,1962-01-01,145.1
9563,30.5,36.0,M----p,Pandurra Formation,Shale,Mesoproterozoic,True,True,False,N. MUNGILLIO BOR,1962-01-01,145.1
9566,0.0,3.0,IH,Quaternary rocks,Clay (Undiff. Origin),post-Cambrian cover,False,False,False,,1962-08-09,137.0
9566,3.0,30.5,JK---a,Algebuckina Sandstone,Sandstone,post-Cambrian cover,False,False,False,,1962-08-09,137.0
9566,30.5,86.6,M----p,Pandurra Formation,Sandstone,Mesoproterozoic,True,True,False,,1962-08-09,137.0
9989,0.0,18.3,K--rmb,Bulldog Shale,Shale,post-Cambrian cover,False,False,False,MOUNT WOODS 1,1964-10-22,163.0
9989,18.3,79.2,P-,Permian rocks,Shale,post-Cambrian cover,False,False,False,MOUNT WOODS 1,1964-10-22,163.0
9989,79.2,145.6,Y-,Palaeoproterozoic rocks,Gneiss,Palaeoproterozoic,True,False,True,MOUNT WOODS 1,1964-10-22,163.0
9990,0.0,18.3,K--rmb,Bulldog Shale,Shale,post-Cambrian cover,False,False,False,MOUNT WOODS 2,1964-10-14,163.4
9990,18.3,91.4,P-,Permian rocks,Shale,post-Cambrian cover,False,False,False,MOUNT WOODS 2,1964-10-14,163.4
9990,91.4,99.6,Y-,Palaeoproterozoic rocks,Granulite,Palaeoproterozoic,True,False,True,MOUNT WOODS 2,1964-10-14,163.4
9991,0.0,12.2,K--rmb,Bulldog Shale,Shale,post-Cambrian cover,False,False,False,MOUNT WOODS 3,1964-10-24,164.5
9991,12.2,57.9,P-,Permian rocks,Shale,post-Cambrian cover,False,False,False,MOUNT WOODS 3,1964-10-24,164.5
9991,57.9,72.2,Y-,Palaeoproterozoic rocks,Granulite,Palaeoproterozoic,True,False,True,MOUNT WOODS 3,1964-10-24,164.5
9992,0.0,3.0,K--rmb,Bulldog Shale,Shale,post-Cambrian cover,False,False,False,MOUNT WOODS 4,1964-10-27,165.1
9992,3.0,92.4,P-,Permian rocks,Shale,post-Cambrian cover,False,False,False,MOUNT WOODS 4,1964-10-27,165.1
9992,92.4,93.5,Y-,Palaeoproterozoic rocks,Gneiss,Palaeoproterozoic,True,False,True,MOUNT WOODS 4,1964-10-27,165.1
9993,0.0,12.2,K--rmb,Bulldog Shale,Shale,post-Cambrian cover,False,False,False,MOUNT WOODS 5,1964-11-01,167.5
9993,12.2,48.8,P-,Permian rocks,Shale,post-Cambrian cover,False,False,False,MOUNT WOODS 5,1964-11-01,167.5
9993,48.8,50.9,Y-,Palaeoproterozoic rocks,Amphibolite,Palaeoproterozoic,True,False,True,MOUNT WOODS 5,1964-11-01,167.5
9994,0.0,12.2,K--rmb,Bulldog Shale,Shale,post-Cambrian cover,False,False,False,MOUNT WOODS 6,1964-10-29,168.7
9994,12.2,61.6,P-,Permian rocks,Shale,post-Cambrian cover,False,False,False,MOUNT WOODS 6,1964-10-29,168.7
9994,61.6,64.3,Y-,Palaeoproterozoic rocks,Granulite,Palaeoproterozoic,True,False,True,MOUNT WOODS 6,1964-10-29,168.7
9995,0.0,24.4,K--rmb,Bulldog Shale,Shale,post-Cambrian cover,False,False,False,MOUNT WOODS 7,1964-11-03,162.7
9995,24.4,87.8,P-,Permian rocks,Shale,post-Cambrian cover,False,False,False,MOUNT WOODS 7,1964-11-03,162.7
9995,87.8,90.6,Y-qs,Skylark Metasediments,Granulite,Palaeoproterozoic,True,False,True,MOUNT WOODS 7,1964-11-03,162.7
13761,0.0,5.5,aI,Tertiary-Pleistocene rocks,Soil,post-Cambrian cover,False,False,False,MCCORQUINDALES BORE,1959-09-11,131.2
13761,5.5,39.3,JK---a,Algebuckina Sandstone,Sandstone,post-Cambrian cover,False,False,False,MCCORQUINDALES BORE,1959-09-11,131.2
13761,39.3,71.93,M----p,Pandurra Formation,Sandstone,Mesoproterozoic,True,True,False,MCCORQUINDALES BORE,1959-09-11,131.2
13792,0.0,4.6,aI,Tertiary-Pleistocene rocks,Clay (Undiff. Origin),post-Cambrian cover,False,False,False,CROWS NEST BORE.,1962-05-10,119.4
13792,4.6,33.5,JK---a,Algebuckina Sandstone,Sandstone,post-Cambrian cover,False,False,False,CROWS NEST BORE.,1962-05-10,119.4
13792,33.5,48.8,M----p,Pandurra Formation,Sandstone,Mesoproterozoic,True,True,False,CROWS NEST BORE.,1962-05-10,119.4
13813,0.0,1.2,IH,Quaternary rocks,Soil,post-Cambrian cover,False,False,False,SISTERS BORE,1962-05-09,110.4
13813,1.2,45.4,JK---a,Algebuckina Sandstone,Sandstone,post-Cambrian cover,False,False,False,SISTERS BORE,1962-05-09,110.4
13813,45.4,53.0,P----s,Stuart Range Formation,Shale,post-Cambrian cover,False,False,False,SISTERS BORE,1962-05-09,110.4
13813,53.0,54.3,M----p,Pandurra Formation,Sandstone,Mesoproterozoic,True,True,False,SISTERS BORE,1962-05-09,110.4
13842,0.0,1.5,IH,Quaternary rocks,Silt,post-Cambrian cover,False,False,False,CATTLE WELL BORE,1962-08-03,113.4
13842,1.5,3.4,mp---md,Danae Conglomerate Member,Conglomerate,post-Cambrian cover,False,False,False,CATTLE WELL BORE,1962-08-03,113.4
13842,3.4,16.8,JK---a,Algebuckina Sandstone,Sand,post-Cambrian cover,False,False,False,CATTLE WELL BORE,1962-08-03,113.4
13842,16.8,30.5,M----p,Pandurra Formation,Sandstone,Mesoproterozoic,True,True,False,CATTLE WELL BORE,1962-08-03,113.4
13999,0.0,4.6,IH,Quaternary rocks,Soil,post-Cambrian cover,False,False,False,SWAMP BORE NO.1.,1961-01-01,111.0
13999,4.6,21.3,JK---a,Algebuckina Sandstone,Sandstone,post-Cambrian cover,False,False,False,SWAMP BORE NO.1.,1961-01-01,111.0
13999,21.3,40.2,CP---b,Boorthanna Formation,Clay (Undiff. Origin),post-Cambrian cover,False,False,False,SWAMP BORE NO.1.,1961-01-01,111.0
13999,40.2,58.5,M----p,Pandurra Formation,Sandstone,Mesoproterozoic,True,True,False,SWAMP BORE NO.1.,1961-01-01,111.0
14205,0.0,6.1,IH,Quaternary rocks,Sandstone,post-Cambrian cover,False,False,False,WEEDINA 1,1970-03-23,248.9
14205,6.1,66.45,K----ca,Mount Anna Sandstone Member,Sandstone,post-Cambrian cover,False,False,False,WEEDINA 1,1970-03-23,248.9
14205,66.45,558.7,P----t,Mount Toondina Formation,Siltstone,post-Cambrian cover,False,False,False,WEEDINA 1,1970-03-23,248.9
14205,558.7,657.15,P----s,Stuart Range Formation,,post-Cambrian cover,False,False,False,WEEDINA 1,1970-03-23,248.9
14205,657.15,726.34,CP---b,Boorthanna Formation,,post-Cambrian cover,False,False,False,WEEDINA 1,1970-03-23,248.9
14205,726.34,1609.04,E----c,Cootanoorina Formation,,Cambrian,False,False,False,WEEDINA 1,1970-03-23,248.9
14205,1609.04,1624.28,AD,Archaean-Devonian rocks,,Archaean,True,False,True,WEEDINA 1,1970-03-23,248.9
16348,0.0,2.74,aI,Tertiary-Pleistocene rocks,Clay (Undiff. Origin),post-Cambrian cover,False,False,False,BUCKLEBOO SILO 1,1959-07-01,283.2
16348,2.74,6.1,AYs,Sleaford Complex,Granite,Archaean,True,False,True,BUCKLEBOO SILO 1,1959-07-01,283.2
16364,0.0,9.0,I---r---04,Pleistocene regolith/colluvial unit 4,Sand,post-Cambrian cover,False,False,False,PINKAWILLINIE,1928-09-01,290.5
16364,9.0,36.0,M-th,Hiltaba Suite,Granite,Mesoproterozoic,True,False,True,PINKAWILLINIE,1928-09-01,290.5
18057,0.0,3.9,aI,Tertiary-Pleistocene rocks,Gravel,post-Cambrian cover,False,False,False,WOOMERA 1,1958-05-30,82.5
18057,3.9,42.06,K--rmb,Bulldog Shale,Shale,post-Cambrian cover,False,False,False,WOOMERA 1,1958-05-30,82.5
18057,42.06,80.16,N-hwstc,Corraberra Sandstone Member,Sandstone,Adelaidean,False,False,False,WOOMERA 1,1958-05-30,82.5
18057,80.16,239.12,N-hwstt,Tregolana Shale Member,Shale,Adelaidean,False,False,False,WOOMERA 1,1958-05-30,82.5
18057,239.12,340.61,N-hueh,Whyalla Sandstone,Sandstone,Adelaidean,False,False,False,WOOMERA 1,1958-05-30,82.5
18057,340.61,454.15,N-hunt,Tapley Hill Formation,Shale,Adelaidean,False,False,False,WOOMERA 1,1958-05-30,82.5
18057,454.15,611.12,M----p,Pandurra Formation,Sandstone,Mesoproterozoic,True,True,False,WOOMERA 1,1958-05-30,82.5
19796,1.22,28.66,M-talr--02,Roopena Basalt unit 2,Basalt,Mesoproterozoic,True,False,True,ROOPENA DDH 1,1967-09-25,257.9
19796,28.66,49.53,M-talr--02,Roopena Basalt unit 2,Basalt,Mesoproterozoic,True,False,True,ROOPENA DDH 1,1967-09-25,257.9
19796,49.53,75.0,M-talr--02,Roopena Basalt unit 2,Basalt,Mesoproterozoic,True,False,True,ROOPENA DDH 1,1967-09-25,257.9
19796,75.0,92.26,M-talr--02,Roopena Basalt unit 2,Basalt,Mesoproterozoic,True,False,True,ROOPENA DDH 1,1967-09-25,257.9
19796,92.26,115.98,M-talr--02,Roopena Basalt unit 2,Basalt,Mesoproterozoic,True,False,True,ROOPENA DDH 1,1967-09-25,257.9
19796,115.98,131.11,M-talr--01,Roopena Basalt unit 1,Basalt,Mesoproterozoic,True,False,True,ROOPENA DDH 1,1967-09-25,257.9
19796,131.11,149.35,M-talf--01,Fresh Well Formation unit 1,Siltstone,Mesoproterozoic,True,False,True,ROOPENA DDH 1,1967-09-25,257.9
19796,149.35,227.25,M-talf--01,Fresh Well Formation unit 1,Peperite,Mesoproterozoic,True,False,True,ROOPENA DDH 1,1967-09-25,257.9
19796,227.25,249.58,Y--x-o,Moonabie Formation,Sandstone,Palaeoproterozoic,True,False,True,ROOPENA DDH 1,1967-09-25,257.9
19845,0.0,6.75,M-talr--02,Roopena Basalt unit 2,Basalt,Mesoproterozoic,True,False,True,ROOPENA DDH 4,1968-08-20,257.8
19845,6.75,13.75,M-talr--02,Roopena Basalt unit 2,Basalt,Mesoproterozoic,True,False,True,ROOPENA DDH 4,1968-08-20,257.8
19845,13.75,30.5,M-talr--02,Roopena Basalt unit 2,Basalt,Mesoproterozoic,True,False,True,ROOPENA DDH 4,1968-08-20,257.8
19845,30.5,38.0,M-talr--02,Roopena Basalt unit 2,Basalt,Mesoproterozoic,True,False,True,ROOPENA DDH 4,1968-08-20,257.8
19845,38.0,46.25,M-talr--02,Roopena Basalt unit 2,Basalt,Mesoproterozoic,True,False,True,ROOPENA DDH 4,1968-08-20,257.8
19845,46.25,54.25,M-talr--02,Roopena Basalt unit 2,Basalt,Mesoproterozoic,True,False,True,ROOPENA DDH 4,1968-08-20,257.8
19845,54.25,79.25,M-talr--02,Roopena Basalt unit 2,Basalt,Mesoproterozoic,True,False,True,ROOPENA DDH 4,1968-08-20,257.8
19845,79.25,98.75,M-talr--02,Roopena Basalt unit 2,Basalt,Mesoproterozoic,True,False,True,ROOPENA DDH 4,1968-08-20,257.8
19845,98.75,121.25,M-talr--02,Roopena Basalt unit 2,Basalt,Mesoproterozoic,True,False,True,ROOPENA DDH 4,1968-08-20,257.8
19845,121.25,126.3,M-talr--01,Roopena Basalt unit 1,Basalt,Mesoproterozoic,True,False,True,ROOPENA DDH 4,1968-08-20,257.8
19845,126.3,139.43,M-talf--01,Fresh Well Formation unit 1,Sandstone,Mesoproterozoic,True,False,True,ROOPENA DDH 4,1968-08-20,257.8
19845,139.43,168.3,Y--x-o,Moonabie Formation,Sandstone,Palaeoproterozoic,True,False,True,ROOPENA DDH 4,1968-08-20,257.8
19846,0.0,7.6,M-talr--02,Roopena Basalt unit 2,Basalt,Mesoproterozoic,True,False,True,ROOPENA DDH 2,1967-10-16,257.9
19846,7.6,21.43,M-talr--02,Roopena Basalt unit 2,Basalt,Mesoproterozoic,True,False,True,ROOPENA DDH 2,1967-10-16,257.9
19846,21.43,25.0,M-talr--02,Roopena Basalt unit 2,Basalt,Mesoproterozoic,True,False,True,ROOPENA DDH 2,1967-10-16,257.9
19846,25.0,34.14,M-talr--02,Roopena Basalt unit 2,Basalt,Mesoproterozoic,True,False,True,ROOPENA DDH 2,1967-10-16,257.9
19846,34.14,57.25,M-talr--02,Roopena Basalt unit 2,Basalt,Mesoproterozoic,True,False,True,ROOPENA DDH 2,1967-10-16,257.9
19846,57.25,58.6,M-talf,Fresh Well Formation,Peperite,Mesoproterozoic,True,False,True,ROOPENA DDH 2,1967-10-16,257.9
19846,58.6,66.34,M-talr--02,Roopena Basalt unit 2,Basalt,Mesoproterozoic,True,False,True,ROOPENA DDH 2,1967-10-16,257.9
19846,66.34,83.06,M-talr--02,Roopena Basalt unit 2,Basalt,Mesoproterozoic,True,False,True,ROOPENA DDH 2,1967-10-16,257.9
19846,83.06,101.78,M-talr--01,Roopena Basalt unit 1,Basalt,Mesoproterozoic,True,False,True,ROOPENA DDH 2,1967-10-16,257.9
19846,101.78,120.47,Y--x-o,Moonabie Formation,Sandstone,Palaeoproterozoic,True,False,True,ROOPENA DDH 2,1967-10-16,257.9
19847,0.0,37.19,M-talr--02,Roopena Basalt unit 2,Basalt,Mesoproterozoic,True,False,True,ROOPENA DDH 3,1968-07-18,257.9
19847,37.19,62.63,M-talr--02,Roopena Basalt unit 2,Basalt,Mesoproterozoic,True,False,True,ROOPENA DDH 3,1968-07-18,257.9
19847,62.63,83.0,M-talr--02,Roopena Basalt unit 2,Basalt,Mesoproterozoic,True,False,True,ROOPENA DDH 3,1968-07-18,257.9
19847,83.0,102.11,M-talr--02,Roopena Basalt unit 2,Basalt,Mesoproterozoic,True,False,True,ROOPENA DDH 3,1968-07-18,257.9
19847,102.11,130.22,M-talr--02,Roopena Basalt unit 2,Basalt,Mesoproterozoic,True,False,True,ROOPENA DDH 3,1968-07-18,257.9
19847,130.22,141.43,M-talr--01,Roopena Basalt unit 1,Basalt,Mesoproterozoic,True,False,True,ROOPENA DDH 3,1968-07-18,257.9
19847,141.43,151.97,M-talf--01,Fresh Well Formation unit 1,Sandstone,Mesoproterozoic,True,False,True,ROOPENA DDH 3,1968-07-18,257.9
19847,151.97,175.87,Y--x-o,Moonabie Formation,Sandstone,Palaeoproterozoic,True,False,True,ROOPENA DDH 3,1968-07-18,257.9
19902,0.0,0.6,IH,Quaternary rocks,Soil,post-Cambrian cover,False,False,False,PACMINEX EX 53,1973-11-12,249.4
19902,0.6,49.0,N-hunt,Tapley Hill Formation,Shale,Adelaidean,False,False,False,PACMINEX EX 53,1973-11-12,249.4
19902,49.0,55.0,N-xcak,Backy Point Formation,Conglomerate,Adelaidean,False,False,False,PACMINEX EX 53,1973-11-12,249.4
19902,55.0,61.0,M----p,Pandurra Formation,Sedimentary Rock,Mesoproterozoic,True,True,False,PACMINEX EX 53,1973-11-12,249.4
19904,0.0,6.0,IH,Quaternary rocks,Clay (Undiff. Origin),post-Cambrian cover,False,False,False,PACMINEX EX 45,1973-11-08,240.5
19904,6.0,43.0,N-hunt,Tapley Hill Formation,Shale,Adelaidean,False,False,False,PACMINEX EX 45,1973-11-08,240.5
19904,43.0,52.0,N-xcak,Backy Point Formation,Conglomerate,Adelaidean,False,False,False,PACMINEX EX 45,1973-11-08,240.5
19904,52.0,56.4,M----p,Pandurra Formation,Sandstone,Mesoproterozoic,True,True,False,PACMINEX EX 45,1973-11-08,240.5
19905,0.0,12.0,IH,Quaternary rocks,Clay (Undiff. Origin),post-Cambrian cover,False,False,False,PACMINEX EX 41,1973-10-03,234.2
19905,12.0,24.0,N-hu----02,Umberatana Group unit 2,Clay (Undiff. Origin),Adelaidean,False,False,False,PACMINEX EX 41,1973-10-03,234.2
19905,24.0,34.0,N-hunt,Tapley Hill Formation,Dolomite Rock,Adelaidean,False,False,False,PACMINEX EX 41,1973-10-03,234.2
19905,34.0,41.0,N-xcak,Backy Point Formation,Conglomerate,Adelaidean,False,False,False,PACMINEX EX 41,1973-10-03,234.2
19905,41.0,65.5,M----p,Pandurra Formation,Sandstone,Mesoproterozoic,True,True,False,PACMINEX EX 41,1973-10-03,234.2
19907,0.0,24.0,IH,Quaternary rocks,Sand,post-Cambrian cover,False,False,False,PACMINEX EX 76,1974-03-13,257.7
19907,24.0,30.0,N-hunt,Tapley Hill Formation,Dolomite Rock,Adelaidean,False,False,False,PACMINEX EX 76,1974-03-13,257.7
19907,30.0,33.0,N-xcak,Backy Point Formation,Conglomerate,Adelaidean,False,False,False,PACMINEX EX 76,1974-03-13,257.7
19907,33.0,37.5,M----p,Pandurra Formation,Quartzite,Mesoproterozoic,True,True,False,PACMINEX EX 76,1974-03-13,257.7
19919,0.0,13.1,IH,Quaternary rocks,Gravel,post-Cambrian cover,False,False,False,DME KATUNGA HILLS DDH 1,1954-03-19,259.4
19919,13.1,412.0,AY-i,Middleback Subgroup,Jaspilite,Archaean,True,False,True,DME KATUNGA HILLS DDH 1,1954-03-19,259.4
19919,412.0,565.8,AY-i-k,Katunga Dolomite,Dolomite Rock,Archaean,True,False,True,DME KATUNGA HILLS DDH 1,1954-03-19,259.4
19920,0.0,5.8,IH,Quaternary rocks,Gravel,post-Cambrian cover,False,False,False,DME KATUNGA HILLS DDH 2,1953-06-19,260.6
19920,5.8,199.3,AY-i,Middleback Subgroup,Jaspilite,Archaean,True,False,True,DME KATUNGA HILLS DDH 2,1953-06-19,260.6
19920,199.3,201.1,AY-i-k,Katunga Dolomite,Chert,Archaean,True,False,True,DME KATUNGA HILLS DDH 2,1953-06-19,260.6
19920,201.1,204.5,Y-------46,Palaeoproterozoic unit 46,Amphibolite,Palaeoproterozoic,True,False,True,DME KATUNGA HILLS DDH 2,1953-06-19,260.6
19920,204.5,205.7,AY-i-k,Katunga Dolomite,Marble,Archaean,True,False,True,DME KATUNGA HILLS DDH 2,1953-06-19,260.6
19920,205.7,244.1,A----c,Cooyerdoo Granite,Gneiss,Archaean,True,False,True,DME KATUNGA HILLS DDH 2,1953-06-19,260.6
19920,244.1,246.6,A-------01,Archaean unit 1,Amphibolite,Archaean,True,False,True,DME KATUNGA HILLS DDH 2,1953-06-19,260.6
19921,0.0,44.2,AY-i,Middleback Subgroup,Jaspilite,Archaean,True,False,True,DME DDH 6,1954-04-01,260.5
19921,44.2,76.5,Y-h--r,Burrawing Amphibolite,Amphibolite,Palaeoproterozoic,True,False,True,DME DDH 6,1954-04-01,260.5
19921,76.5,106.3,AY-i,Middleback Subgroup,Jaspilite,Archaean,True,False,True,DME DDH 6,1954-04-01,260.5
19922,0.0,50.6,AY-i,Middleback Subgroup,Jaspilite,Archaean,True,False,True,DME DDH 7,1956-07-31,259.7
19924,0.0,12.0,IH,Quaternary rocks,,post-Cambrian cover,False,False,False,DME PH 2A,1956-07-27,258.6
19924,12.0,29.72,AY-i,Middleback Subgroup,Jaspilite,Archaean,True,False,True,DME PH 2A,1956-07-27,258.6
19925,0.0,23.0,IH,Quaternary rocks,,post-Cambrian cover,False,False,False,DME PH 3,1956-08-16,258.9
19925,23.0,77.72,AM,Archaean-Mesoproterozoic rocks,Granite,Archaean,True,False,True,DME PH 3,1956-08-16,258.9
19926,0.0,3.0,IH,Quaternary rocks,,post-Cambrian cover,False,False,False,DME PH 5,1956-09-21,258.7
19926,3.0,7.62,A----c,Cooyerdoo Granite,Granite,Archaean,True,False,True,DME PH 5,1956-09-21,258.7
19927,0.0,7.0,IH,Quaternary rocks,,post-Cambrian cover,False,False,False,DME PH 8,1956-09-03,258.9
19927,7.0,21.3,A----c,Cooyerdoo Granite,Schist,Archaean,True,False,True,DME PH 8,1956-09-03,258.9
19927,21.3,64.6,A-------01,Archaean unit 1,Amphibolite,Archaean,True,False,True,DME PH 8,1956-09-03,258.9
19927,64.6,65.84,A----c,Cooyerdoo Granite,Granite,Archaean,True,False,True,DME PH 8,1956-09-03,258.9
19928,0.0,18.3,IH,Quaternary rocks,,post-Cambrian cover,False,False,False,DME PH 9,1956-10-19,259.8
19928,18.3,42.7,Y-h--r,Burrawing Amphibolite,Amphibolite,Palaeoproterozoic,True,False,True,DME PH 9,1956-10-19,259.8
19928,42.7,54.48,AY-i,Middleback Subgroup,Jaspilite,Archaean,True,False,True,DME PH 9,1956-10-19,259.8
19929,0.0,9.1,IH,Quaternary rocks,,post-Cambrian cover,False,False,False,DME PH 10,1956-11-29,260.6
19929,9.1,10.97,AY-i,Middleback Subgroup,Jaspilite,Archaean,True,False,True,DME PH 10,1956-11-29,260.6
19930,0.0,12.2,IH,Quaternary rocks,,post-Cambrian cover,False,False,False,DME PH 11,1956-12-10,260.5
19930,12.2,20.4,AY-i,Middleback Subgroup,Jaspilite,Archaean,True,False,True,DME PH 11,1956-12-10,260.5
19931,0.0,15.2,IH,Quaternary rocks,,post-Cambrian cover,False,False,False,DME PH 12,1956-12-18,260.5
19931,15.2,16.76,AY-i,Middleback Subgroup,Jaspilite,Archaean,True,False,True,DME PH 12,1956-12-18,260.5
19932,0.0,24.4,IH,Quaternary rocks,,post-Cambrian cover,False,False,False,DME PH 13,1957-01-22,260.5
19932,24.4,32.0,AY-i,Middleback Subgroup,Jaspilite,Archaean,True,False,True,DME PH 13,1957-01-22,260.5
19933,0.0,15.2,IH,Quaternary rocks,,post-Cambrian cover,False,False,False,DME PH 14,1957-02-04,260.4
19933,15.2,27.43,AY-i,Middleback Subgroup,Schist,Archaean,True,False,True,DME PH 14,1957-02-04,260.4
19934,0.0,30.5,IH,Quaternary rocks,,post-Cambrian cover,False,False,False,DME PH 15,1957-02-19,260.1
19934,30.5,45.7,Y-------46,Palaeoproterozoic unit 46,Amphibolite,Palaeoproterozoic,True,False,True,DME PH 15,1957-02-19,260.1
19934,45.7,45.72,AY-i,Middleback Subgroup,Jaspilite,Archaean,True,False,True,DME PH 15,1957-02-19,260.1
19935,0.0,48.8,IH,Quaternary rocks,,post-Cambrian cover,False,False,False,DME PH 16,1957-03-25,259.7
19935,48.8,49.68,AY-i,Middleback Subgroup,Jaspilite,Archaean,True,False,True,DME PH 16,1957-03-25,259.7
19936,0.0,30.8,IH,Quaternary rocks,,post-Cambrian cover,False,False,False,DME PH 17,1957-04-09,259.9
19936,30.8,31.09,AM,Archaean-Mesoproterozoic rocks,Granite,Archaean,True,False,True,DME PH 17,1957-04-09,259.9
19937,0.0,29.0,IH,Quaternary rocks,,post-Cambrian cover,False,False,False,DME PH 19,1957-05-01,259.5
19937,29.0,71.93,AM,Archaean-Mesoproterozoic rocks,Granite,Archaean,True,False,True,DME PH 19,1957-05-01,259.5
19938,0.0,3.0,IH,Quaternary rocks,Gravel,post-Cambrian cover,False,False,False,DME PBH 1,1956-08-06,251.6
19938,3.0,26.8,Y--t-r,Corunna Conglomerate,Quartzite,Palaeoproterozoic,True,False,True,DME PBH 1,1956-08-06,251.6
19939,0.0,19.8,IH,Quaternary rocks,Gravel,post-Cambrian cover,False,False,False,DME PBH 2,1956-08-27,251.5
19939,19.8,32.0,Y--t-r,Corunna Conglomerate,Quartzite,Palaeoproterozoic,True,False,True,DME PBH 2,1956-08-27,251.5
19940,0.0,15.2,IH,Quaternary rocks,Gravel,post-Cambrian cover,False,False,False,DME PBH 3,1956-09-13,251.7
19940,15.2,22.3,Y--t-r,Corunna Conglomerate,,Palaeoproterozoic,True,False,True,DME PBH 3,1956-09-13,251.7
19941,0.0,36.6,Y--t-r,Corunna Conglomerate,Breccia (Undiff. Origin),Palaeoproterozoic,True,False,True,DME PBH 5,1956-10-10,251.8
19942,0.0,32.0,Y--t-r,Corunna Conglomerate,Breccia (Undiff. Origin),Palaeoproterozoic,True,False,True,DME PBH 7,1956-09-07,252.0
19943,0.0,29.0,Y--t-r,Corunna Conglomerate,Schist,Palaeoproterozoic,True,False,True,DME PBH 8,1956-08-30,251.6
19944,0.0,17.4,Y--t-r,Corunna Conglomerate,Schist,Palaeoproterozoic,True,False,True,DME PBH 9,1956-09-20,251.6
19945,0.0,1.8,IH,Quaternary rocks,Gravel,post-Cambrian cover,False,False,False,DME DDH 12,1955-04-22,252.1
19945,1.8,20.1,N----g,Gairdner Dolerite,Amphibolite,Adelaidean,False,False,False,DME DDH 12,1955-04-22,252.1
19945,20.1,152.93,Y--t-r,Corunna Conglomerate,Quartzite,Palaeoproterozoic,True,False,True,DME DDH 12,1955-04-22,252.1
19946,0.0,3.05,Y--t-r,Corunna Conglomerate,Breccia (Undiff. Origin),Palaeoproterozoic,True,False,True,DME DDH 42,1956-09-11,251.7
19947,0.0,67.4,Y--t-r,Corunna Conglomerate,Breccia (Undiff. Origin),Palaeoproterozoic,True,False,True,DME DDH 42A,1956-10-19,251.7
19948,0.0,3.0,IH,Quaternary rocks,Gravel,post-Cambrian cover,False,False,False,DME DDH 44,1957-02-01,251.7
19948,3.0,101.1,Y--t-r,Corunna Conglomerate,Breccia (Undiff. Origin),Palaeoproterozoic,True,False,True,DME DDH 44,1957-02-01,251.7
19949,0.0,4.9,IH,Quaternary rocks,Gravel,post-Cambrian cover,False,False,False,DME DDH 45,1957-01-16,251.7
19949,4.9,107.6,Y--t-r,Corunna Conglomerate,Breccia (Undiff. Origin),Palaeoproterozoic,True,False,True,DME DDH 45,1957-01-16,251.7
19950,0.0,110.9,Y--t-r,Corunna Conglomerate,Breccia (Undiff. Origin),Palaeoproterozoic,True,False,True,DME DDH 40,1956-09-03,252.2
19951,0.0,1.8,IH,Quaternary rocks,Gravel,post-Cambrian cover,False,False,False,DME DDH 30,1956-01-20,252.5
19951,1.8,205.4,Y--t-r,Corunna Conglomerate,Breccia (Undiff. Origin),Palaeoproterozoic,True,False,True,DME DDH 30,1956-01-20,252.5
19952,0.0,3.7,IH,Quaternary rocks,Sand,post-Cambrian cover,False,False,False,DME DDH 13,1955-07-12,253.3
19952,3.7,149.7,Y--t-r,Corunna Conglomerate,Breccia (Undiff. Origin),Palaeoproterozoic,True,False,True,DME DDH 13,1955-07-12,253.3
19952,149.7,192.6,N----g,Gairdner Dolerite,Dolerite,Adelaidean,False,False,False,DME DDH 13,1955-07-12,253.3
19972,0.0,24.4,IH,Quaternary rocks,Gravel,post-Cambrian cover,False,False,False,DME DDH 8,1956-12-31,258.4
19972,24.4,61.0,A----c,Cooyerdoo Granite,Schist,Archaean,True,False,True,DME DDH 8,1956-12-31,258.4
19972,61.0,64.0,------br,breccia,Fault Breccia,post-Cambrian cover,False,False,False,DME DDH 8,1956-12-31,258.4
19972,64.0,74.7,Y-h--r,Burrawing Amphibolite,Amphibolite,Palaeoproterozoic,True,False,True,DME DDH 8,1956-12-31,258.4
19972,74.7,334.4,AY-i,Middleback Subgroup,Jaspilite,Archaean,True,False,True,DME DDH 8,1956-12-31,258.4
19972,334.4,337.1,Y-h--r,Burrawing Amphibolite,Amphibolite,Palaeoproterozoic,True,False,True,DME DDH 8,1956-12-31,258.4
19997,0.0,33.3,IH,Quaternary rocks,Sand,post-Cambrian cover,False,False,False,DME DDH 39A,1957-06-14,255.7
19997,33.3,278.0,Y--t-r,Corunna Conglomerate,Breccia (Undiff. Origin),Palaeoproterozoic,True,False,True,DME DDH 39A,1957-06-14,255.7
20424,0.0,7.0,IH,Quaternary rocks,Sand,post-Cambrian cover,False,False,False,PACMINEX EX 132,1974-06-27,188.0
20424,7.0,52.5,N-hueh,Whyalla Sandstone,Sandstone,Adelaidean,False,False,False,PACMINEX EX 132,1974-06-27,188.0
20424,52.5,53.0,M----p,Pandurra Formation,Quartzite,Mesoproterozoic,True,True,False,PACMINEX EX 132,1974-06-27,188.0
20425,0.0,7.5,aI,Tertiary-Pleistocene rocks,Sand,post-Cambrian cover,False,False,False,PACMINEX EX 130,1974-06-26,188.4
20425,7.5,54.0,N-hueh,Whyalla Sandstone,Sandstone,Adelaidean,False,False,False,PACMINEX EX 130,1974-06-26,188.4
20425,54.0,56.0,M----p,Pandurra Formation,Quartzite,Mesoproterozoic,True,True,False,PACMINEX EX 130,1974-06-26,188.4
20438,0.0,3.0,------nd,no description,,post-Cambrian cover,False,False,False,PACMINEX EX 142,1974-07-11,179.7
20438,3.0,27.0,N-hueh,Whyalla Sandstone,Sandstone,Adelaidean,False,False,False,PACMINEX EX 142,1974-07-11,179.7
20438,27.0,51.0,N-hu----02,Umberatana Group unit 2,Siltstone,Adelaidean,False,False,False,PACMINEX EX 142,1974-07-11,179.7
20438,51.0,52.4,N-hunt,Tapley Hill Formation,Dolomite Rock,Adelaidean,False,False,False,PACMINEX EX 142,1974-07-11,179.7
20438,52.4,52.5,M----p,Pandurra Formation,Quartzite,Mesoproterozoic,True,True,False,PACMINEX EX 142,1974-07-11,179.7
20440,0.0,4.5,IH,Quaternary rocks,Sand,post-Cambrian cover,False,False,False,PACMINEX EX 143,1974-07-12,182.3
20440,4.5,18.0,N-hueh,Whyalla Sandstone,Sandstone,Adelaidean,False,False,False,PACMINEX EX 143,1974-07-12,182.3
20440,18.0,37.5,N-hu----02,Umberatana Group unit 2,Siltstone,Adelaidean,False,False,False,PACMINEX EX 143,1974-07-12,182.3
20440,37.5,41.9,N-huntw,Woocalla Dolomite Member,Dolomite Rock,Adelaidean,False,False,False,PACMINEX EX 143,1974-07-12,182.3
20440,41.9,42.0,M----p,Pandurra Formation,Quartzite,Mesoproterozoic,True,True,False,PACMINEX EX 143,1974-07-12,182.3
20448,0.0,6.0,aI,Tertiary-Pleistocene rocks,Clay (Undiff. Origin),post-Cambrian cover,False,False,False,PACMINEX EX 31,1973-10-16,221.6
20448,6.0,53.6,M----p,Pandurra Formation,Sandstone,Mesoproterozoic,True,True,False,PACMINEX EX 31,1973-10-16,221.6
20448,53.6,54.9,M-ta,Gawler Range Volcanics,Rhyolite,Mesoproterozoic,True,False,True,PACMINEX EX 31,1973-10-16,221.6
20449,0.0,3.0,aI,Tertiary-Pleistocene rocks,Sand,post-Cambrian cover,False,False,False,PACMINEX EX 32,1973-10-16,223.7
20449,3.0,18.0,N-,Neoproterozoic rocks,Sand,Adelaidean,False,False,False,PACMINEX EX 32,1973-10-16,223.7
20449,18.0,42.7,M-ta,Gawler Range Volcanics,Basalt,Mesoproterozoic,True,False,True,PACMINEX EX 32,1973-10-16,223.7
20450,0.0,3.0,IH,Quaternary rocks,Soil,post-Cambrian cover,False,False,False,PACMINEX EX 33,1973-10-18,224.3
20450,3.0,30.0,N-hu----02,Umberatana Group unit 2,Shale,Adelaidean,False,False,False,PACMINEX EX 33,1973-10-18,224.3
20450,30.0,78.0,M----p,Pandurra Formation,Sandstone,Mesoproterozoic,True,True,False,PACMINEX EX 33,1973-10-18,224.3
20450,78.0,89.9,M-ta,Gawler Range Volcanics,Rhyolite,Mesoproterozoic,True,False,True,PACMINEX EX 33,1973-10-18,224.3
20451,0.0,3.0,IH,Quaternary rocks,Soil,post-Cambrian cover,False,False,False,PACMINEX EX 34,1973-10-18,226.3
20451,3.0,21.0,N-hu----02,Umberatana Group unit 2,Siltstone,Adelaidean,False,False,False,PACMINEX EX 34,1973-10-18,226.3
20451,21.0,38.1,M-ta,Gawler Range Volcanics,Trachyandesite,Mesoproterozoic,True,False,True,PACMINEX EX 34,1973-10-18,226.3
20458,0.0,9.0,aI,Tertiary-Pleistocene rocks,Ferricrete,post-Cambrian cover,False,False,False,PACMINEX EX 39,1973-11-02,225.2
20458,9.0,49.4,N-hunt,Tapley Hill Formation,Shale,Adelaidean,False,False,False,PACMINEX EX 39,1973-11-02,225.2
20458,49.4,50.3,M----p,Pandurra Formation,Quartzite,Mesoproterozoic,True,True,False,PACMINEX EX 39,1973-11-02,225.2
20460,0.0,3.0,IH,Quaternary rocks,Gravel,post-Cambrian cover,False,False,False,PACMINEX EX 101,1974-03-26,223.8
20460,3.0,46.5,M----p,Pandurra Formation,Sandstone,Mesoproterozoic,True,True,False,PACMINEX EX 101,1974-03-26,223.8
20461,0.0,19.5,IH,Quaternary rocks,Sand,post-Cambrian cover,False,False,False,PACMINEX EX 2,1973-10-02,181.5
20461,19.5,21.0,ap----si,Tertiary silcrete,Silcrete,post-Cambrian cover,False,False,False,PACMINEX EX 2,1973-10-02,181.5
20461,21.0,26.0,N-hueh,Whyalla Sandstone,Sandstone,Adelaidean,False,False,False,PACMINEX EX 2,1973-10-02,181.5
20461,26.0,36.0,N-hu----02,Umberatana Group unit 2,Clay (Undiff. Origin),Adelaidean,False,False,False,PACMINEX EX 2,1973-10-02,181.5
20461,36.0,64.0,N-hunt,Tapley Hill Formation,,Adelaidean,False,False,False,PACMINEX EX 2,1973-10-02,181.5
20461,64.0,65.0,M----p,Pandurra Formation,Quartzite,Mesoproterozoic,True,True,False,PACMINEX EX 2,1973-10-02,181.5
20462,0.0,6.0,IH,Quaternary rocks,Clay (Undiff. Origin),post-Cambrian cover,False,False,False,PACMINEX EX 117,1974-06-10,216.8
20462,6.0,43.9,N-hueh,Whyalla Sandstone,Sandstone,Adelaidean,False,False,False,PACMINEX EX 117,1974-06-10,216.8
20462,43.9,44.0,M----p,Pandurra Formation,Quartzite,Mesoproterozoic,True,True,False,PACMINEX EX 117,1974-06-10,216.8
20463,0.0,6.0,IH,Quaternary rocks,Sand,post-Cambrian cover,False,False,False,PACMINEX EX 136,1974-07-01,181.7
20463,6.0,51.0,N-hueh,Whyalla Sandstone,Sandstone,Adelaidean,False,False,False,PACMINEX EX 136,1974-07-01,181.7
20463,51.0,84.4,N-hu----02,Umberatana Group unit 2,Sandstone,Adelaidean,False,False,False,PACMINEX EX 136,1974-07-01,181.7
20463,84.4,84.5,M----p,Pandurra Formation,Quartzite,Mesoproterozoic,True,True,False,PACMINEX EX 136,1974-07-01,181.7
20464,0.0,7.0,IH,Quaternary rocks,Sand,post-Cambrian cover,False,False,False,PACMINEX EX 155,1974-07-16,183.7
20464,7.0,26.0,M----p,Pandurra Formation,Sandstone,Mesoproterozoic,True,True,False,PACMINEX EX 155,1974-07-16,183.7
20465,0.0,12.0,N-hueh,Whyalla Sandstone,Sandstone,Adelaidean,False,False,False,PACMINEX EX 11,1973-10-08,200.9
20465,12.0,24.0,N-hu----02,Umberatana Group unit 2,Clay (Undiff. Origin),Adelaidean,False,False,False,PACMINEX EX 11,1973-10-08,200.9
20465,24.0,67.0,N-hu----02,Umberatana Group unit 2,Siltstone,Adelaidean,False,False,False,PACMINEX EX 11,1973-10-08,200.9
20465,67.0,68.6,M----p,Pandurra Formation,Quartzite,Mesoproterozoic,True,True,False,PACMINEX EX 11,1973-10-08,200.9
20542,0.0,24.0,aI,Tertiary-Pleistocene rocks,Clay (Undiff. Origin),post-Cambrian cover,False,False,False,PACMINEX EX 38,1973-11-01,225.9
20542,24.0,56.4,M-ta,Gawler Range Volcanics,Rhyolite,Mesoproterozoic,True,False,True,PACMINEX EX 38,1973-11-01,225.9
20543,0.0,3.0,IH,Quaternary rocks,Soil,post-Cambrian cover,False,False,False,PACMINEX EX 97,1974-03-23,228.8
20543,3.0,17.0,M-ta,Gawler Range Volcanics,Basalt,Mesoproterozoic,True,False,True,PACMINEX EX 97,1974-03-23,228.8
20544,0.0,3.0,IH,Quaternary rocks,Sand,post-Cambrian cover,False,False,False,PACMINEX EX 100,1974-03-26,229.0
20544,3.0,9.0,M-ta,Gawler Range Volcanics,Andesite,Mesoproterozoic,True,False,True,PACMINEX EX 100,1974-03-26,229.0
20545,0.0,5.0,IH,Quaternary rocks,Gravel,post-Cambrian cover,False,False,False,PACMINEX EX 105,1974-03-27,224.9
20545,5.0,18.0,M-ta,Gawler Range Volcanics,Rhyolite,Mesoproterozoic,True,False,True,PACMINEX EX 105,1974-03-27,224.9
20546,0.0,6.0,IH,Quaternary rocks,Sand,post-Cambrian cover,False,False,False,PACMINEX EX 108,1974-03-28,221.5
20546,6.0,7.5,ap----si,Tertiary silcrete,Silcrete,post-Cambrian cover,False,False,False,PACMINEX EX 108,1974-03-28,221.5
20546,7.5,33.0,M-ta,Gawler Range Volcanics,Rhyodacite,Mesoproterozoic,True,False,True,PACMINEX EX 108,1974-03-28,221.5
20547,0.0,6.0,aI,Tertiary-Pleistocene rocks,Silcrete,post-Cambrian cover,False,False,False,PACMINEX EX 114,1974-06-08,221.6
20547,6.0,9.0,N-hueh,Whyalla Sandstone,Sandstone,Adelaidean,False,False,False,PACMINEX EX 114,1974-06-08,221.6
20547,9.0,14.0,N-hunt,Tapley Hill Formation,Clay (Undiff. Origin),Adelaidean,False,False,False,PACMINEX EX 114,1974-06-08,221.6
20547,14.0,18.0,M-ta,Gawler Range Volcanics,Rhyolite,Mesoproterozoic,True,False,True,PACMINEX EX 114,1974-06-08,221.6
24131,0.0,12.0,aI,Tertiary-Pleistocene rocks,Sand,post-Cambrian cover,False,False,False,PUB 7,1975-03-08,265.9
24131,12.0,108.0,N-hunt,Tapley Hill Formation,Shale,Adelaidean,False,False,False,PUB 7,1975-03-08,265.9
24131,108.0,114.0,M----p,Pandurra Formation,Sandstone,Mesoproterozoic,True,True,False,PUB 7,1975-03-08,265.9
24899,0.0,22.0,IH,Quaternary rocks,,post-Cambrian cover,False,False,False,WILKATANA 17,1956-10-18,204.0
24899,22.0,56.4,op---u,Neuroodla Formation,,post-Cambrian cover,False,False,False,WILKATANA 17,1956-10-18,204.0
24899,56.4,63.9,YN,Proterozoic rocks,,Palaeoproterozoic,True,False,True,WILKATANA 17,1956-10-18,204.0
24957,0.0,82.2,IH,Quaternary rocks,,post-Cambrian cover,False,False,False,WILKATANA 13,1956-10-07,209.2
24957,82.2,120.7,op---u,Neuroodla Formation,,post-Cambrian cover,False,False,False,WILKATANA 13,1956-10-07,209.2
24957,120.7,172.0,eo---o,Cotabena Formation,,post-Cambrian cover,False,False,False,WILKATANA 13,1956-10-07,209.2
24957,172.0,177.4,YN,Proterozoic rocks,,Palaeoproterozoic,True,False,True,WILKATANA 13,1956-10-07,209.2
24958,0.0,114.0,IH,Quaternary rocks,,post-Cambrian cover,False,False,False,WILKATANA 14,1956-10-11,210.0
24958,114.0,121.0,op---u,Neuroodla Formation,,post-Cambrian cover,False,False,False,WILKATANA 14,1956-10-11,210.0
24958,121.0,167.6,eo---o,Cotabena Formation,,post-Cambrian cover,False,False,False,WILKATANA 14,1956-10-11,210.0
24958,167.6,182.88,YN,Proterozoic rocks,,Palaeoproterozoic,True,False,True,WILKATANA 14,1956-10-11,210.0
132060,0.0,6.4,IH,Quaternary rocks,Sand,post-Cambrian cover,False,False,False,MPW 1,1972-04-18,228.7
132060,6.4,20.42,RK,Mesozoic rocks,Sand,post-Cambrian cover,False,False,False,MPW 1,1972-04-18,228.7
132060,20.42,22.25,AYm,Mulgathing Complex,Quartz Feldspar Porphyry,Archaean,True,False,True,MPW 1,1972-04-18,228.7
132075,0.0,19.81,M-tale,Ealbara Rhyolite,Quartz Feldspar Porphyry,Mesoproterozoic,True,False,True,BIRTHDAY DDH 1,1971-03-31,226.9
132076,0.0,20.12,M-tale,Ealbara Rhyolite,Quartz Feldspar Porphyry,Mesoproterozoic,True,False,True,BIRTHDAY DDH 2,1971-03-27,226.3
132077,0.0,19.81,M-tale,Ealbara Rhyolite,Quartz Feldspar Porphyry,Mesoproterozoic,True,False,True,BIRTHDAY DDH 3,1971-04-03,225.8
132078,0.0,10.21,IH,Quaternary rocks,Soil,post-Cambrian cover,False,False,False,MCP 1,1972-04-27,271.7
132078,10.21,31.69,JK---a,Algebuckina Sandstone,Sandstone,post-Cambrian cover,False,False,False,MCP 1,1972-04-27,271.7
132078,31.69,34.29,AYm,Mulgathing Complex,Adamellite,Archaean,True,False,True,MCP 1,1972-04-27,271.7
133881,0.0,42.67,aI,Tertiary-Pleistocene rocks,Sand,post-Cambrian cover,False,False,False,CR 1,1960-02-26,329.6
133881,42.67,46.53,L-l,Lincoln Complex,Gneiss,Palaeoproterozoic,True,False,True,CR 1,1960-02-26,329.6
133882,0.0,67.74,aI,Tertiary-Pleistocene rocks,Sand,post-Cambrian cover,False,False,False,CR - DEPT OF MINES 2,1960-02-17,330.5
133882,67.74,75.9,Ka----dw,Cretaceous-Paleocene deep weathering,Regolith,post-Cambrian cover,False,False,False,CR - DEPT OF MINES 2,1960-02-17,330.5
133882,75.9,77.62,Y-------09,Palaeoproterozoic unit 9,Gabbro,Palaeoproterozoic,True,False,True,CR - DEPT OF MINES 2,1960-02-17,330.5
133883,0.0,76.2,aI,Tertiary-Pleistocene rocks,Sand,post-Cambrian cover,False,False,False,CR 3,1960-02-02,330.9
133883,76.2,86.79,Ka----dw,Cretaceous-Paleocene deep weathering,Regolith,post-Cambrian cover,False,False,False,CR 3,1960-02-02,330.9
133883,86.79,88.62,Y-------09,Palaeoproterozoic unit 9,Gabbro,Palaeoproterozoic,True,False,True,CR 3,1960-02-02,330.9
133885,0.0,13.72,I---cb,Bridgewater Formation,Calcarenite,post-Cambrian cover,False,False,False,STREAKY R 1A,1972-10-06,331.3
133885,13.72,67.06,eI-iba,Pantoulbie Formation,Sand,post-Cambrian cover,False,False,False,STREAKY R 1A,1972-10-06,331.3
133885,67.06,117.35,eI-ibp,Pidinga Formation,Sand,post-Cambrian cover,False,False,False,STREAKY R 1A,1972-10-06,331.3
133885,117.35,124.97,Y--p,St Peter Suite,Granite,Palaeoproterozoic,True,False,True,STREAKY R 1A,1972-10-06,331.3
133940,0.0,51.82,aI,Tertiary-Pleistocene rocks,Sand,post-Cambrian cover,False,False,False,DME IR MINNIPA 1,1955-05-08,330.3
133940,51.82,59.44,Ka----dw,Cretaceous-Paleocene deep weathering,Regolith,post-Cambrian cover,False,False,False,DME IR MINNIPA 1,1955-05-08,330.3
133940,59.44,60.96,Y-------09,Palaeoproterozoic unit 9,Mafic Intrusive,Palaeoproterozoic,True,False,True,DME IR MINNIPA 1,1955-05-08,330.3
133941,0.0,57.91,aI,Tertiary-Pleistocene rocks,Sand,post-Cambrian cover,False,False,False,DME IR 2,1959-05-20,329.9
133941,57.91,64.97,Ka----dw,Cretaceous-Paleocene deep weathering,Regolith,post-Cambrian cover,False,False,False,DME IR 2,1959-05-20,329.9
133941,64.97,66.29,Y-------09,Palaeoproterozoic unit 9,Gabbro,Palaeoproterozoic,True,False,True,DME IR 2,1959-05-20,329.9
133942,0.0,44.2,aI,Tertiary-Pleistocene rocks,Sand,post-Cambrian cover,False,False,False,DME IR 6,1959-07-09,330.5
133942,44.2,44.96,Y-------09,Palaeoproterozoic unit 9,Gabbro,Palaeoproterozoic,True,False,True,DME IR 6,1959-07-09,330.5
133942,44.96,75.44,Y-------09,Palaeoproterozoic unit 9,Gabbro,Palaeoproterozoic,True,False,True,DME IR 6,1959-07-09,330.5
133943,0.0,47.24,aI,Tertiary-Pleistocene rocks,Sand,post-Cambrian cover,False,False,False,DME IR 4,1959-05-27,332.3
133943,47.24,73.15,eI-ibp,Pidinga Formation,Sand,post-Cambrian cover,False,False,False,DME IR 4,1959-05-27,332.3
133943,73.15,74.98,------ns,no sample,,post-Cambrian cover,False,False,False,DME IR 4,1959-05-27,332.3
133943,74.98,76.5,M-th,Hiltaba Suite,Adamellite,Mesoproterozoic,True,False,True,DME IR 4,1959-05-27,332.3
133944,0.0,54.86,aI,Tertiary-Pleistocene rocks,Sand,post-Cambrian cover,False,False,False,DME IR 3,1960-05-26,329.6
133944,54.86,57.91,Ka----dw,Cretaceous-Paleocene deep weathering,Regolith,post-Cambrian cover,False,False,False,DME IR 3,1960-05-26,329.6
133944,57.91,59.13,Y-------09,Palaeoproterozoic unit 9,Gabbro,Palaeoproterozoic,True,False,True,DME IR 3,1960-05-26,329.6
134099,0.0,2.5,I-,Pleistocene rocks,Sand,post-Cambrian cover,False,False,False,A 169,1972-03-27,266.8
134099,2.5,37.5,K----c,Cadna-owie Formation,Sandstone,post-Cambrian cover,False,False,False,A 169,1972-03-27,266.8
134099,37.5,38.7,AYm,Mulgathing Complex,Igneous Intrusive,Archaean,True,False,True,A 169,1972-03-27,266.8
134158,0.0,10.06,IH,Quaternary rocks,Soil,post-Cambrian cover,False,False,False,CPB 7,1971-01-01,271.3
134158,10.06,25.6,JK------01,Jurassic-Cretaceous unit 1,Sandstone,post-Cambrian cover,False,False,False,CPB 7,1971-01-01,271.3
134158,25.6,31.7,AYm,Mulgathing Complex,Clay (Undiff. Origin),Archaean,True,False,True,CPB 7,1971-01-01,271.3
134158,31.7,34.29,AYm,Mulgathing Complex,Adamellite,Archaean,True,False,True,CPB 7,1971-01-01,271.3
134293,0.0,4.0,IH,Quaternary rocks,Sand,post-Cambrian cover,False,False,False,G 1,1904-10-23,159.6
134293,4.0,304.0,M-tauy,Yardea Dacite,Dacite,Mesoproterozoic,True,False,True,G 1,1904-10-23,159.6
134339,0.0,6.4,AYm--l,Lake Harris Komatiite,Schist,Archaean,True,False,True,LAKE HARRIS AUGER HOLE 1,1970-12-31,179.0
135902,0.0,4.6,IH,Quaternary rocks,Sand,post-Cambrian cover,False,False,False,KENELLA 4A,1973-12-31,191.7
135902,4.6,152.4,AYm,Mulgathing Complex,Gneiss,Archaean,True,False,True,KENELLA 4A,1973-12-31,191.7
135903,0.0,7.6,IH,Quaternary rocks,Sand,post-Cambrian cover,False,False,False,KENELLA 1A,1973-12-31,192.1
135903,7.6,19.8,AYm,Mulgathing Complex,Clay (Regolith),Archaean,True,False,True,KENELLA 1A,1973-12-31,192.1
135903,19.8,152.4,AYm,Mulgathing Complex,Gneiss,Archaean,True,False,True,KENELLA 1A,1973-12-31,192.1
135904,0.0,4.6,IH,Quaternary rocks,Sand,post-Cambrian cover,False,False,False,KENELLA 9A,1973-12-31,192.1
135904,4.6,118.57,AYm,Mulgathing Complex,Gneiss,Archaean,True,False,True,KENELLA 9A,1973-12-31,192.1
135905,0.0,3.0,IH,Quaternary rocks,Sand,post-Cambrian cover,False,False,False,KENELLA 6A,1973-12-31,191.5
135905,3.0,15.2,AYm,Mulgathing Complex,Clay (Regolith),Archaean,True,False,True,KENELLA 6A,1973-12-31,191.5
135905,15.2,105.46,AYm,Mulgathing Complex,Gneiss,Archaean,True,False,True,KENELLA 6A,1973-12-31,191.5
136435,0.0,15.54,AYm--g,Glenloth Granite,Granite,Archaean,True,False,True,MT. MITCHELL 1,1966-01-01,184.2
136436,0.0,4.54,AYm--g,Glenloth Granite,Granite,Archaean,True,False,True,MT. MITCHELL 2,1966-01-01,184.1
136437,0.0,15.21,AYm--g,Glenloth Granite,Granite,Archaean,True,False,True,MT. MITCHELL 3,1966-01-01,184.2
136438,0.0,17.34,AYm--g,Glenloth Granite,Granite,Archaean,True,False,True,MT. MITCHELL 4,1966-01-01,184.2
139438,0.0,12.0,aI,Tertiary-Pleistocene rocks,Sand,post-Cambrian cover,False,False,False,PUB 6,1975-03-07,258.5
139438,12.0,82.0,N-hunt,Tapley Hill Formation,Shale,Adelaidean,False,False,False,PUB 6,1975-03-07,258.5
139438,82.0,92.0,M----p,Pandurra Formation,Sandstone,Mesoproterozoic,True,True,False,PUB 6,1975-03-07,258.5
139561,0.0,16.0,IH,Quaternary rocks,Sand,post-Cambrian cover,False,False,False,MF 1,1973-06-19,145.9
139561,16.0,38.0,N-huntw,Woocalla Dolomite Member,Clay (Undiff. Origin),Adelaidean,False,False,False,MF 1,1973-06-19,145.9
139561,38.0,94.5,M----p,Pandurra Formation,Sandstone,Mesoproterozoic,True,True,False,MF 1,1973-06-19,145.9
139671,0.0,2.13,aI,Tertiary-Pleistocene rocks,Sand,post-Cambrian cover,False,False,False,LD 1,1971-03-27,135.8
139671,2.13,70.1,N-hueh,Whyalla Sandstone,Sandstone,Adelaidean,False,False,False,LD 1,1971-03-27,135.8
139671,70.1,90.98,N-hunt,Tapley Hill Formation,Shale,Adelaidean,False,False,False,LD 1,1971-03-27,135.8
139671,90.98,92.66,M----p,Pandurra Formation,Sandstone,Mesoproterozoic,True,True,False,LD 1,1971-03-27,135.8
139672,0.0,12.19,aI,Tertiary-Pleistocene rocks,Sand,post-Cambrian cover,False,False,False,LD 2,1971-05-05,145.7
139672,12.19,42.67,N-hueh,Whyalla Sandstone,Sandstone,Adelaidean,False,False,False,LD 2,1971-05-05,145.7
139672,42.67,183.46,N-hunt,Tapley Hill Formation,Shale,Adelaidean,False,False,False,LD 2,1971-05-05,145.7
139672,183.46,185.4,M----p,Pandurra Formation,Sandstone,Mesoproterozoic,True,True,False,LD 2,1971-05-05,145.7
139673,0.0,12.19,aI,Tertiary-Pleistocene rocks,Sand,post-Cambrian cover,False,False,False,LD 3,1971-05-24,148.1
139673,12.19,98.79,N-hueh,Whyalla Sandstone,Sandstone,Adelaidean,False,False,False,LD 3,1971-05-24,148.1
139673,98.79,191.72,N-hunt,Tapley Hill Formation,Shale,Adelaidean,False,False,False,LD 3,1971-05-24,148.1
139673,191.72,192.6,M----p,Pandurra Formation,Sandstone,Mesoproterozoic,True,True,False,LD 3,1971-05-24,148.1
139674,0.0,9.14,aI,Tertiary-Pleistocene rocks,Sand,post-Cambrian cover,False,False,False,LD 4,1971-06-02,151.1
139674,9.14,42.67,N-hueh,Whyalla Sandstone,Sandstone,Adelaidean,False,False,False,LD 4,1971-06-02,151.1
139674,42.67,135.27,N-hunt,Tapley Hill Formation,Shale,Adelaidean,False,False,False,LD 4,1971-06-02,151.1
139674,135.27,136.34,M----p,Pandurra Formation,Sandstone,Mesoproterozoic,True,True,False,LD 4,1971-06-02,151.1
139675,0.0,6.1,aI,Tertiary-Pleistocene rocks,Sand,post-Cambrian cover,False,False,False,LD 5,1971-06-01,156.4
139675,6.1,60.96,N-hueh,Whyalla Sandstone,Sandstone,Adelaidean,False,False,False,LD 5,1971-06-01,156.4
139675,60.96,82.6,N-hunt,Tapley Hill Formation,Shale,Adelaidean,False,False,False,LD 5,1971-06-01,156.4
139675,82.6,83.1,M----p,Pandurra Formation,Sandstone,Mesoproterozoic,True,True,False,LD 5,1971-06-01,156.4
139676,0.0,6.1,aI,Tertiary-Pleistocene rocks,Sand,post-Cambrian cover,False,False,False,LD 6,1971-06-01,154.9
139676,6.1,27.43,N-hueh,Whyalla Sandstone,Sandstone,Adelaidean,False,False,False,LD 6,1971-06-01,154.9
139676,27.43,66.05,N-hunt,Tapley Hill Formation,Shale,Adelaidean,False,False,False,LD 6,1971-06-01,154.9
139676,66.05,67.76,M----p,Pandurra Formation,Sandstone,Mesoproterozoic,True,True,False,LD 6,1971-06-01,154.9
139677,0.0,6.1,aI,Tertiary-Pleistocene rocks,Sand,post-Cambrian cover,False,False,False,LD 7,1971-06-01,170.7
139677,6.1,36.58,N-hueh,Whyalla Sandstone,Sandstone,Adelaidean,False,False,False,LD 7,1971-06-01,170.7
139677,36.58,75.29,M----p,Pandurra Formation,Sandstone,Mesoproterozoic,True,True,False,LD 7,1971-06-01,170.7
139768,0.0,29.0,IH,Quaternary rocks,Sand,post-Cambrian cover,False,False,False,MF 2,1973-06-21,145.4
139768,29.0,71.0,N-huntw,Woocalla Dolomite Member,Shale,Adelaidean,False,False,False,MF 2,1973-06-21,145.4
139768,71.0,94.5,M----p,Pandurra Formation,Sandstone,Mesoproterozoic,True,True,False,MF 2,1973-06-21,145.4
139770,0.0,4.0,IH,Quaternary rocks,Silcrete,post-Cambrian cover,False,False,False,MF 4,1973-06-22,137.0
139770,4.0,18.0,N-hueh,Whyalla Sandstone,Sandstone,Adelaidean,False,False,False,MF 4,1973-06-22,137.0
139770,18.0,20.0,N-hu----02,Umberatana Group unit 2,Clay (Undiff. Origin),Adelaidean,False,False,False,MF 4,1973-06-22,137.0
139770,20.0,89.0,N-huntw,Woocalla Dolomite Member,Shale,Adelaidean,False,False,False,MF 4,1973-06-22,137.0
139770,89.0,91.5,M----p,Pandurra Formation,Quartzite,Mesoproterozoic,True,True,False,MF 4,1973-06-22,137.0
139771,0.0,7.0,IH,Quaternary rocks,Gravel,post-Cambrian cover,False,False,False,MF 5,1973-06-23,143.9
139771,7.0,92.0,N-huntw,Woocalla Dolomite Member,Shale,Adelaidean,False,False,False,MF 5,1973-06-23,143.9
139771,92.0,96.0,M----p,Pandurra Formation,Quartzite,Mesoproterozoic,True,True,False,MF 5,1973-06-23,143.9
139778,0.0,11.0,N-hueh,Whyalla Sandstone,Siltstone,Adelaidean,False,False,False,MF 12,1974-09-20,162.7
139778,11.0,15.0,N-hu----02,Umberatana Group unit 2,Siltstone,Adelaidean,False,False,False,MF 12,1974-09-20,162.7
139778,15.0,52.0,N-huntw,Woocalla Dolomite Member,Shale,Adelaidean,False,False,False,MF 12,1974-09-20,162.7
139778,52.0,54.0,M----p,Pandurra Formation,Quartzite,Mesoproterozoic,True,True,False,MF 12,1974-09-20,162.7
139809,0.0,2.0,aI,Tertiary-Pleistocene rocks,Sand,post-Cambrian cover,False,False,False,M 15,1972-06-23,192.7
139809,2.0,15.0,N-hueh,Whyalla Sandstone,Clay (Undiff. Origin),Adelaidean,False,False,False,M 15,1972-06-23,192.7
139809,15.0,17.0,N-huntw,Woocalla Dolomite Member,Dolomite Rock,Adelaidean,False,False,False,M 15,1972-06-23,192.7
139809,17.0,30.0,M----p,Pandurra Formation,Quartzite,Mesoproterozoic,True,True,False,M 15,1972-06-23,192.7
139883,0.0,3.05,aI,Tertiary-Pleistocene rocks,Sand,post-Cambrian cover,False,False,False,WP 5,1968-10-10,166.7
139883,3.05,21.03,N-hueh,Whyalla Sandstone,Sandstone,Adelaidean,False,False,False,WP 5,1968-10-10,166.7
139883,21.03,23.77,N-huntw,Woocalla Dolomite Member,Clay (Undiff. Origin),Adelaidean,False,False,False,WP 5,1968-10-10,166.7
139883,23.77,45.7,M----p,Pandurra Formation,Sandstone,Mesoproterozoic,True,True,False,WP 5,1968-10-10,166.7
139884,0.0,14.63,aI,Tertiary-Pleistocene rocks,Gravel,post-Cambrian cover,False,False,False,WP 6,1968-10-11,168.5
139884,14.63,26.21,N-hunt,Tapley Hill Formation,Clay (Undiff. Origin),Adelaidean,False,False,False,WP 6,1968-10-11,168.5
139884,26.21,29.26,M----p,Pandurra Formation,,Mesoproterozoic,True,True,False,WP 6,1968-10-11,168.5
139885,0.0,3.05,aI,Tertiary-Pleistocene rocks,Sand,post-Cambrian cover,False,False,False,WP 7,1968-10-12,167.9
139885,3.05,19.2,N-hueh,Whyalla Sandstone,Sandstone,Adelaidean,False,False,False,WP 7,1968-10-12,167.9
139885,19.2,22.56,N-hunt,Tapley Hill Formation,Clay (Undiff. Origin),Adelaidean,False,False,False,WP 7,1968-10-12,167.9
139885,22.56,27.4,M----p,Pandurra Formation,,Mesoproterozoic,True,True,False,WP 7,1968-10-12,167.9
139886,0.0,1.83,aI,Tertiary-Pleistocene rocks,Sand,post-Cambrian cover,False,False,False,WP 8,1968-10-14,167.7
139886,1.83,10.67,N-hueh,Whyalla Sandstone,Sandstone,Adelaidean,False,False,False,WP 8,1968-10-14,167.7
139886,10.67,24.38,N-hunt,Tapley Hill Formation,Clay (Undiff. Origin),Adelaidean,False,False,False,WP 8,1968-10-14,167.7
139886,24.38,36.58,M----p,Pandurra Formation,Quartzite,Mesoproterozoic,True,True,False,WP 8,1968-10-14,167.7
139887,0.0,7.62,aI,Tertiary-Pleistocene rocks,Clay (Undiff. Origin),post-Cambrian cover,False,False,False,WP 9,1968-10-14,167.2
139887,7.62,15.2,M----p,Pandurra Formation,,Mesoproterozoic,True,True,False,WP 9,1968-10-14,167.2
139888,0.0,9.14,aI,Tertiary-Pleistocene rocks,Clay (Undiff. Origin),post-Cambrian cover,False,False,False,WP 10,1968-10-15,167.0
139888,9.14,44.2,N-hunt,Tapley Hill Formation,Clay (Undiff. Origin),Adelaidean,False,False,False,WP 10,1968-10-15,167.0
139888,44.2,45.7,M----p,Pandurra Formation,,Mesoproterozoic,True,True,False,WP 10,1968-10-15,167.0
139889,0.0,6.1,aI,Tertiary-Pleistocene rocks,Clay (Undiff. Origin),post-Cambrian cover,False,False,False,WP 11,1968-10-16,166.6
139889,6.1,28.96,N-hunt,Tapley Hill Formation,Clay (Undiff. Origin),Adelaidean,False,False,False,WP 11,1968-10-16,166.6
139889,28.96,36.58,M----p,Pandurra Formation,,Mesoproterozoic,True,True,False,WP 11,1968-10-16,166.6
139891,0.0,3.05,aI,Tertiary-Pleistocene rocks,Sand,post-Cambrian cover,False,False,False,WP 13,1968-10-17,166.3
139891,3.05,13.72,N-hueh,Whyalla Sandstone,Sandstone,Adelaidean,False,False,False,WP 13,1968-10-17,166.3
139891,13.72,30.48,N-hunt,Tapley Hill Formation,Clay (Undiff. Origin),Adelaidean,False,False,False,WP 13,1968-10-17,166.3
139891,30.48,35.05,M----p,Pandurra Formation,Quartzite,Mesoproterozoic,True,True,False,WP 13,1968-10-17,166.3
139893,0.0,6.1,aI,Tertiary-Pleistocene rocks,Gravel,post-Cambrian cover,False,False,False,WP 15,1968-12-02,167.3
139893,6.1,25.91,N-hunt,Tapley Hill Formation,Clay (Undiff. Origin),Adelaidean,False,False,False,WP 15,1968-12-02,167.3
139893,25.91,30.48,M----p,Pandurra Formation,Sandstone,Mesoproterozoic,True,True,False,WP 15,1968-12-02,167.3
139894,0.0,3.05,aI,Tertiary-Pleistocene rocks,Sand,post-Cambrian cover,False,False,False,WP 16,1968-12-03,168.0
139894,3.05,8.84,N-hueh,Whyalla Sandstone,Sandstone,Adelaidean,False,False,False,WP 16,1968-12-03,168.0
139894,8.84,24.38,N-hunt,Tapley Hill Formation,Clay (Undiff. Origin),Adelaidean,False,False,False,WP 16,1968-12-03,168.0
139894,24.38,30.48,M----p,Pandurra Formation,,Mesoproterozoic,True,True,False,WP 16,1968-12-03,168.0
139895,0.0,3.05,aI,Tertiary-Pleistocene rocks,Soil,post-Cambrian cover,False,False,False,WP 17,1968-12-05,168.4
139895,3.05,22.86,N-hueh,Whyalla Sandstone,Sandstone,Adelaidean,False,False,False,WP 17,1968-12-05,168.4
139895,22.86,42.18,N-hunt,Tapley Hill Formation,Clay (Undiff. Origin),Adelaidean,False,False,False,WP 17,1968-12-05,168.4
139895,42.18,45.7,M----p,Pandurra Formation,,Mesoproterozoic,True,True,False,WP 17,1968-12-05,168.4
139896,0.0,1.52,aI,Tertiary-Pleistocene rocks,Sand,post-Cambrian cover,False,False,False,WP 18,1968-12-06,168.6
139896,1.52,19.2,N-hueh,Whyalla Sandstone,Sandstone,Adelaidean,False,False,False,WP 18,1968-12-06,168.6
139896,19.2,21.3,M----p,Pandurra Formation,,Mesoproterozoic,True,True,False,WP 18,1968-12-06,168.6
139898,0.0,6.1,aI,Tertiary-Pleistocene rocks,Sand,post-Cambrian cover,False,False,False,WP 20,1968-12-07,167.7
139898,6.1,26.52,N-hueh,Whyalla Sandstone,Sandstone,Adelaidean,False,False,False,WP 20,1968-12-07,167.7
139898,26.52,41.15,N-hunt,Tapley Hill Formation,Shale,Adelaidean,False,False,False,WP 20,1968-12-07,167.7
139898,41.15,45.7,M----p,Pandurra Formation,,Mesoproterozoic,True,True,False,WP 20,1968-12-07,167.7
139899,0.0,3.05,aI,Tertiary-Pleistocene rocks,Soil,post-Cambrian cover,False,False,False,WP 21,1968-12-07,167.9
139899,3.05,21.03,N-hueh,Whyalla Sandstone,Sandstone,Adelaidean,False,False,False,WP 21,1968-12-07,167.9
139899,21.03,22.86,N-hunt,Tapley Hill Formation,Shale,Adelaidean,False,False,False,WP 21,1968-12-07,167.9
139899,22.86,30.48,M----p,Pandurra Formation,,Mesoproterozoic,True,True,False,WP 21,1968-12-07,167.9
139900,0.0,17.37,N-hueh,Whyalla Sandstone,Sandstone,Adelaidean,False,False,False,WP 22,1968-12-07,167.2
139900,17.37,27.43,N-hunt,Tapley Hill Formation,Clay (Undiff. Origin),Adelaidean,False,False,False,WP 22,1968-12-07,167.2
139900,27.43,30.48,M----p,Pandurra Formation,,Mesoproterozoic,True,True,False,WP 22,1968-12-07,167.2
139902,0.0,5.49,aI,Tertiary-Pleistocene rocks,Sand,post-Cambrian cover,False,False,False,WP 24,1968-12-10,165.6
139902,5.49,7.92,N-hueh,Whyalla Sandstone,Sandstone,Adelaidean,False,False,False,WP 24,1968-12-10,165.6
139902,7.92,28.96,N-hunt,Tapley Hill Formation,Shale,Adelaidean,False,False,False,WP 24,1968-12-10,165.6
139902,28.96,30.48,M----p,Pandurra Formation,,Mesoproterozoic,True,True,False,WP 24,1968-12-10,165.6
139903,0.0,1.52,aI,Tertiary-Pleistocene rocks,Sand,post-Cambrian cover,False,False,False,WP 25,1968-12-11,167.5
139903,1.52,26.52,N-hueh,Whyalla Sandstone,Sandstone,Adelaidean,False,False,False,WP 25,1968-12-11,167.5
139903,26.52,59.13,N-hunt,Tapley Hill Formation,Shale,Adelaidean,False,False,False,WP 25,1968-12-11,167.5
139903,59.13,60.96,M----p,Pandurra Formation,,Mesoproterozoic,True,True,False,WP 25,1968-12-11,167.5
139904,0.0,4.88,aI,Tertiary-Pleistocene rocks,Soil,post-Cambrian cover,False,False,False,WP 26,1968-12-12,167.4
139904,4.88,36.27,N-hueh,Whyalla Sandstone,Sandstone,Adelaidean,False,False,False,WP 26,1968-12-12,167.4
139904,36.27,56.39,N-hunt,Tapley Hill Formation,Shale,Adelaidean,False,False,False,WP 26,1968-12-12,167.4
139904,56.39,58.8,M----p,Pandurra Formation,,Mesoproterozoic,True,True,False,WP 26,1968-12-12,167.4
140216,0.0,313.9,Y--t-r,Corunna Conglomerate,Sandstone,Palaeoproterozoic,True,False,True,BHP DDH 18,1953-12-12,256.1
140217,0.0,243.8,Y-hb-m,Myola Volcanics,Rhyolite,Palaeoproterozoic,True,False,True,BHP DDH 29,1956-12-12,257.4
140218,0.0,15.0,IH,Quaternary rocks,Gravel,post-Cambrian cover,False,False,False,BHP JD 3A,1961-04-01,257.6
140218,15.0,18.3,A-,Archaean rocks,Gneiss,Archaean,True,False,True,BHP JD 3A,1961-04-01,257.6
140219,0.0,14.0,IH,Quaternary rocks,Gravel,post-Cambrian cover,False,False,False,BHP JD 4,1961-05-01,257.5
140219,14.0,16.8,AM,Archaean-Mesoproterozoic rocks,Granite,Archaean,True,False,True,BHP JD 4,1961-05-01,257.5
140220,0.0,2.0,IH,Quaternary rocks,Clay (Undiff. Origin),post-Cambrian cover,False,False,False,BHP JD 5,1961-05-01,257.3
140220,2.0,12.2,AM,Archaean-Mesoproterozoic rocks,Granite,Archaean,True,False,True,BHP JD 5,1961-05-01,257.3
140221,0.0,2.0,IH,Quaternary rocks,Clay (Undiff. Origin),post-Cambrian cover,False,False,False,BHP JD 6,1961-05-01,256.7
140221,2.0,13.7,A-,Archaean rocks,Gneiss,Archaean,True,False,True,BHP JD 6,1961-05-01,256.7
140222,0.0,1.7,IH,Quaternary rocks,Clay (Undiff. Origin),post-Cambrian cover,False,False,False,BHP JD 7,1961-05-01,256.5
140222,1.7,16.8,AM,Archaean-Mesoproterozoic rocks,Granite,Archaean,True,False,True,BHP JD 7,1961-05-01,256.5
140223,0.0,4.0,IH,Quaternary rocks,Clay (Undiff. Origin),post-Cambrian cover,False,False,False,BHP JD 8,1961-05-01,256.2
140223,4.0,12.2,A-,Archaean rocks,Gneiss,Archaean,True,False,True,BHP JD 8,1961-05-01,256.2
140224,0.0,4.9,IH,Quaternary rocks,Clay (Undiff. Origin),post-Cambrian cover,False,False,False,BHP JD 9,1961-05-01,256.3
140224,4.9,18.3,A-,Archaean rocks,Gneiss,Archaean,True,False,True,BHP JD 9,1961-05-01,256.3
140225,0.0,6.0,IH,Quaternary rocks,Gravel,post-Cambrian cover,False,False,False,BHP JD 10,1961-05-01,255.8
140225,6.0,15.2,A-,Archaean rocks,Granite,Archaean,True,False,True,BHP JD 10,1961-05-01,255.8
140226,0.0,7.6,IH,Quaternary rocks,Clay (Undiff. Origin),post-Cambrian cover,False,False,False,BHP JD 11,1961-05-01,255.6
140226,7.6,16.5,A-,Archaean rocks,Granite,Archaean,True,False,True,BHP JD 11,1961-05-01,255.6
140227,0.0,17.4,IH,Quaternary rocks,Gravel,post-Cambrian cover,False,False,False,BHP JD 12,1961-05-01,255.8
140227,17.4,19.8,AM,Archaean-Mesoproterozoic rocks,Granite,Archaean,True,False,True,BHP JD 12,1961-05-01,255.8
140228,0.0,15.5,IH,Quaternary rocks,Gravel,post-Cambrian cover,False,False,False,BHP JD 13,1961-05-01,256.3
140228,15.5,18.3,AM,Archaean-Mesoproterozoic rocks,Granite,Archaean,True,False,True,BHP JD 13,1961-05-01,256.3
140229,0.0,13.7,IH,Quaternary rocks,Gravel,post-Cambrian cover,False,False,False,BHP JD 14,1961-05-01,256.3
140229,13.7,16.8,AM,Archaean-Mesoproterozoic rocks,Granite,Archaean,True,False,True,BHP JD 14,1961-05-01,256.3
140230,0.0,11.9,IH,Quaternary rocks,Gravel,post-Cambrian cover,False,False,False,BHP JD 15,1961-05-01,256.5
140230,11.9,12.8,AM,Archaean-Mesoproterozoic rocks,Granite,Archaean,True,False,True,BHP JD 15,1961-05-01,256.5
140231,0.0,17.4,IH,Quaternary rocks,Gravel,post-Cambrian cover,False,False,False,BHP JD 16,1961-05-01,256.6
140231,17.4,19.5,AM,Archaean-Mesoproterozoic rocks,Granite,Archaean,True,False,True,BHP JD 16,1961-05-01,256.6
140232,0.0,16.8,IH,Quaternary rocks,Gravel,post-Cambrian cover,False,False,False,BHP JD 17,1961-05-01,256.6
140232,16.8,19.2,AM,Archaean-Mesoproterozoic rocks,Granite,Archaean,True,False,True,BHP JD 17,1961-05-01,256.6
140233,0.0,18.3,IH,Quaternary rocks,Gravel,post-Cambrian cover,False,False,False,BHP JD 18,1961-05-01,256.7
140233,18.3,21.3,AM,Archaean-Mesoproterozoic rocks,Granite,Archaean,True,False,True,BHP JD 18,1961-05-01,256.7
140234,0.0,22.3,IH,Quaternary rocks,Gravel,post-Cambrian cover,False,False,False,BHP JD 19,1961-05-01,256.7
140234,22.3,25.9,M-ta,Gawler Range Volcanics,Rhyolite,Mesoproterozoic,True,False,True,BHP JD 19,1961-05-01,256.7
140235,0.0,24.1,IH,Quaternary rocks,Gravel,post-Cambrian cover,False,False,False,BHP JD 20,1961-05-01,256.7
140235,24.1,28.4,M-ta,Gawler Range Volcanics,Rhyolite,Mesoproterozoic,True,False,True,BHP JD 20,1961-05-01,256.7
140236,0.0,21.3,IH,Quaternary rocks,Gravel,post-Cambrian cover,False,False,False,BHP JD 21,1961-05-01,256.7
140236,21.3,24.4,AY-i,Middleback Subgroup,Chemical/Biogenic Sediment,Archaean,True,False,True,BHP JD 21,1961-05-01,256.7
140240,0.0,6.0,IH,Quaternary rocks,Sand,post-Cambrian cover,False,False,False,BHP KAT 5,1973-05-05,262.4
140240,6.0,28.0,A-,Archaean rocks,Granite,Archaean,True,False,True,BHP KAT 5,1973-05-05,262.4
140241,0.0,12.0,IH,Quaternary rocks,Sand,post-Cambrian cover,False,False,False,BHP KAT 6,1973-05-05,261.2
140241,12.0,22.5,A-,Archaean rocks,Granite,Archaean,True,False,True,BHP KAT 6,1973-05-05,261.2
140257,0.0,23.0,IH,Quaternary rocks,Sand,post-Cambrian cover,False,False,False,BHP MH 1,1970-12-12,282.6
140257,23.0,87.0,Y-hb-b,Broadview Schist,Schist,Palaeoproterozoic,True,False,True,BHP MH 1,1970-12-12,282.6
140258,0.0,16.0,IH,Quaternary rocks,Sand,post-Cambrian cover,False,False,False,BHP MH 2,1973-12-12,284.8
140258,16.0,22.0,Y-hb-b,Broadview Schist,Schist,Palaeoproterozoic,True,False,True,BHP MH 2,1973-12-12,284.8
140261,0.0,82.0,IH,Quaternary rocks,Sand,post-Cambrian cover,False,False,False,BHP MH 5,1973-12-12,284.5
140261,82.0,82.5,Y-hb-b,Broadview Schist,Schist,Palaeoproterozoic,True,False,True,BHP MH 5,1973-12-12,284.5
140268,0.0,1.8,IH,Quaternary rocks,Silt,post-Cambrian cover,False,False,False,BHP RP 1,1969-12-12,259.1
140268,1.8,91.4,M-talr,Roopena Basalt,Basalt,Mesoproterozoic,True,False,True,BHP RP 1,1969-12-12,259.1
140268,91.4,99.1,Y--x-o,Moonabie Formation,Quartzite,Palaeoproterozoic,True,False,True,BHP RP 1,1969-12-12,259.1
140269,0.0,1.5,IH,Quaternary rocks,Silt,post-Cambrian cover,False,False,False,BHP RP 2,1969-12-12,258.6
140269,1.5,76.2,M-talr,Roopena Basalt,Siltstone,Mesoproterozoic,True,False,True,BHP RP 2,1969-12-12,258.6
140269,76.2,83.8,M-talf--01,Fresh Well Formation unit 1,Conglomerate,Mesoproterozoic,True,False,True,BHP RP 2,1969-12-12,258.6
140270,0.0,1.5,IH,Quaternary rocks,Silt,post-Cambrian cover,False,False,False,BHP RP 3,1969-12-12,258.6
140270,1.5,30.5,M-talf--02,Fresh Well Formation unit 2,Siltstone,Mesoproterozoic,True,False,True,BHP RP 3,1969-12-12,258.6
140270,30.5,91.4,Y--x-o,Moonabie Formation,Quartzite,Palaeoproterozoic,True,False,True,BHP RP 3,1969-12-12,258.6
140271,0.0,1.0,IH,Quaternary rocks,Silt,post-Cambrian cover,False,False,False,BHP RP 4,1969-12-12,259.5
140271,1.0,43.9,M-talf--02,Fresh Well Formation unit 2,Siltstone,Mesoproterozoic,True,False,True,BHP RP 4,1969-12-12,259.5
140271,43.9,53.3,M-talf--01,Fresh Well Formation unit 1,Conglomerate,Mesoproterozoic,True,False,True,BHP RP 4,1969-12-12,259.5
140272,0.0,15.8,M-talf,Fresh Well Formation,Siltstone,Mesoproterozoic,True,False,True,BHP RP 5,1969-12-12,259.7
140272,15.8,61.0,M-talf,Fresh Well Formation,Conglomerate,Mesoproterozoic,True,False,True,BHP RP 5,1969-12-12,259.7
140273,0.0,4.6,IH,Quaternary rocks,Silt,post-Cambrian cover,False,False,False,BHP RP 6,1969-12-12,259.6
140273,4.6,41.2,M-talf,Fresh Well Formation,Siltstone,Mesoproterozoic,True,False,True,BHP RP 6,1969-12-12,259.6
140273,41.2,48.8,Y--x-o,Moonabie Formation,Quartzite,Palaeoproterozoic,True,False,True,BHP RP 6,1969-12-12,259.6
140278,0.0,17.0,IH,Quaternary rocks,Sand,post-Cambrian cover,False,False,False,DME PH 30,1969-12-12,263.6
140278,17.0,24.0,N----g,Gairdner Dolerite,Dolerite,Adelaidean,False,False,False,DME PH 30,1969-12-12,263.6
140278,24.0,38.0,A----c,Cooyerdoo Granite,Granite,Archaean,True,False,True,DME PH 30,1969-12-12,263.6
140298,0.0,7.5,IH,Quaternary rocks,Laterite,post-Cambrian cover,False,False,False,PACMINEX EX 40,1973-10-02,234.6
140298,7.5,42.7,M-ta,Gawler Range Volcanics,Trachyandesite,Mesoproterozoic,True,False,True,PACMINEX EX 40,1973-10-02,234.6
140300,0.0,3.0,IH,Quaternary rocks,Gravel,post-Cambrian cover,False,False,False,PACMINEX EX 42,1973-11-04,234.1
140300,3.0,42.0,N-hunt,Tapley Hill Formation,Shale,Adelaidean,False,False,False,PACMINEX EX 42,1973-11-04,234.1
140300,42.0,52.7,N-xcak,Backy Point Formation,Conglomerate,Adelaidean,False,False,False,PACMINEX EX 42,1973-11-04,234.1
140300,52.7,54.9,M----p,Pandurra Formation,Quartzite,Mesoproterozoic,True,True,False,PACMINEX EX 42,1973-11-04,234.1
140302,0.0,6.0,IH,Quaternary rocks,Soil,post-Cambrian cover,False,False,False,PACMINEX EX 46,1973-11-09,240.6
140302,6.0,40.0,N-hunt,Tapley Hill Formation,Clay (Undiff. Origin),Adelaidean,False,False,False,PACMINEX EX 46,1973-11-09,240.6
140302,40.0,70.0,N-xcak,Backy Point Formation,Sandstone,Adelaidean,False,False,False,PACMINEX EX 46,1973-11-09,240.6
140302,70.0,80.8,M-ta,Gawler Range Volcanics,Volcanics,Mesoproterozoic,True,False,True,PACMINEX EX 46,1973-11-09,240.6
140306,0.0,3.0,IH,Quaternary rocks,Soil,post-Cambrian cover,False,False,False,PACMINEX EX 50,1973-11-11,250.1
140306,3.0,33.5,N-hunt,Tapley Hill Formation,Shale,Adelaidean,False,False,False,PACMINEX EX 50,1973-11-11,250.1
140306,33.5,36.6,M----p,Pandurra Formation,Quartzite,Mesoproterozoic,True,True,False,PACMINEX EX 50,1973-11-11,250.1
140307,0.0,3.0,IH,Quaternary rocks,Soil,post-Cambrian cover,False,False,False,PACMINEX EX 51,1973-11-11,250.3
140307,3.0,6.0,N-hunt,Tapley Hill Formation,Clay (Undiff. Origin),Adelaidean,False,False,False,PACMINEX EX 51,1973-11-11,250.3
140307,6.0,12.0,N-xcak,Backy Point Formation,Conglomerate,Adelaidean,False,False,False,PACMINEX EX 51,1973-11-11,250.3
140307,12.0,18.6,M----p,Pandurra Formation,Sedimentary Rock,Mesoproterozoic,True,True,False,PACMINEX EX 51,1973-11-11,250.3
140310,0.0,6.0,IH,Quaternary rocks,Soil,post-Cambrian cover,False,False,False,PACMINEX EX 54,1973-11-13,252.8
140310,6.0,84.0,N-hunt,Tapley Hill Formation,Shale,Adelaidean,False,False,False,PACMINEX EX 54,1973-11-13,252.8
140310,84.0,85.3,M----p,Pandurra Formation,Quartzite,Mesoproterozoic,True,True,False,PACMINEX EX 54,1973-11-13,252.8
140311,0.0,7.0,IH,Quaternary rocks,Soil,post-Cambrian cover,False,False,False,PACMINEX EX 55,1973-11-13,250.0
140311,7.0,13.7,M----p,Pandurra Formation,Quartzite,Mesoproterozoic,True,True,False,PACMINEX EX 55,1973-11-13,250.0
140312,0.0,3.0,IH,Quaternary rocks,Soil,post-Cambrian cover,False,False,False,PACMINEX EX 56,1973-11-13,249.0
140312,3.0,37.0,N-hunt,Tapley Hill Formation,Shale,Adelaidean,False,False,False,PACMINEX EX 56,1973-11-13,249.0
140312,37.0,43.0,N-xcak,Backy Point Formation,Conglomerate,Adelaidean,False,False,False,PACMINEX EX 56,1973-11-13,249.0
140312,43.0,45.7,M----p,Pandurra Formation,Quartzite,Mesoproterozoic,True,True,False,PACMINEX EX 56,1973-11-13,249.0
140313,0.0,6.0,IH,Quaternary rocks,Soil,post-Cambrian cover,False,False,False,PACMINEX EX 57,1973-11-14,249.3
140313,6.0,53.0,M----p,Pandurra Formation,Sandstone,Mesoproterozoic,True,True,False,PACMINEX EX 57,1973-11-14,249.3
140313,53.0,61.0,M-ta,Gawler Range Volcanics,Andesite,Mesoproterozoic,True,False,True,PACMINEX EX 57,1973-11-14,249.3
140314,0.0,3.0,IH,Quaternary rocks,Soil,post-Cambrian cover,False,False,False,PACMINEX EX 58,1973-11-14,255.7
140314,3.0,64.0,M----p,Pandurra Formation,Sandstone,Mesoproterozoic,True,True,False,PACMINEX EX 58,1973-11-14,255.7
140315,0.0,12.0,IH,Quaternary rocks,Gravel,post-Cambrian cover,False,False,False,PACMINEX EX 59,1973-11-15,256.5
140315,12.0,22.0,N-xcak,Backy Point Formation,Sandstone,Adelaidean,False,False,False,PACMINEX EX 59,1973-11-15,256.5
140315,22.0,24.7,M----p,Pandurra Formation,Quartzite,Mesoproterozoic,True,True,False,PACMINEX EX 59,1973-11-15,256.5
140316,0.0,9.0,IH,Quaternary rocks,Sand,post-Cambrian cover,False,False,False,PACMINEX EX 60,1973-11-15,256.0
140316,9.0,15.8,M----p,Pandurra Formation,Quartzite,Mesoproterozoic,True,True,False,PACMINEX EX 60,1973-11-15,256.0
140318,0.0,6.0,IH,Quaternary rocks,Soil,post-Cambrian cover,False,False,False,PACMINEX EX 65,1974-03-08,276.7
140318,6.0,61.0,M----p,Pandurra Formation,Sandstone,Mesoproterozoic,True,True,False,PACMINEX EX 65,1974-03-08,276.7
140319,0.0,13.5,IH,Quaternary rocks,Gravel,post-Cambrian cover,False,False,False,PACMINEX EX 69,1974-03-11,266.8
140319,13.5,37.5,M----p,Pandurra Formation,Sandstone,Mesoproterozoic,True,True,False,PACMINEX EX 69,1974-03-11,266.8
140320,0.0,9.0,IH,Quaternary rocks,Gravel,post-Cambrian cover,False,False,False,PACMINEX EX 70,1974-03-11,262.0
140320,9.0,15.0,N-hunt,Tapley Hill Formation,Clay (Undiff. Origin),Adelaidean,False,False,False,PACMINEX EX 70,1974-03-11,262.0
140320,15.0,30.0,N-xcak,Backy Point Formation,Conglomerate,Adelaidean,False,False,False,PACMINEX EX 70,1974-03-11,262.0
140320,30.0,33.3,M----p,Pandurra Formation,Quartzite,Mesoproterozoic,True,True,False,PACMINEX EX 70,1974-03-11,262.0
140321,0.0,6.0,IH,Quaternary rocks,Gravel,post-Cambrian cover,False,False,False,PACMINEX EX 71,1974-03-11,260.3
140321,6.0,9.0,M----p,Pandurra Formation,Quartzite,Mesoproterozoic,True,True,False,PACMINEX EX 71,1974-03-11,260.3
140322,0.0,3.0,IH,Quaternary rocks,Sand,post-Cambrian cover,False,False,False,PACMINEX EX 72,1974-03-12,260.0
140322,3.0,6.0,N-hueh,Whyalla Sandstone,Sandstone,Adelaidean,False,False,False,PACMINEX EX 72,1974-03-12,260.0
140322,6.0,7.0,M----p,Pandurra Formation,Quartzite,Mesoproterozoic,True,True,False,PACMINEX EX 72,1974-03-12,260.0
140323,0.0,20.5,IH,Quaternary rocks,Sand,post-Cambrian cover,False,False,False,PACMINEX EX 73,1974-03-12,259.7
140323,6.0,20.5,N-hueh,Whyalla Sandstone,Sandstone,Adelaidean,False,False,False,PACMINEX EX 73,1974-03-12,259.7
140323,20.5,24.0,M----p,Pandurra Formation,Quartzite,Mesoproterozoic,True,True,False,PACMINEX EX 73,1974-03-12,259.7
140324,0.0,3.0,IH,Quaternary rocks,Sand,post-Cambrian cover,False,False,False,PACMINEX EX 74,1974-03-12,259.1
140324,3.0,32.0,N-hueh,Whyalla Sandstone,,Adelaidean,False,False,False,PACMINEX EX 74,1974-03-12,259.1
140324,32.0,34.0,N-hunt,Tapley Hill Formation,Shale,Adelaidean,False,False,False,PACMINEX EX 74,1974-03-12,259.1
140324,34.0,48.0,M----p,Pandurra Formation,Quartzite,Mesoproterozoic,True,True,False,PACMINEX EX 74,1974-03-12,259.1
140327,0.0,4.0,IH,Quaternary rocks,Sand,post-Cambrian cover,False,False,False,PACMINEX EX 77,1974-03-13,257.3
140327,4.0,13.0,N-hueh,Whyalla Sandstone,Sandstone,Adelaidean,False,False,False,PACMINEX EX 77,1974-03-13,257.3
140327,13.0,17.0,N-xcak,Backy Point Formation,Conglomerate,Adelaidean,False,False,False,PACMINEX EX 77,1974-03-13,257.3
140327,17.0,19.0,M----p,Pandurra Formation,Quartzite,Mesoproterozoic,True,True,False,PACMINEX EX 77,1974-03-13,257.3
140328,0.0,3.0,IH,Quaternary rocks,Sand,post-Cambrian cover,False,False,False,PACMINEX EX 78,1974-03-13,257.8
140328,3.0,3.15,M----p,Pandurra Formation,Quartzite,Mesoproterozoic,True,True,False,PACMINEX EX 78,1974-03-13,257.8
140329,0.0,5.0,IH,Quaternary rocks,Gravel,post-Cambrian cover,False,False,False,PACMINEX EX 79,1974-03-13,255.9
140329,5.0,12.5,N-hunt,Tapley Hill Formation,Clay (Undiff. Origin),Adelaidean,False,False,False,PACMINEX EX 79,1974-03-13,255.9
140329,12.5,45.0,N-xcak,Backy Point Formation,Gravel,Adelaidean,False,False,False,PACMINEX EX 79,1974-03-13,255.9
140329,45.0,46.0,M----p,Pandurra Formation,Sedimentary Rock,Mesoproterozoic,True,True,False,PACMINEX EX 79,1974-03-13,255.9
140332,0.0,3.0,IH,Quaternary rocks,Soil,post-Cambrian cover,False,False,False,PACMINEX EX 82,1974-03-16,253.5
140332,3.0,90.0,M----p,Pandurra Formation,Sandstone,Mesoproterozoic,True,True,False,PACMINEX EX 82,1974-03-16,253.5
140333,0.0,3.0,IH,Quaternary rocks,Sand,post-Cambrian cover,False,False,False,PACMINEX EX 83,1974-03-16,253.8
140333,3.0,12.0,N-hueh,Whyalla Sandstone,Sandstone,Adelaidean,False,False,False,PACMINEX EX 83,1974-03-16,253.8
140333,12.0,28.0,N-hunt,Tapley Hill Formation,Clay (Undiff. Origin),Adelaidean,False,False,False,PACMINEX EX 83,1974-03-16,253.8
140333,28.0,39.5,N-xcak,Backy Point Formation,Gravel,Adelaidean,False,False,False,PACMINEX EX 83,1974-03-16,253.8
140333,39.5,40.0,M----p,Pandurra Formation,Quartzite,Mesoproterozoic,True,True,False,PACMINEX EX 83,1974-03-16,253.8
140334,0.0,3.0,IH,Quaternary rocks,Soil,post-Cambrian cover,False,False,False,PACMINEX EX 84,1974-03-20,253.7
140334,3.0,87.0,M----p,Pandurra Formation,Sandstone,Mesoproterozoic,True,True,False,PACMINEX EX 84,1974-03-20,253.7
140335,0.0,2.0,IH,Quaternary rocks,Sand,post-Cambrian cover,False,False,False,PACMINEX EX 85,1974-03-20,250.9
140335,2.0,19.0,N-hunt,Tapley Hill Formation,Shale,Adelaidean,False,False,False,PACMINEX EX 85,1974-03-20,250.9
140335,19.0,21.0,M----p,Pandurra Formation,Quartzite,Mesoproterozoic,True,True,False,PACMINEX EX 85,1974-03-20,250.9
140340,0.0,13.0,IH,Quaternary rocks,Clay (Undiff. Origin),post-Cambrian cover,False,False,False,PACMINEX EX 90,1974-03-21,234.3
140340,13.0,20.0,N-hunt,Tapley Hill Formation,Clay (Undiff. Origin),Adelaidean,False,False,False,PACMINEX EX 90,1974-03-21,234.3
140340,20.0,28.0,N-xcak,Backy Point Formation,Sandstone,Adelaidean,False,False,False,PACMINEX EX 90,1974-03-21,234.3
140340,28.0,36.0,M-ta,Gawler Range Volcanics,Andesite,Mesoproterozoic,True,False,True,PACMINEX EX 90,1974-03-21,234.3
140342,0.0,4.0,IH,Quaternary rocks,Sand,post-Cambrian cover,False,False,False,PACMINEX EX 92,1974-03-22,233.3
140342,4.0,27.0,M-ta,Gawler Range Volcanics,Rhyodacite,Mesoproterozoic,True,False,True,PACMINEX EX 92,1974-03-22,233.3
140851,0.0,61.57,N-xc,Callanna Group,Mafic Extrusive,Adelaidean,False,False,False,URN 1,1974-01-01,279.2
140851,61.57,63.55,Y-he,Peake Metamorphics,,Palaeoproterozoic,True,False,True,URN 1,1974-01-01,279.2
140852,0.0,8.37,Y--j-w,Wirriecurrie Granite,Granite,Palaeoproterozoic,True,False,True,URN 2,1974-01-01,285.3
147448,0.0,6.0,IH,Quaternary rocks,Sand,post-Cambrian cover,False,False,False,PACMINEX EX 5,1973-10-03,188.5
147448,6.0,23.0,N-hueh,Whyalla Sandstone,Sandstone,Adelaidean,False,False,False,PACMINEX EX 5,1973-10-03,188.5
147448,23.0,24.0,------fe,ferruginisation,Ferricrete,post-Cambrian cover,False,False,False,PACMINEX EX 5,1973-10-03,188.5
147448,24.0,27.0,------we,weathering/weathered rocks,Clay (Undiff. Origin),post-Cambrian cover,False,False,False,PACMINEX EX 5,1973-10-03,188.5
147448,27.0,33.0,M----p,Pandurra Formation,Quartzite,Mesoproterozoic,True,True,False,PACMINEX EX 5,1973-10-03,188.5
147449,0.0,6.0,IH,Quaternary rocks,Sand,post-Cambrian cover,False,False,False,PACMINEX EX 3A,1973-10-03,177.6
147449,6.0,42.4,N-hueh,Whyalla Sandstone,Sandstone,Adelaidean,False,False,False,PACMINEX EX 3A,1973-10-03,177.6
147449,42.4,42.5,M----p,Pandurra Formation,Quartzite,Mesoproterozoic,True,True,False,PACMINEX EX 3A,1973-10-03,177.6
147451,0.0,3.0,IH,Quaternary rocks,Sand,post-Cambrian cover,False,False,False,PACMINEX EX 4,1973-10-03,179.5
147451,3.0,9.0,N-hueh,Whyalla Sandstone,Sandstone,Adelaidean,False,False,False,PACMINEX EX 4,1973-10-03,179.5
147451,9.0,24.0,M----p,Pandurra Formation,Quartzite,Mesoproterozoic,True,True,False,PACMINEX EX 4,1973-10-03,179.5
147453,0.0,7.0,IH,Quaternary rocks,Sand,post-Cambrian cover,False,False,False,PACMINEX EX 10,1973-10-07,200.1
147453,7.0,15.0,ap----si,Tertiary silcrete,Silcrete,post-Cambrian cover,False,False,False,PACMINEX EX 10,1973-10-07,200.1
147453,15.0,34.0,N-hu----02,Umberatana Group unit 2,Clay (Undiff. Origin),Adelaidean,False,False,False,PACMINEX EX 10,1973-10-07,200.1
147453,34.0,55.0,N-hu----02,Umberatana Group unit 2,Siltstone,Adelaidean,False,False,False,PACMINEX EX 10,1973-10-07,200.1
147453,55.0,59.0,N-hunt,Tapley Hill Formation,Limestone,Adelaidean,False,False,False,PACMINEX EX 10,1973-10-07,200.1
147453,59.0,61.0,M----p,Pandurra Formation,Quartzite,Mesoproterozoic,True,True,False,PACMINEX EX 10,1973-10-07,200.1
147454,0.0,9.0,aI,Tertiary-Pleistocene rocks,Gravel,post-Cambrian cover,False,False,False,PACMINEX EX 13,1973-10-09,202.5
147454,9.0,15.0,N-hueh,Whyalla Sandstone,Sandstone,Adelaidean,False,False,False,PACMINEX EX 13,1973-10-09,202.5
147454,15.0,17.7,N-hu----02,Umberatana Group unit 2,Clay (Undiff. Origin),Adelaidean,False,False,False,PACMINEX EX 13,1973-10-09,202.5
147454,17.7,19.8,M----p,Pandurra Formation,Quartzite,Mesoproterozoic,True,True,False,PACMINEX EX 13,1973-10-09,202.5
147456,0.0,3.0,IH,Quaternary rocks,Gravel,post-Cambrian cover,False,False,False,PACMINEX EX 15,1973-10-09,208.0
147456,3.0,33.0,N-hu----02,Umberatana Group unit 2,Sandstone,Adelaidean,False,False,False,PACMINEX EX 15,1973-10-09,208.0
147456,33.0,34.1,M----p,Pandurra Formation,Quartzite,Mesoproterozoic,True,True,False,PACMINEX EX 15,1973-10-09,208.0
147457,0.0,3.0,IH,Quaternary rocks,Sand,post-Cambrian cover,False,False,False,PACMINEX EX 16,1973-10-10,206.4
147457,3.0,34.0,N-hueh,Whyalla Sandstone,Sandstone,Adelaidean,False,False,False,PACMINEX EX 16,1973-10-10,206.4
147457,34.0,64.0,N-hu----02,Umberatana Group unit 2,Siltstone,Adelaidean,False,False,False,PACMINEX EX 16,1973-10-10,206.4
147457,64.0,68.0,M----p,Pandurra Formation,Quartzite,Mesoproterozoic,True,True,False,PACMINEX EX 16,1973-10-10,206.4
147458,0.0,3.0,IH,Quaternary rocks,Clay (Undiff. Origin),post-Cambrian cover,False,False,False,PACMINEX EX 17,1973-10-10,208.1
147458,3.0,9.0,N-hueh,Whyalla Sandstone,Sandstone,Adelaidean,False,False,False,PACMINEX EX 17,1973-10-10,208.1
147458,9.0,18.0,N-hu----02,Umberatana Group unit 2,Clay (Undiff. Origin),Adelaidean,False,False,False,PACMINEX EX 17,1973-10-10,208.1
147458,18.0,64.0,N-hu----02,Umberatana Group unit 2,Siltstone,Adelaidean,False,False,False,PACMINEX EX 17,1973-10-10,208.1
147458,64.0,76.0,N-hunt,Tapley Hill Formation,Shale,Adelaidean,False,False,False,PACMINEX EX 17,1973-10-10,208.1
147458,76.0,79.2,M----p,Pandurra Formation,Quartzite,Mesoproterozoic,True,True,False,PACMINEX EX 17,1973-10-10,208.1
147459,0.0,6.0,IH,Quaternary rocks,Sand,post-Cambrian cover,False,False,False,PACMINEX EX 18,1973-10-11,208.6
147459,6.0,25.5,N-hu----02,Umberatana Group unit 2,Siltstone,Adelaidean,False,False,False,PACMINEX EX 18,1973-10-11,208.6
147459,25.5,71.6,N-hunt,Tapley Hill Formation,Shale,Adelaidean,False,False,False,PACMINEX EX 18,1973-10-11,208.6
147459,71.6,74.7,M----p,Pandurra Formation,Quartzite,Mesoproterozoic,True,True,False,PACMINEX EX 18,1973-10-11,208.6
147465,0.0,7.5,aI,Tertiary-Pleistocene rocks,Clay (Undiff. Origin),post-Cambrian cover,False,False,False,PACMINEX EX 24,1973-10-14,219.8
147465,7.5,81.0,M----p,Pandurra Formation,Sandstone,Mesoproterozoic,True,True,False,PACMINEX EX 24,1973-10-14,219.8
147465,81.0,88.0,M----p,Pandurra Formation,Siltstone,Mesoproterozoic,True,True,False,PACMINEX EX 24,1973-10-14,219.8
147465,88.0,97.5,M-ta,Gawler Range Volcanics,Rhyolite,Mesoproterozoic,True,False,True,PACMINEX EX 24,1973-10-14,219.8
147466,0.0,30.0,aI,Tertiary-Pleistocene rocks,Sand,post-Cambrian cover,False,False,False,PACMINEX EX 25,1973-10-14,213.2
147466,30.0,43.0,N-hu----02,Umberatana Group unit 2,Sandstone,Adelaidean,False,False,False,PACMINEX EX 25,1973-10-14,213.2
147466,43.0,49.0,N-hu----02,Umberatana Group unit 2,Clay (Undiff. Origin),Adelaidean,False,False,False,PACMINEX EX 25,1973-10-14,213.2
147466,49.0,87.5,N-hunt,Tapley Hill Formation,Shale,Adelaidean,False,False,False,PACMINEX EX 25,1973-10-14,213.2
147466,87.5,89.3,M----p,Pandurra Formation,Quartzite,Mesoproterozoic,True,True,False,PACMINEX EX 25,1973-10-14,213.2
147467,0.0,12.0,aI,Tertiary-Pleistocene rocks,Clay (Undiff. Origin),post-Cambrian cover,False,False,False,PACMINEX EX 26,1973-10-15,213.3
147467,12.0,15.2,M----p,Pandurra Formation,Quartzite,Mesoproterozoic,True,True,False,PACMINEX EX 26,1973-10-15,213.3
147468,0.0,4.0,IH,Quaternary rocks,Gravel,post-Cambrian cover,False,False,False,PACMINEX EX 27,1973-10-15,213.3
147468,4.0,6.1,M----p,Pandurra Formation,Quartzite,Mesoproterozoic,True,True,False,PACMINEX EX 27,1973-10-15,213.3
147469,0.0,9.0,IH,Quaternary rocks,Sand,post-Cambrian cover,False,False,False,PACMINEX EX 28,1973-10-15,213.1
147469,9.0,19.5,N-hu----02,Umberatana Group unit 2,Sandstone,Adelaidean,False,False,False,PACMINEX EX 28,1973-10-15,213.1
147469,19.5,21.0,M----p,Pandurra Formation,Quartzite,Mesoproterozoic,True,True,False,PACMINEX EX 28,1973-10-15,213.1
147470,0.0,10.5,IH,Quaternary rocks,Sand,post-Cambrian cover,False,False,False,PACMINEX EX 29,1973-10-15,218.4
147470,10.5,45.7,M----p,Pandurra Formation,Sandstone,Mesoproterozoic,True,True,False,PACMINEX EX 29,1973-10-15,218.4
147471,0.0,15.0,IH,Quaternary rocks,Sand,post-Cambrian cover,False,False,False,PACMINEX EX 30,1973-10-16,222.2
147471,15.0,24.4,M----p,Pandurra Formation,Sandstone,Mesoproterozoic,True,True,False,PACMINEX EX 30,1973-10-16,222.2
147473,0.0,6.0,IH,Quaternary rocks,Soil,post-Cambrian cover,False,False,False,PACMINEX EX 36,1973-10-31,227.0
147473,6.0,37.2,N-hu----02,Umberatana Group unit 2,Sandstone,Adelaidean,False,False,False,PACMINEX EX 36,1973-10-31,227.0
147473,37.2,50.3,M-ta,Gawler Range Volcanics,Basalt,Mesoproterozoic,True,False,True,PACMINEX EX 36,1973-10-31,227.0
147477,0.0,9.14,N-hu----02,Umberatana Group unit 2,Siltstone,Adelaidean,False,False,False,PACMINEX EX 62,1974-03-07,274.2
147477,9.14,33.53,N-hunt,Tapley Hill Formation,Shale,Adelaidean,False,False,False,PACMINEX EX 62,1974-03-07,274.2
147477,33.53,35.0,M----p,Pandurra Formation,Quartzite,Mesoproterozoic,True,True,False,PACMINEX EX 62,1974-03-07,274.2
147480,0.0,6.0,aI,Tertiary-Pleistocene rocks,Clay (Undiff. Origin),post-Cambrian cover,False,False,False,PACMINEX EX 66,1974-03-08,278.0
147480,6.0,27.0,N-hunt,Tapley Hill Formation,Shale,Adelaidean,False,False,False,PACMINEX EX 66,1974-03-08,278.0
147480,27.0,30.48,M----p,Pandurra Formation,Quartzite,Mesoproterozoic,True,True,False,PACMINEX EX 66,1974-03-08,278.0
147484,0.0,4.0,aI,Tertiary-Pleistocene rocks,Soil,post-Cambrian cover,False,False,False,PACMINEX EX 95,1974-03-23,227.1
147484,4.0,10.0,N-hueh,Whyalla Sandstone,Sandstone,Adelaidean,False,False,False,PACMINEX EX 95,1974-03-23,227.1
147484,10.0,32.5,N-hunt,Tapley Hill Formation,Shale,Adelaidean,False,False,False,PACMINEX EX 95,1974-03-23,227.1
147484,32.5,35.0,M-ta,Gawler Range Volcanics,Rhyodacite,Mesoproterozoic,True,False,True,PACMINEX EX 95,1974-03-23,227.1
147486,0.0,1.0,IH,Quaternary rocks,Soil,post-Cambrian cover,False,False,False,PACMINEX EX 98,1974-03-25,226.5
147486,1.0,53.0,N-hunt,Tapley Hill Formation,Shale,Adelaidean,False,False,False,PACMINEX EX 98,1974-03-25,226.5
147486,53.0,54.0,M----p,Pandurra Formation,Quartzite,Mesoproterozoic,True,True,False,PACMINEX EX 98,1974-03-25,226.5
147487,0.0,3.0,IH,Quaternary rocks,Soil,post-Cambrian cover,False,False,False,PACMINEX EX 99,1974-03-26,227.3
147487,3.0,57.5,N-hunt,Tapley Hill Formation,Shale,Adelaidean,False,False,False,PACMINEX EX 99,1974-03-26,227.3
147487,57.5,64.0,M----p,Pandurra Formation,Sandstone,Mesoproterozoic,True,True,False,PACMINEX EX 99,1974-03-26,227.3
147488,0.0,6.0,IH,Quaternary rocks,Sand,post-Cambrian cover,False,False,False,PACMINEX EX 102,1974-03-27,223.0
147488,6.0,15.0,M----p,Pandurra Formation,Quartzite,Mesoproterozoic,True,True,False,PACMINEX EX 102,1974-03-27,223.0
147491,0.0,3.0,IH,Quaternary rocks,Sand,post-Cambrian cover,False,False,False,PACMINEX EX 106,1974-03-28,222.8
147491,3.0,9.0,ap----si,Tertiary silcrete,Silcrete,post-Cambrian cover,False,False,False,PACMINEX EX 106,1974-03-28,222.8
147491,9.0,18.0,M-ta,Gawler Range Volcanics,Rhyodacite,Mesoproterozoic,True,False,True,PACMINEX EX 106,1974-03-28,222.8
147492,0.0,10.0,aI,Tertiary-Pleistocene rocks,Sandstone,post-Cambrian cover,False,False,False,PACMINEX EX 107,1974-03-28,223.3
147492,10.0,33.0,M-ta,Gawler Range Volcanics,Rhyolite,Mesoproterozoic,True,False,True,PACMINEX EX 107,1974-03-28,223.3
147493,0.0,3.0,IH,Quaternary rocks,Gravel,post-Cambrian cover,False,False,False,PACMINEX EX 109,1974-03-29,219.9
147493,3.0,77.0,M----p,Pandurra Formation,Sandstone,Mesoproterozoic,True,True,False,PACMINEX EX 109,1974-03-29,219.9
147494,0.0,2.0,IH,Quaternary rocks,Soil,post-Cambrian cover,False,False,False,PACMINEX EX 110,1974-03-30,221.0
147494,2.0,4.0,ap----si,Tertiary silcrete,Silcrete,post-Cambrian cover,False,False,False,PACMINEX EX 110,1974-03-30,221.0
147494,4.0,72.0,M----p,Pandurra Formation,Sandstone,Mesoproterozoic,True,True,False,PACMINEX EX 110,1974-03-30,221.0
147495,0.0,9.0,aI,Tertiary-Pleistocene rocks,Clay (Undiff. Origin),post-Cambrian cover,False,False,False,PACMINEX EX 113,1974-06-07,222.8
147495,9.0,16.0,N-hunt,Tapley Hill Formation,Clay (Undiff. Origin),Adelaidean,False,False,False,PACMINEX EX 113,1974-06-07,222.8
147495,16.0,20.7,M-ta,Gawler Range Volcanics,Rhyolite,Mesoproterozoic,True,False,True,PACMINEX EX 113,1974-06-07,222.8
147496,0.0,6.0,aI,Tertiary-Pleistocene rocks,Silcrete,post-Cambrian cover,False,False,False,PACMINEX EX 115,1974-06-08,222.1
147496,6.0,23.0,M----p,Pandurra Formation,Sandstone,Mesoproterozoic,True,True,False,PACMINEX EX 115,1974-06-08,222.1
147496,23.0,45.0,M-ta,Gawler Range Volcanics,Volcanics,Mesoproterozoic,True,False,True,PACMINEX EX 115,1974-06-08,222.1
147497,0.0,10.0,M----p,Pandurra Formation,Quartzite,Mesoproterozoic,True,True,False,PACMINEX EX 116,1974-06-10,218.4
147498,0.0,7.5,IH,Quaternary rocks,Sand,post-Cambrian cover,False,False,False,PACMINEX EX 118,1974-06-11,219.0
147498,7.5,9.0,ap----si,Tertiary silcrete,Silcrete,post-Cambrian cover,False,False,False,PACMINEX EX 118,1974-06-11,219.0
147498,9.0,21.0,N-hueh,Whyalla Sandstone,Sandstone,Adelaidean,False,False,False,PACMINEX EX 118,1974-06-11,219.0
147498,21.0,31.5,N-hunt,Tapley Hill Formation,Clay (Undiff. Origin),Adelaidean,False,False,False,PACMINEX EX 118,1974-06-11,219.0
147498,31.5,36.0,M----p,Pandurra Formation,Quartzite,Mesoproterozoic,True,True,False,PACMINEX EX 118,1974-06-11,219.0
147499,0.0,6.0,IH,Quaternary rocks,Gravel,post-Cambrian cover,False,False,False,PACMINEX EX 119,1974-06-11,210.5
147499,6.0,9.0,ap----si,Tertiary silcrete,Silcrete,post-Cambrian cover,False,False,False,PACMINEX EX 119,1974-06-11,210.5
147499,9.0,17.75,ap,Tertiary rocks,Sandstone,post-Cambrian cover,False,False,False,PACMINEX EX 119,1974-06-11,210.5
147499,17.75,18.0,M----p,Pandurra Formation,Quartzite,Mesoproterozoic,True,True,False,PACMINEX EX 119,1974-06-11,210.5
147502,0.0,15.0,aI,Tertiary-Pleistocene rocks,Clay (Undiff. Origin),post-Cambrian cover,False,False,False,PACMINEX EX 122,1974-06-13,206.6
147502,15.0,27.0,N-hu----02,Umberatana Group unit 2,Clay (Undiff. Origin),Adelaidean,False,False,False,PACMINEX EX 122,1974-06-13,206.6
147502,27.0,28.0,M----p,Pandurra Formation,Quartzite,Mesoproterozoic,True,True,False,PACMINEX EX 122,1974-06-13,206.6
147505,0.0,9.0,aI,Tertiary-Pleistocene rocks,Silcrete,post-Cambrian cover,False,False,False,PACMINEX EX 125,1974-06-14,196.2
147505,9.0,17.5,M----p,Pandurra Formation,Quartzite,Mesoproterozoic,True,True,False,PACMINEX EX 125,1974-06-14,196.2
147506,0.0,6.0,aI,Tertiary-Pleistocene rocks,Sand,post-Cambrian cover,False,False,False,PACMINEX EX 126,1974-06-14,194.2
147506,6.0,25.0,N-hueh,Whyalla Sandstone,Sandstone,Adelaidean,False,False,False,PACMINEX EX 126,1974-06-14,194.2
147506,25.0,42.0,M----p,Pandurra Formation,Sandstone,Mesoproterozoic,True,True,False,PACMINEX EX 126,1974-06-14,194.2
147507,0.0,9.0,aI,Tertiary-Pleistocene rocks,Sand,post-Cambrian cover,False,False,False,PACMINEX EX 127,1974-06-24,193.1
147507,9.0,62.0,N-hueh,Whyalla Sandstone,Sandstone,Adelaidean,False,False,False,PACMINEX EX 127,1974-06-24,193.1
147507,62.0,64.0,M----p,Pandurra Formation,Quartzite,Mesoproterozoic,True,True,False,PACMINEX EX 127,1974-06-24,193.1
147508,0.0,4.5,IH,Quaternary rocks,Sand,post-Cambrian cover,False,False,False,PACMINEX EX 133,1974-06-28,189.0
147508,4.5,15.0,ap----si,Tertiary silcrete,Silcrete,post-Cambrian cover,False,False,False,PACMINEX EX 133,1974-06-28,189.0
147508,15.0,24.0,N-hu----02,Umberatana Group unit 2,Siltstone,Adelaidean,False,False,False,PACMINEX EX 133,1974-06-28,189.0
147508,24.0,26.5,M----p,Pandurra Formation,Sandstone,Mesoproterozoic,True,True,False,PACMINEX EX 133,1974-06-28,189.0
147512,0.0,6.0,IH,Quaternary rocks,Sand,post-Cambrian cover,False,False,False,PACMINEX EX 140,1974-07-10,177.0
147512,6.0,56.9,N-hueh,Whyalla Sandstone,Sandstone,Adelaidean,False,False,False,PACMINEX EX 140,1974-07-10,177.0
147512,56.9,57.0,M----p,Pandurra Formation,Quartzite,Mesoproterozoic,True,True,False,PACMINEX EX 140,1974-07-10,177.0
147513,0.0,6.0,aI,Tertiary-Pleistocene rocks,Clay (Undiff. Origin),post-Cambrian cover,False,False,False,PACMINEX EX 141,1974-07-11,181.2
147513,6.0,37.9,N-hueh,Whyalla Sandstone,Sandstone,Adelaidean,False,False,False,PACMINEX EX 141,1974-07-11,181.2
147513,37.9,38.0,M----p,Pandurra Formation,Quartzite,Mesoproterozoic,True,True,False,PACMINEX EX 141,1974-07-11,181.2
147514,0.0,6.0,IH,Quaternary rocks,Sand,post-Cambrian cover,False,False,False,PACMINEX EX 144,1974-07-13,185.2
147514,6.0,21.0,N-hueh,Whyalla Sandstone,Sandstone,Adelaidean,False,False,False,PACMINEX EX 144,1974-07-13,185.2
147514,21.0,57.0,N-hu----02,Umberatana Group unit 2,Siltstone,Adelaidean,False,False,False,PACMINEX EX 144,1974-07-13,185.2
147514,57.0,60.0,M----p,Pandurra Formation,Quartzite,Mesoproterozoic,True,True,False,PACMINEX EX 144,1974-07-13,185.2
147515,0.0,5.0,ap----si,Tertiary silcrete,Silcrete,post-Cambrian cover,False,False,False,PACMINEX EX 145,1974-07-13,176.0
147515,5.0,7.0,M----p,Pandurra Formation,Quartzite,Mesoproterozoic,True,True,False,PACMINEX EX 145,1974-07-13,176.0
147517,0.0,3.0,aI,Tertiary-Pleistocene rocks,Sand,post-Cambrian cover,False,False,False,PACMINEX EX 147,1974-07-13,172.7
147517,3.0,72.5,N-hueh,Whyalla Sandstone,Sandstone,Adelaidean,False,False,False,PACMINEX EX 147,1974-07-13,172.7
147517,72.5,73.0,M----p,Pandurra Formation,Quartzite,Mesoproterozoic,True,True,False,PACMINEX EX 147,1974-07-13,172.7
147518,0.0,9.0,aI,Tertiary-Pleistocene rocks,Sandstone,post-Cambrian cover,False,False,False,PACMINEX EX 148,1974-07-13,173.9
147518,9.0,13.0,M----p,Pandurra Formation,Quartzite,Mesoproterozoic,True,True,False,PACMINEX EX 148,1974-07-13,173.9
147519,0.0,6.0,aI,Tertiary-Pleistocene rocks,Sand,post-Cambrian cover,False,False,False,PACMINEX EX 149,1974-07-15,175.1
147519,6.0,47.0,N-hueh,Whyalla Sandstone,Sandstone,Adelaidean,False,False,False,PACMINEX EX 149,1974-07-15,175.1
147519,47.0,48.5,N-huntw,Woocalla Dolomite Member,Dolomite Rock,Adelaidean,False,False,False,PACMINEX EX 149,1974-07-15,175.1
147519,48.5,49.0,M----p,Pandurra Formation,Quartzite,Mesoproterozoic,True,True,False,PACMINEX EX 149,1974-07-15,175.1
147520,0.0,1.0,IH,Quaternary rocks,Soil,post-Cambrian cover,False,False,False,PACMINEX EX 150,1974-07-15,181.2
147520,1.0,4.0,M----p,Pandurra Formation,Quartzite,Mesoproterozoic,True,True,False,PACMINEX EX 150,1974-07-15,181.2
147521,0.0,3.0,IH,Quaternary rocks,Sand,post-Cambrian cover,False,False,False,PACMINEX EX 151,1974-07-15,184.1
147521,3.0,21.75,N-hu----02,Umberatana Group unit 2,Siltstone,Adelaidean,False,False,False,PACMINEX EX 151,1974-07-15,184.1
147521,21.75,22.0,M----p,Pandurra Formation,Quartzite,Mesoproterozoic,True,True,False,PACMINEX EX 151,1974-07-15,184.1
147522,0.0,12.0,IH,Quaternary rocks,Sand,post-Cambrian cover,False,False,False,PACMINEX EX 152,1974-07-16,186.4
147522,12.0,54.0,N-hu----02,Umberatana Group unit 2,Siltstone,Adelaidean,False,False,False,PACMINEX EX 152,1974-07-16,186.4
147522,54.0,56.0,M----p,Pandurra Formation,Quartzite,Mesoproterozoic,True,True,False,PACMINEX EX 152,1974-07-16,186.4
147523,0.0,3.0,IH,Quaternary rocks,Soil,post-Cambrian cover,False,False,False,PACMINEX EX 153,1974-07-16,182.8
147523,3.0,4.0,M----p,Pandurra Formation,Quartzite,Mesoproterozoic,True,True,False,PACMINEX EX 153,1974-07-16,182.8
147524,0.0,1.0,IH,Quaternary rocks,Soil,post-Cambrian cover,False,False,False,PACMINEX EX 154,1974-07-16,181.7
147524,1.0,13.9,N-hu----02,Umberatana Group unit 2,Siltstone,Adelaidean,False,False,False,PACMINEX EX 154,1974-07-16,181.7
147524,13.9,14.0,M----p,Pandurra Formation,Quartzite,Mesoproterozoic,True,True,False,PACMINEX EX 154,1974-07-16,181.7
147892,0.0,9.0,IH,Quaternary rocks,Clay (Undiff. Origin),post-Cambrian cover,False,False,False,PACMINEX EX 156,1974-07-17,195.5
147892,9.0,23.0,M----p,Pandurra Formation,Sandstone,Mesoproterozoic,True,True,False,PACMINEX EX 156,1974-07-17,195.5
148599,0.0,7.6,IH,Quaternary rocks,Colluvium,post-Cambrian cover,False,False,False,AU-U 1,1971-05-20,244.7
148599,7.6,8.5,ap----si,Tertiary silcrete,Silcrete,post-Cambrian cover,False,False,False,AU-U 1,1971-05-20,244.7
148599,8.5,121.92,Y--t-r,Corunna Conglomerate,Quartzite,Palaeoproterozoic,True,False,True,AU-U 1,1971-05-20,244.7
148604,0.0,448.06,Y--t-r,Corunna Conglomerate,Sandstone,Palaeoproterozoic,True,False,True,AU-U 6,1972-09-10,247.2
166509,0.0,4.6,IH,Quaternary rocks,Sand,post-Cambrian cover,False,False,False,KENELLA 2A,1973-12-31,191.8
166509,4.6,56.4,AYm,Mulgathing Complex,Clay (Regolith),Archaean,True,False,True,KENELLA 2A,1973-12-31,191.8
166509,56.4,123.14,AYm,Mulgathing Complex,Gneiss,Archaean,True,False,True,KENELLA 2A,1973-12-31,191.8
166510,0.0,4.6,IH,Quaternary rocks,Sand,post-Cambrian cover,False,False,False,KENELLA 3A,1973-12-31,191.6
166510,4.6,44.2,AYm,Mulgathing Complex,Gneiss,Archaean,True,False,True,KENELLA 3A,1973-12-31,191.6
166511,0.0,4.6,IH,Quaternary rocks,Sand,post-Cambrian cover,False,False,False,KENELLA 5A,1973-12-31,191.8
166511,4.6,106.68,AYm,Mulgathing Complex,Gneiss,Archaean,True,False,True,KENELLA 5A,1973-12-31,191.8
166512,0.0,6.1,IH,Quaternary rocks,Sand,post-Cambrian cover,False,False,False,KENELLA 7A,1973-12-31,191.9
166512,6.1,96.62,AYm,Mulgathing Complex,Gneiss,Archaean,True,False,True,KENELLA 7A,1973-12-31,191.9
166513,0.0,4.6,IH,Quaternary rocks,Sand,post-Cambrian cover,False,False,False,KENELLA 8A,1973-12-31,192.0
166513,4.6,48.16,AYm,Mulgathing Complex,Gneiss,Archaean,True,False,True,KENELLA 8A,1973-12-31,192.0
177989,0.0,9.0,N-xcaw,Wywyana Formation,Schist,Adelaidean,False,False,False,YX 11,1973-04-12,233.1
177989,9.0,132.0,N-xcap,Paralana Quartzite,Quartzite,Adelaidean,False,False,False,YX 11,1973-04-12,233.1
177989,132.0,150.88,M--e-f,Freeling Heights Quartzite,Quartzite,Mesoproterozoic,True,False,True,YX 11,1973-04-12,233.1
181359,0.0,1.0,IH,Quaternary rocks,Soil,post-Cambrian cover,False,False,False,PDH 9,1974-12-31,226.8
181359,1.0,38.0,N-xcaw,Wywyana Formation,Marble,Adelaidean,False,False,False,PDH 9,1974-12-31,226.8
181359,38.0,64.0,N-xcap,Paralana Quartzite,Quartzite,Adelaidean,False,False,False,PDH 9,1974-12-31,226.8
181359,64.0,72.0,M-no-n,Mount Neill Granite,Porphyry,Mesoproterozoic,True,False,True,PDH 9,1974-12-31,226.8
184730,0.0,3.0,H---e,Holocene aeolian sediments,Sand,post-Cambrian cover,False,False,False,GY 1,1975-02-26,114.8
184730,3.0,16.3,N-hueh,Whyalla Sandstone,Sandstone,Adelaidean,False,False,False,GY 1,1975-02-26,114.8
184730,16.3,28.2,N-huntw,Woocalla Dolomite Member,Shale,Adelaidean,False,False,False,GY 1,1975-02-26,114.8
184730,28.2,32.7,N-,Neoproterozoic rocks,Sandstone,Adelaidean,False,False,False,GY 1,1975-02-26,114.8
184730,32.7,37.7,M----p,Pandurra Formation,Quartzite,Mesoproterozoic,True,True,False,GY 1,1975-02-26,114.8
256313,0.0,23.8,IH,Quaternary rocks,,post-Cambrian cover,False,False,False,LY 2,1974-03-01,114.6
256313,23.8,29.4,N-hueh,Whyalla Sandstone,,Adelaidean,False,False,False,LY 2,1974-03-01,114.6
256313,29.4,667.4,M----p,Pandurra Formation,,Mesoproterozoic,True,True,False,LY 2,1974-03-01,114.6
256314,0.0,24.75,IH,Quaternary rocks,,post-Cambrian cover,False,False,False,LY 3,1974-03-07,113.4
256314,24.75,29.5,N-huntw,Woocalla Dolomite Member,,Adelaidean,False,False,False,LY 3,1974-03-07,113.4
256314,29.5,60.45,M----p,Pandurra Formation,,Mesoproterozoic,True,True,False,LY 3,1974-03-07,113.4
256314,60.45,222.85,N----g,Gairdner Dolerite,,Adelaidean,False,False,False,LY 3,1974-03-07,113.4
256314,222.85,225.55,M----p,Pandurra Formation,,Mesoproterozoic,True,True,False,LY 3,1974-03-07,113.4
256314,225.55,246.4,N----g,Gairdner Dolerite,,Adelaidean,False,False,False,LY 3,1974-03-07,113.4
