seed,L1-1 cover_total_m,L1-2 corr_length_km,L1-3 relief_m,L2-1 intensity_per_1e4km2,L2-3 basalt_multiplier,L5-2 rho_quartzite,L5-2 rho_shale,L5-2 rho_limestone,L5-2 rho_pandurra,L5-2 k_cover,L5-2 res_cover,B3-1 p_belt,B3-2 belt_length_km,B2-1 lens_intensity_per_1e4km2_belt,B2-3 rho_bif,B2-3 k_bif,B2-4 bif_fraction,B4-1 ore_bodies_per_km,L5-4 basement_sd,L5-4 basement_logk_sd,n_basalt,basalt_frac,belt_frac,belt_km2,n_lens,lens_km2,n_ore,Fe_Mt_total,Fe_Mt_max,basement_sd_realized,g_n_per_1e4km2,g_amp_median,g_amp_p90,g_width_median_km,g_residual_sd,m_n_per_1e4km2,m_amp_median,m_amp_p90,m_width_median_km,m_residual_sd
1000,502.4850082912719,26.428185010195232,70.64126959833808,3.6259835403574305,9.988903435540895,2.6805372220905923,2.2241863316030694,2.2949287060407704,2.368559665636132,46.77320890213518,6.936629362653407,0.046926441430348215,21.583890841467696,190.7553424502464,3.0143374179251676,5497.3607997314375,0.691028227323468,0.27387935481502124,0.08362773848870725,0.596336232825121,3,0.007808340727595386,0.046968352558414674,794.0,15,18.284967282980247,9,208.4609908959881,53.112738595635236,0.0874890181185491,4.623208506703652,7.508415525457947,31.727769802170535,10.403141895720198,12.176269342290293,14.492753623188406,261.1503782636394,2041.2234346161363,6.955796338302048,487.4570122245998
1001,534.4082249994829,10.255908937059518,28.15343653228945,8.863120516329,2.295376782552842,2.6131928388017993,2.592058489799478,2.5825766055904698,2.4373488976950743,30.947173077102423,4.29781982224413,0.022656256546985585,30.204329116824397,197.6295563669878,3.4574373640610023,6905.683726893039,0.6615130979149183,0.11890652977002798,0.07161314622535217,0.7020836534611141,15,0.046081041112097015,0.022656018929310854,383.0,9,12.69102773087754,5,197.51874997224238,70.88700045082588,0.07133351391903056,2.641833432402087,15.569088693332379,34.7244574368615,33.68374657421351,11.064866651810771,9.45179584120983,662.5853125314896,2799.5277786964807,8.667244841319219,669.3929839055203
1002,453.28740581909057,17.76906732679669,112.14184756022867,5.115935352839292,6.731230175592124,2.6928851452998264,2.2739566008533574,2.3829768697362606,2.3663845823311385,19.190070068108398,1.2479939941686924,0.033377841748208556,39.96809347507703,232.41547582849358,3.0483912740687074,36557.108529209756,0.5498930289237175,0.1881138347248758,0.037450349591906004,0.8819645186149119,2,0.01230405205560485,0.0334220644779651,565.0,14,15.488537912586128,10,382.3463865737891,177.55622584852588,0.036573739587441145,3.9627501486031305,4.986625390156589,15.063033487857737,10.610660900786321,5.567045237502226,15.122873345935728,442.5500502157599,3406.362386696103,7.546327114279244,876.0816875552451
1003,385.7150788940217,15.115748635330883,74.2018990783277,7.286332459873482,13.785918648493306,2.6217034735465674,2.17035015469755,2.553598747813632,2.5255512691959296,24.52029656403858,2.2094375690458445,0.06472199944743508,20.9086387294853,104.19067363989447,3.5183085646119823,17028.382870036745,0.33152527186684866,0.20475316803157056,0.08022138354536165,0.5261004741076782,11,0.030227743271221533,0.064773735581189,1095.0,17,25.23560309075702,16,728.8633013923062,138.1468052608841,0.07476956585011009,2.641833432402087,13.648557255838163,27.93847394278953,23.623655429640767,12.534676324556397,12.60239445494644,173.23075622604702,706.8525916360704,6.068351939087258,387.4149526119593
1004,320.30815845925025,12.330249461962088,20.7716047947887,5.0452370955779,11.55145468258579,2.6641750237551616,2.207354323114944,2.220252898972055,2.4225123113527016,92.31662766297741,218.13628293449983,0.040394776498901885,35.454162917756875,185.31181103023778,3.507226653448015,8088.81376120995,0.4098030517885277,0.2274615659690608,0.04393303894238494,0.6870961314807584,9,0.045666962437148774,0.04040224785566401,683.0,18,31.781181817715414,20,795.6674207292664,216.82322513725603,0.04239532812030948,3.3022917905026086,11.486971861623546,14.443967685326987,32.625576767294035,6.453249599034118,12.60239445494644,384.5693435229095,3430.185047092869,6.737892400039209,717.8936597694023
1005,348.7767105737628,44.71311789977599,43.09260425516557,7.108464388963989,15.19147631724947,2.694459202800036,2.1852937596144937,2.5338943527222897,2.352404835943803,27.993856735469905,726.8983127055619,0.010427753892322708,34.79976789308434,182.18096882337275,3.2616220375165352,8583.364463768192,0.6848967087315789,0.11638935539453057,0.0361539335628443,0.6505020846624895,12,0.040875480627033424,0.010470275066548358,177.0,3,9.597429572020078,2,205.06707935096517,126.54585292315609,0.036473302717165264,6.604583581005217,5.653098024282491,16.289871007663127,18.131831777021823,5.992997110097186,11.972274732199118,576.3549597889496,3458.466050747758,15.26443044094783,625.5375222914001
1006,437.92250175048855,26.301528051002208,44.67469491137633,3.900579557564585,14.596087554817569,2.686291143099387,2.485932752873002,2.241509676643214,2.499502755879019,62.364703481270915,1.147872961862391,0.08624519570314285,25.14538975409292,199.30915339109177,3.2744292605005363,5159.095807663539,0.4721542438837496,0.13830046433643434,0.07669408530293281,0.9899081302312374,7,0.006388642413487134,0.08624667258207631,1458.0,39,82.83081906348714,11,933.2205168572228,156.93981118170709,0.07540880295740408,2.641833432402087,19.632000958800585,32.10239303671372,38.023535722878236,12.788508371957127,13.862633900441084,584.6176952555563,3514.7632395864935,11.037593379419594,939.2822057623619
1007,344.92872811131,37.1831163362743,96.4392769377986,3.5727619586211876,11.009919489783389,2.681644353901304,2.342438004222668,2.6044872785229507,2.4629636300708846,93.88424276124962,314.7699846555175,0.07372064086339587,29.675353144167484,101.7105445011251,3.0338506099466316,15754.180857991696,0.49813814739192974,0.24741055566039125,0.06820247083770346,0.5818448282247657,2,0.0027210884353741495,0.07376515823720793,1247.0,13,36.77662094489525,13,472.79894892399165,100.5817349602663,0.06348727799671382,2.641833432402087,18.672330080799547,21.471359786251405,40.598238473939645,10.403183192180558,12.60239445494644,241.88425893931066,2803.901735063028,6.82614078071009,585.9567881041911
1008,378.53846216911654,37.008210414487685,32.614924382136266,9.870155636390885,17.714200660434525,2.6188970406500296,2.1998439678000814,2.4097585077735526,2.3477067024109446,28.288718792059477,451.9117905403451,0.0927548484686751,27.470978621708753,386.2327095942155,3.4290501276563985,7596.96451923346,0.46634310152013236,0.20412192213973823,0.09589093795700951,0.7844987921536313,26,0.0756580893226856,0.0927536231884058,1568.0,63,147.80630569460664,44,2539.6312472759523,231.15813934732842,0.09408704394805475,1.9813750743015652,5.0432858222420025,35.58148060569533,6.383076486422923,17.512335283400116,15.122873345935728,547.5059865000173,2682.148113603216,7.569397566060481,799.3755166391533
1009,339.77516171870377,16.924045713522183,7.477719310979736,4.250611347410606,15.039379832116124,2.693196196568441,2.128542523958244,2.5779927641296436,2.419915772556457,18.979604687716943,78.42177276415832,0.051225335998515385,41.716002448029315,182.09650478987967,3.2015326382178424,5278.895804199406,0.3733886850215047,0.12505886971125418,0.07227220907403845,0.9568165736456731,4,0.013842058562555456,0.051227447500739424,866.0,16,25.549515538749517,6,401.3322878641604,197.3402288421518,0.07152066289597546,1.3209167162010436,19.99567505197766,29.3045262834143,53.34015433352303,12.79273286693955,10.712035286704474,936.0847651158317,4313.394649150906,7.225151993843567,1018.7237010599961
1010,353.2472990365503,23.68711313188477,137.6515099670191,9.851726791110424,15.429932165476808,2.6261140463200463,2.5367665695504016,2.2200731296267544,2.355017047262357,49.333137958557046,349.56696001183644,0.041613697626774984,58.18112076994827,169.12489527320506,3.3030676924029945,7657.073689544105,0.6629453342271777,0.23711504052995658,0.03807118165626472,0.9616124284738778,11,0.04483880508725229,0.041644483880508724,704.0,13,15.924555549051105,13,768.398423377386,166.1230122273115,0.03919095704926517,2.641833432402087,9.065913249076349,15.553636985885202,20.59015186257311,6.682616960993412,10.712035286704474,382.6282453981716,3250.3788385764788,8.291859587312052,898.1583526746654
1011,419.4436941226528,24.75974993003876,31.890020198098462,2.656311846573338,2.747741614627537,2.603098163644091,2.284367399274256,2.4446377100330374,2.4779675438870212,10.051397378191503,346.5696645450306,0.0351711035221102,23.983204713026144,174.62479139374844,3.2588609588140693,27346.161936611334,0.6917320556330315,0.1129016378194137,0.04694926827627453,0.6659297231778856,5,0.011416740609287193,0.035196687370600416,595.0,6,7.408571386101749,5,207.23651009055484,85.50698644373296,0.04685962304564511,2.641833432402087,11.808143217536992,18.90571192656296,39.87399675001958,8.663251636530918,11.342155009451794,455.79303508842753,2100.1834643237944,7.059427157158986,719.878284787914
1012,427.21216914472365,35.127611127764546,35.76546293305135,8.88320542773631,9.39334902866506,2.673260565391815,2.203353768400026,2.364389056554494,2.427510590579583,78.19699898161096,28.974003833344433,0.09073328962789262,26.864860035435978,176.333635358188,3.1525725491249257,8970.709543575107,0.43140463847769817,0.1882991874251486,0.0715405778147643,0.7500281205939046,10,0.024253179532682637,0.09074238391008577,1534.0,31,82.43812749456721,31,1656.5788806967482,191.67260794619824,0.07032378144790519,2.641833432402087,16.384859645287758,28.257692239701313,32.50249219382266,11.863658083244886,8.191556395715185,489.373761346588,2505.5975656394626,7.569397566060481,822.9882860013981
1013,598.0725203571658,11.355448228078748,100.89893869451538,5.58054805906645,13.105929393539064,2.6495967944806793,2.1414971257208824,2.695574020149606,2.3709324220995645,64.04046242031225,338.6797072559725,0.013013410959061457,36.05194823789311,115.45846033462682,3.0731008821596806,8098.032578897565,0.681452674756138,0.17646525270384597,0.07193380960267556,0.8981414934182392,9,0.0259094942324756,0.013013901212658977,220.0,1,9.797279657992615,0,0.0,0.0,0.07370310708210548,3.3022917905026086,24.665017594498053,30.010724112528713,46.07049295453128,12.752169352914585,10.081915563957152,597.2735742992149,2990.345213163542,6.3328129003685705,784.125768456872
1014,472.43340056797996,25.667782045115686,134.694721047756,9.940645123337525,9.693693308845226,2.6758358060432923,2.332527467011725,2.3692812217642243,2.4282635003140265,39.711602728954865,3.5610222950919974,0.09068150764318167,43.06785171163563,217.52282952325493,3.4983301758366427,11810.82234754355,0.3563703818426283,0.20447571338035658,0.034419872121516565,0.8056154334362817,21,0.061461106181603074,0.0906832298136646,1533.0,27,51.188172811720214,17,469.99693390635895,74.63032659884013,0.03273206736775894,1.3209167162010436,14.37136231279613,14.545599918760292,60.69118603455362,6.027478411056182,10.712035286704474,599.3575477610211,2329.200399742766,9.09728368293446,807.9064572972878
1015,445.9660273319204,26.565757428647714,96.19576797266687,2.7434824358314582,1.5183212446194088,2.6256660482964618,2.164068733418532,2.6712562869468752,2.4085645227718517,50.055447976591516,114.46666800782509,0.04849562221895479,35.713200923416075,147.23150935006566,3.365357597949482,27363.434596958843,0.37563551360150493,0.13036642166910709,0.07529854965232,0.525052827045646,6,0.019994084590357883,0.048506359065365275,820.0,3,2.315426768039878,3,226.2105282750842,107.8195677757687,0.06972121947472301,3.3022917905026086,11.138722453538142,27.296847195062615,28.568278705151968,10.59166818004385,12.60239445494644,448.4643968496265,1487.691962265954,11.719347684856409,439.9736526086562
1016,399.7970588492649,20.39059134470729,53.043593082709165,6.637661356969516,8.054343238527263,2.6354615599018545,2.105891666702946,2.568576684545598,2.4703756112720536,76.26329871472316,468.43852318727505,0.05615199718630323,51.913663183792934,218.76302382236264,3.0707523064168765,18016.39776390446,0.6762861713331751,0.24160444771907874,0.036725382691840884,0.7676407504576968,12,0.04868382135462881,0.05619639160011831,950.0,24,57.546656624512494,21,1038.9429807038894,183.86030311352442,0.03748147215244465,3.3022917905026086,5.997268047186586,20.211087311799762,14.093451279891855,6.770789428163118,13.862633900441084,215.90705706334967,2818.1681020072015,5.147161163579421,626.438252842911
1017,641.4231140085967,37.5047559065993,145.8869088115652,6.796973861906826,2.1664740480936886,2.6302284074960633,2.54604771287399,2.60260739637515,2.478328547892106,63.80876910341684,44.032825004960166,0.07571137397105011,25.134491485412763,133.36472441532797,3.110700437610573,36087.310265070824,0.5855204239132881,0.2585830847188253,0.05926573053075755,0.5322758744590037,10,0.007690032534753032,0.07571724341910677,1280.0,24,54.817667099589094,24,1055.6144854414154,103.59133866094439,0.061261023166438146,0.6604583581005218,22.242545477136833,22.242545477136833,90.41831184414184,9.653037212717267,12.60239445494644,241.69472913182292,1991.1998791665985,4.852899062091563,413.58558593243276
1018,527.8914072160412,20.7970984217847,130.727083162954,8.515107100389198,9.980111453376102,2.680410705596284,2.4374965038419094,2.241305490952071,2.4584408707383822,21.033456856894137,12.27598254929584,0.057558882306208425,38.41255013489999,267.80941102753025,3.0132404805670845,7770.532527323795,0.48356554034241506,0.2682869952742766,0.07298543426193682,0.9915167415736585,19,0.047737355811889974,0.05755693581780538,973.0,29,57.493038319744535,36,1637.609016580034,205.7348573537084,0.07628132457087172,2.641833432402087,30.438233176565497,35.12732435591455,45.06599570905148,12.385288139022705,13.232514177693762,926.8332875993852,3196.419862765191,7.046725639945928,886.363743467018
1019,395.92440051230705,18.914229761424227,70.03262463763211,8.63001558293143,4.608505076420464,2.667436466481558,2.3325119139247326,2.3443971256975105,2.509082534860427,84.5248313494741,2.1186773305453643,0.05622400268566083,38.43555813827485,263.20591869981484,3.573782204847047,7261.294551717477,0.4757698515675045,0.1763067621950029,0.06586211286378046,0.8226802922536072,15,0.04998521147589471,0.05625554569653948,951.0,30,56.71140711450797,15,611.5193661248309,116.076921390042,0.06187665360303005,1.3209167162010436,18.846023941762986,19.61244665012066,65.94280048482885,9.208551053028463,13.862633900441084,726.593868878258,3431.2070075176157,8.842765113969447,746.760194118103
1020,522.5450850485513,15.78630584461237,11.353916745797592,7.6557362280456465,2.5090920772616365,2.6874406539020654,2.4746524320884498,2.2142961749586476,2.4288134758153017,41.30481526418685,157.29452215006876,0.09443105570470982,58.1702242898498,174.18724534035184,3.0079013529199714,11169.704043147643,0.3367505210309303,0.13518797339330862,0.03629416635629172,0.6394336585308864,16,0.04897959183673469,0.09446909198461993,1597.0,20,39.77545321935664,10,648.1024622406051,141.79644259934562,0.03619440472910117,5.283666864804174,5.277906450315799,10.54137737166485,18.003513209025503,5.109798625202214,13.232514177693762,232.5726465030246,1320.1623747807107,7.046725639945928,681.8809755033576
1021,451.03584988519304,11.389711203880164,148.71950634626083,2.9031765333751833,3.9690893731203762,2.678342351326784,2.129509298409776,2.417560283939817,2.3963788405983157,33.54923845938924,7.0140488065995354,0.025040023683731698,29.959901638798545,101.38071892145675,3.511509191419797,8651.867587156445,0.6613895542325383,0.28401455301012823,0.06897725593249288,0.7828688953713443,5,0.010884353741496598,0.02508133688257912,424.0,2,1.6565843412047359,1,9.400520128868816,9.400520128868816,0.06725673067044008,2.641833432402087,15.016212556494134,21.085551297876446,50.92674491754672,9.165560898128366,15.752993068683049,659.0408832497052,3264.7205759043227,10.524820207108489,732.4090743360291
1022,320.18432589851056,43.84759361256366,88.47216596692623,7.16853589021338,9.739835869449267,2.639124704080452,2.5370730598042814,2.630696304600865,2.4200724894988817,14.528126439366021,137.18939241766537,0.08266979190102973,38.77226843136035,197.66167142624636,3.2638010097782466,9040.220571951671,0.35588004462368894,0.184622247791973,0.09970618268526597,0.7746605545635081,18,0.07110322389825495,0.08269742679680568,1398.0,29,41.4963605114817,17,866.8758321224468,161.70138738463817,0.09896059917694956,2.641833432402087,25.46636640935167,38.574282325639395,38.80363355298663,16.88003465206506,12.60239445494644,696.1029903894525,3832.557110285976,7.394768160968448,904.7348291803188
1023,438.6041780029842,42.9730365511961,136.44029267555436,7.977787057674937,14.992739469390523,2.6373645044166314,2.1808261561475297,2.3533421941409562,2.4173583889882266,56.055189937841604,215.12687579376183,0.06683030029249774,22.635149481161804,342.0353624248302,3.089117016099066,11620.885572826694,0.6188123621697295,0.18771932620578957,0.0627980026728383,0.9237354847993868,17,0.04986690328305235,0.0668441289559302,1130.0,36,82.95847827266974,22,967.4026302355734,123.54413346521966,0.06452085295202788,4.623208506703652,14.131732961172341,23.614578604428488,28.701672171559103,9.505530605534268,13.862633900441084,314.1604143023229,4419.516660332987,7.267886742471502,946.0902145627228
1024,432.86168919079944,15.155869766150566,55.546772122243546,9.08039725338963,11.603384853455516,2.684218495934352,2.310500992695389,2.6929496679187874,2.4781099698169706,33.387091812438435,21.227589525670922,0.04376317729191929,38.261949091752875,366.63346217904734,3.3586635451266984,8613.408541354454,0.39807842757919526,0.14269874373916633,0.08496928528972808,0.6568626788200266,15,0.05968648328896776,0.0437740313516711,740.0,35,68.84646208224778,19,1303.2771621934526,250.86499990696788,0.08124776238166831,3.9627501486031305,17.542372316587777,30.799169879316125,29.000362348886632,11.550656271329045,14.492753623188406,372.7062965467349,1332.5245992199461,7.312732791431452,578.697030714398
1025,607.3910783109504,27.520566627958292,24.321742285888497,4.061828504569898,5.566757456935459,2.622758517772061,2.521239109230946,2.447017554356649,2.335329790684158,52.744123000280865,3.4066474467338113,0.08147825420836485,55.317538186352465,133.90215750571394,3.390419604497843,45530.467782935004,0.42360444788892543,0.10676639375190192,0.06070048328944076,0.9568933254853177,8,0.019698314108251996,0.08151434486838213,1378.0,19,40.92912683093488,5,241.55164764333523,92.65260519974635,0.059826937211361085,3.3022917905026086,15.548502072844657,18.92540291673947,40.14873925336531,7.207607026506774,7.561436672967864,783.8314252498842,3331.730393656788,7.585260335766101,977.6198885486051
1026,379.75801856653595,26.059682310628375,29.185520421140264,2.2844481315489302,10.69157173115957,2.676441083605788,2.319081405996175,2.66860070517221,2.4927539422519516,49.80542951908084,6.13558555371295,0.017726318428582598,22.26578744061062,467.16792205313834,3.222791515822136,46586.56232344047,0.30907622316733346,0.10178835824935528,0.06982641684984262,0.5167675491288426,3,0.009050576752440106,0.01774622892635315,300.0,14,21.00413192222535,3,339.6690479402554,213.92544599417442,0.07028628732040178,1.9813750743015652,18.84388747204174,21.90699772723382,51.90544168639358,10.95498196765919,15.122873345935728,296.88475264646877,2442.139869985811,5.231725187113819,428.4402221048919
1027,329.7910946388919,24.712856240957453,84.77430916640895,2.092127104052639,16.398962912712385,2.6508964131512838,2.437206359081987,2.458207275779988,2.4349626840040375,17.19672105578711,42.97814000683559,0.0626352017923901,49.352008180935464,348.2532995609289,3.588341993117516,6757.7957243325645,0.31358748236041534,0.21276540214343403,0.08590625391950961,0.756478536699164,2,0.006211180124223602,0.06264418811002662,1059.0,35,55.32422021154205,24,1302.5003041949492,187.19662383001972,0.08735281743218191,3.9627501486031305,8.758421268433532,36.12836509353993,15.578037552563845,16.24886512748718,11.342155009451794,959.8255611381167,3258.4295496528634,12.22998175154567,625.5397093419408
1028,605.6598775144412,18.612894479540046,101.29682435444498,3.451028880358608,15.246412163464395,2.6488847338922095,2.2327761125615817,2.2734484724462254,2.3111893935368992,25.173524365070772,6.6069020232337,0.026322973562277224,24.99268723764337,207.34609900261268,3.5352212016158076,8827.808206683236,0.44594704078935954,0.2959943148485882,0.09366301831384408,0.5411947169930866,8,0.040106477373558116,0.026323572907423837,445.0,11,17.07117940186844,14,859.1321519909095,221.79391358900975,0.08750694804760296,2.641833432402087,19.725330625084506,42.30559491311274,20.27176940647041,13.670896322617736,11.342155009451794,339.43200123836937,2058.150967358764,8.34600490502891,475.67936310451006
1029,612.8720677142693,37.601716005183604,7.379480424967822,3.4721271188315264,7.265094585808771,2.6764095097626543,2.53536518558352,2.30144911979716,2.4300560493282415,14.44488385452801,545.158177575567,0.02709843028158239,41.17719069035072,167.45665579860352,3.2818752530830597,17323.973388749615,0.36445127702685576,0.13552252209286964,0.05601388782108579,0.625129370878586,1,0.0002957704821058858,0.02715173025732032,459.0,7,8.480834289692405,0,0.0,0.0,0.05826460188980219,1.9813750743015652,23.843835617743004,24.296157490079704,56.56545744462308,10.630021873891746,15.122873345935728,347.6626921711735,2997.808947011211,10.308675147594565,403.1847489207161
1030,402.9026617295174,10.413699128259614,121.92286935841068,6.600217022272886,17.843838203067346,2.653491978269594,2.469815756448887,2.34566614211912,2.4250468905893077,58.88705001000691,20.183651450232766,0.046009346505572195,54.92621176066612,415.275007439815,3.2012715949916455,24753.71673138233,0.5704849445862763,0.27986955880930553,0.038314486071278596,0.7499579978320743,12,0.03288967761017451,0.04602188701567583,778.0,25,51.79912027094291,9,505.97342432939695,119.7619586156715,0.03938591310607962,1.9813750743015652,4.493808081260635,13.608765106025992,5.863230142835039,6.674174592553202,20.163831127914303,363.8554619444563,2366.4543575628163,6.3822970643713965,614.3267544087353
1031,562.3984200609032,46.170455399310406,99.32320070092273,7.425449203330535,4.373854239053404,2.622210025011586,2.1780094093038267,2.343176117186386,2.3966102872281367,12.227996003179637,13.799047619706968,0.07388919631856217,56.02849060251775,224.46050683270332,3.255293335266531,7213.81289793295,0.33732809813248293,0.18715411919112454,0.09965397055931122,0.664822095687507,11,0.04389233954451346,0.07394262052647146,1250.0,29,78.83894885310106,27,1104.084968177522,111.89314951697219,0.09167409095599831,2.641833432402087,26.33183626445878,35.37805531605249,37.978117028805244,16.560826486944578,10.081915563957152,353.22836823523176,2509.769005028795,5.641895835477563,537.6795075206055
1032,627.2090022031763,14.589539103214927,149.47374682320358,7.707268715998934,11.224759251516279,2.650154329185743,2.332363037639698,2.2231976701093243,2.359843324574481,88.60480035354739,35.852767391960064,0.0873182330658637,21.878631355333496,354.1020631845806,3.5711569023446685,10841.963915909806,0.3756400976942139,0.25550107188514576,0.04179333376283316,0.8519774502072893,12,0.027861579414374445,0.08737060041407868,1477.0,51,101.34922714517575,66,3539.1300498107003,275.0623369300649,0.043723372086209404,3.9627501486031305,10.516948680564807,17.02205578593167,16.799601296199214,7.772344232574427,11.342155009451794,724.3422085725167,3730.9308308632626,8.366900112504993,804.0518277343504
1033,609.848344495822,40.75670538010232,138.09926234618302,7.005421957156707,10.440248360797593,2.654207993561531,2.3873310182019662,2.290633811036754,2.4401072468874747,10.999631466717315,44.885177636927615,0.08179408050876186,54.98461469714741,285.6910824707548,3.0101347011398563,35488.52654419347,0.6608232256407965,0.19062539434257558,0.06641936388645799,0.8690013725840005,11,0.05116829340431825,0.08181011535048802,1383.0,40,72.28211442084807,31,1417.3211083164729,151.43801110497492,0.06707551460621416,3.3022917905026086,20.976964582940987,21.61471373603474,36.70268979693181,10.081257412976589,17.013232514177695,479.78701081892996,3551.167108396509,6.770275002573076,796.9606223903481
1034,663.0914690629438,12.960071736262105,11.636416097965324,9.365794462872854,15.342101222018098,2.6907907323831277,2.577061306559123,2.345641568541742,2.496669868801312,12.616313939965266,137.8278555026996,0.08625117177978328,22.8509009786737,147.51704835134333,3.333457661970038,5708.566778610112,0.5066329610669135,0.150048933095338,0.0669122161584064,0.6693936651541709,19,0.05412599822537711,0.08624667258207631,1458.0,22,56.70999311928119,11,265.91731016514893,58.90312853038646,0.06521587623085733,2.641833432402087,15.39862697768378,25.824070978528333,43.53912216264884,9.302378244184359,10.081915563957152,418.9373997400161,2644.940323380718,8.546544936209603,589.3174301460488
1035,431.961666557231,18.43750289409079,118.40945771628827,9.547608314802389,9.848023536995914,2.675993422521966,2.257770927843696,2.3293053227805385,2.414914940734564,11.000051434100868,334.4968163574763,0.061305298436181994,28.30717649502528,244.57819215055721,3.4981007902876455,11843.283734908679,0.6205348310221344,0.10774161994409229,0.03288261712566236,0.8228076258274706,9,0.027624963028689737,0.061342797988760724,1037.0,29,101.24628385903509,16,506.98028333543306,62.73321895038682,0.03376890442526497,5.944125222904695,3.10397198825116,11.899019876185651,5.970821321441846,4.481469493094616,16.38311279143037,372.4211537251881,2798.3045342773958,6.023664550594173,684.0465870677681
1036,422.92035070744686,36.29279837450065,74.50258955304761,2.3298621311727086,5.586784212678097,2.6541672305649118,2.3627400994557317,2.5396736185937963,2.537316384635379,11.080457846760059,9.299604568742986,0.07816661717857797,59.73146156270142,199.21578184804088,3.5584072709697177,49200.6927049879,0.528699194008786,0.24966141047150928,0.05757916410043899,0.9335852569410847,5,0.020763087843833187,0.07820171546879622,1322.0,26,64.37032425676581,22,1580.0684888023645,226.59659611621518,0.055208053463843235,2.641833432402087,15.388703181547754,20.365973462386044,52.23472926575967,9.223198609885605,14.492753623188406,1159.4299255338817,3837.1343950855317,6.180387232371033,947.8505195510855
1037,432.81669798511,16.444583974317222,91.35460813542007,5.637642237346025,10.848763668341649,2.6436601726177584,2.5096371474043244,2.659262787625278,2.429120365793605,26.323612830119565,4.591439622300966,0.07717722329152096,42.010243345306,267.3903307954851,3.235252725467009,8720.648908366784,0.3340977398769064,0.14321564078143684,0.07824495436556579,0.9668807660345438,6,0.02052647145814848,0.0771960958296362,1305.0,35,85.40277051620058,21,1131.1760471512837,191.89231224074203,0.07333479617820853,3.9627501486031305,6.11405294055222,25.3634661118948,10.66000562398404,9.807544640521861,13.862633900441084,935.5740420917211,3778.0477538873174,7.318881852275468,963.1277402635219
1038,434.36476425882495,11.718264968329768,59.05924039870419,5.05780692691181,10.473178073837145,2.6590027049890694,2.3030470177605067,2.2734561262948834,2.4682240064771825,16.647775158326425,2.518608921132806,0.05547205677497533,20.919815232652468,110.50810442222769,3.045620517863443,10211.468258504265,0.4685823903950612,0.21717325998360448,0.06886450044113707,0.504579520771606,11,0.017272996154983733,0.05548654244306418,938.0,18,34.943562491325636,20,1328.3043515036798,211.10909877941606,0.06740838772240156,3.3022917905026086,12.260522449346873,17.529238063504,26.26967516446403,7.655170402400473,14.492753623188406,283.82980675372863,1129.4052234898013,7.136496464611085,460.51771055672833
1039,624.263011035972,21.67403290749644,83.08416263560933,8.094725041102913,12.877918333165393,2.633208365983543,2.41026803333502,2.26779854632782,2.579734613432017,39.51943377362691,6.967774358021905,0.05899728117306592,34.32820948162652,443.91368386597816,3.432888737063361,7918.808779212385,0.4952699518793823,0.2890331529681518,0.05459116600377595,0.8678864718421342,18,0.030286897367642708,0.059035788228334815,998.0,42,82.77878002868779,39,2087.506928145318,266.7170048621561,0.05333401086996588,5.283666864804174,9.289600172608083,18.582909554618077,14.108064897791037,7.696898471513459,16.38311279143037,527.9066909220867,3134.780490016767,6.7027696131073,753.5667688951299
1040,610.5665903600147,35.191494393537006,106.74947310528684,7.458814257906858,4.524541901360562,2.6588243568039513,2.2985458977891593,2.645373993639015,2.448563555846096,11.576293341272006,1.3077842230306451,0.0817767895573165,39.96679652397882,170.1800701871907,3.095022421849424,9301.781423083397,0.65594388027934,0.24666887984190836,0.05839476981435503,0.6514071345620147,12,0.032061520260278024,0.08181011535048802,1383.0,18,37.56862816016361,26,1458.7397557156285,191.35616290879565,0.059267068607913274,0.6604583581005218,18.646081073165668,18.646081073165668,98.7509072015372,9.052393989768833,11.342155009451794,281.2144504098716,3089.0343930263775,5.044686852596173,564.3697141339359
1041,635.5093899249124,19.08635732738722,132.5782782807507,5.546342407219801,12.280301857470246,2.6727056889391974,2.4831527340411643,2.3116869019451816,2.4442192804609792,48.129954776446475,16.839901716397552,0.02398416033757149,21.010242676671528,272.5935946297052,3.2316597754769045,35323.53200538042,0.428348131864628,0.2340673973787503,0.09998849429275426,0.5629459359857268,8,0.009997042295178941,0.02401656314699793,406.0,12,28.324183723560516,10,681.5663860053502,150.7522170739833,0.08879427652336735,2.641833432402087,26.599722693743743,31.342206822993397,49.69597764537494,14.106456624316019,13.232514177693762,419.4645924620784,1422.4168192791808,9.166995688475081,431.5268212432283
1042,445.09296863891666,18.203826511490032,86.400549351293,7.976735138271756,4.138324972396921,2.6231658970789056,2.5446874394228063,2.6478205214376818,2.372572388583742,25.35400145983534,353.2661317519583,0.07089543398748857,57.628273706083036,407.44681479303733,3.403116904374846,31270.70451422089,0.48226254717039596,0.1365485825778151,0.03172609490874587,0.8033876344218518,15,0.04992605737947353,0.07092576160899142,1199.0,42,120.49925733530749,27,1246.8537861987668,209.80394776737492,0.030227393233705838,1.9813750743015652,2.5014694989365407,11.080962408618307,5.641895835477563,4.961711343434192,18.90359168241966,348.94169220304,2674.812038956572,4.719866928249235,650.8925981105926
1043,378.5643086898428,11.785276586530626,59.732225507206486,8.927028998787883,3.4187421295710294,2.6204592363924593,2.5153853560450887,2.4525387222535198,2.436485824598551,16.673771904894892,5.6450722692315205,0.03947119465797965,36.19892247980566,131.55457852545462,3.3692092882109925,15562.978569975985,0.5303875855797865,0.20678563275104744,0.050993094579753935,0.6538196336141509,20,0.060810411120970125,0.03951493640934635,668.0,7,5.425547760816805,2,134.16793049386382,101.86685335005994,0.05154326944113205,1.9813750743015652,14.740158974760725,18.30907961880803,49.8789541832275,9.078797448890834,9.45179584120983,356.6355871304535,2709.4567804637686,6.770275002573076,609.036759197841
1044,324.32966915973736,39.81466851118488,4.809004906531145,9.395804830101527,14.249547335448167,2.644481956855791,2.337959369326032,2.4858190053752454,2.4444141223105214,42.58422323286726,247.07423339238377,0.06425873632835366,29.559568250151166,177.2257877131741,3.2437309947494786,12833.780494513036,0.3599331552867464,0.192115718334609,0.08381544140445507,0.6146910201422702,16,0.03921916592724046,0.06430050280981958,1087.0,22,50.94114209069099,13,613.671188631028,186.54748412151642,0.08217909702735247,1.3209167162010436,27.051344723824048,27.56242531259762,65.08938887693911,15.035757620651996,19.533711405166983,367.78705795172255,905.0645912055185,6.383076486422923,635.1174196607051
1045,616.966570114919,16.268829781407902,107.91454514630459,6.473605834058547,13.827367181504686,2.6350938749584576,2.4661569882074983,2.2090852920305064,2.5398221073095586,53.52308402662998,53.664996171007694,0.04353015218376015,41.636178423371355,125.23375196697046,3.0592973536841104,32557.90717568261,0.41346083011496115,0.2145533736578943,0.054371896918734855,0.766091517020135,7,0.01816030760130139,0.04353741496598639,736.0,7,9.775518603183881,10,498.48535078519836,103.06487230715973,0.05419618422693853,1.9813750743015652,3.3724455410552308,18.202815300090037,6.579524642479541,9.463283881513275,10.081915563957152,768.753194625486,3386.7913612405287,11.1415218693057,784.3420478915187
1046,350.7696389981849,37.022646678923685,98.24562977024604,5.747923062035185,6.309206456723005,2.6262294227219187,2.383882436577736,2.3684506617456647,2.4768513129112257,71.23441472015895,8.88379122037213,0.011852376799914802,31.008726433270514,476.1196380279788,3.12920247797923,25094.83179872675,0.45799983958056356,0.17889119984612895,0.053791447473508835,0.5981119116406859,7,0.011771665187814256,0.01188997338065661,201.0,6,17.414094350009965,4,135.62758572185825,81.52737872539358,0.053298460994258744,2.641833432402087,12.240694983225488,21.75852942498175,39.80891668354095,8.436559969866103,12.60239445494644,241.36504877973735,2394.941629092951,5.29119966281621,586.6734562256291
1047,513.6771176633126,19.819302122951314,49.38273611324085,6.5705633125146115,14.3214638791633,2.676702814775368,2.518446626471004,2.6449606111235275,2.3569132243997752,24.24601264192814,955.3544965195662,0.08650117063252197,34.94700517356859,250.12116695107008,3.288853116759223,9756.106074441886,0.48740698732521237,0.2684762980520464,0.09072681672970725,0.6235678356978702,11,0.014788524105294291,0.0865424430641822,1463.0,36,84.44881011313659,25,1427.6210166082649,164.96583835461735,0.08760699254950267,0.6604583581005218,28.829599655389035,28.829599655389035,97.25685877015319,12.331484221266537,16.38311279143037,172.7182968329319,2298.375875518863,7.483720382718299,573.4038930215784
1048,574.8741356361722,12.100445943798967,141.2265811268606,3.74592993428653,13.19138690711249,2.6096922074688926,2.5320849140816937,2.6448651369389826,2.4090775436048752,93.43748829045195,137.08522144954642,0.03774885108059094,43.41248625953225,443.1642694338681,3.318606116420111,10638.060413574609,0.551950517025277,0.2583045144403061,0.050871698171857674,0.9545886046253682,11,0.0246081041112097,0.03779946761313221,639.0,30,85.38646210679067,43,2669.4833067958093,213.49690556364538,0.05244119167534566,1.3209167162010436,14.743341689256852,16.615390166904547,55.72600824849179,8.465549979404855,7.561436672967864,455.4380442255466,3217.41389883366,8.094364630671215,940.9248740139241
1049,410.3610238058083,24.118246966665183,116.65608794374339,7.83700864461779,8.22101062585499,2.663552201679656,2.3359747126845076,2.6145609776704357,2.4612951684920774,26.281093764858987,80.14423232514046,0.013998445096897003,27.19377079629492,345.5584242763583,3.161895867289083,37923.17066490665,0.42055815332488145,0.2512588461464207,0.09165980508589941,0.6581016655523886,12,0.035433303756285124,0.01401952085181899,237.0,10,30.237255337619054,10,651.8807779617108,150.0038526986135,0.083655503162603,5.944125222904695,5.585721376610481,26.214419875824838,2.985410660720923,14.060292414737889,13.862633900441084,196.7652822190234,1222.224035008871,5.808428767293315,741.4895373309047
1050,494.83503558207724,16.152083622812793,149.40508489498447,2.6819843030017863,5.988639191360489,2.6216287909549654,2.5181820863172195,2.3652460191772007,2.462536924693308,66.72402115916424,6.680772335050526,0.059536529460393506,46.451136685833475,155.0382256695732,3.5473249876448416,27119.208058275177,0.5815960396933743,0.21180523108263621,0.08437136399409015,0.7601334740459237,8,0.02443064182194617,0.05956817509612541,1007.0,12,33.298333554262605,13,719.78211242555,169.1328806091474,0.07965281456220738,3.9627501486031305,10.336848435204011,28.390590456696525,9.386795039597859,14.259918683327133,11.342155009451794,379.9927191591347,3446.3161112967864,6.770275002573076,684.9770909701962
1051,589.8792292464353,13.770334128561844,29.227428845884845,3.510183009260933,13.174169517358099,2.656671722116695,2.251743584128037,2.2145896732805506,2.45294304309171,11.120707405233302,39.119403310628904,0.010448616044377228,47.44069532721978,276.1862377859475,3.5953161467995196,19960.54145426235,0.6362670546821139,0.26403424687414095,0.09440466477280084,0.8780587279266756,8,0.013427979887607217,0.010470275066548358,177.0,3,3.375585933167603,0,0.0,0.0,0.09057940260975743,1.3209167162010436,31.478297759936545,33.7628471881024,66.90007946179684,16.5353148858173,11.342155009451794,314.29828657754206,3407.644515673131,6.997713498208322,740.6174876254166
1052,418.5919261991327,21.711909024123035,62.45484097039983,9.466753631749263,16.16968832119027,2.6404698768808674,2.3104997904750872,2.3111631123554064,2.436929891938352,15.172152650677884,1.359382730718488,0.02690224344380579,49.765557735492,195.00243599555455,3.0064615629157485,14047.0666445392,0.490899693993443,0.2772252535178134,0.09466134405164002,0.5887899345394064,18,0.04939367051168293,0.026915113871635612,455.0,5,16.72275944492217,9,316.00969636315716,118.60674480986727,0.08834094008046274,2.641833432402087,23.243574314825068,25.812686118986772,37.159322153500256,12.924959981437087,15.122873345935728,435.60543449950956,1996.8330899983018,7.728758041201657,469.27069248510145
1053,615.8567566126286,16.368506211690125,124.25860663041031,3.1073868744783937,14.607224514625612,2.6799026421930567,2.586591003449743,2.5093003011492474,2.47434645098086,32.454836347291526,1.1798609550629404,0.013855860376692578,29.53747653764909,160.0589770930099,3.447475352300103,45675.15999845962,0.3288382805782446,0.26416773571571905,0.041771745122502334,0.6734344596638657,2,0.004791481810115351,0.013901212658976633,235.0,0,0.0,0,0.0,0.0,0.04197302477715442,2.641833432402087,6.323849732711549,16.176021082027574,36.077596969124436,5.965430818847196,11.972274732199118,889.179292611295,2999.4059793756255,11.780624362746345,627.6853164924219
1054,329.2278030122936,36.55773224226802,72.1737579280182,7.857869669813612,7.770294049422055,2.631975104385511,2.292704503517098,2.6978096568210095,2.4579639830857656,70.8557927672036,218.467566559258,0.09438844454770842,22.331824377524107,203.30595370245857,3.3630464607395303,9394.675787278797,0.458738575950894,0.1263221980398443,0.03454041626377291,0.6909957234599222,6,0.014965986394557823,0.09440993788819876,1596.0,32,58.320015040524275,26,990.4667551001512,146.85750812151431,0.03482728684365379,1.3209167162010436,15.138638670878873,16.08085894411595,52.59857367011439,6.374900335894931,11.342155009451794,214.43847204026184,3696.0092051231113,9.053971140072758,646.1381851873514
1055,599.1711782595037,11.561106369579164,87.5035498156022,5.207225430093878,1.0117185026703224,2.6469138677906976,2.147707942306304,2.5721102123751214,2.4884197580014105,32.94739440790703,534.8481973664757,0.01962278339949884,44.671386413120935,420.071308474399,3.3048290954369017,40832.444162146465,0.35108872402594254,0.2374591484437358,0.038398801221125656,0.7257978386196468,12,0.028985507246376812,0.01963916001183082,332.0,11,20.310107302128433,17,822.0301047222562,207.60395699279908,0.03853511873537575,3.3022917905026086,11.873250782056745,14.55215847857181,25.582125126616702,6.9927221782428415,17.013232514177695,625.1831898969848,1559.6877969143309,7.817640190446719,540.0146096317385
1056,642.6237451971488,12.181643583611386,69.08558803924686,6.677530659400398,13.677958105829134,2.645671590003437,2.3655044984193925,2.3035661162538776,2.534171588784235,42.55430118794463,1.8285884900396177,0.06774684543151172,59.26223026540596,135.42448660274215,3.164546229641585,19335.10808707626,0.6102509521341104,0.2751398017645305,0.09227379975462818,0.9608452132770007,9,0.016030760130139012,0.06779059449866903,1146.0,16,29.19093324695752,16,735.3987500519582,157.2775511674458,0.08840587458052844,2.641833432402087,29.72097536181162,35.147545681460294,45.48260553911814,13.563790371533514,11.342155009451794,618.4928400361317,4043.525870559718,7.776709009170884,896.493003901198
1057,459.6783203690145,21.986025062412615,49.031287025961554,3.3862958850219247,7.385881786598512,2.6909134292036185,2.4813267837230075,2.3293815937037183,2.4430270590881684,25.12220589990735,14.333575510387783,0.08289579055647035,48.121689898006444,109.92540211411844,3.3512170529600693,11253.595425883927,0.4336986711075961,0.24689852027305595,0.07443392782479115,0.7984898666206067,5,0.01129843241644484,0.08293404318249038,1402.0,7,5.34665719703783,11,727.051649782019,128.47601847029122,0.07565599472458048,2.641833432402087,18.121060566520125,24.761604476882518,49.173997220560295,11.250213788308843,10.081915563957152,182.56716776507432,3567.4991365770147,4.831380575384772,843.9768771050617
1058,335.3037715114853,12.899787679818502,71.23139446346252,8.319378199749307,9.257677117014792,2.6913532804877254,2.2092094084307567,2.637055518045231,2.4920215453299184,38.57539468833146,189.93708124876943,0.028269280813732887,23.94127327953903,273.2255544118155,3.443540387359352,14782.947147269862,0.6892665058117222,0.2585103657480659,0.09810653082821043,0.8856190133540505,11,0.03277136941733215,0.028275658089322687,478.0,11,30.860542914390166,17,625.1011400661827,116.04809494651387,0.09101312240594014,3.3022917905026086,5.9459663460060606,35.51675753453294,3.742410318509555,15.416958894858174,17.013232514177695,640.0996281931758,3511.1136504113547,6.282549314314218,855.6872432795966
1059,477.75179578330517,16.899700263450658,64.93167386548532,4.510010398940903,11.023223760936666,2.685784301678945,2.3116587670634887,2.321460963540981,2.42732969946715,33.63855456471744,2.938880834094961,0.07973571899749889,49.67988684991453,446.1068736422022,3.0651950405355004,8824.602494375611,0.6866302347457819,0.25340109508441655,0.04719621356252526,0.9421393335555268,6,0.02922212363206152,0.07973972197574682,1348.0,67,102.24797575840658,68,4039.6377331958597,256.0855976912074,0.04579845577207593,1.9813750743015652,17.077047210959886,20.71632617684189,55.65780998512833,7.606261017558592,11.342155009451794,643.3406677459943,3720.1174139841996,7.62382796280705,899.3191229339509
1060,664.5765037628806,11.49975294270188,138.75970345493224,5.551785190846888,4.965258373479004,2.6869702928285633,2.2395296079467544,2.549330842164465,2.5013711441461464,69.04601485419782,797.6235542612194,0.08248371434352464,22.364954452465085,174.29364744630305,3.1301640343012322,31297.010268599337,0.40135125180229153,0.2391144172702361,0.08299964406747026,0.8748770681787712,9,0.03643892339544513,0.08251996450754215,1395.0,20,29.650550267496556,16,654.5291188557653,218.22452843153982,0.07778415721476079,0.6604583581005218,22.612666005657694,22.612666005657694,100.50812180082156,10.608562721795536,10.712035286704474,1145.1849958773953,3284.360783926502,11.562445770562215,841.3806987539111
1061,535.4416522455705,24.21971992048062,44.635076889730676,3.9931810462733823,4.135798551634276,2.6748364252374506,2.4995081587784522,2.4439048787846422,2.440567889016811,94.56785420555144,1.8039635517741663,0.07833581730497312,27.057495893362436,306.8812531611882,3.079278248146889,21903.750299855623,0.4632278742846929,0.14380012659010094,0.062477813294660296,0.5601421954948251,8,0.016622301094350783,0.07837917775805975,1325.0,52,110.27371006375776,28,1538.951091057499,144.13875457662638,0.0615210465004317,4.623208506703652,12.222487500081986,22.8233974711045,17.371176474327626,10.42024236969556,22.054190296156268,223.52635852610737,741.2612283783683,4.51351666838205,501.28845589566134
1062,548.625449293178,13.23859253273914,114.64306323294664,4.842011057696384,16.40090834682286,2.630685786795962,2.101965177847395,2.3142243514589307,2.449311953589971,46.81144053850608,103.69913008244177,0.021726928033510232,32.34596996476308,193.22851788556446,3.3488803971020973,45300.545131973,0.5284944337571457,0.2911745615843728,0.05564223790243078,0.7573060882689004,3,0.011949127477077787,0.021768707482993196,368.0,6,8.438410707149046,3,64.70601099270921,32.98123482191781,0.05735211836354327,1.9813750743015652,9.343957921841717,22.429854641375975,18.403307281560924,10.667648268237702,11.972274732199118,1167.6121703128392,3384.894508883201,9.901487006738307,691.4902378638166
1063,656.766598757464,36.43508256302849,44.77565109676052,9.62278783784133,8.725736398110097,2.6207150075849257,2.4614752399236606,2.5478144682687978,2.3998177010974793,91.7972480251939,28.974003036112826,0.024371985258545194,29.408161425434702,464.53212172819093,3.2042475693467174,6411.360589138905,0.6573971563785488,0.12235950944619062,0.05978846333946322,0.5930703592521054,14,0.04897959183673469,0.02437148772552499,412.0,16,28.198171332590846,5,192.17950288693316,113.92024690629464,0.05494743171918315,3.9627501486031305,4.889575714638103,12.465099278674792,7.552482351008662,7.504531994106389,13.232514177693762,255.60005434197313,1297.1715801862567,10.464157913908982,467.9725393517395
1064,410.3223620689533,20.023841941376403,21.392557682411606,2.492253102029009,2.9988286337855605,2.6714851677769422,2.5374348715402704,2.5599274956477513,2.5111960403573126,93.97258134077988,90.93333020914405,0.038414799946258744,42.67765479879741,352.02393104792174,3.316252944934197,27025.912768128783,0.3541838691759025,0.28217826987888683,0.07589748977063042,0.839773273301611,3,0.018870156758355516,0.03845016267376516,650.0,17,33.56087659349873,23,943.021339338766,105.34408921957942,0.07790660318064231,2.641833432402087,11.474470687763551,21.715658383240935,16.259593877273645,9.891415761419163,17.643352236925015,470.65435677564017,3563.2923701118084,5.917025732138443,817.4336823161728
1065,669.2267540593905,13.872947454571602,126.87278317695755,7.63138396835585,9.30428523757773,2.6236818283769994,2.3717783149354568,2.600797068802748,2.4429455473487334,51.46317131880336,14.224603373421496,0.09500363433490372,20.183163118675875,211.8103488436142,3.5459902472445646,14633.727822485542,0.4960137380005062,0.14879215275474178,0.04782594744904839,0.5668615751282136,12,0.013013901212658977,0.09500147885241053,1606.0,38,53.8131968766294,17,763.1384827716455,125.84192605526964,0.04830944818957617,3.3022917905026086,7.892761971752865,17.877211454460372,16.312788383647018,8.08197069773081,15.752993068683049,150.14028927386357,1906.6111498140983,4.787307364817192,510.613915872921
1066,465.55155268991075,29.062400205691297,4.028043122339025,4.90638578628355,14.494771540193613,2.6466835795294474,2.514997148068601,2.4763040991555796,2.396797023138519,22.935666109404433,18.8866058882936,0.08600423311934612,50.50407114854748,264.5848939224499,3.575945123641522,28193.762323704854,0.3962173355743892,0.22810294026084324,0.04393092756920277,0.5949448183872053,6,0.03797692990239574,0.0860100561963916,1454.0,41,69.48600933046889,29,1377.7416475910977,153.76547009665543,0.043408032432148386,3.3022917905026086,3.0174819133963124,15.012179129137012,7.225151993843567,6.66291405058194,15.122873345935728,310.36341076774306,2917.0996510572204,6.967794585820014,585.8753241319431
1067,642.5404936511626,46.33963138530328,0.7591485823680022,6.584344289399748,10.046797995476581,2.6840286211771835,2.1970974465547872,2.4254628508534553,2.4376704736554373,35.25944756488016,14.378161179966689,0.06977146457652594,28.033738995460556,210.0768817983773,3.0062165800895895,10570.478476350125,0.47550566786154924,0.11439359320557217,0.03863241977016601,0.8219403722084389,13,0.03241644483880509,0.06980183377698905,1180.0,28,48.140643274147656,18,937.7815192163384,154.02994212932302,0.038372447514875375,1.3209167162010436,11.97300982191771,14.774912912381454,49.17091458697145,5.812768460305329,3.780718336483932,2528.2850494185823,3525.8539585156113,24.311642903053585,872.9362183072317
1068,604.9475597910543,34.39913656872028,25.24059025887836,6.123054199781807,5.209882146868351,2.662706365259737,2.3223791850067705,2.5842747755339586,2.342032625307957,14.214362380712807,79.8100367209975,0.06272243870180681,31.4107277273007,294.71890736964207,3.085636792407463,6259.536788131082,0.6057325095004507,0.11999953157066545,0.07134431583706292,0.9874321930172806,8,0.034545992309967466,0.06276249630286897,1061.0,30,63.18154981845023,16,869.5728360945133,191.7293065726531,0.07044972890017706,2.641833432402087,15.042509089133523,25.20810967438348,32.912744147998254,10.537063978612704,15.122873345935728,611.2804028780481,3339.0070395922035,6.206085419025319,903.7743163004177
1069,668.2168826598745,44.12277222337025,23.75790582593404,3.989421353819906,15.041557260657818,2.636256211233647,2.4565153065431837,2.2769351946359997,2.4194269498113594,51.71904619144159,743.593263434675,0.011756734917963379,23.617168423159544,118.58536529256062,3.3744421488161787,11793.201026256202,0.47823536335702455,0.22363530704945564,0.05687881792034914,0.9613670185033754,12,0.01685891748003549,0.011771665187814256,199.0,1,1.5096418550884254,5,203.2673613761044,113.33210160907853,0.057303470784721,1.3209167162010436,13.007116265240752,19.649293128748923,49.67622533040224,9.434976917490324,6.30119722747322,1697.756892683854,3146.3071034936793,11.752570274171347,755.1757438204904
1070,398.30619560452925,48.158762589459656,14.6063188203718,7.105299508154804,12.81331081761911,2.6405439420689265,2.1278669507177836,2.294335026371859,2.568241286542946,86.15975745389945,679.3035013745507,0.08390565387860782,20.673977789810507,350.621582555231,3.1686925671272443,35049.66216402054,0.5740777299594193,0.2503169320372143,0.06196593798341479,0.6064763804341762,8,0.016563146997929608,0.0839396628216504,1419.0,47,81.50666380949858,43,1823.079433065747,187.88809785972265,0.058906169055389805,3.9627501486031305,9.007804257872914,18.10621229905636,26.6796503697161,8.134128875760073,19.533711405166983,268.0709835506194,1479.7170465843435,4.918490759365935,637.5148558492216
1071,404.4802729791022,40.786534083946414,34.872384779128964,9.615716343617663,6.471621880541606,2.65391254384587,2.5151085586237136,2.2178448623867837,2.429642287884628,39.120207309239575,66.75196467486712,0.0722836121339321,24.09746826796378,177.04106697265934,3.0569234286296774,5522.878902827488,0.6461907550626808,0.28618551400087344,0.03810225105810981,0.9249821944814705,17,0.05010351966873706,0.0722863058266785,1222.0,19,55.639626391589445,27,1022.7511396883828,167.30097607853733,0.03592259952520078,7.265041939105739,3.4133527560526797,11.722526710170456,12.766152972845846,5.054115975196632,11.342155009451794,2081.64932070045,3345.365778124765,7.557671036319869,860.830232898179
1072,501.56349850468746,30.05575564843089,133.06541305304094,5.49585308171912,9.997357497256843,2.673140744237638,2.499668420099525,2.6223421023367974,2.4935430849262348,23.93502220733732,28.5376596548813,0.059670418665817064,23.85088654720023,279.51266639350916,3.4362331814148526,17144.68524235562,0.415318959545816,0.10139070758114505,0.050612612312392065,0.5044666006638536,6,0.024489795918367346,0.05968648328896776,1009.0,28,65.21947845196163,16,752.7782250615036,158.09277973935662,0.051943252158228106,2.641833432402087,8.955854892319444,17.641395422808316,16.965477545998958,8.02697680819557,15.752993068683049,301.8855255086891,848.7561713829201,6.4820448144285745,309.60441006165036
1073,433.55472599483954,44.36012996641251,90.00604539804425,6.716797988274428,8.306010211758668,2.6355715883202615,2.396116345629979,2.245103499272674,2.397836195494423,12.099567381440012,4.814959223615872,0.05201175816710778,30.09581516727373,183.5979161913593,3.4763973724616792,5555.322045177818,0.684148952676353,0.26993435021071144,0.057225805975228125,0.7898580123511261,8,0.03200236616385685,0.05205560485063591,880.0,18,28.8825186260051,15,1031.4779703086365,222.4441576731718,0.051902635420810056,3.9627501486031305,10.271081590198506,18.81967147451418,7.746740680937563,8.345532784335395,11.972274732199118,327.7962846569015,3479.2634869988706,6.770275002573076,847.5783141864348
1074,669.9582412614641,17.72930277146441,148.14096291660474,8.679593932783419,9.684704864703352,2.634646354568459,2.353293386735339,2.3127854985819845,2.4327791575854834,35.85302012975417,3.2241166339101714,0.09734750908865362,36.70851297574414,130.07433372026009,3.1047970203507855,29705.646793732896,0.3398590849947264,0.11029420706834135,0.06602919727577626,0.8127727706693545,18,0.0707482993197279,0.09736764270925762,1646.0,22,54.83145593201247,11,445.34542577462497,152.9765698036007,0.06659898619665383,2.641833432402087,20.478638171822954,24.396667198322444,39.506910659517104,10.873287766937123,13.862633900441084,237.15719027333915,1436.1114819646523,6.179528547030358,651.3834844750246
1075,595.5734367678365,47.89884500338728,19.571918592636123,4.072632183058235,4.44749559625623,2.6894000705037784,2.130961707841694,2.365175680482501,2.440993086910932,53.43257481211873,18.896599201009487,0.08599565008271141,22.383451369816832,131.67942934310253,3.299342125764261,26262.377646252808,0.6074498679730866,0.1722280315167229,0.06932606702406893,0.9939952584556289,14,0.056669624371487724,0.0860100561963916,1454.0,14,31.807775719723672,9,420.8658247607615,113.90564953510014,0.07121034702227563,1.9813750743015652,20.459675303451913,24.142358096845317,61.80387232371034,11.284891116463362,13.232514177693762,815.1013116754692,3467.1334886127333,9.373021315815206,938.7517952118071
1076,449.40734218912246,14.214464793079193,126.41810327389331,6.0888443711114055,13.203070568712374,2.6179603144367993,2.4722005245590988,2.5137844371186766,2.5078421079833086,12.722143999287193,93.62478547005406,0.06927724561482337,51.55555777829759,149.222140131682,3.3924416523841945,6968.886837925633,0.521063733258458,0.23206929516637323,0.042170616601538126,0.7021051455719516,8,0.014137829044661343,0.06932860100561963,1172.0,22,48.83168876678768,20,875.5320076396425,184.5910460670294,0.042850890730498734,3.9627501486031305,3.424886519727845,12.916290304306386,7.1336152628090215,6.881607236251872,12.60239445494644,237.6611592946426,3396.3595290573708,4.916786204428757,665.9759978001616
1077,643.1354443714664,10.931237604118534,34.71152426393023,7.669455307673669,17.55017770633224,2.691139096074798,2.143207463027654,2.432103067567657,2.5382684856605597,41.4002395488525,40.58120643625466,0.04646018036485982,37.31889960511186,253.66678378523127,3.0581130503310665,6688.710598455789,0.45554522591220775,0.1020669711565133,0.05661918179943043,0.9955412903015318,14,0.023010943507837917,0.04649511978704525,786.0,13,31.723056605900723,5,488.3400503589262,214.63500329588265,0.056809017542882305,1.9813750743015652,17.52575622877742,21.93642383117247,48.520304185107044,9.755627802490013,14.492753623188406,477.3175213895633,3384.422084416323,8.667244841319219,873.9458571907405
1078,633.1197711364675,12.876074047250352,17.297436633331266,5.063581648584961,8.897415263120386,2.6741035737260748,2.318004472110709,2.57904852694233,2.465244879461608,14.038717445847572,4.79218706106747,0.06408677402625598,28.113501270474195,120.12298084930903,3.409263248893036,5524.090057906283,0.36435800767198284,0.2740788685116151,0.09828149696549703,0.8253194097654322,9,0.0163265306122449,0.06412304052055605,1084.0,15,28.328208805530174,20,809.520561079879,144.9763781713612,0.09634140624690293,2.641833432402087,13.480028782657142,28.39223653681964,34.079806171615154,10.90678469377757,11.342155009451794,927.2903561617178,3155.691505163592,11.987308304306428,766.1511851871753
1079,649.6034983791828,44.85854800028857,144.82171267427543,4.527455006269749,10.42743499502106,2.659620863828117,2.325790130211299,2.540236621367343,2.459400428844099,89.95625391225352,234.257911398001,0.08104174636672606,29.109595346702843,141.5352175877228,3.5592369519333404,40429.527999963604,0.5550897275045592,0.18195547221582417,0.07782893199473293,0.7727258491487056,9,0.022478556640047324,0.08104111209701272,1370.0,24,49.789108458884925,11,401.78332041932896,110.57890960198782,0.07612470318205795,1.3209167162010436,25.621830735920707,27.769665951502294,61.91572986737265,13.85485984874788,11.972274732199118,360.55287894391574,2783.7582928445654,6.383076486422923,662.7084768543998
1080,637.400549075827,39.602559005485304,83.77347613006123,5.795388440104254,17.966686793095842,2.6947656655646117,2.109292118224431,2.654385051681379,2.4543331094909417,31.183446288480038,87.50134722382226,0.0713184000863222,20.80750279163524,225.46571359025515,3.293304124832998,6570.298582481169,0.3638318027116215,0.23158058217694372,0.034938915208716184,0.5961851561441471,9,0.02863058266784975,0.07133984028393967,1206.0,24,55.6646392037549,28,1608.2179632417083,163.38689381082696,0.03414707483996526,4.623208506703652,3.319098747869922,14.851943157052549,8.368283871884005,6.036223231098567,9.45179584120983,339.653287335013,2982.3443116842695,7.136496464611085,505.0928798661131
1081,475.8606906333375,44.67985645038728,50.33844092501104,3.8876058000475338,16.69524148558496,2.660139559496765,2.4540093357350075,2.6422444289254314,2.5423319278832044,32.21337248500146,32.729722103228575,0.07206326205383043,46.913126574134964,165.1852424809437,3.128804604698517,6079.877844680353,0.6423098176754368,0.1538115508462374,0.05574552522572806,0.7067300419484219,4,0.002425317953268264,0.07210884353741497,1219.0,21,30.580168381596017,10,307.40073212975705,87.24883729073483,0.053846626802240796,3.9627501486031305,4.1510441189884,20.60396322458655,9.198678352489356,9.427071153843276,12.60239445494644,341.0887046738819,3698.9537817729292,6.282549314314218,696.6808845873784
1082,563.1048346117441,17.469673460639168,55.89903450278694,8.231292316726343,8.762877515138712,2.697367751577368,2.237068062269327,2.3340919567778484,2.3817125095945673,82.0293347902385,9.501835942362789,0.0896341229387076,22.458480625708358,375.01268213349033,3.340429398177538,13540.909112591926,0.5365717336479155,0.2744271209596034,0.060412500051388186,0.8506073942286563,17,0.06021887015675836,0.08967761017450458,1516.0,70,117.55453683715594,78,4067.3827424039027,184.72106774543838,0.06002345686276506,1.9813750743015652,18.540982386792404,23.558031111484762,27.26851470332286,10.236065300183919,10.081915563957152,689.9995426550163,2939.6409096562684,6.718920576365312,737.4404919432409
1083,461.38540818410263,37.09279777174425,8.216990204245251,2.7044724150667445,11.095720025649225,2.6376570314300736,2.3333123078526916,2.393537664076835,2.3914444507658574,16.735653048393118,16.673232752092503,0.09241047637356728,22.672896249269968,219.42801493955633,3.2254350738340944,15473.774777793275,0.45263535878699646,0.10875057694811584,0.05431368902603007,0.5624941058524238,5,0.01254066844128956,0.09245785270629991,1563.0,36,72.37513719248898,21,1421.449383374554,222.871010968469,0.055962242925486766,1.9813750743015652,15.348498703427717,23.443560534484586,42.952579670157775,8.246815391409456,10.081915563957152,666.6350651752803,2222.020865844131,7.883780446107962,461.11050565045036
1084,614.671621587264,10.88065186605191,103.55030066099292,2.2873322802476928,12.1160960885312,2.696222346254994,2.5002346685508,2.49798311527673,2.499192392330438,93.7000753567992,240.47735180442825,0.08912719416331276,40.82254647840461,334.5962489321543,3.3806100983192344,36319.25097009556,0.6649550099623431,0.26230813483836013,0.04993325988200019,0.8443065932132074,5,0.030582667849748595,0.08914522330671398,1507.0,53,84.92782347288609,45,2290.583096368686,176.66450328371857,0.05150407018981836,3.3022917905026086,3.370441765445231,11.979669830835583,4.652426491681278,7.668779945533544,16.38311279143037,595.1229779919879,1772.0895425774152,5.9670073120613125,810.0181906287044
1085,618.093732294295,20.877372389196744,106.93701464890948,6.083754648778464,11.784958683385028,2.6671798950076075,2.126824850870228,2.3269172006557666,2.422553866947128,87.83026219939191,10.492253957746518,0.05074762403120726,37.194979175480235,257.63606206088485,3.044419972249138,36981.23349334532,0.4536936449029594,0.1642968473849762,0.05553511423580089,0.8061748126753931,15,0.035847382431233366,0.05075421472937001,858.0,18,35.0897881735117,8,541.3379765463092,170.73706612214897,0.05738879372336757,1.9813750743015652,16.743429204261453,25.99878110136136,50.47526452644959,10.65867596860338,13.862633900441084,495.00358132180855,3429.3443909814796,5.287085717790845,814.248246108421
1086,611.8952364482545,12.72156299558917,119.38526936377123,9.870766525648797,11.131634350340358,2.6694915554848673,2.2934666284649508,2.361213346360159,2.4946967938765923,14.868843207710388,32.67923617049007,0.06175072939177637,36.325074096930926,346.00747038851836,3.549756579088609,18902.036750164,0.6310742116947649,0.24732266442212605,0.0791391018567916,0.6466088311152628,20,0.048802129547471165,0.061756876663708965,1044.0,36,76.61412719652719,49,2352.501354298364,237.0982686048631,0.07844231744900258,1.3209167162010436,30.954876805539143,36.06955230986749,64.92457348226922,13.52875816604534,9.45179584120983,782.9040608324543,2323.0194341880883,9.772050238058398,569.361143035893
1087,489.9067553095702,11.178112181516473,63.7047631415404,2.3791850363769056,10.069153411161345,2.6728806532657643,2.3553885258086424,2.3126550618852124,2.494751236600521,23.158345086698798,8.573160466774144,0.06896992349191049,38.167726716240324,330.9511568809521,3.426878478728006,16646.067494771112,0.6748450288164471,0.26563942226247095,0.07744358965673914,0.8504028007719637,6,0.02230109435078379,0.06897367642709258,1166.0,58,104.3491095721582,40,2486.3571814678626,204.47295344209616,0.07487493350376455,3.3022917905026086,20.07361562011088,21.45209929594092,22.708192698181442,9.745362792688116,18.90359168241966,425.40180657874265,3374.645557320838,5.096414783543299,752.6742082371825
1088,518.7535296667983,10.646744503655153,130.28406300169334,4.571779169586683,15.082513139976916,2.6583259402280963,2.5512173156454905,2.489106077540307,2.449280102439342,45.68485089924937,19.54060691623692,0.018584496232314122,44.72278936082839,159.39860214769533,3.1047172298251144,9709.247691288394,0.4745549902656241,0.21587836892576012,0.03175815100984278,0.8951312051639837,8,0.026678497485950903,0.018633540372670808,315.0,6,14.610245913127189,5,209.76539902655284,76.4788408140584,0.03190118147215919,1.9813750743015652,10.729125119198168,12.48886082912164,40.74683259266482,4.514712584644,12.60239445494644,1432.119789857412,3420.288705617941,7.978446615869991,918.984751749617
1089,354.162773544322,35.92043835517241,89.5782648739124,3.360223851611118,14.949017753310452,2.644967012025028,2.5043879226201042,2.688678796112024,2.4550590904386884,25.951569966696706,3.940886834072047,0.08410602077152507,26.14748092936872,445.4876727540601,3.563852315390327,35829.91921724148,0.5953715588128969,0.2478817612542425,0.06683405710749507,0.9899178558933419,5,0.008695652173913044,0.08411712511091393,1422.0,59,139.26255732037973,57,3207.873118554243,289.30656742878693,0.06660846133834548,1.3209167162010436,25.28362915713145,28.760322490887905,62.07472490940161,11.164889614603892,15.752993068683049,449.65338447532815,2705.2469758436246,4.51351666838205,929.5850599905255
1090,556.9323068882653,13.174983237729364,50.01816040216626,7.484865080603698,2.8442583430378514,2.6802694027453877,2.598569735230052,2.45671397765157,2.5145033106867434,19.495028035349314,102.78923734155305,0.012417640456843616,33.71711098384902,132.76188137379575,3.318867884069267,20098.689475413797,0.6492526258020579,0.153330307282205,0.08019192981251626,0.9361237169295076,16,0.05974563738538894,0.012422360248447204,210.0,2,4.289791459001396,0,0.0,0.0,0.07612012483331294,1.9813750743015652,25.46789824494837,34.3330571421335,63.47070126871181,14.091227850672553,9.45179584120983,1856.7813522155907,3763.144346323883,10.341765891652821,956.6899212193732
1091,346.93355214115127,12.818890191251505,80.62462295625762,2.595692970136998,15.068652171938547,2.6682942119207747,2.3781122142303803,2.4665137096301124,2.440054831342837,10.207065956912091,15.393213163297753,0.07705377640638744,28.007884788674065,136.26756547747718,3.3487484725783094,13256.61310040007,0.6534886191207379,0.1035402796099979,0.03541029611779544,0.7530397720446433,4,0.009109730848861283,0.07707778763679385,1303.0,13,21.544549497414884,5,149.50818286717862,45.1469614982505,0.03597700411475503,1.3209167162010436,15.307873919837263,15.558318918987577,60.80231516214768,7.224630708625336,17.013232514177695,428.68798518140466,2398.9077212392194,7.225151993843567,640.4145873966065
1092,327.0763447530357,18.614379439510625,56.257918367319604,9.9066408368932,10.227424809667443,2.681827637550251,2.135060284760071,2.5139650153494024,2.465608433864818,39.7450338380863,8.066780498397623,0.04594352627304344,36.217591431479974,106.5254902322007,3.032399349482159,6430.3769938837,0.32870222912995445,0.29015863288264565,0.08768881110935456,0.6263159592926344,24,0.07654540076900325,0.04596273291925466,777.0,8,12.917280592876317,9,355.73033906031253,91.58836875265926,0.0837860741099675,1.9813750743015652,21.49481731815985,26.244611128727897,43.424276226009525,11.292086008616211,12.60239445494644,251.25206785726695,2921.59923592178,6.721593580028619,566.3398091353076
1093,581.5432769533065,23.841425118451042,115.0129844261896,6.788374855676805,6.918127332711496,2.6963752758760444,2.235320798497517,2.4605877610074014,2.390328868934324,24.334638152236117,208.31201977283607,0.05342001126519747,33.743124253813654,147.42147893463206,3.1283530452225414,8971.53051327399,0.637465426856779,0.20695462263751718,0.07667145120582614,0.8239633462934035,15,0.028512274475007395,0.05347530316474416,904.0,11,11.571180754312694,6,466.83019023810976,156.74401236434016,0.07560469631028019,3.9627501486031305,8.076975745020452,26.70392566770956,11.834417162886888,12.504333771458422,13.862633900441084,212.78322183861607,3325.8043077012126,6.650829886795033,697.5418550449845
1094,575.9351837494332,14.19901594343066,25.708222161589863,8.937805417175941,1.6750443803761703,2.6111484780638783,2.2142396518746357,2.2882619662443098,2.4280204813394524,44.90295248039539,115.05946547853863,0.08025698917642428,58.74181400143517,262.0891384072835,3.1544650366180593,17239.661055062315,0.3812775122624565,0.10763261749612019,0.0830973378482914,0.595870148462413,16,0.025495415557527358,0.08027210884353742,1357.0,23,45.592862524124506,11,349.15121771123444,58.419454216611314,0.0801117499005778,1.3209167162010436,29.990073626686655,33.32251922310031,65.27576868789716,12.039587302294981,10.081915563957152,297.3136043718257,1741.7142562908462,9.964755803406256,490.0290149609527
1095,481.0750850545976,16.181407801903497,47.158081978965605,2.1998562415282104,12.01922554704452,2.629918682979842,2.1507256669458648,2.470739522052704,2.4947425927398115,79.62504042166823,5.976138342807769,0.06239274281554848,32.69311079635196,112.90024614028414,3.0564407793201416,9999.092565965713,0.625799308896904,0.21960032791404213,0.08595518269352034,0.8630580137169681,7,0.015025140490979,0.06240757172434191,1055.0,15,27.45238729765385,17,1094.226413327967,225.02517031072202,0.08324974620696618,2.641833432402087,26.60355262105713,31.54572050769346,45.092993347293344,11.353837212590157,10.712035286704474,358.4418242996985,3688.4234930689704,5.292567428401227,978.0241271409432
1096,656.799104114222,42.1786889053,36.41982365590256,9.803552343278476,11.56930591700363,2.6954415352484276,2.481885870154373,2.2815439489489933,2.4915128764220915,13.756416441628982,1.7871326581397828,0.0908023808380803,41.022793337883904,121.35665561525889,3.008835643090743,31305.928056235894,0.30515101528507,0.18042822066224123,0.0822911014977221,0.8907407353196857,9,0.025436261461106183,0.09080153800650695,1535.0,28,40.524370987469375,14,911.1078606411593,207.16352166220912,0.07936452581474782,3.3022917905026086,12.023506530562955,28.337174773690766,9.901487006738307,10.84243077841851,15.752993068683049,518.9349094943262,3110.319436306656,7.312732791431452,784.8490253923862
1097,481.4537705033554,23.03708755889525,36.72101348579088,2.6492624757395884,17.97043939068934,2.628896043070396,2.102191465788888,2.43315551952438,2.4268132770384256,26.05800208440232,44.81297279896438,0.09174133270037974,23.984093740624537,382.608128096999,3.073530187608536,41918.835431529355,0.521923901450131,0.1310886378330513,0.06497191800428717,0.5249979181463027,6,0.023543330375628512,0.09174800354924578,1551.0,77,148.73986044889378,34,1525.514472907018,185.8956845566993,0.06593140311078333,3.3022917905026086,10.969659533795104,18.77026107660867,19.182445840623714,7.853564602151045,20.793950850661624,598.8456020256452,2109.316384494393,4.787307364817192,435.9518935203132
1098,501.4273444299961,18.274373181988928,137.1165924837486,6.2625510214650575,13.279161062469232,2.6820730274622084,2.1011027085710565,2.2899083400725027,2.4521691190596857,14.6457470694839,2.908647189904044,0.07961672441511997,31.89615617812003,112.5381475544452,3.0087400851681574,25536.5129711604,0.48976214382280997,0.15304674436814292,0.04960536521469963,0.508248354090687,10,0.024726412304052054,0.07962141378290447,1346.0,14,31.5797533146784,7,467.61800950040566,172.21203754337435,0.04786001310665416,3.3022917905026086,8.667126412666018,19.26099456114539,18.677998695187732,8.241774047346098,18.90359168241966,230.68557676849483,1379.2381574251963,6.955194078761813,329.04877251603057
1099,340.27861781557226,24.126864459678995,84.92314097817967,7.257217382952908,10.747443612792857,2.6923353326541766,2.477141015271329,2.493159588674935,2.4214834235985623,38.45964401058996,22.645419963839164,0.07047795982660011,48.44995162974199,378.62728183654906,3.4410708232996847,44916.756729283115,0.6831642768594305,0.18173472398418888,0.03415470350266095,0.5370483341819746,14,0.03590653652765454,0.07051168293404318,1192.0,52,120.36528131237367,35,1219.2508820581365,163.15551202160376,0.0339418422426748,2.641833432402087,10.563562546377064,18.360209953774955,41.55386374202233,6.448364143838891,22.684310018903588,723.0388465461748,3114.811030503198,4.708229383204319,526.0930713281119
1100,387.7436501866371,14.32104910518744,109.327762062237,2.0417873904610007,4.5944179053269405,2.649842182119099,2.4482426489630833,2.660797601003394,2.4476090811427573,19.650266622571543,1.4576682716155385,0.06558403217300585,56.64865374293647,122.50184859370768,3.0624166863363955,28389.688902000238,0.5094000549011629,0.11387332778892603,0.07794096934556663,0.5718816973665612,2,0.01230405205560485,0.06560189293108548,1109.0,9,22.35089991100886,5,314.5626206099739,158.40760618908945,0.07304598617040561,4.623208506703652,6.685507232952392,19.816229937267316,13.159049284959082,12.220224976812831,13.862633900441084,252.096568594075,2771.8424760290504,5.399946217895956,546.9606828490431
1101,630.8556608845754,11.209913105075618,122.24371466311632,9.164759963642595,9.10153220359294,2.6666745420398867,2.431592865096439,2.5350933431536187,2.4302536031639925,12.156406016522554,2.2024663035550307,0.057359221553679396,23.670616905836667,111.01571592805941,3.087256792349609,8024.756303735579,0.58751220597076,0.18536478439868798,0.03562305027497945,0.7640712727986693,16,0.07932564330079858,0.05737947352854185,970.0,10,9.03719282505788,3,288.3895242417526,133.96218360018665,0.0374564534692252,1.9813750743015652,14.01365605458211,16.17858087846756,47.5260660307602,5.564285991858289,12.60239445494644,644.0333653822797,2485.1924638437117,7.972449722318932,651.5787783373058
1102,510.2291314985621,10.883340259212138,122.96116680286009,4.434589778898249,8.491215510183862,2.6711699837735483,2.2914989429168946,2.3896121820604246,2.4585062830382953,75.35757339422646,702.4509024396658,0.06093054529663971,36.930277782257114,313.24741242537954,3.522205440530104,9937.913209607097,0.6434927786003394,0.2161162253152598,0.06691552265811512,0.8807735510738488,3,0.010943507837917775,0.06092871931381248,1030.0,41,96.0339477408476,41,1970.8353126845216,193.77474321429577,0.06519822229952824,1.9813750743015652,23.892537808407447,27.35967302335315,35.86045091995518,10.687813778419745,9.45179584120983,836.2777045558382,3740.404674762001,5.170882945826411,953.3199701958993
1103,399.9975095544347,33.132003176212805,87.3186905017857,3.4109966215314866,15.383648436648114,2.6330127702155828,2.2902055500681353,2.581189030312968,2.434085795302303,18.844442929072535,97.67098456548963,0.024546793869003825,26.42261297450207,301.49000763171296,3.328016808629762,7896.764481381658,0.3372802124514444,0.19280931219029793,0.03156729864844098,0.5327641013942928,4,0.021532091097308487,0.024548950014788525,415.0,14,30.91917859794454,13,874.3467538866167,199.06121926205506,0.031009048737500225,7.265041939105739,3.917302581740565,9.537784816125814,11.340070282773887,3.9671089208699963,11.342155009451794,208.73993729744222,1727.071621674304,7.397274779952024,404.05161048514424
1104,345.30769101952336,10.203939815351205,98.28546539087317,7.945986012331913,9.326672507656808,2.691261131497614,2.4864006620961585,2.4993120998678484,2.531035272290658,36.54761722871744,147.7120848826652,0.06658686813220746,37.48246383276359,174.4999232966423,3.2576327192300045,44344.14075062366,0.31116966454920153,0.28225775223048055,0.0650094000618029,0.636576174184991,10,0.0225377107364685,0.06660751257024548,1126.0,26,72.35439054897968,40,1859.7399217650154,243.90417078033718,0.06646302718835033,3.3022917905026086,26.50543322118769,29.25550454857557,34.15095054280933,11.164412308952118,15.122873345935728,521.5010491339779,2930.7402708292384,4.982377901703128,643.8258782077569
1105,548.4482927846087,23.433037994355153,71.64683966116895,5.291983526314478,14.048665927614065,2.680859298529142,2.4797193699116327,2.456395733520469,2.3467660678834417,10.337890706385936,262.055722246117,0.09981267410582123,54.52399835274498,266.80648385475314,3.2666182443458016,17001.107780274986,0.5398283250593343,0.24038855508935622,0.031166956198232013,0.619454896147593,15,0.04584442472641231,0.09985211475894706,1688.0,48,101.95774164316359,56,2721.0819504759247,198.3776784925622,0.032786835984443596,4.623208506703652,3.6823537032711657,11.595370892353138,7.225151993843567,4.842069539979601,13.862633900441084,309.7559869312561,935.5709960770696,7.651230413732915,563.775092891346
1106,594.2191461854534,42.83522782422941,27.124663120201788,5.153437145909793,11.218821897162552,2.6857064913410564,2.3742599370093638,2.6343146553117496,2.4887054095096404,66.09545659610464,8.614785959097311,0.04753237400314294,43.09400263271664,413.3102309167065,3.0548095791638166,6293.892015951555,0.6814568137288268,0.26386248527050715,0.04591249165468295,0.6356097535137275,6,0.022182786157941437,0.04755989352262644,804.0,32,72.86454557624538,38,2002.178419811726,144.34482624479483,0.044763256271532714,3.3022917905026086,3.9244709306361143,17.343642166503834,7.399277020331919,6.629982205011185,10.081915563957152,129.44688501949372,1846.3361448314126,5.3644671357138884,573.0494561170428
1107,576.5478277669035,22.636924194211144,25.31109747028551,6.99540667451829,15.652884417591768,2.6863448004128165,2.320077621326449,2.563278718453932,2.4374667776272996,12.647710441463454,5.097337813046603,0.03552517593060633,27.172677285637185,399.6917374736333,3.462605315558138,7699.81085617648,0.3015594439247687,0.2803898365141269,0.09180479924191051,0.765474927579596,9,0.024253179532682637,0.035551611949127475,601.0,29,52.419236461476395,27,1676.49466839342,229.03139131579655,0.0887545582506387,1.9813750743015652,30.747788648296634,34.119228654746365,50.24772648796986,14.802988307323739,5.671077504725897,1006.5655168931935,3533.743846009391,10.341765891652821,719.3115340980676
1108,470.86447905124703,26.591657640994942,29.076317395713332,7.342172028449248,12.205799608290336,2.6631487747740015,2.178518596076683,2.636848281297865,2.435091874257369,14.75858986876157,527.515663945169,0.09958922977481231,40.03346040798224,281.70803826030567,3.4360968588092415,14806.082009214702,0.49170640442966695,0.2934631964388199,0.0749555214361802,0.9489134377554027,12,0.03158828748890861,0.09961549837326235,1684.0,50,101.36575985629653,57,2841.2249746410753,280.0737346204805,0.07682563929993941,0.6604583581005218,36.82217769111666,36.82217769111666,89.07765624885701,12.925296829958302,11.342155009451794,548.45299883059,3854.4967600205064,6.433523914660565,990.5105353799145
1109,473.42513609444256,14.260574560662208,4.48692188495492,8.024932460185447,2.3771561754528907,2.6283074845983387,2.3502184095313057,2.40142131281557,2.4145688804057315,56.61305357172538,42.30344856606871,0.05913786873985835,30.34359475373694,153.30930865215572,3.396223922976812,6598.946860275741,0.5207141629723726,0.19677748531203718,0.042262587732358164,0.9856246759944517,8,0.022774327122153208,0.059154096421177166,1000.0,15,32.164842942239815,11,370.1530790706994,51.961729604873014,0.04212543375050454,3.3022917905026086,3.6739959591315383,19.45428810380212,9.706684619910241,7.714399818546191,7.561436672967864,1354.8748120897078,3568.7350548592904,8.196713651031223,972.6590880505811
1110,490.68256642797,24.55606609621743,77.97326614865828,2.047422656728168,13.857674822366555,2.6055896930911815,2.4183443614965414,2.480777720159625,2.4518161272429557,11.261405713965946,9.377969404440483,0.040922358632339235,47.03791577308973,402.40251628866264,3.478752825735133,25193.262524489513,0.666130932560111,0.1376306556710919,0.09610964935882729,0.6053102229276714,4,0.017391304347826087,0.0409346347234546,692.0,34,80.0127635169975,16,987.5456223053449,164.10826810790985,0.08594229028866596,1.9813750743015652,24.191697000100458,30.510902384240303,48.13830046250071,13.729602456418624,13.862633900441084,229.79051839387864,1991.470327124317,6.101743784832957,508.5790303391129
1111,620.7705237702273,28.778527369027486,72.2677399335747,7.2903412833808545,10.061559845259636,2.6756088829461895,2.3861879632264267,2.417211494034996,2.409583250307476,97.86426655518476,141.97907149000181,0.09884349855004783,29.378413145089546,146.87765625237796,3.3743121805206617,42098.97171840839,0.3741712619614863,0.2542466165046637,0.08410442154988092,0.5238205089412622,12,0.035965690624075716,0.09884649511978705,1671.0,33,79.92356189574565,31,1835.193092994275,176.32720623163948,0.0813998996497523,3.3022917905026086,9.135565798990495,24.575716163950283,13.061933202803933,13.492069161671287,17.643352236925015,185.22009944205521,979.2537218920723,6.718920576365312,286.1066182259637
1112,525.6846542104445,23.79041645869494,129.57828367877192,6.557050402023238,7.163518381793613,2.6726093190274303,2.1411504172698153,2.35351927839032,2.460899135910973,25.351246204884028,252.62260087990583,0.011084883590750775,34.799180948813195,195.52791643715622,3.2239009037807405,13895.284485711234,0.4252385412716488,0.15920629996435912,0.09430150380288528,0.6159879911515513,9,0.027506654835847383,0.011120970127181308,188.0,4,2.7930112003521224,4,84.2291418168815,31.506569607967478,0.08674300285863572,1.3209167162010436,34.79711355091135,35.63296331609348,65.89267759758582,15.232626940469544,6.30119722747322,1027.618365883753,3040.7191773483364,16.918956429763977,588.9050120798446
1113,660.757344984291,10.820169238843889,134.74740630535499,7.483705643669847,8.863962524922725,2.6508726429175486,2.2091252375458175,2.477476244517346,2.397929773952509,24.39863378287465,1.7021514295319227,0.042761095615776866,39.03482647801326,217.7930260269249,3.1042262316838642,15893.934016645775,0.6210314914505519,0.11474835371136405,0.06728702896056211,0.9259337733498608,10,0.022064477965099083,0.04276841171251109,723.0,12,33.85901318331747,5,400.184437343517,146.47457509400192,0.06907343619543885,1.3209167162010436,24.985824747344907,27.493911027904716,62.10397614175505,9.081578022001402,9.45179584120983,1166.4316725389465,3085.421876878256,8.667244841319219,900.5395192834932
1114,376.79306405656763,35.92453720865809,75.19345404153262,8.246757564410245,14.43354260639276,2.64308031976345,2.3567618354152544,2.6283691354203262,2.3710626395921635,19.129375233560324,337.97958196245827,0.03678866628947607,29.48935425740957,425.58367553937666,3.39244376096962,33921.8956919777,0.33622105593014584,0.23916996414328376,0.05811114406179815,0.8805394686721797,18,0.04649511978704525,0.0367938479739722,622.0,18,32.569185283232116,20,1017.0570543020218,144.1289013537255,0.05833251743253733,3.9627501486031305,4.117075842157311,14.586646075337523,9.124139653807708,9.671578816821055,11.342155009451794,919.5929952673783,3519.541151769307,5.6373732613205245,824.3269837476238
1115,401.02613981039576,28.521150377128148,51.253819450042975,2.073013523870917,12.773577998838533,2.6941956719201827,2.3432842828607447,2.5856561671710727,2.427705105121523,53.431014600494095,24.18044343536115,0.06293100326380556,43.62454578979519,346.6377169020269,3.355576880747663,9766.241254567758,0.39862733319495414,0.18252842683295992,0.08594668022659852,0.8245175206931947,3,0.010884353741496598,0.0629399585921325,1064.0,34,68.36893434017065,17,1095.9531648744014,142.59223796283052,0.08533224805595493,3.3022917905026086,10.766892335652452,26.485143469981058,34.484862400517734,12.471063723283264,17.013232514177695,547.436645211245,3234.2066335358872,7.225151993843567,830.0046727187497
1116,647.6311541605967,25.878834726518637,80.31797247641745,9.501346306126496,13.60321596167393,2.67510914741441,2.223694940439245,2.4648760865337507,2.4629174953985378,13.89236063140502,2.255421862000723,0.04794930198489252,35.543784499833116,147.05132176545808,3.2987422749677457,48311.68553579601,0.3598427092831975,0.2074544362977186,0.07623156425526167,0.7061350060757859,18,0.030878438331854483,0.04797397219757468,811.0,10,20.73960000659593,5,112.30246536146835,31.742615690355105,0.07697341336606597,2.641833432402087,24.80023563075715,28.25060271370589,40.388723123279135,12.188159041725916,13.862633900441084,248.26673972750663,2823.613398323421,5.257828317258158,665.8096533069422
1117,551.3926899051743,32.522336890464736,32.325184312353116,4.316204033133309,13.657223597150585,2.638421589894606,2.1320647917573123,2.3213395529536522,2.5023739750520266,11.444954776704613,759.0087907882511,0.09006407548212281,26.83194976250008,242.61194571027457,3.557126310727277,7308.020946566843,0.3704969889879764,0.2240816471781176,0.08716147056194878,0.9391285467267995,9,0.029695356403430937,0.09009168884945283,1523.0,41,88.90326447517559,37,1501.185967022974,244.20091443510165,0.0803623304655458,1.3209167162010436,21.540473437222943,28.2483564579596,51.583064064441615,12.134168212961068,13.862633900441084,556.1133711268221,2461.478823281732,7.270141938249985,770.2693968032179
1118,452.4654921838285,39.93428709616334,1.3953945277236701,2.0762785460587114,3.1090591745943095,2.612096088428117,2.2141659242907767,2.4862260795683264,2.4214873329927937,68.32376383883026,1.3530933899094417,0.07785677879247417,24.06122875070014,460.0829657593297,3.1003438144829643,13901.082765889707,0.31408068145980433,0.15624619328589123,0.06445329210522721,0.8467954354127365,5,0.027565808932268558,0.07790594498669033,1317.0,66,148.49196902275762,46,2131.171008434695,231.23854894743565,0.06167093052179747,0.6604583581005218,28.60739085420481,28.60739085420481,92.93899650568292,10.805172300630284,11.972274732199118,1047.714789736974,3520.485375302868,6.6755811781245455,818.3923662749623
1119,571.2059005682034,33.76335969295743,136.30336991633783,2.7777541322297,16.740156855068683,2.610095406025668,2.5458369684128908,2.687290055894537,2.5179725463125755,11.424980792853736,2.655251305203774,0.04063036038556516,48.4947609761308,434.34020089621356,3.5301909887378002,40218.05260766663,0.5798891786555577,0.14000502394683884,0.051749818657326696,0.7596636113326982,3,0.013191363501922508,0.040638864241348716,687.0,28,48.311351008530416,11,580.746726236395,118.18539697491929,0.055472667970876764,2.641833432402087,12.120495054433022,18.76344927438127,39.09323352356099,7.181099090713072,15.122873345935728,442.77856503157886,3162.816530183752,4.719866928249235,739.9991250558554
1120,421.40090457227006,26.200099957328128,85.15749610704162,7.6309424295745725,1.8346545332692266,2.681248088290676,2.1700236444860916,2.486849621922053,2.431512135835158,11.669569072363295,18.270107992471466,0.06314553438265968,38.752020024331,264.4663037440689,3.2649499628740086,22640.41262483139,0.5195155376439616,0.24889300029784042,0.07659371425238856,0.6270151344497379,8,0.029340431824903875,0.06317657497781722,1068.0,24,50.92300508914497,19,1175.8093000469905,265.51333424266426,0.07590438116991774,1.3209167162010436,21.130043359588274,26.0536611267209,56.165855230339645,8.823109685238352,11.342155009451794,668.4354081249368,2008.580657313571,6.021808687603036,565.2526311359305
1121,364.16790238492734,29.650105172424173,145.88048841996522,5.409910499046929,8.97377873653242,2.6958904150551684,2.277451727284241,2.5448572534987144,2.465550891108962,14.45909359491767,14.74668031830352,0.046724312101996374,41.79756258528083,386.9052396630354,3.4191797429938995,23550.48155664612,0.34673432509684826,0.12174479712439777,0.030200451319971577,0.6520863127317593,8,0.029044661342797987,0.04673173617272996,790.0,38,83.60642659788586,22,1013.2435639576895,123.51900235934497,0.028786775281286325,1.9813750743015652,10.259748645864724,10.933564910005863,38.875896640471694,5.073709649660448,17.643352236925015,289.1714360756338,2408.098490109695,5.911141533924297,720.2952512353398
1122,669.0192601634825,21.117759827603045,109.48827081015625,2.633799761832737,13.644979507376652,2.6346143740309627,2.1827256882797488,2.3229658992893634,2.4825552803563884,75.1005694193364,385.229873578201,0.07083771693335641,30.87321521016882,299.1050667963748,3.2649248671996793,6407.314939680703,0.547371435680223,0.19113615452092075,0.046621207257053696,0.9101614088187768,9,0.030168589174800354,0.07086660751257025,1198.0,41,78.64086685172953,26,1775.3904627016527,277.73054672516434,0.04856397766160511,3.9627501486031305,5.133434535364688,14.682736200774547,15.797308339337176,7.256292840812595,8.821676118462507,1864.4738094795925,3630.4761738821694,10.90949518687536,925.0237132768738
1123,453.2267637344648,16.254581191440348,22.00590093696021,5.710550324884179,4.417550851295928,2.6840770280501034,2.5446007286506416,2.333745945055627,2.3853700600604575,28.58016358400543,28.111932089185604,0.08393087557576667,22.167032918009404,380.1216725939973,3.4930850999540817,45251.09937051821,0.5826278019363036,0.29347092215191406,0.08649264165583712,0.5053757220077895,17,0.06506950606329488,0.0839396628216504,1419.0,60,99.82885912644967,72,3140.647152277093,175.54918576991938,0.0800422289232985,1.9813750743015652,10.067553483687247,34.53894068841223,21.019374919894773,12.9680341099021,21.424070573408947,463.967942565292,2316.2948033988514,4.504657805230972,377.7834363352689
1124,383.0146018015875,20.274396598937404,5.217102184673977,5.798106618342742,4.0277669850491105,2.6855805592416484,2.3796995916703,2.4662318637678924,2.4713696858687246,30.51208848006436,355.3243102403671,0.0426017011076713,20.92311183619093,366.90767353683697,3.4783779610418653,21462.06388943378,0.39332629580173606,0.11499588495077379,0.09990585464211713,0.7500532105255513,12,0.04123040520556048,0.04265010351966874,721.0,23,41.29453912352507,15,786.1077360782788,166.82142312001642,0.09122715035375924,1.3209167162010436,29.879372006511463,49.66387461313278,48.0878131429901,14.845340878376005,13.232514177693762,358.6153576854284,3259.917620457667,5.4115163798060095,805.4401205197215
1125,661.273486767647,14.799493690883141,90.20055481009531,9.044949838479031,2.421293486936486,2.693352406142523,2.4495392540281045,2.635913887614518,2.45271023593065,20.686924988007387,2.1299709235258524,0.07845135548049365,46.20277365635977,117.97586581130795,3.0190957371857827,37604.784386304374,0.35137862531408925,0.13327888257814005,0.06315435318178406,0.5375901603974416,11,0.031824903874593316,0.0784974859509021,1327.0,21,32.7457225819746,10,551.8731062846549,144.7486363457855,0.06727502036365857,3.9627501486031305,16.29644177082466,23.6062210564911,25.08111486922176,11.36065767830041,13.862633900441084,426.8495608737446,2364.782052516568,8.700124236726136,456.6508428456367
1126,397.2424508897881,33.73718808009052,88.84064908489336,7.6583294934713155,8.18194383570723,2.6906187408794073,2.154838684533745,2.308822163862865,2.485743004326441,20.78812197318286,6.554950643015112,0.03284352448657704,39.87875596001859,184.27113271176256,3.5786627822199923,8745.412286972476,0.37410760776536567,0.22107249796671502,0.07580039950272893,0.6729423121982564,18,0.03430937592428276,0.03288967761017451,556.0,15,32.18818962631504,12,450.4188550093331,91.21348966523726,0.07739596497907265,0.6604583581005218,31.28012978982012,31.28012978982012,99.61741319501255,12.443476677686341,9.45179584120983,509.1664462733563,3288.3373411923462,8.444016491289505,681.4264419529054
1127,609.1706551996258,24.86366179666145,11.402549592997651,6.458185743634757,10.426596555479696,2.6392759889046227,2.280697967098655,2.612149362803601,2.397304814479151,68.02018179446257,15.562813260205644,0.05788141422465915,41.92118836200317,238.25377595847368,3.440668313938718,22888.384173256374,0.37440641417056003,0.2526170481406884,0.04072967755569348,0.5429996778837907,13,0.04803312629399586,0.05791186039633245,979.0,23,48.91864257917549,24,1439.8954839087548,269.43860897463577,0.040255009176645,2.641833432402087,5.21200254241354,15.835447392666149,14.299197390993367,7.1538204207338065,16.38311279143037,210.8049148577556,1104.8041817538133,5.802207085643934,416.4967601729621
1128,636.4151764252365,19.713828866750646,22.060540978578103,2.1866889180330915,13.245357804190322,2.6268499717067306,2.320715108221236,2.451686095911872,2.412389170434189,11.654360441827533,600.0487095811241,0.01805602111358702,46.0672881741257,391.2251742837633,3.246748157980492,12039.419535756304,0.5122244238571636,0.21379982551502505,0.06402755996869959,0.9585492845170802,2,0.011180124223602485,0.018101153504880212,306.0,8,26.709507408007205,5,378.30677884878816,186.7536780189602,0.0651858229171105,1.9813750743015652,20.98298798383357,26.26152040573111,40.63731892634535,11.550826616851023,10.081915563957152,522.5336321891765,2909.1522769985645,6.685049170886883,864.7071900172618
1129,489.7428450560245,32.66814252753487,77.65159278178136,8.80999198600011,15.732882164049313,2.6706170774843803,2.442827270239634,2.669723246450033,2.437894590363456,13.200273916182065,4.172918117041607,0.057227801552834905,25.380251591080427,208.61706200543526,3.58889499070691,7642.1795538240385,0.5137349217159687,0.2396887018848559,0.08894848265020266,0.8037475588422232,11,0.05075421472937001,0.0572611653356995,968.0,17,30.09637536321988,18,587.243439761949,75.49093239003507,0.08270265630724029,0.6604583581005218,30.757849474685422,30.757849474685422,93.04852983362557,13.31256987392924,11.342155009451794,400.2070779906171,3594.368445982199,5.8063585784597045,841.8901705077916
1130,399.3055203165118,19.00054218261978,92.61025648175692,7.570603922477045,5.018572701485128,2.660406469841468,2.109169157737694,2.3073715835042123,2.4699116613450234,16.560899811581002,9.231690417986053,0.06217796763070663,22.16664930320594,165.61485609548953,3.3580191436430904,18096.782591170882,0.3431752784235543,0.15439977192503923,0.05042626606533091,0.7458644946930206,16,0.03969239869860988,0.06223010943507838,1052.0,15,22.33392904206125,10,404.01423899408843,145.64112420673652,0.04608438151938391,1.3209167162010436,18.936637002110157,19.76255946064362,61.93380284917143,6.972245732587175,15.752993068683049,474.5512994446483,2965.051916797435,7.735777827895049,787.3756631248273
1131,545.7113731885909,10.32621786381962,81.16384517239203,2.4136049576358785,9.683210701817647,2.6358132769421547,2.3942936634735315,2.403731468709511,2.378455790949647,11.246371989979092,909.4975991285149,0.0965858162891905,25.763836088850322,312.706643521147,3.244255981249506,8957.915364347204,0.44546096272778013,0.11897601733413282,0.09126290848870908,0.7362451748323743,4,0.01567583555161195,0.09659863945578231,1633.0,49,97.79392809746142,16,777.6539328937835,165.19813048852097,0.08790936099175477,4.623208506703652,13.469255978745435,27.98090026476326,12.964089628857149,11.978784750396704,11.972274732199118,877.6203659681232,3313.401534988989,9.706684619910241,671.3314751033538
1132,346.86278667266504,11.273013000187442,55.365536044020985,9.992488808352224,1.801946154985505,2.6059936175132146,2.2487794839011093,2.3424609525647795,2.4263706300208185,63.09341951762697,253.3556639571237,0.08682942973782279,42.82201724562167,227.73674909579734,3.1866921133348884,6768.20665473193,0.46032877159316044,0.1343157317443044,0.07573915249713989,0.540378043270435,13,0.01963916001183082,0.08683821354628808,1468.0,32,53.27342878983436,22,864.6096401915545,188.32374900005055,0.0736435210344348,1.9813750743015652,17.694119596045937,36.98911148410836,30.67448489476694,12.569606083071053,16.38311279143037,250.2452066558277,1046.8001864848059,8.703201369045335,397.0001325967848
1133,468.4634028368628,49.91267838245829,122.7674998387432,6.765974928553797,3.4623915195551986,2.6089356582061853,2.5325313163118635,2.621247805555523,2.437082040844003,73.14322244872723,66.8796922733484,0.019237389895118376,57.759322056803995,144.14644110391765,3.4999510216694487,9144.079687917743,0.42820903215888734,0.22008336093076286,0.048699110012869806,0.9727680946301567,15,0.031233362910381545,0.019284235433303758,326.0,2,5.183342969456644,0,0.0,0.0,0.04781276526040266,3.3022917905026086,10.819386624567159,17.22663021405865,18.712051592547777,8.675717192980514,10.081915563957152,1063.785254667908,3916.2063389448276,8.893652752980532,971.0903465961233
1134,502.87343501484173,17.42312454732268,10.502591105654696,5.58182838809541,16.931446387110952,2.6234686902743016,2.1808555557602225,2.306577786017688,2.4839530939808494,31.559697676222385,46.53745976357065,0.013411924505673101,37.59392527413867,210.06453290049703,3.3881653818954915,5363.048461755445,0.6354496350302151,0.15314366386297232,0.05083680748300441,0.6080602428938336,10,0.02608695652173913,0.013427979887607217,227.0,8,10.785864755977489,4,481.5182299383307,234.379573634173,0.053019126518125764,2.641833432402087,10.192357428308455,19.289393607502326,34.00441194284193,8.56022501472746,11.972274732199118,164.9773827730105,2269.3768080057253,6.6755811781245455,506.30853913372914
1135,571.4315865243484,24.15349240434763,67.09084323457756,6.649777685448961,15.689300697159116,2.6311246841800484,2.3898049657803777,2.453294869222639,2.3526724472534752,13.82962311692503,36.65691213158333,0.015528638617127305,41.62399540792264,170.6755420704713,3.032164471527823,5473.510914306721,0.4935184928361488,0.1599420345352132,0.04881797843634483,0.6513017301755509,12,0.04194025436261461,0.015557527358769595,263.0,3,3.0445239304574914,1,5.394431944862269,5.394431944862269,0.050351394554903,4.623208506703652,6.466223972647594,20.663353798154954,12.565098628628435,7.335370244501298,13.232514177693762,285.02135295353025,3425.456777497744,7.48482063701911,657.7931357307461
1136,661.0866104340945,12.924093005873242,123.60103757263303,7.980248124301407,6.824095639344961,2.608403746998786,2.3899619397983343,2.323090916860277,2.4411658068785007,46.277244126296154,22.0032092191811,0.0425046137651417,34.535776141086124,160.49706404031934,3.1725898198625386,21140.31719739508,0.4277225291162671,0.2291081205811562,0.09671130446634012,0.8780101340945213,13,0.05270629991126886,0.04253179532682638,719.0,10,21.581450686734243,9,367.41469831831563,124.01245373767625,0.09492811298845712,0.6604583581005218,53.28121852104069,53.28121852104069,93.15110035512267,16.636312184038243,14.492753623188406,455.53393375895246,2327.7494176162277,6.4820448144285745,696.3507022437476
1137,373.66342902309435,36.845019933497355,92.31261545509744,6.55606281624302,4.32296532375223,2.63246081162512,2.229608788261836,2.465860286676135,2.436168797346429,21.156953594161426,289.97394297309046,0.02545520263348882,21.97694352634056,224.6053351859486,3.383103725955288,10952.590337634272,0.632172402034862,0.29180925207686137,0.04806136404358879,0.6708960884337309,13,0.028157349896480333,0.025495415557527358,431.0,6,18.31971993190859,11,584.925484016111,97.765778923725,0.04939533999480966,1.9813750743015652,12.895901295780057,27.411667146454743,53.12976633374041,7.541772498915315,9.45179584120983,762.9269729315397,2772.9449364098373,8.136857890256438,595.0342982418126
1138,513.6566120940136,25.440240754266554,133.3604223599363,3.3058968087968115,5.819763069692066,2.6952514794932494,2.466354652441998,2.5058714692390054,2.5034653888096416,15.52038847533522,891.8929074100016,0.062310993502377225,32.044674832052635,128.45756937221367,3.2808978964935034,13441.27737840494,0.42170756814090343,0.19325575378973436,0.043640021417676846,0.9727364950580093,7,0.0362614611061816,0.06234841762792073,1054.0,18,52.84957337034217,27,1255.0394362485185,168.92981885330406,0.04296978436977282,2.641833432402087,9.560506027069504,17.587718024633574,31.221659725717423,7.651111949646921,8.821676118462507,655.9290786123445,3998.4673097153177,6.149090697057222,929.3494846807614
1139,551.638057054694,13.673488053026203,143.85386585905528,3.176834412504249,15.96977541383576,2.689905846622862,2.4763217406718607,2.2481288763637592,2.3685229594663757,14.18536724881684,4.367963380561475,0.06097394564580435,33.73015813814334,251.15843434674454,3.5753552368796204,25013.758223656732,0.5153882455420874,0.1331604978998254,0.04632951086958359,0.9082541457831259,2,0.010943507837917775,0.06098787341023366,1031.0,28,58.83283333627991,13,876.2889647142892,264.0182529098603,0.04568595527580245,1.3209167162010436,11.309940420343755,18.10400943808621,45.73960514125141,8.46512567660803,11.342155009451794,620.5206811783169,3751.6542580906766,11.39264541317591,903.3243177123486
1140,366.3814567639149,15.630270722955867,18.191108809813745,5.405820202437735,8.762596254942487,2.6678084893433596,2.5961043252613822,2.6695896976196187,2.384871264040825,64.43984162805437,39.95693858064979,0.08966551510100965,33.571520584340085,293.07383431507395,3.345755335956969,37788.30136541358,0.6209104629004355,0.2702053068377665,0.08100016051652381,0.6140105438843808,8,0.016030760130139012,0.08967761017450458,1516.0,48,110.12990224186144,37,1703.6917938624508,191.62954322220784,0.0813083503865402,2.641833432402087,6.786824892000103,22.418598918338297,13.640650056118428,12.043917968523877,18.90359168241966,749.297358840803,2520.081359859976,6.813125141212734,609.0221823483016
1141,382.2076997770907,21.868310573750517,128.41368193027657,8.263361302638263,2.8907711763484825,2.679677092048508,2.213198273949313,2.252009779028782,2.446954148143171,26.359162389880908,185.0894296838453,0.07875621961116172,57.93305940558252,193.508909877937,3.1337108177182063,6264.263636709677,0.49576920831070914,0.22418825680594268,0.043256277603481566,0.8230851091680134,11,0.017923691215616683,0.07879325643300798,1332.0,30,69.42542364979784,28,1487.1917778291315,162.50291770811882,0.0427513893129341,1.9813750743015652,14.60608764222018,19.136609364997028,45.37431370100002,7.483277851702045,14.492753623188406,391.13566475675907,3528.070656410546,4.787307364817192,793.7698793654056
1142,336.57430125139854,13.633861856296727,42.150534853430166,6.569719393629257,13.49922512385079,2.605687410247983,2.187270273285198,2.6636906193995866,2.4740265055743267,54.536218440802514,266.5169933690795,0.028622124830366788,33.56969816772535,159.7960770780508,3.286291302079239,48169.36658663534,0.44950191463131833,0.1760222954638327,0.07217130975444333,0.6994124139905249,12,0.027802425317953267,0.02863058266784975,484.0,5,11.763117715048605,2,142.24763254438056,114.34178216661566,0.07132717435813202,2.641833432402087,21.42535581655084,23.73703676492534,44.93730632212749,12.60992980715038,14.492753623188406,232.58430662649167,2828.3109749565947,5.292567428401227,731.5144514231539
1143,612.3356088708035,16.93918979177506,9.558040870743723,3.688969694795267,8.576313711361648,2.6015690033674024,2.598781585961412,2.6748471573960906,2.440258624135331,42.771947851476206,2.0191155803181875,0.06135953562545895,38.081315246224875,418.63285404656847,3.4141085740497763,25030.27921440674,0.6659348074751844,0.2681173883764161,0.08071456962745321,0.9909888865654639,6,0.022478556640047324,0.0614019520851819,1038.0,41,79.79539717311226,62,2933.18869609273,190.97614078556506,0.08185120266870545,1.3209167162010436,32.34383720269978,36.514625013062066,63.3801465826178,12.957596098310376,17.643352236925015,389.27561380535064,1839.3521563007187,6.2694056604797925,843.8272815727931
1144,582.2080638329957,17.789177717047234,126.81661202816802,8.337268101170014,2.5507921539440743,2.647875809153237,2.104503267906999,2.2203154030493977,2.4364486744090614,45.25613451056656,110.83712832816992,0.06356192876241745,33.25382669401317,190.66611541951096,3.2448681782257744,19932.42888972214,0.6393753962966915,0.28407528405929205,0.052626572049367694,0.9685891364011887,13,0.025791186039633245,0.06359065365276545,1075.0,15,43.34000696788139,17,846.3382751026181,131.28605512319155,0.04994945473590879,3.9627501486031305,7.548708900018858,21.684532870398378,13.562723733306008,7.45953692636682,13.862633900441084,554.2215959033038,3542.0913379157346,6.463308829871947,900.4333078864146
1145,473.790604112904,13.19793429458378,95.24843251108433,4.873282316008493,14.520713544901437,2.6741301185096815,2.256487454145247,2.257810688799715,2.456502171663734,35.33516898183198,4.247770480606214,0.02571348205168944,20.931726606950427,232.6198430137787,3.519397687898317,34398.49032920087,0.5767240291820965,0.10223718343225707,0.049448849122521676,0.8430130288928153,6,0.010411120970127181,0.025732031943212066,435.0,9,12.225964640366035,6,122.4600233025571,46.64416241842118,0.050840224891426936,1.9813750743015652,16.534350632838983,17.82981210201464,64.50540157377917,9.090824865736547,11.972274732199118,502.05109952106824,3458.6599500066504,7.136496464611085,880.3796486702149
1146,465.4924578321726,46.21666953980009,37.930617588318555,2.4646615222437713,16.260155120674753,2.651599565960328,2.1128820089707516,2.2202167773961463,2.4659748561170485,14.644401787470509,82.91248376756936,0.09829231433523669,45.22755145373119,200.69909004390408,3.020680350958318,35049.179447004055,0.6314150911499214,0.2925197522352428,0.06991835872311122,0.9477329491014033,3,0.026205264714581483,0.09831410825199645,1662.0,40,82.2493436245058,53,2232.7455188726503,152.55016308157,0.07034953066857763,2.641833432402087,18.037198469785764,24.56800369692947,20.588178031983652,12.513181425108503,9.45179584120983,674.8468244995929,3765.9615918448667,4.51351666838205,985.0754602776019
1147,535.1492822913422,31.053878206848985,94.19332127741588,4.129663609576606,11.31905795835018,2.6916175969092544,2.536437831028688,2.259944015757987,2.434311082614542,46.54963890918811,345.13300814086625,0.06865961507906963,30.644987829099655,235.07080551635627,3.1494568578672095,17928.050200232123,0.35775524914470114,0.10532824385208361,0.04965306863632416,0.6394283819673892,9,0.041407867494824016,0.06867790594498668,1161.0,27,35.80522653618381,16,570.4104731886872,84.7844426677803,0.050892931923568245,1.9813750743015652,11.681594461104424,17.77569282576365,33.33973788969849,9.455969979127781,11.972274732199118,439.2809102616282,1554.402571080838,6.6755811781245455,565.2462621100489
1148,654.0742222517077,22.84200195526942,32.52585923376953,8.652853198470563,2.25207615198621,2.6689834757064284,2.284989422911398,2.346254635348591,2.448550586333053,13.107997487939794,64.65237134796686,0.08176306096112501,31.109283819493736,190.14516547352366,3.1427690110270055,24072.791400153365,0.3886411386318476,0.1233776572555832,0.04461735315236451,0.5129269494299737,11,0.037917775805974566,0.08181011535048802,1383.0,22,48.256647133704575,10,479.3837274015837,163.52299315924884,0.04544485175361738,1.9813750743015652,9.887810148908878,16.950835163348135,6.076507779746499,7.66801049404427,17.013232514177695,187.2819846366477,985.2535967931523,5.753627391751592,272.6659843747175
1149,527.1687208228216,37.177946712504,123.5985764648181,8.611775571211986,6.477772039121924,2.609724568839817,2.2100268658357995,2.357979793593797,2.4631428399014776,33.66248874908018,1.6814727780848373,0.03175294207205104,22.374515428426193,148.5611347999213,3.130992367389884,5182.722482183457,0.513275952264669,0.13787456453958113,0.05327617638920491,0.9915810397656386,10,0.030582667849748595,0.03176574977817214,537.0,9,15.226342123855268,2,100.482210723089,74.763032137497,0.053204102613007134,1.3209167162010436,10.011341997069312,16.193815662551422,49.259275901895236,7.818690506932083,11.972274732199118,631.5651670117254,3185.9218596249384,8.444016491289505,919.8921479659579
1150,484.46549860285967,26.38238609042816,144.46888482515237,6.419046394031138,6.614286227490027,2.6469426593468897,2.2282532590990396,2.5212428967173084,2.356421213530988,39.597241972692316,1.0866126799423965,0.057496497054582305,41.991687421433475,246.09177447831752,3.4230885826065167,19656.75282117656,0.31106919493072815,0.1598988865855598,0.08401172645751989,0.9524052864769679,14,0.04625850340136054,0.05749778172138421,972.0,26,35.18499839930314,9,563.8998344503868,158.37322145149588,0.07831517759390488,1.3209167162010436,24.555670673932077,27.3438371023229,64.38291710093111,12.109964513139804,17.643352236925015,710.9971395150897,3130.0681457904666,8.927800081516246,748.782770603556
1151,583.1180728998927,12.59873442505846,90.06020784105957,5.105586763316114,16.499682172629512,2.6337144304078564,2.4431038613841944,2.5630919110846504,2.4515667341757084,11.790945330395369,5.055555610096941,0.011874400294099275,53.51640673792131,384.8161847587247,3.166518655618563,23029.345211087148,0.693091436630989,0.2069185372988854,0.04219144386960977,0.7509244000532465,6,0.025140490979000295,0.01188997338065661,201.0,12,27.059757021794315,8,174.95186995532728,42.93751381682669,0.041375807810261594,3.9627501486031305,5.787420933506999,15.562402262895432,13.59327450398513,6.4520011477929,8.191556395715185,316.8528097028636,3554.71616855591,8.444016491289505,708.1863185570705
1152,400.5586457581329,13.903592152882643,33.200088851783306,2.7713004429823522,10.308468782313534,2.636515381940974,2.3772313471112816,2.5491847287345153,2.4760609746492928,50.8502795566748,203.7286259868815,0.010639004380532877,20.2305516899331,369.2468961508099,3.5132295248875143,7972.731413105812,0.6292959317305928,0.2340697183387717,0.04140734236497508,0.6239942194227808,6,0.005737947352854185,0.01064773735581189,180.0,8,9.000757486524549,8,503.6036231185708,150.247791009342,0.0392992715590037,3.9627501486031305,5.537039974484811,11.020819195227798,20.84392570627429,5.188358836630313,10.081915563957152,346.57531287148834,3295.590516861143,8.989959356291315,682.0873300991911
1153,382.8456383722414,34.26967326214429,130.51339104792504,6.311884085090132,7.0652249714674,2.6245484545716886,2.266866958270737,2.514497395272198,2.350169278768048,11.543673809500225,218.71518669080976,0.09021434453502153,27.428118746082536,119.48000340599951,3.057890985275952,6709.366964123843,0.3650185871857634,0.10008267264494874,0.08094861904085668,0.7496507781389297,8,0.015498373262348418,0.09020999704229518,1525.0,16,39.4294252264018,5,467.86439282333765,231.94915466191514,0.08144176256622528,1.3209167162010436,28.84308539177833,28.948517975861222,58.395922064386475,11.347446209845694,10.712035286704474,356.8885078854806,3431.226197412224,9.0270333367641,795.4319106655194
1154,480.2162603407315,10.447244774503854,48.63823988708263,4.934516889774897,17.40959254015248,2.6201809058784797,2.585640566168655,2.3613063631034223,2.5280954064501717,13.646616276347208,793.9490547796843,0.07548683473860791,46.107689409622054,410.2084738141432,3.027446807733854,9449.631113295389,0.45325862916685344,0.25052269880519173,0.05653675399457117,0.8706623021443644,10,0.026027802425317954,0.07553978112984325,1277.0,60,99.17277565646603,48,2011.2444268887723,193.9218916622274,0.05601091720350108,3.3022917905026086,8.954209216204251,22.378467791795952,23.28948359361322,8.796880941987757,9.45179584120983,455.0569757107397,2511.7239522961277,6.955796338302048,888.2172468067546
1155,461.8922767345075,36.376198381248365,61.15791855188278,9.557918129764722,1.742283215627259,2.6412376976891174,2.3823541408122937,2.3966139442716967,2.50333678276753,34.310886589211556,1.1508575065234283,0.017800595473591037,34.2833335276302,499.6307301760043,3.0879747783555356,15041.563976578718,0.5998357309546118,0.1141000479411666,0.03617930328012653,0.838133044151174,19,0.0375628512274475,0.01780538302277433,301.0,13,26.43898816647765,7,171.30306193937062,45.89906465021007,0.03663784858538287,2.641833432402087,9.136042224204207,11.486501792675739,37.65169470111077,5.002544828995202,10.081915563957152,481.37985045381095,3874.758786651571,8.201511334607133,899.1411977260367
1156,611.0613956834022,10.738993455421534,111.70880939389711,4.138765907134962,13.251778992216124,2.6092669046733232,2.402511008261825,2.2062018967295236,2.423906883555032,22.5375016316912,4.562492336705176,0.014840636669006119,25.947553219663483,146.84214507712224,3.4368155717043365,44095.04584186217,0.3966051940313004,0.2238019155237728,0.05562232047670988,0.9015005981636829,4,0.015498373262348418,0.014847678201715469,251.0,7,20.624685316777587,6,145.1097178182288,51.48797418465013,0.05636115073814632,2.641833432402087,15.081862419494735,18.26088628463103,36.449220005396356,7.824167584439266,15.122873345935728,421.12364942884494,2367.2221571917817,6.847904638927188,729.3601337386341
1157,572.0701669528057,38.960458958820794,98.95318116244246,4.744457327255578,12.70049485350128,2.6121305833848787,2.5103163384395426,2.5741551041588377,2.3470807122167527,27.742810886417903,32.175000135247444,0.0960283708567579,25.485145157857662,152.6709472485581,3.323179987886279,20672.92830714439,0.35450771240580387,0.20149974951123106,0.042205816571743486,0.7272142411530789,8,0.0375628512274475,0.09606625258799172,1624.0,25,35.31518408511082,17,640.6179366659837,124.48506241004056,0.04394452860499351,3.3022917905026086,7.24606507259312,19.360397814707763,30.277590264241923,6.851540325332327,11.972274732199118,459.85796524057423,2479.364515450137,9.0270333367641,762.0575705073045
1158,344.28505394761885,23.187742218518956,93.39741721957073,2.777499112107982,6.9155646562544835,2.699405117001629,2.5243395444540693,2.4899404367462066,2.4193503225227095,13.390350419912027,22.72042355128996,0.01942154424598442,20.232038905980072,153.86380482932782,3.311632125499745,24008.844272849503,0.5904369707613729,0.12631154013055745,0.03595371648739012,0.97317026128543,2,0.01230405205560485,0.019461697722567287,329.0,4,4.840282408728922,3,68.30714528253895,39.2617349425296,0.03650013537436582,2.641833432402087,3.7109769318992334,10.004558832990526,9.140452859485421,5.573647967610542,8.191556395715185,496.94476597224434,4449.02653058452,4.787307364817192,1073.1085040098233
1159,623.9924588846035,29.634901774379955,93.0722844818731,7.223963618329882,9.566653436626547,2.6991181026232978,2.410653612276828,2.3775511193371104,2.3316887372916635,58.69082609624969,151.49148576746254,0.040961388674344255,44.40726308677521,219.44557144776167,3.30753443090118,34873.367535391626,0.3912998970169741,0.23840037484592674,0.04289993998137616,0.6891894233974134,15,0.04448388050872523,0.040993788819875775,693.0,16,18.435230980470052,12,646.745406983101,210.53142060486317,0.044052278168917026,3.3022917905026086,3.0816611813091854,18.418722388243474,4.652426491681278,7.579559454643099,12.60239445494644,954.2712721348983,3052.2920462712063,11.084529373157782,614.3278064949349
1160,375.3610185922215,22.42144576998478,123.18787504960044,7.241119064157176,8.168555170487314,2.6967940465140248,2.4554718464812004,2.424904236443637,2.426773289978162,85.80156155470152,739.4189575111046,0.07465629940234741,42.28463635069257,270.1088880730753,3.3837532874272753,28569.808139895034,0.48542904801495346,0.16025887004382885,0.09806431597669941,0.5567037281069698,10,0.02738834664300503,0.07465246968352558,1262.0,34,63.748875603447416,30,1364.6379302719058,143.95410108081288,0.08828938935328479,1.3209167162010436,26.36377116419566,31.518411199791597,57.28553832530069,15.13907243877943,11.972274732199118,234.11780192067286,1240.8622545924613,5.753627391751592,518.7857539996896
1161,573.9556236540301,30.16187446647316,123.64213601579098,4.557672831479645,8.987220089964822,2.662793823859576,2.419490474030653,2.5526255098653277,2.4594914180098617,10.23423532266382,181.3979506770751,0.051077165073816974,44.24268767519437,221.0443315577999,3.521577524971296,24118.771451647397,0.35326253369463145,0.10638255909547173,0.03390763146823522,0.6863482137081687,8,0.009997042295178941,0.051109139307897074,864.0,21,27.934877495492387,11,912.3271257651455,168.55686175107866,0.03226870488034915,3.9627501486031305,10.311644112351033,12.927285226454131,28.39771707850329,5.705263910358779,13.862633900441084,143.7227593612575,1430.109631729891,5.214601600147377,614.9118458178435
1162,463.37106843982974,10.212969703968858,44.77220442188423,3.937356870355516,15.397052838891625,2.638827346295702,2.430545859729229,2.5414411001018387,2.365667666026094,20.197222392075197,53.07041272965494,0.027899073194718314,25.855332139183908,138.95435724512154,3.3512682029958416,9309.957399289036,0.5189966892998885,0.16269130722407754,0.060292055190955186,0.9546034458127923,7,0.01774622892635315,0.027920733510795624,472.0,9,28.209264195438827,3,68.203798510429,39.62661622397545,0.060966263615352914,0.6604583581005218,25.740413198244536,25.740413198244536,92.74013761412058,10.720592379660117,8.191556395715185,743.2265534522262,3656.526672618144,6.076507779746499,892.4615702471139
1163,410.7308889131386,42.33738372798266,106.45246332525574,5.927201031441925,12.91408640661684,2.609037834016617,2.212452677527362,2.2949368943594877,2.5146790660047666,14.831718472558606,23.37010148120813,0.07900891699292822,30.996382808979682,231.21794020997064,3.4976392489445978,5980.422522308245,0.6699533747657883,0.2477712388453783,0.08480132704038518,0.6093749268852533,8,0.024548950014788525,0.0790298728186927,1336.0,18,43.8546830083891,9,279.220650642763,53.950621114359826,0.08212669121029818,1.3209167162010436,35.45689855851643,36.26689891172086,62.66928148818032,13.936743074956894,10.712035286704474,721.1843622800518,2631.0037377172002,10.524820207108489,507.00750847083617
1164,568.6908728816155,27.09579388621393,130.1578462220443,3.5482743476970873,7.200943020081216,2.6541769059405045,2.1375970231788948,2.6880769838190326,2.3940158665317166,84.5196319448293,2.7437560146286533,0.05772580936287452,37.526656759876985,376.58430803102704,3.1014088633697035,13444.330541558786,0.5030695803037271,0.22574154143741962,0.03189017821745774,0.7488756068275115,6,0.025436261461106183,0.057734398107068916,976.0,28,49.88916342473487,19,945.3926122119204,189.60431858779515,0.031858004802842226,2.641833432402087,10.484021015414793,14.033126650557097,42.717310482913035,5.818054467218255,16.38311279143037,418.33941999555555,2832.9367830090964,7.216530041819089,612.4492914861859
1165,566.473872346236,22.46292848730496,139.00564829908245,3.3110011675609314,3.256524074033948,2.6877169943298918,2.359857087792005,2.2306990719939064,2.4079959714734573,71.38021460694846,188.55843897717781,0.03275394390413932,20.34120941507449,283.29638489070885,3.541760138156845,12594.211370033137,0.5701316842625896,0.29071865406069153,0.03381218943383158,0.9048099591217903,2,0.016563146997929608,0.03277136941733215,554.0,15,33.367847424055135,15,685.7690984528621,134.43124860039694,0.0321900803056209,3.3022917905026086,7.277227595709539,13.39423159732517,21.938198374294355,4.011080803593551,11.342155009451794,471.7666070214367,2318.555507054849,8.593479713983122,765.1007063279495
1166,649.6760792302149,28.46468199701734,73.02564778323462,6.364337885684514,16.834357450521463,2.666612161718522,2.1017037990678267,2.6275664521059756,2.4440637385680475,33.33053412560427,312.0875198603771,0.08002770894532964,30.032845806161347,176.91894875059805,3.3150837105647715,14220.255360663063,0.6524722015462971,0.12055535313271777,0.040034430684169627,0.6812675862811554,16,0.03578822833481218,0.0800354924578527,1353.0,19,30.498176119432276,11,421.29827986728117,90.44199114634078,0.04028485747528622,6.604583581005217,6.855953164803647,14.681477156280828,14.674936073734976,5.617266210108113,12.60239445494644,209.77814313792402,2516.5883859580026,7.312732791431452,568.9619247441681
1167,562.7485261823283,16.650220004051228,65.99092057613159,3.9309091323107506,8.818376682845253,2.66659769673282,2.28490348814914,2.5569957018745946,2.4249312769164177,12.116965132714354,90.2783364622861,0.05540159525985514,49.44940056226293,260.21656365724965,3.2579813498340675,10726.048547922019,0.4339414416296215,0.21524131733462265,0.05288941939667423,0.8079977977540591,2,0.0044365572315882874,0.05542738834664301,937.0,23,26.848415602295717,15,584.3812255590624,109.72325220497729,0.04891334822127001,2.641833432402087,11.195539173337982,16.077624497023976,24.55384219741777,6.84290942688945,9.45179584120983,1438.6585231415756,3411.611519097093,9.0270333367641,695.8922192460478
1168,472.1832302166018,23.395851666802496,121.50401435308324,5.9033131710480635,7.271391650702528,2.6972704727398584,2.547737564386986,2.4105319497978672,2.5379649288861423,67.4985184535445,36.12567820146457,0.07496897473046614,55.83975023234692,165.9130903201002,3.5096403347593257,14942.298002717762,0.3895582178099557,0.17556548931803284,0.09090496504244058,0.984263264015951,18,0.04324164448388051,0.07500739426205265,1268.0,16,35.49381182737812,9,514.2461089287747,119.74420051965946,0.08523144451818375,2.641833432402087,11.71679014451334,23.52316523947208,31.581023643850937,11.499171464176358,8.821676118462507,1453.8317036771837,4095.1458141660273,9.36685897833717,981.3981020572868
1169,381.21810372403314,49.055081922313185,139.58259244703757,5.9397951308241845,15.528276075388984,2.6182725975213414,2.374484349087448,2.2222069375245335,2.34946759104619,72.73195068872253,2.7887489731046293,0.08300999179398993,21.238319442979574,155.2841845946051,3.0684713608406002,9406.183517003483,0.4707435239575152,0.19531060176807696,0.09270922945908568,0.6473270593942001,7,0.026027802425317954,0.08305235137533275,1404.0,22,37.11001776690592,21,1200.8514284326773,152.09294207993676,0.09207600213970334,3.3022917905026086,11.753598027545124,42.46679047586929,8.058239062071396,16.423819200839624,11.342155009451794,256.55642294431397,1450.9170740405689,6.072889728574628,611.4376568649129
1170,387.6398678471628,22.651388028723087,65.72160612916795,4.620189655154125,17.30812408596078,2.636631957276737,2.449544698717808,2.52901951136615,2.44565330225279,39.35722800939966,29.778678727461426,0.0897368229465031,35.595972417868104,188.29084583990553,3.0865802156535156,22124.479918804267,0.35477888195296114,0.17811512891992667,0.05414470080238284,0.666476787989729,6,0.0129547471162378,0.08973676427092576,1517.0,23,26.870753921385536,12,828.7816569316541,175.9296340161429,0.0513411460413023,1.9813750743015652,17.30387089301168,28.212751673721282,36.12575996921783,9.084336223493251,11.342155009451794,705.5720830201611,3457.6097684538117,8.520315405628804,665.9771676806827
1171,545.0100528059872,26.470821056679814,103.32423942966557,5.947160059165522,9.981676086379522,2.6863530002020695,2.378500466905952,2.6935801233698693,2.4756712165559183,16.21144313237414,5.117003733464542,0.031755085557258374,26.93089515183839,258.7860692210895,3.491137892846592,10537.93627980488,0.5735258654117531,0.2505580805643022,0.07223755175696012,0.8316792012315146,8,0.006921029281277728,0.03176574977817214,537.0,12,18.272117725212116,18,913.1923281951194,123.50712114207775,0.07161525730141337,3.9627501486031305,8.33395660579465,20.42585968061283,14.139556069113581,11.019208764149464,4.410838059231254,1286.2858517156133,3561.3837343740906,23.90992587997897,821.7641453795912
1172,631.5724221555406,17.699352761504972,54.42098802442879,2.07801372313304,8.697409775118858,2.6794167928333126,2.3209259333084282,2.4715569544434164,2.3733224796836887,16.930129491257098,13.144346838521647,0.09549951853235451,46.5353825505612,298.97869493028,3.330792051040527,24349.789751288205,0.45688565991792945,0.16253674514272565,0.07532045948958124,0.9533368388837471,5,0.024903874593315587,0.09553386572020113,1615.0,53,110.18019384492803,27,946.9629766948004,138.70321900515418,0.07391654750677185,1.9813750743015652,13.591380143592794,25.96164017565884,19.576646877473273,12.35293934694004,10.712035286704474,1808.0397276593894,3893.1489422239847,10.280023453913834,927.6731932895286
1173,537.6349951824642,22.226848651074587,66.87773619788568,2.3782209651986763,4.934794794680732,2.696806074540763,2.2650586493649634,2.3888615075933646,2.3971828301708276,47.0413373882814,6.335605465902354,0.035485512069224956,21.373029888505137,384.0002997932327,3.4692960200453573,24993.257037424868,0.47888641958428735,0.28636743429803446,0.055119203711388884,0.5336668504423925,5,0.012836438923395446,0.0354924578527063,600.0,17,26.123616752407017,16,995.7762298409734,201.6416145110684,0.05274415441369461,3.3022917905026086,14.42304573993435,19.144560104916046,45.1351666838205,8.505524718632442,12.60239445494644,221.22573232665903,1421.8378635811844,7.053839605849142,428.47660802887
1174,501.0987621055079,25.78043694067059,99.93349936577773,7.944303680779549,7.179078012318569,2.691599565169761,2.579042624912764,2.271270230816487,2.4398954485271163,15.55658753335519,1.6381907339535369,0.03163358674915745,44.92990951143099,446.8068880888401,3.4057826149868635,6541.459021123407,0.5648825708411729,0.136223797038582,0.09579940314091526,0.8462385998606876,14,0.04111209701271813,0.03164744158532978,535.0,18,38.468664337526896,8,493.8729603312984,151.42599776723205,0.09177847732701282,1.9813750743015652,27.369083390648875,31.820487244178047,60.81743892548952,14.035436977269699,6.30119722747322,795.4074629632012,3664.057651522724,9.974980377773683,910.8713071378054
1175,570.4484606302361,16.331889629310496,70.62117096608553,6.092297069727798,16.664871669001776,2.646075127881476,2.355082878930565,2.3995191586423426,2.5194591732843614,16.272443711685135,3.1597637121441577,0.041181480348299125,25.048287783772487,173.53471088118314,3.448218633428274,10720.68770395395,0.47547423453538473,0.26930859362153103,0.06935915959591532,0.9355866643076394,5,0.004614019520851819,0.04123040520556048,697.0,17,25.900487172988473,16,855.7789938181089,199.51146474669562,0.06964849649417827,2.641833432402087,12.974497478085738,27.260555074628385,21.542878074582475,11.798254130072156,11.972274732199118,380.1003085433758,3541.00758427519,7.046725639945928,846.6920511821301
1176,601.3478001761086,11.725548326670499,43.180052226816116,2.1283738348567844,1.0480822434670358,2.6007395244162805,2.3745577064429746,2.5691389435532255,2.471117836836655,14.544286286606152,2.026051739808616,0.06082480909911172,25.140848115304166,145.47882603282096,3.3832252248442076,42618.86314214151,0.30902213042020604,0.1504149946761461,0.05618827643174777,0.5811872953747177,4,0.0075125702454895,0.06086956521739131,1029.0,21,32.701249879174334,9,634.94156087732,171.50269939303934,0.051298420339524226,1.9813750743015652,18.422206908196035,24.39373851130988,53.70183952924838,9.148719654392528,16.38311279143037,327.2799536219566,2800.692138720179,5.749363856491607,485.9501273135826
1177,384.67893958615696,24.666774449941016,34.148670689479275,2.1109099368699793,7.379991716601315,2.67484502406331,2.1938447676501385,2.5033970975629516,2.419072082582226,27.955644845158957,557.020782283986,0.05083324125489931,53.67256969932947,136.29754243100246,3.540417172284712,17003.43740448677,0.4658377704530369,0.15835175332502185,0.036681751934833806,0.9259389614572011,2,0.017923691215616683,0.050872522922212365,860.0,11,26.40059093060733,6,732.3917051079599,217.04220208510915,0.03690785748764462,1.9813750743015652,16.768436912254973,17.510561231938937,42.714778093834084,5.988577182680829,9.45179584120983,321.9246979227785,3142.4080891815393,5.863230142835039,872.6365108030867
1178,346.3629788392162,14.896862359090203,139.95135918324948,4.890989675211493,12.072967731409422,2.604396114182791,2.1956911580745224,2.6547538039649954,2.500683718613404,15.292668303704657,52.86103872154553,0.08026691936910749,27.933691402214407,217.50279956787796,3.249729050023446,14268.449008870715,0.4340164205600117,0.2202952000861613,0.035186761699627665,0.8110739018231419,7,0.028098195800059154,0.08027210884353742,1357.0,31,62.41847844978431,26,1027.4832918638983,172.0312783841909,0.03386305642177481,3.3022917905026086,9.721674579203157,14.167674828726375,31.270560761786875,5.752694390646771,14.492753623188406,643.1372414453941,3874.4174314018833,8.444016491289505,879.9242138630215
1179,423.8633569845373,21.74166734853865,20.09138664618791,5.470872539457895,3.8957331393140575,2.69162308991027,2.437115507959119,2.294214638181761,2.4698966896986123,15.081022682790005,24.439131614723212,0.025383709924039877,23.449289141141513,227.52093199501567,3.419349231361233,10012.511252257287,0.6039071118788437,0.2240599221421597,0.065521138728904,0.6418557804123278,14,0.05193729665779355,0.025436261461106183,430.0,10,13.572922126922077,10,572.6035616673594,156.4224583785814,0.06233932273215534,1.9813750743015652,14.879429274353377,23.006980091390858,66.75581178124546,10.804674483122465,12.60239445494644,350.48291033373044,3385.7712947163564,8.274457167269915,558.727426736131
1180,522.6355633480156,37.49195962185161,56.27549842229975,7.093652385972653,5.292014476413372,2.672316053548971,2.4277931862952715,2.2827475666453396,2.5304707049242787,10.337920288360204,151.66416811964703,0.038346049530149015,24.639572057579393,283.9754144061976,3.578696911497747,8069.081255267752,0.42019057121785347,0.2690128041728864,0.06959928767294088,0.6303772836063859,8,0.033362910381543924,0.03839100857734398,649.0,15,33.28121890737696,16,1063.2293555187807,171.35121711583247,0.0700150319440066,1.9813750743015652,26.198835582143104,27.835191460442644,58.07591199459072,11.851097158611466,15.752993068683049,272.7196843560645,3216.753546062092,6.770275002573076,582.3084893857051
1181,443.04308191624483,34.989413769478375,18.72285192575992,6.874464106054635,11.368003129653077,2.620655911405389,2.1254652626021895,2.4185672023708737,2.5236155243308174,94.51533495382182,3.451901283356485,0.08687168545120538,36.770470400431826,101.18558428591965,3.572354598289696,11712.1032001767,0.4628402728424179,0.23896588932502397,0.04512570466980298,0.8233104079055439,21,0.04856551316178646,0.08689736764270926,1469.0,13,25.771549182514452,17,1236.2696732549914,138.92184472673375,0.04477734709196319,3.3022917905026086,16.019261001784987,20.91453849968379,38.89226888657144,7.504877660104417,14.492753623188406,341.09961387953166,3802.349233743072,6.579524642479541,796.9972647405741
1182,585.4221259213577,17.549793666158685,98.24516464587687,6.851112493324233,7.233227165808604,2.6449486098221247,2.487306076688409,2.53869277291162,2.4854972537345477,12.9161693104964,89.00645220871941,0.022529115475486403,38.2960526038414,313.64611446390825,3.595450822402298,27181.76670959565,0.3144009499436905,0.13503475789460015,0.0416188992641535,0.6007504339073587,13,0.038686779059449866,0.0225377107364685,381.0,16,24.78301446351738,2,236.59305700144006,202.80926045999945,0.04295230704148138,1.3209167162010436,10.504932235894731,13.708553940124004,52.62011764237951,7.0209335273450355,15.752993068683049,312.56392430424745,2072.787436980643,5.753627391751592,388.48827493434806
1183,380.8161397407407,11.375833761543179,82.72530887265182,5.026286148299798,9.627477597358437,2.6314367571992605,2.5965322766674372,2.4346700793407017,2.483322766535201,21.730237534287348,47.68740446745633,0.08422467113298848,36.036332241867754,268.9140810831672,3.4630628846303075,29598.77939193383,0.4201984491677442,0.2975043475859094,0.07692860609516,0.7340571491746032,10,0.04158532978408755,0.08423543330375628,1424.0,37,66.3954036830675,42,1817.3374430075662,146.7047071471588,0.07302338172164288,2.641833432402087,22.12245709351615,22.826156005103044,45.42275051797579,12.59374293677288,13.232514177693762,520.2268449544986,3899.4424669274376,5.753627391751592,818.5446416159069
1184,545.6297818792361,38.7917255596304,49.904993492529385,9.768253442118354,11.109541787567412,2.696285030286944,2.1687359906527486,2.325962677890052,2.418972361224064,82.32525939422823,14.175980593145928,0.0782047434617478,30.498336011475068,328.79407281316276,3.1002394540222493,32017.414865336836,0.3330152562220876,0.2408179486579289,0.09619333900063357,0.80995076980996,16,0.05282460810411121,0.07820171546879622,1322.0,31,66.20202454920874,26,1319.1746832021788,170.22473341855283,0.09331389495116107,3.3022917905026086,11.855727100143568,39.27378336387521,24.148368712786887,15.884839634940281,10.712035286704474,495.43471289825703,3011.7491974732216,9.772050238058398,704.9271390777185
1185,571.962573071813,11.977132096040972,83.12403731515377,6.78521841751957,7.425794902712681,2.6906628160650112,2.2300393130976275,2.604022288005708,2.425894157260725,10.577298158679659,4.775335743138615,0.0804384410869309,35.05687933581397,200.341609580996,3.5390783758689857,28477.495076060688,0.6378919786265721,0.1980885507068995,0.042905395868941335,0.8382828357432557,9,0.031292517006802724,0.08044957113280095,1360.0,27,48.34121719182933,23,799.3517151634908,121.97383627186858,0.04432683841365763,3.9627501486031305,7.460700096343432,14.754308355669153,18.90819573208249,7.340411623834452,13.862633900441084,612.5263804942659,3566.0716785550585,6.117836103090083,934.1388024297246
1186,621.4360003320642,15.871442840522144,138.755450840592,2.4372710314527604,9.967876809363052,2.660460842937207,2.1244662786167563,2.280133497806216,2.484714341842535,10.266461352893016,3.843176396759262,0.06807946860925101,59.02117883695006,144.2308903464283,3.3262670586582557,5985.503624111808,0.5318114054628357,0.11780314421075183,0.08827205922255038,0.6671568853438141,3,0.0027210884353741495,0.06808636498077492,1151.0,13,19.661470741151827,7,263.1143065304983,57.913439958193216,0.08602950065472345,2.641833432402087,19.027310259962476,32.13626947535048,34.47401852507055,14.373583892350105,13.862633900441084,346.5414181181114,2982.5784494306995,6.529328832273734,583.7556885275392
1187,615.8099952641858,16.365632868112314,47.21698357968162,8.454267818717987,14.83748564470329,2.6461565644790586,2.4760563059784566,2.636206439985021,2.5533129339024523,39.85538843751464,30.031203901635994,0.038689482843377775,48.12236382520619,205.77280062186802,3.528586616524982,15190.866804566831,0.6234865172948303,0.13045252707765503,0.045436301460557285,0.9896806051274338,10,0.039574090505767524,0.03874593315587104,655.0,11,13.715852467296296,4,176.00288851573555,115.33079987879357,0.0424589256188082,5.283666864804174,8.64345830400921,19.11722676939812,18.586315056827836,7.158002002122181,10.081915563957152,627.190486298841,3383.9914757869947,7.134264564866751,965.5408961561592
1188,374.18211720328424,28.90354495381476,18.479405741907794,8.542304733691898,8.191011301100243,2.624197207233082,2.226855309364444,2.4907150671947447,2.401466145533168,17.665017638349486,15.959532943262756,0.07057545291821911,22.606188411709873,176.88968042723306,3.055632473255302,21467.709002995332,0.6299962734856479,0.10714463267572971,0.06189051449002153,0.8016117837441941,22,0.06418219461697723,0.07062999112688553,1194.0,24,46.39621491041875,6,322.49855175008895,121.53376935335442,0.0626603717328516,1.3209167162010436,27.808040127248056,30.39661486441804,59.14169285399929,11.71696405477031,10.081915563957152,680.7013918899318,2901.3120432756223,4.211168381802705,767.062300493487
1189,613.6435356789477,13.15842009225116,14.819910879459202,5.662914899676005,10.136837908094813,2.6530236839694497,2.2025885634234585,2.4983349192263913,2.4137518330772005,41.85357258532191,157.05677748508944,0.01754526539253306,26.188460637146566,160.10956105347552,3.3870404602827704,9978.122636931983,0.344261837522007,0.12649330046230484,0.038107958682331855,0.8597526141639129,12,0.028098195800059154,0.017568766637089617,297.0,6,4.2200667806441965,3,65.94881774328049,49.662203726321664,0.03816656535246133,2.641833432402087,8.04648118831556,14.547478578650267,29.920251335965848,6.680741850858645,11.342155009451794,1646.657600666584,3660.6242499120563,8.753914032976724,789.3124024520497
1190,488.6676505406863,35.46872424037282,105.73057922320314,5.660787666089248,14.017468285016633,2.6798086425002703,2.5364045837401017,2.363487612525574,2.426886300193041,84.35281419679919,39.55032622658273,0.023784589294519858,32.07357358275266,213.9859234680006,3.010598386282341,9446.036846212512,0.617354886475725,0.17230860058722186,0.08056648031598393,0.9921028771226476,9,0.02803904170363798,0.0238391008577344,403.0,4,11.188888437488835,2,52.49236397584587,47.97663062406251,0.07667499588988783,1.3209167162010436,24.515635053839574,24.592838871492347,67.83847318982146,13.32053256185549,13.862633900441084,1111.0854108715057,3775.9621079772437,10.186276770997239,927.987327369943
1191,364.81383086766647,29.036623135899436,22.731176651614586,5.521086375198452,14.569032084334623,2.676968698970045,2.2345987709958695,2.448556572537937,2.550420910648158,15.44767700506989,637.4443615599905,0.07247265228816765,33.255784339885125,349.9859453433598,3.241050285591526,41201.1972660576,0.5848011696130564,0.17192165482844268,0.06737932276244228,0.9979638270747736,13,0.03797692990239574,0.0725229222123632,1226.0,38,70.95827256284497,18,1125.675441067111,220.8645656086076,0.06624121674429567,1.9813750743015652,15.954924292417138,26.66010714436691,65.54319357443944,11.34787223883455,18.27347195967234,1003.5747497203134,2174.8058895502545,5.863230142835039,939.2551665653355
1192,618.1929919510354,42.53401816747473,104.75519817270397,4.278457793232646,5.576054500697108,2.62162184473332,2.443123226182474,2.6903200584716895,2.4645858970488375,28.233125989935505,395.545121115494,0.07633047254089122,24.784989604001908,141.8289387964819,3.0372847269674685,11912.663325907404,0.6843522729638875,0.23143010803822353,0.05133913174770581,0.8902499303640365,6,0.011002661934338954,0.07636793847973972,1291.0,21,32.542971507000516,14,1054.6991953104655,265.2759562424825,0.050469787211465354,3.9627501486031305,7.531567909522275,14.291664655886562,7.027676693887576,7.240102263444547,9.45179584120983,1043.9676822794972,3806.048606871345,16.46815177937675,846.8471983747575
1193,374.9575019152249,21.070895077225277,59.10163271158718,2.903137293558972,9.649913436175433,2.677948337810172,2.535081609130739,2.6412336055881585,2.340146980883983,30.674528875281233,10.105922682712391,0.05023324442417642,23.054406414171936,119.18992147122903,3.5708963167052774,9338.583191399433,0.45786588167780184,0.2926836469165276,0.05631190536153784,0.7951518460369547,7,0.020644779650990833,0.05028098195800059,850.0,13,22.3957365350366,20,954.6514538542033,114.62600506879366,0.057043616409257,2.641833432402087,14.944415243326679,25.371723617966786,18.350636444832602,10.24921102368843,16.38311279143037,534.8506027800545,3063.55484659407,7.34988274863587,775.7282946518819
1194,494.3309210474898,17.168834974267998,144.32459060377295,3.859471168889078,11.773448863320082,2.6073758947223227,2.1814302835558648,2.458877995164369,2.4093089063503563,14.7996006263866,135.84801854046356,0.0856899369112762,57.19059849598067,223.2016171338289,3.2189417162970333,7563.754650953362,0.6578534216185651,0.17685311298607692,0.05809422251105174,0.6707741379096409,6,0.013605442176870748,0.08571428571428572,1449.0,29,53.8310755880262,21,827.3219516091384,137.07235999214416,0.05591627693216797,3.9627501486031305,3.3604285670322565,24.601850937372983,8.242442515882969,9.23931491512006,9.45179584120983,301.9301990566958,2554.6748291557305,6.579524642479541,726.4780414964307
1195,653.1928984089604,18.12419506757689,101.8996517964591,7.557983463650225,3.56349628071631,2.6867309480352026,2.3848282386523776,2.3268104320977976,2.4340719939568216,47.490148433356595,26.7874938618299,0.08235501739052511,33.17490344120773,411.71130236324717,3.582749545218525,8032.762658653357,0.5728739490232838,0.17245918441883604,0.04411237776291126,0.6880848479061643,12,0.02945874001774623,0.0824016563146998,1393.0,56,85.82985369802049,35,1877.1101499607878,155.0073634283398,0.04469620004426002,0.6604583581005218,16.1521439903704,16.1521439903704,92.83619164050363,7.6806924928178555,12.60239445494644,379.9845399387325,2858.2383494847413,8.231844100590415,595.8572209490463
1196,350.27069537504843,10.592288935167542,42.45249880346257,7.8521843275676675,4.167301614126691,2.6283759173763035,2.5682418627293377,2.4312692350508516,2.4078697981696395,71.44023632044023,3.238726612894411,0.027785558075615537,50.8524720615345,227.1212100878317,3.349852835281655,5443.965081082718,0.3266728191278616,0.17278894638917616,0.08717673606720061,0.7266885811570325,20,0.024726412304052054,0.027802425317953267,470.0,15,28.79138717170492,6,361.31233773579595,147.2971447892146,0.08577580180625544,3.9627501486031305,17.73964990896195,30.394768445310795,33.43273669036445,12.33233693664222,14.492753623188406,556.479255393194,3573.9700443182164,8.740387444736633,764.1304141819226
1197,525.6898686232249,10.335670932822376,33.26491612849588,6.9667619718037175,16.390517998286143,2.6922390826300453,2.238562007655925,2.6073862589688415,2.416040027029464,21.72437877759624,33.5516077177377,0.022763151243637557,20.170846446278716,153.5999555840955,3.520804672561571,18295.660369084453,0.5141691216679645,0.2843854677945948,0.09630340882617569,0.8471871269850952,7,0.019284235433303758,0.022774327122153208,385.0,4,4.879784893882425,5,179.97588129978664,104.39527286548642,0.08820291615285697,4.623208506703652,4.934909295756064,36.355832027978934,8.667244841319219,14.57019403891564,13.862633900441084,823.7949686289396,3591.9852565575484,7.521396092145142,800.0908040284703
1198,450.6307795683408,28.399894848448508,16.115958760161153,6.60856445648444,14.09946046007272,2.6424692170220148,2.1722303196100667,2.245257264822902,2.406087863792908,28.074725679331085,13.661207800646698,0.06656460657801588,27.436533937667505,245.7570932075208,3.155162336100123,22716.67173561729,0.542549990874107,0.12842934356499996,0.06922100827815289,0.9824593386222609,15,0.03602484472049689,0.06660751257024548,1126.0,22,42.30993313821065,11,845.4680342425479,207.53773489270168,0.07094694896127403,3.3022917905026086,18.642417922385427,27.339648589626922,38.7610972856483,11.73872988228288,14.492753623188406,497.26594665248086,2825.65532636,6.076507779746499,830.3675536089993
1199,661.1366583791514,19.15425044183393,82.9878046731678,9.99372396683967,10.401220259350104,2.6258804225123034,2.469623728049502,2.4863380394030985,2.3952103524074966,10.167582371882721,112.50248339231935,0.08097023385842654,43.91929289459373,381.43222044735637,3.02297441835902,11057.007315622193,0.6544460178290183,0.24163520997021684,0.09073726080783037,0.9651283735467779,16,0.02531795326826383,0.08098195800059155,1369.0,60,117.32769596030482,49,2659.693431600697,212.99021262726762,0.08771544570587561,4.623208506703652,17.38743231073903,31.30731200569362,29.35954992478095,12.289558253158603,10.081915563957152,434.35629435958015,3187.3006670511345,6.206085419025319,857.1016794747406
