SURVEY_NUMBER,STATION_NUMBER,OBSERVATION_NUMBER,LONGITUDE,LATITUDE,GEOID_GROUND_ELEVATION,ELLIPSOID_GROUND_HEIGHT,GEOID_ELLIPSOID_SEPARATION,OBSERVED_GRAVITY,GEOID_GRAVITY_METER_HEIGHT,ELLIPSOID_HGT_OF_GRAVITY_METER,TERRAIN_CORRECTION,TERR_CORR_DENSITY_USED,ELLIPSOID_FREEAIR_ANOMALY,SPHERICAL_CAP_BOUGUER_ANOMALY,GEOIDAL_FREEAIR_ANOMALY,INFINITE_SLAB_BOUGUER_ANOMALY,ACCURACY_OF_LOCATION,ACCURACY_OF_GEOID_GND_ELEV,ACCURACY_OF_ELLIPSOID_GND_HGT,ACCURACY_OF_G_E_SEPARATION,ACCURACY_OF_OBSERVED_GRAVITY,ERROR_OF_GEOID_METER_HGT,ERROR_OF_ELLIPSOID_METER_HGT,ERROR_IN_TERRAIN_CORRECTION,ESTIMATE_OF_STN_RELIABILITY,GRIDDING_FLAG,METHOD_OF_LOCATION_ACCURACY,METHOD_OF_GEOID_GND_ELEV_ACC,METHOD_OF_ELLIPSOID_GNDHGT_ACC,METHOD_OF_G_E_SEPARATION_ACC,METHOD_OF_OBSERVED_GRAV_ACC,METHOD_OF_GEOID_METERHGT_ERROR,METHOD_OF_ELLIPS_METER_HGT_ERR,METHOD_OF_TERR_CORR_ERROR,STATION_NAME,STATION_TYPE,GEOID_GND_ELEV_TYPE,GEODETIC_DATUM,GEOID_GND_ELEV_DATUM,ELLIPSOID_GND_HGT_DATUM,OBSERVED_GRAVITY_DATUM,LOCATION_UNITS,UNITS_OF_GEOID_GND_ELEV,UNITS_OF_ELLIPSOID_GROUND_HGT,UNITS_OF_G_E_SEPARATION,UNITS_OF_OBSERVED_GRAVITY,UNITS_OF_GEOID_METER_HGT,UNITS_OF_ELLIPSOID_METER_HGT,UNITS_OF_TERRAIN_CORRECTION,UNITS_OF_LOCATION_ACCURACY,UNITS_OF_GEOID_GND_ELEV_ACC,UNITS_OF_ELLIPSOID_GND_HGT_ACC,UNITS_OF_G_E_SEPARATION_ACC,UNITS_OF_OBSERVED_GRAV_ACC,UNITS_OF_GEOID_METER_HGT_ERROR,UNITS_OF_ELLIPS_METER_HGT_ERR,UNITS_OF_TERR_CORR_ERROR,METHOD_OF_LOCATION,METHOD_OF_GEOID_GND_ELEV,METHOD_OF_ELLIPSOID_GND_HGT,METHOD_USED_IN_G_E_SEPARATION,METHOD_OF_GEOID_METER_HGT,METHOD_OF_ELLIPSOID_METER_HGT,METHOD_OF_TERRAIN_CORRECTION,GEOID_USED_IN_G_E_SEPARATION,ELLIPS_USED_IN_G_E_SEPARATION,GRAVITY_METER_MAKE,GRAVITY_METER_SERIAL_NUMBER,OBSERVATION_DATE,PROCESSING_DATE,COMMENTS
196953,1969533101.0,4642194,136.619408,-30.323545,110.15,114.628,4.478,9793029.67,110.15,114.628,0.05,2.67,-110.49,-240.47,-124.36,-247.61,100.0,5.0,5.06,0.06,2.0,5.0,5.06,0.5,1,0,5,5,1,3,5,5,1,3,69E3,?,TR,GDA94,MSL,GRS80,B,DEG,m,m,m,um,m,m,um,m,m,m,m,um,m,m,um,99999,99999,ELN,W98,99999,ELN,DFA,AUSGEOID98,GRS80,99999,99999,31-DEC-99,31-DEC-99,Comment is null
196953,1969533102.0,5409109,136.690305,-30.173744,126.3,131.419,5.119,9793009.86,126.3,131.419,0.06,2.67,39.26,-109.75,23.42,-117.9,100.0,5.0,5.06,0.06,2.0,5.0,5.06,0.5,1,0,5,5,1,3,5,5,1,3,69E3,?,TR,GDA94,MSL,GRS80,B,DEG,m,m,m,um,m,m,um,m,m,m,m,um,m,m,um,99999,99999,ELN,W98,99999,ELN,DFA,AUSGEOID98,GRS80,99999,99999,31-DEC-99,31-DEC-99,Comment is null
196953,1969533103.0,5746196,136.682705,-30.117444,115.0,120.241,5.241,9793041.87,115.0,120.241,0.07,2.67,80.95,-55.39,64.73,-63.95,100.0,5.0,5.06,0.06,2.0,5.0,5.06,0.5,1,0,5,5,1,3,5,5,1,3,69E3,?,TR,GDA94,MSL,GRS80,B,DEG,m,m,m,um,m,m,um,m,m,m,m,um,m,m,um,99999,99999,ELN,W98,99999,ELN,DFA,AUSGEOID98,GRS80,99999,99999,31-DEC-99,31-DEC-99,Comment is null
196953,1969533104.0,4642195,136.688604,-30.057843,117.9,123.299,5.399,9793013.06,117.9,123.299,0.05,2.67,108.27,-31.54,91.56,-40.37,100.0,5.0,5.06,0.06,2.0,5.0,5.06,0.5,1,0,5,5,1,3,5,5,1,3,69E3,?,TR,GDA94,MSL,GRS80,B,DEG,m,m,m,um,m,m,um,m,m,m,m,um,m,m,um,99999,99999,ELN,W98,99999,ELN,DFA,AUSGEOID98,GRS80,99999,99999,31-DEC-99,31-DEC-99,Comment is null
196953,1969533105.0,5593297,136.681303,-29.999443,114.09,119.557,5.467,9792962.53,114.09,119.557,0.08,2.67,91.9,-43.67,74.98,-52.69,100.0,5.0,5.06,0.06,2.0,5.0,5.06,0.5,1,0,5,5,1,3,5,5,1,3,69E3,?,TR,GDA94,MSL,GRS80,B,DEG,m,m,m,um,m,m,um,m,m,m,m,um,m,m,um,99999,99999,ELN,W98,99999,ELN,DFA,AUSGEOID98,GRS80,99999,99999,31-DEC-99,31-DEC-99,Comment is null
196953,1969533106.0,5719702,136.745802,-29.997143,143.56,149.222,5.662,9792883.69,143.56,149.222,0.13,2.67,106.38,-62.8,88.89,-71.76,100.0,5.0,5.06,0.06,2.0,5.0,5.06,0.5,1,0,5,5,1,3,5,5,1,3,69E3,?,TR,GDA94,MSL,GRS80,B,DEG,m,m,m,um,m,m,um,m,m,m,m,um,m,m,um,99999,99999,ELN,W98,99999,ELN,DFA,AUSGEOID98,GRS80,99999,99999,31-DEC-99,31-DEC-99,Comment is null
196953,1969533107.0,4642196,136.835501,-29.994842,125.67,131.566,5.896,9792886.19,125.67,131.566,0.09,2.67,56.21,-92.97,37.98,-102.65,100.0,5.0,5.06,0.06,2.0,5.0,5.06,0.5,1,0,5,5,1,3,5,5,1,3,69E3,?,TR,GDA94,MSL,GRS80,B,DEG,m,m,m,um,m,m,um,m,m,m,m,um,m,m,um,99999,99999,ELN,W98,99999,ELN,DFA,AUSGEOID98,GRS80,99999,99999,31-DEC-99,31-DEC-99,Comment is null
196953,1969533108.0,5408832,136.769403,-30.050943,135.88,141.527,5.647,9792951.83,135.88,141.527,0.08,2.67,108.68,-51.79,91.22,-60.83,100.0,5.0,5.06,0.06,2.0,5.0,5.06,0.5,1,0,5,5,1,3,5,5,1,3,69E3,?,TR,GDA94,MSL,GRS80,B,DEG,m,m,m,um,m,m,um,m,m,m,m,um,m,m,um,99999,99999,ELN,W98,99999,ELN,DFA,AUSGEOID98,GRS80,99999,99999,31-DEC-99,31-DEC-99,Comment is null
196953,1969533109.0,4642197,136.758804,-30.118343,128.22,133.693,5.473,9793024.86,128.22,133.693,0.06,2.67,104.74,-46.85,87.82,-55.66,100.0,5.0,5.06,0.06,2.0,5.0,5.06,0.5,1,0,5,5,1,3,5,5,1,3,69E3,?,TR,GDA94,MSL,GRS80,B,DEG,m,m,m,um,m,m,um,m,m,m,m,um,m,m,um,99999,99999,ELN,W98,99999,ELN,DFA,AUSGEOID98,GRS80,99999,99999,31-DEC-99,31-DEC-99,Comment is null
196953,1969533110.0,5908259,136.762304,-30.166343,122.01,127.378,5.368,9793044.37,122.01,127.378,0.06,2.67,67.12,-77.32,50.51,-86.02,100.0,5.0,5.06,0.06,2.0,5.0,5.06,0.5,1,0,5,5,1,3,5,5,1,3,69E3,?,TR,GDA94,MSL,GRS80,B,DEG,m,m,m,um,m,m,um,m,m,m,m,um,m,m,um,99999,99999,ELN,W98,99999,ELN,DFA,AUSGEOID98,GRS80,99999,99999,31-DEC-99,31-DEC-99,Comment is null
196953,1969533111.0,4642198,136.756705,-30.232944,113.75,118.905,5.155,9793016.66,113.75,118.905,0.05,2.67,-39.04,-173.87,-55.0,-182.28,100.0,5.0,5.06,0.06,2.0,5.0,5.06,0.5,1,0,5,5,1,3,5,5,1,3,69E3,?,TR,GDA94,MSL,GRS80,B,DEG,m,m,m,um,m,m,um,m,m,m,m,um,m,m,um,99999,99999,ELN,W98,99999,ELN,DFA,AUSGEOID98,GRS80,99999,99999,31-DEC-99,31-DEC-99,Comment is null
196953,1969533112.0,5973650,136.686306,-30.236244,119.42,124.346,4.926,9793039.17,119.42,124.346,0.04,2.67,-2.34,-143.33,-17.58,-151.21,100.0,5.0,5.06,0.06,2.0,5.0,5.06,0.5,1,0,5,5,1,3,5,5,1,3,69E3,?,TR,GDA94,MSL,GRS80,B,DEG,m,m,m,um,m,m,um,m,m,m,m,um,m,m,um,99999,99999,ELN,W98,99999,ELN,DFA,AUSGEOID98,GRS80,99999,99999,31-DEC-99,31-DEC-99,Comment is null
196953,1969533113.0,4642199,136.628106,-30.174745,107.78,112.687,4.907,9793034.87,107.78,112.687,0.05,2.67,5.69,-122.09,-9.5,-130.11,100.0,5.0,5.06,0.06,2.0,5.0,5.06,0.5,1,0,5,5,1,3,5,5,1,3,69E3,?,TR,GDA94,MSL,GRS80,B,DEG,m,m,m,um,m,m,um,m,m,m,m,um,m,m,um,99999,99999,ELN,W98,99999,ELN,DFA,AUSGEOID98,GRS80,99999,99999,31-DEC-99,31-DEC-99,Comment is null
196953,1969533114.0,5765293,136.617405,-30.123344,110.51,115.522,5.012,9793016.66,110.51,115.522,0.06,2.67,36.55,-94.44,21.03,-102.63,100.0,5.0,5.06,0.06,2.0,5.0,5.06,0.5,1,0,5,5,1,3,5,5,1,3,69E3,?,TR,GDA94,MSL,GRS80,B,DEG,m,m,m,um,m,m,um,m,m,m,m,um,m,m,um,99999,99999,ELN,W98,99999,ELN,DFA,AUSGEOID98,GRS80,99999,99999,31-DEC-99,31-DEC-99,Comment is null
196953,1969533115.0,4642200,136.566306,-30.121345,124.05,128.882,4.832,9792951.93,124.05,128.882,0.03,2.67,14.6,-131.53,-0.35,-139.16,100.0,5.0,5.06,0.06,2.0,5.0,5.06,0.5,1,0,5,5,1,3,5,5,1,3,69E3,?,TR,GDA94,MSL,GRS80,B,DEG,m,m,m,um,m,m,um,m,m,m,m,um,m,m,um,99999,99999,ELN,W98,99999,ELN,DFA,AUSGEOID98,GRS80,99999,99999,31-DEC-99,31-DEC-99,Comment is null
196953,1969533116.0,4642201,136.554905,-30.059245,125.96,130.893,4.933,9792922.11,125.96,130.893,0.05,2.67,39.65,-108.76,24.39,-116.56,100.0,5.0,5.06,0.06,2.0,5.0,5.06,0.5,1,0,5,5,1,3,5,5,1,3,69E3,?,TR,GDA94,MSL,GRS80,B,DEG,m,m,m,um,m,m,um,m,m,m,m,um,m,m,um,99999,99999,ELN,W98,99999,ELN,DFA,AUSGEOID98,GRS80,99999,99999,31-DEC-99,31-DEC-99,Comment is null
196953,1969533117.0,4642202,136.615405,-30.058644,123.07,128.226,5.156,9792972.54,123.07,128.226,0.07,2.67,82.32,-63.07,66.37,-71.35,100.0,5.0,5.06,0.06,2.0,5.0,5.06,0.5,1,0,5,5,1,3,5,5,1,3,69E3,?,TR,GDA94,MSL,GRS80,B,DEG,m,m,m,um,m,m,um,m,m,m,m,um,m,m,um,99999,99999,ELN,W98,99999,ELN,DFA,AUSGEOID98,GRS80,99999,99999,31-DEC-99,31-DEC-99,Comment is null
196953,1969533118.0,5954281,136.619004,-30.000244,107.17,112.433,5.263,9792955.23,107.17,112.433,0.08,2.67,61.99,-65.5,45.69,-74.23,100.0,5.0,5.06,0.06,2.0,5.0,5.06,0.5,1,0,5,5,1,3,5,5,1,3,69E3,?,TR,GDA94,MSL,GRS80,B,DEG,m,m,m,um,m,m,um,m,m,m,m,um,m,m,um,99999,99999,ELN,W98,99999,ELN,DFA,AUSGEOID98,GRS80,99999,99999,31-DEC-99,31-DEC-99,Comment is null
196953,1969533119.0,4642203,136.562604,-30.000844,121.42,126.483,5.063,9792888.69,121.42,126.483,0.05,2.67,38.33,-105.08,22.67,-113.2,100.0,5.0,5.06,0.06,2.0,5.0,5.06,0.5,1,0,5,5,1,3,5,5,1,3,69E3,?,TR,GDA94,MSL,GRS80,B,DEG,m,m,m,um,m,m,um,m,m,m,m,um,m,m,um,99999,99999,ELN,W98,99999,ELN,DFA,AUSGEOID98,GRS80,99999,99999,31-DEC-99,31-DEC-99,Comment is null
196953,1969533120.0,4642204,136.496705,-29.998545,117.73,122.554,4.824,9792788.84,117.73,122.554,0.05,2.67,-71.84,-210.81,-86.78,-218.52,100.0,5.0,5.06,0.06,2.0,5.0,5.06,0.5,1,0,5,5,1,3,5,5,1,3,69E3,?,TR,GDA94,MSL,GRS80,B,DEG,m,m,m,um,m,m,um,m,m,m,m,um,m,m,um,99999,99999,ELN,W98,99999,ELN,DFA,AUSGEOID98,GRS80,99999,99999,31-DEC-99,31-DEC-99,Comment is null
196953,1969533121.0,5677448,136.495506,-30.064145,117.92,122.615,4.695,9792839.97,117.92,122.615,0.06,2.67,-71.87,-210.9,-86.4,-218.35,100.0,5.0,5.06,0.06,2.0,5.0,5.06,0.5,1,0,5,5,1,3,5,5,1,3,69E3,?,TR,GDA94,MSL,GRS80,B,DEG,m,m,m,um,m,m,um,m,m,m,m,um,m,m,um,99999,99999,ELN,W98,99999,ELN,DFA,AUSGEOID98,GRS80,99999,99999,31-DEC-99,31-DEC-99,Comment is null
196953,1969533122.0,4642205,136.491107,-30.132946,112.26,116.786,4.526,9792900.5,112.26,116.786,0.05,2.67,-83.24,-215.67,-97.26,-222.87,100.0,5.0,5.06,0.06,2.0,5.0,5.06,0.5,1,0,5,5,1,3,5,5,1,3,69E3,?,TR,GDA94,MSL,GRS80,B,DEG,m,m,m,um,m,m,um,m,m,m,m,um,m,m,um,99999,99999,ELN,W98,99999,ELN,DFA,AUSGEOID98,GRS80,99999,99999,31-DEC-99,31-DEC-99,Comment is null
196953,1969533123.0,5809379,136.487007,-30.180846,113.63,118.024,4.394,9792948.22,113.63,118.024,0.06,2.67,-69.28,-203.11,-82.89,-210.04,100.0,5.0,5.06,0.06,2.0,5.0,5.06,0.5,1,0,5,5,1,3,5,5,1,3,69E3,?,TR,GDA94,MSL,GRS80,B,DEG,m,m,m,um,m,m,um,m,m,m,m,um,m,m,um,99999,99999,ELN,W98,99999,ELN,DFA,AUSGEOID98,GRS80,99999,99999,31-DEC-99,31-DEC-99,Comment is null
196953,1969533124.0,4642206,136.562807,-30.177845,123.44,128.108,4.668,9792944.12,123.44,128.108,0.07,2.67,-39.91,-185.17,-54.36,-192.48,100.0,5.0,5.06,0.06,2.0,5.0,5.06,0.5,1,0,5,5,1,3,5,5,1,3,69E3,?,TR,GDA94,MSL,GRS80,B,DEG,m,m,m,um,m,m,um,m,m,m,m,um,m,m,um,99999,99999,ELN,W98,99999,ELN,DFA,AUSGEOID98,GRS80,99999,99999,31-DEC-99,31-DEC-99,Comment is null
196953,1969533125.0,4642207,136.572907,-30.239845,110.94,115.469,4.529,9792983.24,110.94,115.469,0.12,2.67,-88.48,-219.42,-102.51,-226.65,100.0,5.0,5.06,0.06,2.0,5.0,5.06,0.5,1,0,5,5,1,3,5,5,1,3,69E3,?,TR,GDA94,MSL,GRS80,B,DEG,m,m,m,um,m,m,um,m,m,m,m,um,m,m,um,99999,99999,ELN,W98,99999,ELN,DFA,AUSGEOID98,GRS80,99999,99999,31-DEC-99,31-DEC-99,Comment is null
196953,1969533126.0,4642208,136.483808,-30.237346,102.92,107.157,4.237,9792970.03,102.92,107.157,0.15,2.67,-125.37,-246.88,-138.5,-253.67,100.0,5.0,5.06,0.06,2.0,5.0,5.06,0.5,1,0,5,5,1,3,5,5,1,3,69E3,?,TR,GDA94,MSL,GRS80,B,DEG,m,m,m,um,m,m,um,m,m,m,m,um,m,m,um,99999,99999,ELN,W98,99999,ELN,DFA,AUSGEOID98,GRS80,99999,99999,31-DEC-99,31-DEC-99,Comment is null
196953,1969533127.0,5967043,136.493109,-30.306747,111.88,115.977,4.097,9792965.73,111.88,115.977,0.06,2.67,-157.04,-288.55,-169.73,-294.92,100.0,5.0,5.06,0.06,2.0,5.0,5.06,0.5,1,0,5,5,1,3,5,5,1,3,69E3,?,TR,GDA94,MSL,GRS80,B,DEG,m,m,m,um,m,m,um,m,m,m,m,um,m,m,um,99999,99999,ELN,W98,99999,ELN,DFA,AUSGEOID98,GRS80,99999,99999,31-DEC-99,31-DEC-99,Comment is null
196953,1969533128.0,4642209,136.49741,-30.348147,109.73,113.755,4.025,9792999.85,109.73,113.755,0.05,2.67,-162.37,-291.36,-174.84,-297.63,100.0,5.0,5.06,0.06,2.0,5.0,5.06,0.5,1,0,5,5,1,3,5,5,1,3,69E3,?,TR,GDA94,MSL,GRS80,B,DEG,m,m,m,um,m,m,um,m,m,m,m,um,m,m,um,99999,99999,ELN,W98,99999,ELN,DFA,AUSGEOID98,GRS80,99999,99999,31-DEC-99,31-DEC-99,Comment is null
196953,1969533129.0,5410154,136.50311,-30.403347,112.13,116.086,3.956,9793042.37,112.13,116.086,0.05,2.67,-156.15,-287.79,-168.41,-293.88,100.0,5.0,5.06,0.06,2.0,5.0,5.06,0.5,1,0,5,5,1,3,5,5,1,3,69E3,?,TR,GDA94,MSL,GRS80,B,DEG,m,m,m,um,m,m,um,m,m,m,m,um,m,m,um,99999,99999,ELN,W98,99999,ELN,DFA,AUSGEOID98,GRS80,99999,99999,31-DEC-99,31-DEC-99,Comment is null
196953,1969533130.0,5924033,136.491111,-30.461747,110.0,113.862,3.862,9793162.84,110.0,113.862,0.06,2.67,-88.62,-217.74,-100.59,-223.68,100.0,5.0,5.06,0.06,2.0,5.0,5.06,0.5,1,0,5,5,1,3,5,5,1,3,69E3,?,TR,GDA94,MSL,GRS80,B,DEG,m,m,m,um,m,m,um,m,m,m,m,um,m,m,um,99999,99999,ELN,W98,99999,ELN,DFA,AUSGEOID98,GRS80,99999,99999,31-DEC-99,31-DEC-99,Comment is null
196953,1969533131.0,4642210,136.56981,-30.450446,102.01,106.116,4.106,9793168.54,102.01,106.116,0.11,2.67,-97.9,-218.23,-110.63,-224.78,100.0,5.0,5.06,0.06,2.0,5.0,5.06,0.5,1,0,5,5,1,3,5,5,1,3,69E3,?,TR,GDA94,MSL,GRS80,B,DEG,m,m,m,um,m,m,um,m,m,m,m,um,m,m,um,99999,99999,ELN,W98,99999,ELN,DFA,AUSGEOID98,GRS80,99999,99999,31-DEC-99,31-DEC-99,Comment is null
196953,1969533132.0,5828539,136.63401,-30.453546,95.15,99.446,4.296,9793227.47,95.15,99.446,0.15,2.67,-62.0,-174.77,-75.31,-181.79,100.0,5.0,5.06,0.06,2.0,5.0,5.06,0.5,1,0,5,5,1,3,5,5,1,3,69E3,?,TR,GDA94,MSL,GRS80,B,DEG,m,m,m,um,m,m,um,m,m,m,m,um,m,m,um,99999,99999,ELN,W98,99999,ELN,DFA,AUSGEOID98,GRS80,99999,99999,31-DEC-99,31-DEC-99,Comment is null
196953,1969533133.0,4642211,136.629109,-30.391946,110.94,115.314,4.374,9793091.7,110.94,115.314,0.07,2.67,-100.22,-230.98,-113.77,-237.91,100.0,5.0,5.06,0.06,2.0,5.0,5.06,0.5,1,0,5,5,1,3,5,5,1,3,69E3,?,TR,GDA94,MSL,GRS80,B,DEG,m,m,m,um,m,m,um,m,m,m,m,um,m,m,um,99999,99999,ELN,W98,99999,ELN,DFA,AUSGEOID98,GRS80,99999,99999,31-DEC-99,31-DEC-99,Comment is null
196953,1969533134.0,4642212,136.57191,-30.400546,96.13,100.307,4.177,9793102.6,96.13,100.307,0.1,2.67,-142.4,-256.15,-155.35,-262.92,100.0,5.0,5.06,0.06,2.0,5.0,5.06,0.5,1,0,5,5,1,3,5,5,1,3,69E3,?,TR,GDA94,MSL,GRS80,B,DEG,m,m,m,um,m,m,um,m,m,m,m,um,m,m,um,99999,99999,ELN,W98,99999,ELN,DFA,AUSGEOID98,GRS80,99999,99999,31-DEC-99,31-DEC-99,Comment is null
196953,1969533135.0,4642213,136.579309,-30.338246,94.15,98.461,4.311,9793032.57,94.15,98.461,0.14,2.67,-169.04,-280.7,-182.41,-287.76,100.0,5.0,5.06,0.06,2.0,5.0,5.06,0.5,1,0,5,5,1,3,5,5,1,3,69E3,?,TR,GDA94,MSL,GRS80,B,DEG,m,m,m,um,m,m,um,m,m,m,m,um,m,m,um,99999,99999,ELN,W98,99999,ELN,DFA,AUSGEOID98,GRS80,99999,99999,31-DEC-99,31-DEC-99,Comment is null
196953,1969533136.0,5867890,136.563808,-30.292946,124.48,128.841,4.361,9792932.11,124.48,128.841,0.24,2.67,-140.11,-286.2,-153.6,-292.89,100.0,5.0,5.06,0.06,2.0,5.0,5.06,0.5,1,0,5,5,1,3,5,5,1,3,69E3,?,TR,GDA94,MSL,GRS80,B,DEG,m,m,m,um,m,m,um,m,m,m,m,um,m,m,um,99999,99999,ELN,W98,99999,ELN,DFA,AUSGEOID98,GRS80,99999,99999,31-DEC-99,31-DEC-99,Comment is null
196953,1969533137.0,4642214,136.625007,-30.279445,113.75,118.356,4.606,9792993.65,113.75,118.356,0.04,2.67,-100.31,-234.51,-114.56,-241.85,100.0,5.0,5.06,0.06,2.0,5.0,5.06,0.5,1,0,5,5,1,3,5,5,1,3,69E3,?,TR,GDA94,MSL,GRS80,B,DEG,m,m,m,um,m,m,um,m,m,m,m,um,m,m,um,99999,99999,ELN,W98,99999,ELN,DFA,AUSGEOID98,GRS80,99999,99999,31-DEC-99,31-DEC-99,Comment is null
196953,1969533138.0,4642215,136.635807,-30.225845,96.8,101.585,4.785,9793057.58,96.8,101.585,0.12,2.67,-45.98,-161.18,-60.81,-169.13,100.0,5.0,5.06,0.06,2.0,5.0,5.06,0.5,1,0,5,5,1,3,5,5,1,3,69E3,?,TR,GDA94,MSL,GRS80,B,DEG,m,m,m,um,m,m,um,m,m,m,m,um,m,m,um,99999,99999,ELN,W98,99999,ELN,DFA,AUSGEOID98,GRS80,99999,99999,31-DEC-99,31-DEC-99,Comment is null
196953,1969533139.0,5840394,136.687108,-30.338745,118.19,122.859,4.669,9793054.68,118.19,122.859,0.1,2.67,-72.05,-211.36,-86.5,-218.75,100.0,5.0,5.06,0.06,2.0,5.0,5.06,0.5,1,0,5,5,1,3,5,5,1,3,69E3,?,TR,GDA94,MSL,GRS80,B,DEG,m,m,m,um,m,m,um,m,m,m,m,um,m,m,um,99999,99999,ELN,W98,99999,ELN,DFA,AUSGEOID98,GRS80,99999,99999,31-DEC-99,31-DEC-99,Comment is null
196953,1969533140.0,5408511,136.687708,-30.402945,89.17,93.706,4.536,9793179.05,89.17,93.706,0.18,2.67,-88.22,-194.48,-102.28,-202.06,100.0,5.0,5.06,0.06,2.0,5.0,5.06,0.5,1,0,5,5,1,3,5,5,1,3,69E3,?,TR,GDA94,MSL,GRS80,B,DEG,m,m,m,um,m,m,um,m,m,m,m,um,m,m,um,99999,99999,ELN,W98,99999,ELN,DFA,AUSGEOID98,GRS80,99999,99999,31-DEC-99,31-DEC-99,Comment is null
196953,1969533141.0,4642216,136.698409,-30.458145,106.38,110.85,4.47,9793204.26,106.38,110.85,0.05,2.67,-53.65,-179.35,-67.5,-186.54,100.0,5.0,5.06,0.06,2.0,5.0,5.06,0.5,1,0,5,5,1,3,5,5,1,3,69E3,?,TR,GDA94,MSL,GRS80,B,DEG,m,m,m,um,m,m,um,m,m,m,m,um,m,m,um,99999,99999,ELN,W98,99999,ELN,DFA,AUSGEOID98,GRS80,99999,99999,31-DEC-99,31-DEC-99,Comment is null
196953,1969533142.0,4642217,136.69531,-30.503845,104.96,109.357,4.397,9793259.79,104.96,109.357,0.04,2.67,-38.82,-162.82,-52.44,-169.89,100.0,5.0,5.06,0.06,2.0,5.0,5.06,0.5,1,0,5,5,1,3,5,5,1,3,69E3,?,TR,GDA94,MSL,GRS80,B,DEG,m,m,m,um,m,m,um,m,m,m,m,um,m,m,um,99999,99999,ELN,W98,99999,ELN,DFA,AUSGEOID98,GRS80,99999,99999,31-DEC-99,31-DEC-99,Comment is null
196953,1969533143.0,5409789,136.764609,-30.503145,86.26,90.837,4.577,9793251.38,86.26,90.837,0.12,2.67,-103.81,-206.82,-118.0,-214.53,100.0,5.0,5.06,0.06,2.0,5.0,5.06,0.5,1,0,5,5,1,3,5,5,1,3,69E3,?,TR,GDA94,MSL,GRS80,B,DEG,m,m,m,um,m,m,um,m,m,m,m,um,m,m,um,99999,99999,ELN,W98,99999,ELN,DFA,AUSGEOID98,GRS80,99999,99999,31-DEC-99,31-DEC-99,Comment is null
196953,1969533144.0,5699080,136.839608,-30.491244,97.86,102.674,4.814,9793242.68,97.86,102.674,0.03,2.67,-66.59,-183.02,-81.5,-191.01,100.0,5.0,5.06,0.06,2.0,5.0,5.06,0.5,1,0,5,5,1,3,5,5,1,3,69E3,?,TR,GDA94,MSL,GRS80,B,DEG,m,m,m,um,m,m,um,m,m,m,m,um,m,m,um,99999,99999,ELN,W98,99999,ELN,DFA,AUSGEOID98,GRS80,99999,99999,31-DEC-99,31-DEC-99,Comment is null
196953,1969533145.0,4642218,136.758208,-30.452845,77.05,81.692,4.642,9793223.57,77.05,81.692,0.14,2.67,-120.13,-212.77,-134.52,-220.74,100.0,5.0,5.06,0.06,2.0,5.0,5.06,0.5,1,0,5,5,1,3,5,5,1,3,69E3,?,TR,GDA94,MSL,GRS80,B,DEG,m,m,m,um,m,m,um,m,m,m,m,um,m,m,um,99999,99999,ELN,W98,99999,ELN,DFA,AUSGEOID98,GRS80,99999,99999,31-DEC-99,31-DEC-99,Comment is null
196953,1969533146.0,4642219,136.751508,-30.389944,101.82,106.575,4.755,9793161.94,101.82,106.575,0.11,2.67,-55.37,-176.22,-70.1,-184.03,100.0,5.0,5.06,0.06,2.0,5.0,5.06,0.5,1,0,5,5,1,3,5,5,1,3,69E3,?,TR,GDA94,MSL,GRS80,B,DEG,m,m,m,um,m,m,um,m,m,m,m,um,m,m,um,99999,99999,ELN,W98,99999,ELN,DFA,AUSGEOID98,GRS80,99999,99999,31-DEC-99,31-DEC-99,Comment is null
196953,1969533147.0,4642220,136.754707,-30.339044,93.01,97.891,4.881,9793170.34,93.01,97.891,0.08,2.67,-33.66,-144.67,-48.78,-152.86,100.0,5.0,5.06,0.06,2.0,5.0,5.06,0.5,1,0,5,5,1,3,5,5,1,3,69E3,?,TR,GDA94,MSL,GRS80,B,DEG,m,m,m,um,m,m,um,m,m,m,m,um,m,m,um,99999,99999,ELN,W98,99999,ELN,DFA,AUSGEOID98,GRS80,99999,99999,31-DEC-99,31-DEC-99,Comment is null
196953,1969533148.0,5262834,136.755106,-30.291444,116.42,121.416,4.996,9793027.87,116.42,121.416,0.06,2.67,-66.08,-203.76,-81.54,-211.82,100.0,5.0,5.06,0.06,2.0,5.0,5.06,0.5,1,0,5,5,1,3,5,5,1,3,69E3,?,TR,GDA94,MSL,GRS80,B,DEG,m,m,m,um,m,m,um,m,m,m,m,um,m,m,um,99999,99999,ELN,W98,99999,ELN,DFA,AUSGEOID98,GRS80,99999,99999,31-DEC-99,31-DEC-99,Comment is null
196953,1969533149.0,5880230,136.688407,-30.292145,112.92,117.705,4.785,9793041.97,112.92,117.705,0.05,2.67,-63.98,-197.45,-78.79,-205.15,100.0,5.0,5.06,0.06,2.0,5.0,5.06,0.5,1,0,5,5,1,3,5,5,1,3,69E3,?,TR,GDA94,MSL,GRS80,B,DEG,m,m,m,um,m,m,um,m,m,m,m,um,m,m,um,99999,99999,ELN,W98,99999,ELN,DFA,AUSGEOID98,GRS80,99999,99999,31-DEC-99,31-DEC-99,Comment is null
196953,1969533201.0,4642221,136.905704,-30.258942,81.01,86.54,5.53,9793163.74,81.01,86.54,0.11,2.67,-12.26,-110.4,-29.4,-120.05,100.0,5.0,5.06,0.06,2.0,5.0,5.06,0.5,1,0,5,5,1,3,5,5,1,3,69E3,?,TR,GDA94,MSL,GRS80,B,DEG,m,m,m,um,m,m,um,m,m,m,m,um,m,m,um,99999,99999,ELN,W98,99999,ELN,DFA,AUSGEOID98,GRS80,99999,99999,31-DEC-99,31-DEC-99,Comment is null
196953,1969533202.0,5701242,137.001502,-30.170641,106.94,112.956,6.016,9793112.21,106.94,112.956,0.1,2.67,87.08,-41.0,68.46,-51.2,100.0,5.0,5.06,0.06,2.0,5.0,5.06,0.5,1,0,5,5,1,3,5,5,1,3,69E3,?,TR,GDA94,MSL,GRS80,B,DEG,m,m,m,um,m,m,um,m,m,m,m,um,m,m,um,99999,99999,ELN,W98,99999,ELN,DFA,AUSGEOID98,GRS80,99999,99999,31-DEC-99,31-DEC-99,Comment is null
196953,1969533203.0,5409110,136.997001,-30.111741,106.19,112.295,6.105,9793026.46,106.19,112.295,0.09,2.67,45.5,-81.84,26.6,-92.22,100.0,5.0,5.06,0.06,2.0,5.0,5.06,0.5,1,0,5,5,1,3,5,5,1,3,69E3,?,TR,GDA94,MSL,GRS80,B,DEG,m,m,m,um,m,m,um,m,m,m,m,um,m,m,um,99999,99999,ELN,W98,99999,ELN,DFA,AUSGEOID98,GRS80,99999,99999,31-DEC-99,31-DEC-99,Comment is null
196953,1969533204.0,4642222,137.0055,-30.04724,112.53,118.776,6.246,9792964.83,112.53,118.776,0.11,2.67,54.39,-80.29,35.07,-90.86,100.0,5.0,5.06,0.06,2.0,5.0,5.06,0.5,1,0,5,5,1,3,5,5,1,3,69E3,?,TR,GDA94,MSL,GRS80,B,DEG,m,m,m,um,m,m,um,m,m,m,m,um,m,m,um,99999,99999,ELN,W98,99999,ELN,DFA,AUSGEOID98,GRS80,99999,99999,31-DEC-99,31-DEC-99,Comment is null
196953,1969533205.0,5877577,137.0041,-29.99354,112.28,118.601,6.321,9792922.31,112.28,118.601,0.13,2.67,53.34,-81.14,33.79,-91.85,100.0,5.0,5.06,0.06,2.0,5.0,5.06,0.5,1,0,5,5,1,3,5,5,1,3,69E3,?,TR,GDA94,MSL,GRS80,B,DEG,m,m,m,um,m,m,um,m,m,m,m,um,m,m,um,99999,99999,ELN,W98,99999,ELN,DFA,AUSGEOID98,GRS80,99999,99999,31-DEC-99,31-DEC-99,Comment is null
196953,1969533206.0,5904506,137.069899,-29.990939,86.84,93.333,6.493,9793015.36,86.84,93.333,0.15,2.67,70.46,-35.38,50.36,-46.82,100.0,5.0,5.06,0.06,2.0,5.0,5.06,0.5,1,0,5,5,1,3,5,5,1,3,69E3,?,TR,GDA94,MSL,GRS80,B,DEG,m,m,m,um,m,m,um,m,m,m,m,um,m,m,um,99999,99999,ELN,W98,99999,ELN,DFA,AUSGEOID98,GRS80,99999,99999,31-DEC-99,31-DEC-99,Comment is null
196953,1969533207.0,5746197,137.140498,-29.992439,100.13,106.792,6.662,9792988.44,100.13,106.792,0.1,2.67,83.9,-37.19,63.29,-48.76,100.0,5.0,5.06,0.06,2.0,5.0,5.06,0.5,1,0,5,5,1,3,5,5,1,3,69E3,?,TR,GDA94,MSL,GRS80,B,DEG,m,m,m,um,m,m,um,m,m,m,m,um,m,m,um,99999,99999,ELN,W98,99999,ELN,DFA,AUSGEOID98,GRS80,99999,99999,31-DEC-99,31-DEC-99,Comment is null
196953,1969533208.0,4642223,137.0685,-30.05024,94.48,100.889,6.409,9793047.58,94.48,100.889,0.08,2.67,79.59,-34.81,59.75,-45.97,100.0,5.0,5.06,0.06,2.0,5.0,5.06,0.5,1,0,5,5,1,3,5,5,1,3,69E3,?,TR,GDA94,MSL,GRS80,B,DEG,m,m,m,um,m,m,um,m,m,m,m,um,m,m,um,99999,99999,ELN,W98,99999,ELN,DFA,AUSGEOID98,GRS80,99999,99999,31-DEC-99,31-DEC-99,Comment is null
196953,1969533209.0,5681797,137.0706,-30.10574,101.71,108.028,6.318,9793066.19,101.71,108.028,0.09,2.67,76.75,-45.74,57.2,-56.61,100.0,5.0,5.06,0.06,2.0,5.0,5.06,0.5,1,0,5,5,1,3,5,5,1,3,69E3,?,TR,GDA94,MSL,GRS80,B,DEG,m,m,m,um,m,m,um,m,m,m,m,um,m,m,um,99999,99999,ELN,W98,99999,ELN,DFA,AUSGEOID98,GRS80,99999,99999,31-DEC-99,31-DEC-99,Comment is null
196953,1969533210.0,4642224,137.067601,-30.16704,110.92,117.118,6.198,9793103.51,110.92,117.118,0.23,2.67,94.04,-38.76,74.87,-49.25,100.0,5.0,5.06,0.06,2.0,5.0,5.06,0.5,1,0,5,5,1,3,5,5,1,3,69E3,?,TR,GDA94,MSL,GRS80,B,DEG,m,m,m,um,m,m,um,m,m,m,m,um,m,m,um,99999,99999,ELN,W98,99999,ELN,DFA,AUSGEOID98,GRS80,99999,99999,31-DEC-99,31-DEC-99,Comment is null
196953,1969533211.0,4642225,137.079802,-30.22354,65.23,71.325,6.095,9793251.58,65.23,71.325,0.15,2.67,56.47,-24.42,37.57,-35.42,100.0,5.0,5.06,0.06,2.0,5.0,5.06,0.5,1,0,5,5,1,3,5,5,1,3,69E3,?,TR,GDA94,MSL,GRS80,B,DEG,m,m,m,um,m,m,um,m,m,m,m,um,m,m,um,99999,99999,ELN,W98,99999,ELN,DFA,AUSGEOID98,GRS80,99999,99999,31-DEC-99,31-DEC-99,Comment is null
196953,1969533212.0,4642226,137.012303,-30.225941,106.01,111.922,5.912,9793125.42,106.01,111.922,0.21,2.67,53.67,-73.24,35.38,-83.25,100.0,5.0,5.06,0.06,2.0,5.0,5.06,0.5,1,0,5,5,1,3,5,5,1,3,69E3,?,TR,GDA94,MSL,GRS80,B,DEG,m,m,m,um,m,m,um,m,m,m,m,um,m,m,um,99999,99999,ELN,W98,99999,ELN,DFA,AUSGEOID98,GRS80,99999,99999,31-DEC-99,31-DEC-99,Comment is null
196953,1969533213.0,5848258,136.944003,-30.169641,81.92,87.783,5.863,9793146.33,81.92,87.783,0.13,2.67,44.31,-55.23,26.15,-65.52,100.0,5.0,5.06,0.06,2.0,5.0,5.06,0.5,1,0,5,5,1,3,5,5,1,3,69E3,?,TR,GDA94,MSL,GRS80,B,DEG,m,m,m,um,m,m,um,m,m,m,m,um,m,m,um,99999,99999,ELN,W98,99999,ELN,DFA,AUSGEOID98,GRS80,99999,99999,31-DEC-99,31-DEC-99,Comment is null
196953,1969533214.0,4642227,136.948902,-30.106141,107.13,113.109,5.979,9792990.75,107.13,113.109,0.07,2.67,16.68,-111.58,-1.83,-121.7,100.0,5.0,5.06,0.06,2.0,5.0,5.06,0.5,1,0,5,5,1,3,5,5,1,3,69E3,?,TR,GDA94,MSL,GRS80,B,DEG,m,m,m,um,m,m,um,m,m,m,m,um,m,m,um,99999,99999,ELN,W98,99999,ELN,DFA,AUSGEOID98,GRS80,99999,99999,31-DEC-99,31-DEC-99,Comment is null
196953,1969533215.0,4642228,136.880902,-30.109442,88.11,93.918,5.808,9793088.5,88.11,93.918,0.16,2.67,52.63,-53.87,34.64,-63.96,100.0,5.0,5.06,0.06,2.0,5.0,5.06,0.5,1,0,5,5,1,3,5,5,1,3,69E3,?,TR,GDA94,MSL,GRS80,B,DEG,m,m,m,um,m,m,um,m,m,m,m,um,m,m,um,99999,99999,ELN,W98,99999,ELN,DFA,AUSGEOID98,GRS80,99999,99999,31-DEC-99,31-DEC-99,Comment is null
196953,1969533216.0,5683989,136.883302,-30.055542,121.71,127.628,5.918,9792910.3,121.71,127.628,0.11,2.67,20.67,-124.04,2.37,-133.82,100.0,5.0,5.06,0.06,2.0,5.0,5.06,0.5,1,0,5,5,1,3,5,5,1,3,69E3,?,TR,GDA94,MSL,GRS80,B,DEG,m,m,m,um,m,m,um,m,m,m,m,um,m,m,um,99999,99999,ELN,W98,99999,ELN,DFA,AUSGEOID98,GRS80,99999,99999,31-DEC-99,31-DEC-99,Comment is null
196953,1969533217.0,4642229,136.946901,-30.057041,118.07,124.142,6.072,9792910.3,118.07,124.142,0.12,2.67,8.74,-132.02,-10.04,-142.16,100.0,5.0,5.06,0.06,2.0,5.0,5.06,0.5,1,0,5,5,1,3,5,5,1,3,69E3,?,TR,GDA94,MSL,GRS80,B,DEG,m,m,m,um,m,m,um,m,m,m,m,um,m,m,um,99999,99999,ELN,W98,99999,ELN,DFA,AUSGEOID98,GRS80,99999,99999,31-DEC-99,31-DEC-99,Comment is null
196953,1969533218.0,4642230,136.9372,-29.997041,130.44,136.579,6.139,9792831.16,130.44,136.579,0.19,2.67,14.93,-139.93,-4.05,-150.01,100.0,5.0,5.06,0.06,2.0,5.0,5.06,0.5,1,0,5,5,1,3,5,5,1,3,69E3,?,TR,GDA94,MSL,GRS80,B,DEG,m,m,m,um,m,m,um,m,m,m,m,um,m,m,um,99999,99999,ELN,W98,99999,ELN,DFA,AUSGEOID98,GRS80,99999,99999,31-DEC-99,31-DEC-99,Comment is null
196953,1969533219.0,4642231,136.877501,-30.000841,124.71,130.696,5.986,9792869.58,124.71,130.696,0.08,2.67,32.22,-115.97,13.71,-125.84,100.0,5.0,5.06,0.06,2.0,5.0,5.06,0.5,1,0,5,5,1,3,5,5,1,3,69E3,?,TR,GDA94,MSL,GRS80,B,DEG,m,m,m,um,m,m,um,m,m,m,m,um,m,m,um,99999,99999,ELN,W98,99999,ELN,DFA,AUSGEOID98,GRS80,99999,99999,31-DEC-99,31-DEC-99,Comment is null
196953,1969533220.0,5765294,136.835502,-30.051642,128.65,134.463,5.813,9792937.12,128.65,134.463,0.09,2.67,71.63,-80.83,53.65,-90.3,100.0,5.0,5.06,0.06,2.0,5.0,5.06,0.5,1,0,5,5,1,3,5,5,1,3,69E3,?,TR,GDA94,MSL,GRS80,B,DEG,m,m,m,um,m,m,um,m,m,m,m,um,m,m,um,99999,99999,ELN,W98,99999,ELN,DFA,AUSGEOID98,GRS80,99999,99999,31-DEC-99,31-DEC-99,Comment is null
196953,1969533221.0,5908260,136.819703,-30.118542,123.46,129.098,5.638,9793072.19,123.46,129.098,0.14,2.67,137.73,-8.65,120.29,-17.86,100.0,5.0,5.06,0.06,2.0,5.0,5.06,0.5,1,0,5,5,1,3,5,5,1,3,69E3,?,TR,GDA94,MSL,GRS80,B,DEG,m,m,m,um,m,m,um,m,m,m,m,um,m,m,um,99999,99999,ELN,W98,99999,ELN,DFA,AUSGEOID98,GRS80,99999,99999,31-DEC-99,31-DEC-99,Comment is null
196953,1969533222.0,4642232,136.816504,-30.165643,128.84,134.371,5.531,9793053.28,128.84,134.371,0.15,2.67,98.15,-54.21,81.04,-63.13,100.0,5.0,5.06,0.06,2.0,5.0,5.06,0.5,1,0,5,5,1,3,5,5,1,3,69E3,?,TR,GDA94,MSL,GRS80,B,DEG,m,m,m,um,m,m,um,m,m,m,m,um,m,m,um,99999,99999,ELN,W98,99999,ELN,DFA,AUSGEOID98,GRS80,99999,99999,31-DEC-99,31-DEC-99,Comment is null
196953,1969533223.0,4642233,136.891203,-30.166142,95.03,100.76,5.73,9793134.42,95.03,100.76,0.1,2.67,75.19,-39.07,57.45,-48.89,100.0,5.0,5.06,0.06,2.0,5.0,5.06,0.5,1,0,5,5,1,3,5,5,1,3,69E3,?,TR,GDA94,MSL,GRS80,B,DEG,m,m,m,um,m,m,um,m,m,m,m,um,m,m,um,99999,99999,ELN,W98,99999,ELN,DFA,AUSGEOID98,GRS80,99999,99999,31-DEC-99,31-DEC-99,Comment is null
196953,1969533225.0,4642234,136.889104,-30.236542,75.53,81.067,5.537,9793183.15,75.53,81.067,0.17,2.67,7.87,-84.06,-9.29,-93.81,100.0,5.0,5.06,0.06,2.0,5.0,5.06,0.5,1,0,5,5,1,3,5,5,1,3,69E3,?,TR,GDA94,MSL,GRS80,B,DEG,m,m,m,um,m,m,um,m,m,m,m,um,m,m,um,99999,99999,ELN,W98,99999,ELN,DFA,AUSGEOID98,GRS80,99999,99999,31-DEC-99,31-DEC-99,Comment is null
196953,1969533226.0,5786902,136.824405,-30.231443,116.53,121.894,5.364,9793022.16,116.53,121.894,0.11,2.67,-23.14,-161.35,-39.73,-170.13,100.0,5.0,5.06,0.06,2.0,5.0,5.06,0.5,1,0,5,5,1,3,5,5,1,3,69E3,?,TR,GDA94,MSL,GRS80,B,DEG,m,m,m,um,m,m,um,m,m,m,m,um,m,m,um,99999,99999,ELN,W98,99999,ELN,DFA,AUSGEOID98,GRS80,99999,99999,31-DEC-99,31-DEC-99,Comment is null
196953,1969533227.0,5809380,136.819705,-30.285943,115.88,121.086,5.206,9793053.28,115.88,121.086,0.05,2.67,-37.36,-174.66,-53.47,-183.14,100.0,5.0,5.06,0.06,2.0,5.0,5.06,0.5,1,0,5,5,1,3,5,5,1,3,69E3,?,TR,GDA94,MSL,GRS80,B,DEG,m,m,m,um,m,m,um,m,m,m,m,um,m,m,um,99999,99999,ELN,W98,99999,ELN,DFA,AUSGEOID98,GRS80,99999,99999,31-DEC-99,31-DEC-99,Comment is null
196953,1969533228.0,4642235,136.814106,-30.354544,95.88,100.904,5.024,9793153.53,95.88,100.904,0.05,2.67,-53.38,-167.8,-68.94,-176.23,100.0,5.0,5.06,0.06,2.0,5.0,5.06,0.5,1,0,5,5,1,3,5,5,1,3,69E3,?,TR,GDA94,MSL,GRS80,B,DEG,m,m,m,um,m,m,um,m,m,m,m,um,m,m,um,99999,99999,ELN,W98,99999,ELN,DFA,AUSGEOID98,GRS80,99999,99999,31-DEC-99,31-DEC-99,Comment is null
196953,1969533229.0,4642236,136.822507,-30.396044,104.61,109.567,4.957,9793145.83,104.61,109.567,0.03,2.67,-67.06,-191.3,-82.4,-199.46,100.0,5.0,5.06,0.06,2.0,5.0,5.06,0.5,1,0,5,5,1,3,5,5,1,3,69E3,?,TR,GDA94,MSL,GRS80,B,DEG,m,m,m,um,m,m,um,m,m,m,m,um,m,m,um,99999,99999,ELN,W98,99999,ELN,DFA,AUSGEOID98,GRS80,99999,99999,31-DEC-99,31-DEC-99,Comment is null
196953,1969533230.0,5409325,136.816808,-30.451744,97.63,102.45,4.82,9793222.47,97.63,102.45,0.04,2.67,-56.31,-172.48,-71.24,-180.49,100.0,5.0,5.06,0.06,2.0,5.0,5.06,0.5,1,0,5,5,1,3,5,5,1,3,69E3,?,TR,GDA94,MSL,GRS80,B,DEG,m,m,m,um,m,m,um,m,m,m,m,um,m,m,um,99999,99999,ELN,W98,99999,ELN,DFA,AUSGEOID98,GRS80,99999,99999,31-DEC-99,31-DEC-99,Comment is null
196953,1969533231.0,5973651,136.886807,-30.455943,93.38,98.409,5.029,9793340.23,93.38,98.409,0.06,2.67,45.67,-65.92,30.09,-74.4,100.0,5.0,5.06,0.06,2.0,5.0,5.06,0.5,1,0,5,5,1,3,5,5,1,3,69E3,?,TR,GDA94,MSL,GRS80,B,DEG,m,m,m,um,m,m,um,m,m,m,m,um,m,m,um,99999,99999,ELN,W98,99999,ELN,DFA,AUSGEOID98,GRS80,99999,99999,31-DEC-99,31-DEC-99,Comment is null
196953,1969533232.0,5410155,136.957006,-30.441443,107.96,113.214,5.254,9793214.26,107.96,113.214,0.07,2.67,-23.17,-151.55,-39.43,-160.24,100.0,5.0,5.06,0.06,2.0,5.0,5.06,0.5,1,0,5,5,1,3,5,5,1,3,69E3,?,TR,GDA94,MSL,GRS80,B,DEG,m,m,m,um,m,m,um,m,m,m,m,um,m,m,um,99999,99999,ELN,W98,99999,ELN,DFA,AUSGEOID98,GRS80,99999,99999,31-DEC-99,31-DEC-99,Comment is null
196953,1969533233.0,5409489,136.949806,-30.396442,105.67,111.002,5.332,9793179.45,105.67,111.002,0.05,2.67,-29.32,-155.19,-45.83,-164.07,100.0,5.0,5.06,0.06,2.0,5.0,5.06,0.5,1,0,5,5,1,3,5,5,1,3,69E3,?,TR,GDA94,MSL,GRS80,B,DEG,m,m,m,um,m,m,um,m,m,m,m,um,m,m,um,99999,99999,ELN,W98,99999,ELN,DFA,AUSGEOID98,GRS80,99999,99999,31-DEC-99,31-DEC-99,Comment is null
196953,1969533234.0,4642237,136.893606,-30.398843,98.71,103.874,5.164,9793203.56,98.71,103.874,0.04,2.67,-29.1,-146.89,-45.09,-155.55,100.0,5.0,5.06,0.06,2.0,5.0,5.06,0.5,1,0,5,5,1,3,5,5,1,3,69E3,?,TR,GDA94,MSL,GRS80,B,DEG,m,m,m,um,m,m,um,m,m,m,m,um,m,m,um,99999,99999,ELN,W98,99999,ELN,DFA,AUSGEOID98,GRS80,99999,99999,31-DEC-99,31-DEC-99,Comment is null
196953,1969533235.0,4642238,136.885405,-30.338243,102.8,108.072,5.272,9793115.31,102.8,108.072,0.07,2.67,-56.64,-179.19,-72.97,-188.0,100.0,5.0,5.06,0.06,2.0,5.0,5.06,0.5,1,0,5,5,1,3,5,5,1,3,69E3,?,TR,GDA94,MSL,GRS80,B,DEG,m,m,m,um,m,m,um,m,m,m,m,um,m,m,um,99999,99999,ELN,W98,99999,ELN,DFA,AUSGEOID98,GRS80,99999,99999,31-DEC-99,31-DEC-99,Comment is null
196953,1969533236.0,5924034,136.878705,-30.286543,97.96,103.339,5.379,9793120.31,97.96,103.339,0.12,2.67,-25.55,-142.74,-42.21,-151.83,100.0,5.0,5.06,0.06,2.0,5.0,5.06,0.5,1,0,5,5,1,3,5,5,1,3,69E3,?,TR,GDA94,MSL,GRS80,B,DEG,m,m,m,um,m,m,um,m,m,m,m,um,m,m,um,99999,99999,ELN,W98,99999,ELN,DFA,AUSGEOID98,GRS80,99999,99999,31-DEC-99,31-DEC-99,Comment is null
196953,1969533237.0,4642239,136.946204,-30.288342,89.55,95.125,5.575,9793141.53,89.55,95.125,0.07,2.67,-31.1,-138.97,-48.37,-148.58,100.0,5.0,5.06,0.06,2.0,5.0,5.06,0.5,1,0,5,5,1,3,5,5,1,3,69E3,?,TR,GDA94,MSL,GRS80,B,DEG,m,m,m,um,m,m,um,m,m,m,m,um,m,m,um,99999,99999,ELN,W98,99999,ELN,DFA,AUSGEOID98,GRS80,99999,99999,31-DEC-99,31-DEC-99,Comment is null
196953,1969533238.0,4642240,136.949805,-30.335842,98.94,104.409,5.469,9793134.22,98.94,104.409,0.05,2.67,-47.15,-165.54,-64.08,-174.79,100.0,5.0,5.06,0.06,2.0,5.0,5.06,0.5,1,0,5,5,1,3,5,5,1,3,69E3,?,TR,GDA94,MSL,GRS80,B,DEG,m,m,m,um,m,m,um,m,m,m,m,um,m,m,um,99999,99999,ELN,W98,99999,ELN,DFA,AUSGEOID98,GRS80,99999,99999,31-DEC-99,31-DEC-99,Comment is null
196953,1969533239.0,4642241,137.009004,-30.341342,106.53,112.166,5.636,9793171.54,106.53,112.166,0.1,2.67,9.78,-117.41,-7.67,-126.87,100.0,5.0,5.06,0.06,2.0,5.0,5.06,0.5,1,0,5,5,1,3,5,5,1,3,69E3,?,TR,GDA94,MSL,GRS80,B,DEG,m,m,m,um,m,m,um,m,m,m,m,um,m,m,um,99999,99999,ELN,W98,99999,ELN,DFA,AUSGEOID98,GRS80,99999,99999,31-DEC-99,31-DEC-99,Comment is null
196953,1969533240.0,4642242,137.008105,-30.391542,98.26,103.772,5.512,9793234.57,98.26,103.772,0.08,2.67,7.36,-110.31,-9.71,-119.66,100.0,5.0,5.06,0.06,2.0,5.0,5.06,0.5,1,0,5,5,1,3,5,5,1,3,69E3,?,TR,GDA94,MSL,GRS80,B,DEG,m,m,m,um,m,m,um,m,m,m,m,um,m,m,um,99999,99999,ELN,W98,99999,ELN,DFA,AUSGEOID98,GRS80,99999,99999,31-DEC-99,31-DEC-99,Comment is null
196953,1969533241.0,5899380,137.008606,-30.444742,100.15,105.538,5.388,9793226.57,100.15,105.538,0.07,2.67,-37.15,-156.83,-53.83,-165.9,100.0,5.0,5.06,0.06,2.0,5.0,5.06,0.5,1,0,5,5,1,3,5,5,1,3,69E3,?,TR,GDA94,MSL,GRS80,B,DEG,m,m,m,um,m,m,um,m,m,m,m,um,m,m,um,99999,99999,ELN,W98,99999,ELN,DFA,AUSGEOID98,GRS80,99999,99999,31-DEC-99,31-DEC-99,Comment is null
196953,1969533242.0,4642243,137.010506,-30.500742,112.23,117.504,5.274,9793244.98,112.23,117.504,0.05,2.67,-26.04,-159.28,-42.36,-167.94,100.0,5.0,5.06,0.06,2.0,5.0,5.06,0.5,1,0,5,5,1,3,5,5,1,3,69E3,?,TR,GDA94,MSL,GRS80,B,DEG,m,m,m,um,m,m,um,m,m,m,m,um,m,m,um,99999,99999,ELN,W98,99999,ELN,DFA,AUSGEOID98,GRS80,99999,99999,31-DEC-99,31-DEC-99,Comment is null
196953,1969533243.0,4642244,137.079706,-30.500742,113.86,119.318,5.458,9793212.96,113.86,119.318,0.07,2.67,-52.46,-187.75,-69.34,-196.75,100.0,5.0,5.06,0.06,2.0,5.0,5.06,0.5,1,0,5,5,1,3,5,5,1,3,69E3,?,TR,GDA94,MSL,GRS80,B,DEG,m,m,m,um,m,m,um,m,m,m,m,um,m,m,um,99999,99999,ELN,W98,99999,ELN,DFA,AUSGEOID98,GRS80,99999,99999,31-DEC-99,31-DEC-99,Comment is null
196953,1969533244.0,5409790,137.078805,-30.456341,104.76,110.318,5.558,9793199.76,104.76,110.318,0.09,2.67,-58.37,-183.47,-75.57,-192.8,100.0,5.0,5.06,0.06,2.0,5.0,5.06,0.5,1,0,5,5,1,3,5,5,1,3,69E3,?,TR,GDA94,MSL,GRS80,B,DEG,m,m,m,um,m,m,um,m,m,m,m,um,m,m,um,99999,99999,ELN,W98,99999,ELN,DFA,AUSGEOID98,GRS80,99999,99999,31-DEC-99,31-DEC-99,Comment is null
196953,1969533245.0,4642245,137.079604,-30.398441,94.46,100.166,5.706,9793227.67,94.46,100.166,0.12,2.67,-16.11,-129.7,-33.78,-139.48,100.0,5.0,5.06,0.06,2.0,5.0,5.06,0.5,1,0,5,5,1,3,5,5,1,3,69E3,?,TR,GDA94,MSL,GRS80,B,DEG,m,m,m,um,m,m,um,m,m,m,m,um,m,m,um,99999,99999,ELN,W98,99999,ELN,DFA,AUSGEOID98,GRS80,99999,99999,31-DEC-99,31-DEC-99,Comment is null
196953,1969533246.0,4642246,137.072904,-30.342541,73.82,79.644,5.824,9793276.4,73.82,79.644,0.12,2.67,13.34,-76.98,-4.71,-87.31,100.0,5.0,5.06,0.06,2.0,5.0,5.06,0.5,1,0,5,5,1,3,5,5,1,3,69E3,?,TR,GDA94,MSL,GRS80,B,DEG,m,m,m,um,m,m,um,m,m,m,m,um,m,m,um,99999,99999,ELN,W98,99999,ELN,DFA,AUSGEOID98,GRS80,99999,99999,31-DEC-99,31-DEC-99,Comment is null
196953,1969533247.0,4642247,137.080603,-30.283441,75.55,81.527,5.977,9793250.88,75.55,81.527,0.16,2.67,40.15,-52.3,21.63,-62.91,100.0,5.0,5.06,0.06,2.0,5.0,5.06,0.5,1,0,5,5,1,3,5,5,1,3,69E3,?,TR,GDA94,MSL,GRS80,B,DEG,m,m,m,um,m,m,um,m,m,m,m,um,m,m,um,99999,99999,ELN,W98,99999,ELN,DFA,AUSGEOID98,GRS80,99999,99999,31-DEC-99,31-DEC-99,Comment is null
196953,1969533248.0,5262835,137.015103,-30.284241,81.01,86.8,5.79,9793197.66,81.01,86.8,0.18,2.67,2.57,-95.87,-15.37,-106.02,100.0,5.0,5.06,0.06,2.0,5.0,5.06,0.5,1,0,5,5,1,3,5,5,1,3,69E3,?,TR,GDA94,MSL,GRS80,B,DEG,m,m,m,um,m,m,um,m,m,m,m,um,m,m,um,99999,99999,ELN,W98,99999,ELN,DFA,AUSGEOID98,GRS80,99999,99999,31-DEC-99,31-DEC-99,Comment is null
196953,1969533301.0,5183862,137.289199,-30.165738,40.04,46.753,6.713,9793227.27,40.04,46.753,0.34,2.67,1.72,-51.3,-19.1,-63.91,100.0,5.0,5.06,0.06,2.0,5.0,5.06,0.5,1,0,5,5,1,3,5,5,1,3,69E3,?,TR,GDA94,MSL,GRS80,B,DEG,m,m,m,um,m,m,um,m,m,m,m,um,m,m,um,99999,99999,ELN,W98,99999,ELN,DFA,AUSGEOID98,GRS80,99999,99999,31-DEC-99,31-DEC-99,Comment is null
196953,1969533302.0,4642248,137.331098,-30.111737,48.06,54.938,6.878,9793097.6,48.06,54.938,0.21,2.67,-60.34,-122.65,-81.67,-135.45,100.0,5.0,5.06,0.06,2.0,5.0,5.06,0.5,1,0,5,5,1,3,5,5,1,3,69E3,?,TR,GDA94,MSL,GRS80,B,DEG,m,m,m,um,m,m,um,m,m,m,m,um,m,m,um,99999,99999,ELN,W98,99999,ELN,DFA,AUSGEOID98,GRS80,99999,99999,31-DEC-99,31-DEC-99,Comment is null
196953,1969533303.0,4642249,137.396297,-30.104037,60.75,67.778,7.028,9793073.69,60.75,67.778,0.14,2.67,-38.6,-115.46,-60.38,-128.36,100.0,5.0,5.06,0.06,2.0,5.0,5.06,0.5,1,0,5,5,1,3,5,5,1,3,69E3,?,TR,GDA94,MSL,GRS80,B,DEG,m,m,m,um,m,m,um,m,m,m,m,um,m,m,um,99999,99999,ELN,W98,99999,ELN,DFA,AUSGEOID98,GRS80,99999,99999,31-DEC-99,31-DEC-99,Comment is null
196953,1969533304.0,4642250,137.398996,-30.051336,60.38,67.493,7.113,9793068.99,60.38,67.493,0.17,2.67,-2.9,-79.44,-24.94,-92.5,100.0,5.0,5.06,0.06,2.0,5.0,5.06,0.5,1,0,5,5,1,3,5,5,1,3,69E3,?,TR,GDA94,MSL,GRS80,B,DEG,m,m,m,um,m,m,um,m,m,m,m,um,m,m,um,99999,99999,ELN,W98,99999,ELN,DFA,AUSGEOID98,GRS80,99999,99999,31-DEC-99,31-DEC-99,Comment is null
196953,1969533305.0,5408512,137.396396,-29.993336,83.82,91.008,7.188,9792967.83,83.82,91.008,0.42,2.67,13.89,-89.31,-8.36,-102.16,100.0,5.0,5.06,0.06,2.0,5.0,5.06,0.5,1,0,5,5,1,3,5,5,1,3,69E3,?,TR,GDA94,MSL,GRS80,B,DEG,m,m,m,um,m,m,um,m,m,m,m,um,m,m,um,99999,99999,ELN,W98,99999,ELN,DFA,AUSGEOID98,GRS80,99999,99999,31-DEC-99,31-DEC-99,Comment is null
196953,1969533311.0,4642251,137.406598,-30.169137,45.1,52.074,6.974,9793171.74,45.1,52.074,0.09,2.67,-40.06,-99.12,-61.68,-112.15,100.0,5.0,5.06,0.06,2.0,5.0,5.06,0.5,1,0,5,5,1,3,5,5,1,3,69E3,?,TR,GDA94,MSL,GRS80,B,DEG,m,m,m,um,m,m,um,m,m,m,m,um,m,m,um,99999,99999,ELN,W98,99999,ELN,DFA,AUSGEOID98,GRS80,99999,99999,31-DEC-99,31-DEC-99,Comment is null
196953,1969533312.0,4642252,137.335998,-30.145237,49.06,55.902,6.842,9793164.54,49.06,55.902,0.37,2.67,-16.7,-80.1,-37.91,-92.81,100.0,5.0,5.06,0.06,2.0,5.0,5.06,0.5,1,0,5,5,1,3,5,5,1,3,BM2437 69E3,?,TR,GDA94,MSL,GRS80,B,DEG,m,m,m,um,m,m,um,m,m,m,m,um,m,m,um,99999,99999,ELN,W98,99999,ELN,DFA,AUSGEOID98,GRS80,99999,99999,31-DEC-99,31-DEC-99,Comment is null
196953,1969533313.0,5408997,137.269398,-30.113538,62.53,69.285,6.755,9793135.32,62.53,69.285,0.35,2.67,20.24,-58.34,-0.7,-70.67,100.0,5.0,5.06,0.06,2.0,5.0,5.06,0.5,1,0,5,5,1,3,5,5,1,3,69E3,?,TR,GDA94,MSL,GRS80,B,DEG,m,m,m,um,m,m,um,m,m,m,m,um,m,m,um,99999,99999,ELN,W98,99999,ELN,DFA,AUSGEOID98,GRS80,99999,99999,31-DEC-99,31-DEC-99,Comment is null
196953,1969533314.0,5890163,137.335997,-30.051337,74.94,81.924,6.984,9793010.56,74.94,81.924,0.16,2.67,-16.8,-109.71,-38.43,-122.29,100.0,5.0,5.06,0.06,2.0,5.0,5.06,0.5,1,0,5,5,1,3,5,5,1,3,69E3,?,TR,GDA94,MSL,GRS80,B,DEG,m,m,m,um,m,m,um,m,m,m,m,um,m,m,um,99999,99999,ELN,W98,99999,ELN,DFA,AUSGEOID98,GRS80,99999,99999,31-DEC-99,31-DEC-99,Comment is null
196953,1969533315.0,4642253,137.336596,-29.988837,79.19,86.268,7.078,9792984.14,79.19,86.268,0.08,2.67,19.09,-78.74,-2.83,-91.44,100.0,5.0,5.06,0.06,2.0,5.0,5.06,0.5,1,0,5,5,1,3,5,5,1,3,69E3,?,TR,GDA94,MSL,GRS80,B,DEG,m,m,m,um,m,m,um,m,m,m,m,um,m,m,um,99999,99999,ELN,W98,99999,ELN,DFA,AUSGEOID98,GRS80,99999,99999,31-DEC-99,31-DEC-99,Comment is null
196953,1969533316.0,4642254,137.263197,-29.990938,95.48,102.407,6.927,9792933.42,95.48,102.407,0.13,2.67,16.52,-99.61,-4.92,-111.76,100.0,5.0,5.06,0.06,2.0,5.0,5.06,0.5,1,0,5,5,1,3,5,5,1,3,69E3,?,TR,GDA94,MSL,GRS80,B,DEG,m,m,m,um,m,m,um,m,m,m,m,um,m,m,um,99999,99999,ELN,W98,99999,ELN,DFA,AUSGEOID98,GRS80,99999,99999,31-DEC-99,31-DEC-99,Comment is null
196953,1969533317.0,4642255,137.267998,-30.042038,101.38,108.248,6.868,9792981.84,101.38,108.248,0.13,2.67,42.99,-79.76,21.73,-91.71,100.0,5.0,5.06,0.06,2.0,5.0,5.06,0.5,1,0,5,5,1,3,5,5,1,3,69E3,?,TR,GDA94,MSL,GRS80,B,DEG,m,m,m,um,m,m,um,m,m,m,m,um,m,m,um,99999,99999,ELN,W98,99999,ELN,DFA,AUSGEOID98,GRS80,99999,99999,31-DEC-99,31-DEC-99,Comment is null
196953,1969533318.0,4642256,137.201998,-30.047838,80.38,87.107,6.727,9793083.09,80.38,87.107,0.11,2.67,74.47,-24.31,53.64,-36.31,100.0,5.0,5.06,0.06,2.0,5.0,5.06,0.5,1,0,5,5,1,3,5,5,1,3,69E3,?,TR,GDA94,MSL,GRS80,B,DEG,m,m,m,um,m,m,um,m,m,m,m,um,m,m,um,99999,99999,ELN,W98,99999,ELN,DFA,AUSGEOID98,GRS80,99999,99999,31-DEC-99,31-DEC-99,Comment is null
196953,1969533319.0,5967045,137.201097,-29.979938,97.98,104.787,6.807,9792946.92,97.98,104.787,0.14,2.67,45.97,-72.85,24.9,-84.74,100.0,5.0,5.06,0.06,2.0,5.0,5.06,0.5,1,0,5,5,1,3,5,5,1,3,69E3,?,TR,GDA94,MSL,GRS80,B,DEG,m,m,m,um,m,m,um,m,m,m,m,um,m,m,um,99999,99999,ELN,W98,99999,ELN,DFA,AUSGEOID98,GRS80,99999,99999,31-DEC-99,31-DEC-99,Comment is null
196953,1969533320.0,5952873,137.140399,-30.059539,107.84,114.411,6.571,9793030.07,107.84,114.411,0.17,2.67,96.53,-33.21,76.2,-44.48,100.0,5.0,5.06,0.06,2.0,5.0,5.06,0.5,1,0,5,5,1,3,5,5,1,3,69E3,?,TR,GDA94,MSL,GRS80,B,DEG,m,m,m,um,m,m,um,m,m,m,m,um,m,m,um,99999,99999,ELN,W98,99999,ELN,DFA,AUSGEOID98,GRS80,99999,99999,31-DEC-99,31-DEC-99,Comment is null
196953,1969533321.0,5710495,137.1322,-30.112139,70.19,76.649,6.459,9793154.73,70.19,76.649,0.78,2.67,63.47,-23.46,43.45,-35.09,100.0,5.0,5.06,0.06,2.0,5.0,5.06,0.5,1,0,5,5,1,3,5,5,1,3,69E3,?,TR,GDA94,MSL,GRS80,B,DEG,m,m,m,um,m,m,um,m,m,m,m,um,m,m,um,99999,99999,ELN,W98,99999,ELN,DFA,AUSGEOID98,GRS80,99999,99999,31-DEC-99,31-DEC-99,Comment is null
196953,1969533322.0,4642257,137.201099,-30.105339,65.78,72.41,6.63,9793161.94,65.78,72.41,0.15,2.67,62.92,-19.2,42.37,-31.23,100.0,5.0,5.06,0.06,2.0,5.0,5.06,0.5,1,0,5,5,1,3,5,5,1,3,69E3,?,TR,GDA94,MSL,GRS80,B,DEG,m,m,m,um,m,m,um,m,m,m,m,um,m,m,um,99999,99999,ELN,W98,99999,ELN,DFA,AUSGEOID98,GRS80,99999,99999,31-DEC-99,31-DEC-99,Comment is null
196953,1969533323.0,4642258,137.207,-30.171339,36.73,43.247,6.517,9793246.08,36.73,43.247,0.28,2.67,5.32,-43.73,-14.91,-56.01,100.0,5.0,5.06,0.06,2.0,5.0,5.06,0.5,1,0,5,5,1,3,5,5,1,3,69E3,?,TR,GDA94,MSL,GRS80,B,DEG,m,m,m,um,m,m,um,m,m,m,m,um,m,m,um,99999,99999,ELN,W98,99999,ELN,DFA,AUSGEOID98,GRS80,99999,99999,31-DEC-99,31-DEC-99,Comment is null
196953,1969533324.0,5738154,137.137701,-30.17514,65.46,71.807,6.347,9793222.67,65.46,71.807,0.69,2.67,67.04,-14.39,47.37,-25.88,100.0,5.0,5.06,0.06,2.0,5.0,5.06,0.5,1,0,5,5,1,3,5,5,1,3,69E3,?,TR,GDA94,MSL,GRS80,B,DEG,m,m,m,um,m,m,um,m,m,m,m,um,m,m,um,99999,99999,ELN,W98,99999,ELN,DFA,AUSGEOID98,GRS80,99999,99999,31-DEC-99,31-DEC-99,Comment is null
196953,1969533325.0,5856287,137.141401,-30.23594,48.76,54.978,6.218,9793271.39,48.76,54.978,0.14,2.67,16.09,-46.26,-3.2,-57.76,100.0,5.0,5.06,0.06,2.0,5.0,5.06,0.5,1,0,5,5,1,3,5,5,1,3,69E3,?,TR,GDA94,MSL,GRS80,B,DEG,m,m,m,um,m,m,um,m,m,m,m,um,m,m,um,99999,99999,ELN,W98,99999,ELN,DFA,AUSGEOID98,GRS80,99999,99999,31-DEC-99,31-DEC-99,Comment is null
196953,1969533326.0,4642259,137.141802,-30.28794,54.27,60.401,6.131,9793273.2,54.27,60.401,0.13,2.67,-6.26,-74.76,-25.27,-86.0,100.0,5.0,5.06,0.06,2.0,5.0,5.06,0.5,1,0,5,5,1,3,5,5,1,3,69E3,?,TR,GDA94,MSL,GRS80,B,DEG,m,m,m,um,m,m,um,m,m,m,m,um,m,m,um,99999,99999,ELN,W98,99999,ELN,DFA,AUSGEOID98,GRS80,99999,99999,31-DEC-99,31-DEC-99,Comment is null
196953,1969533327.0,5979098,137.148803,-30.34274,75.98,82.032,6.052,9793287.0,75.98,82.032,0.12,2.67,31.16,-61.87,12.41,-72.61,100.0,5.0,5.06,0.06,2.0,5.0,5.06,0.5,1,0,5,5,1,3,5,5,1,3,69E3,?,TR,GDA94,MSL,GRS80,B,DEG,m,m,m,um,m,m,um,m,m,m,m,um,m,m,um,99999,99999,ELN,W98,99999,ELN,DFA,AUSGEOID98,GRS80,99999,99999,31-DEC-99,31-DEC-99,Comment is null
196953,1969533328.0,4642260,137.144403,-30.39704,79.4,85.319,5.919,9793333.83,79.4,85.319,0.3,2.67,45.34,-51.41,27.0,-61.84,100.0,5.0,5.06,0.06,2.0,5.0,5.06,0.5,1,0,5,5,1,3,5,5,1,3,69E3,?,TR,GDA94,MSL,GRS80,B,DEG,m,m,m,um,m,m,um,m,m,m,m,um,m,m,um,99999,99999,ELN,W98,99999,ELN,DFA,AUSGEOID98,GRS80,99999,99999,31-DEC-99,31-DEC-99,Comment is null
196953,1969533329.0,4642261,137.144804,-30.453141,117.86,123.631,5.771,9793217.97,117.86,123.631,0.2,2.67,3.44,-136.75,-14.41,-146.3,100.0,5.0,5.06,0.06,2.0,5.0,5.06,0.5,1,0,5,5,1,3,5,5,1,3,69E3,?,TR,GDA94,MSL,GRS80,B,DEG,m,m,m,um,m,m,um,m,m,m,m,um,m,m,um,99999,99999,ELN,W98,99999,ELN,DFA,AUSGEOID98,GRS80,99999,99999,31-DEC-99,31-DEC-99,Comment is null
196953,1969533330.0,5409791,137.161205,-30.498041,131.09,136.795,5.705,9793201.36,131.09,136.795,0.23,2.67,-8.01,-163.11,-25.64,-172.33,100.0,5.0,5.06,0.06,2.0,5.0,5.06,0.5,1,0,5,5,1,3,5,5,1,3,69E3,?,TR,GDA94,MSL,GRS80,B,DEG,m,m,m,um,m,m,um,m,m,m,m,um,m,m,um,99999,99999,ELN,W98,99999,ELN,DFA,AUSGEOID98,GRS80,99999,99999,31-DEC-99,31-DEC-99,Comment is null
196953,1969533331.0,5979039,137.211404,-30.45354,68.34,74.318,5.978,9793396.16,68.34,74.318,0.39,2.67,29.17,-55.12,10.64,-65.84,100.0,5.0,5.06,0.06,2.0,5.0,5.06,0.5,1,1,5,5,1,3,5,5,1,3,69E3,?,TR,GDA94,MSL,GRS80,B,DEG,m,m,m,um,m,m,um,m,m,m,m,um,m,m,um,99999,99999,ELN,W98,99999,ELN,DFA,AUSGEOID98,GRS80,99999,99999,31-DEC-99,31-DEC-99,Comment is null
196953,1969533332.0,4642262,137.200203,-30.39604,60.34,66.443,6.103,9793516.52,60.34,66.443,0.15,2.67,170.59,95.23,151.66,84.14,100.0,5.0,5.06,0.06,2.0,5.0,5.06,0.5,1,1,5,5,1,3,5,5,1,3,69E3,?,TR,GDA94,MSL,GRS80,B,DEG,m,m,m,um,m,m,um,m,m,m,m,um,m,m,um,99999,99999,ELN,W98,99999,ELN,DFA,AUSGEOID98,GRS80,99999,99999,31-DEC-99,31-DEC-99,Comment is null
196953,1969533333.0,4642263,137.209302,-30.34404,69.21,75.444,6.234,9793369.55,69.21,75.444,0.09,2.67,92.35,6.79,73.03,-4.41,100.0,5.0,5.06,0.06,2.0,5.0,5.06,0.5,1,0,5,5,1,3,5,5,1,3,69E3,?,TR,GDA94,MSL,GRS80,B,DEG,m,m,m,um,m,m,um,m,m,m,m,um,m,m,um,99999,99999,ELN,W98,99999,ELN,DFA,AUSGEOID98,GRS80,99999,99999,31-DEC-99,31-DEC-99,Comment is null
196953,1969533334.0,4642264,137.213801,-30.289239,54.19,60.515,6.325,9793282.0,54.19,60.515,0.16,2.67,1.88,-66.75,-17.74,-78.37,100.0,5.0,5.06,0.06,2.0,5.0,5.06,0.5,1,0,5,5,1,3,5,5,1,3,69E3,?,TR,GDA94,MSL,GRS80,B,DEG,m,m,m,um,m,m,um,m,m,m,m,um,m,m,um,99999,99999,ELN,W98,99999,ELN,DFA,AUSGEOID98,GRS80,99999,99999,31-DEC-99,31-DEC-99,Comment is null
196953,1969533335.0,4642265,137.204101,-30.228039,35.86,42.247,6.387,9793274.1,35.86,42.247,0.42,2.67,-14.28,-62.19,-34.1,-74.23,100.0,5.0,5.06,0.06,2.0,5.0,5.06,0.5,1,0,5,5,1,3,5,5,1,3,69E3,?,TR,GDA94,MSL,GRS80,B,DEG,m,m,m,um,m,m,um,m,m,m,m,um,m,m,um,99999,99999,ELN,W98,99999,ELN,DFA,AUSGEOID98,GRS80,99999,99999,31-DEC-99,31-DEC-99,Comment is null
196953,1969533337.0,5988383,137.2717,-30.236538,36.78,43.321,6.541,9793287.7,36.78,43.321,0.15,2.67,-4.03,-53.17,-24.33,-65.49,100.0,5.0,5.06,0.06,2.0,5.0,5.06,0.5,1,0,5,5,1,3,5,5,1,3,69E3,?,TR,GDA94,MSL,GRS80,B,DEG,m,m,m,um,m,m,um,m,m,m,m,um,m,m,um,99999,99999,ELN,W98,99999,ELN,DFA,AUSGEOID98,GRS80,99999,99999,31-DEC-99,31-DEC-99,Comment is null
196953,1969533338.0,4642266,137.270201,-30.282439,38.3,44.788,6.488,9793338.93,38.3,44.788,0.2,2.67,15.63,-35.17,-4.5,-47.36,100.0,5.0,5.06,0.06,2.0,5.0,5.06,0.5,1,0,5,5,1,3,5,5,1,3,69E3,?,TR,GDA94,MSL,GRS80,B,DEG,m,m,m,um,m,m,um,m,m,m,m,um,m,m,um,99999,99999,ELN,W98,99999,ELN,DFA,AUSGEOID98,GRS80,99999,99999,31-DEC-99,31-DEC-99,Comment is null
196953,1969533339.0,4642267,137.317101,-30.312838,36.08,42.646,6.566,9793399.16,36.08,42.646,0.15,2.67,45.34,-3.03,24.96,-15.41,100.0,5.0,5.06,0.06,2.0,5.0,5.06,0.5,1,0,5,5,1,3,5,5,1,3,69E3,?,TR,GDA94,MSL,GRS80,B,DEG,m,m,m,um,m,m,um,m,m,m,m,um,m,m,um,99999,99999,ELN,W98,99999,ELN,DFA,AUSGEOID98,GRS80,99999,99999,31-DEC-99,31-DEC-99,Comment is null
196953,1969533340.0,4642268,137.427899,-30.282037,37.25,44.147,6.897,9793388.66,37.25,44.147,0.31,2.67,63.7,13.63,42.3,0.62,100.0,5.0,5.06,0.06,2.0,5.0,5.06,0.5,1,0,5,5,1,3,5,5,1,3,69E3,?,TR,GDA94,MSL,GRS80,B,DEG,m,m,m,um,m,m,um,m,m,m,m,um,m,m,um,99999,99999,ELN,W98,99999,ELN,DFA,AUSGEOID98,GRS80,99999,99999,31-DEC-99,31-DEC-99,Comment is null
196953,1969533343.0,5721947,137.405698,-30.227637,37.64,44.517,6.877,9793338.03,37.64,44.517,0.23,2.67,56.98,6.49,35.64,-6.48,100.0,5.0,5.06,0.06,2.0,5.0,5.06,0.5,1,0,5,5,1,3,5,5,1,3,69E3,?,TR,GDA94,MSL,GRS80,B,DEG,m,m,m,um,m,m,um,m,m,m,m,um,m,m,um,99999,99999,ELN,W98,99999,ELN,DFA,AUSGEOID98,GRS80,99999,99999,31-DEC-99,31-DEC-99,Comment is null
196953,1969533344.0,5809381,137.332299,-30.218238,40.04,46.762,6.722,9793301.61,40.04,46.762,0.27,2.67,34.87,-18.17,14.02,-30.79,100.0,5.0,5.06,0.06,2.0,5.0,5.06,0.5,1,0,5,5,1,3,5,5,1,3,69E3,?,TR,GDA94,MSL,GRS80,B,DEG,m,m,m,um,m,m,um,m,m,m,m,um,m,m,um,99999,99999,ELN,W98,99999,ELN,DFA,AUSGEOID98,GRS80,99999,99999,31-DEC-99,31-DEC-99,Comment is null
196953,1969533601.0,4642305,136.669213,-30.755847,104.61,108.42,3.81,9793406.17,104.61,108.42,0.05,2.67,-94.9,-217.84,-106.7,-223.76,100.0,5.0,5.06,0.06,2.0,5.0,5.06,0.5,1,0,5,5,1,3,5,5,1,3,69E3,?,TR,GDA94,MSL,GRS80,B,DEG,m,m,m,um,m,m,um,m,m,m,m,um,m,m,um,99999,99999,ELN,W98,99999,ELN,DFA,AUSGEOID98,GRS80,99999,99999,31-DEC-99,31-DEC-99,Comment is null
196953,1969533602.0,4642306,136.687812,-30.673646,101.8,105.864,4.064,9793481.51,101.8,105.864,0.02,2.67,37.76,-82.29,25.17,-88.75,100.0,5.0,5.06,0.06,2.0,5.0,5.06,0.5,1,0,5,5,1,3,5,5,1,3,69E3,?,TR,GDA94,MSL,GRS80,B,DEG,m,m,m,um,m,m,um,m,m,m,m,um,m,m,um,99999,99999,ELN,W98,99999,ELN,DFA,AUSGEOID98,GRS80,99999,99999,31-DEC-99,31-DEC-99,Comment is null
196953,1969533603.0,5848260,136.698011,-30.619046,104.3,108.536,4.236,9793466.9,104.3,108.536,0.03,2.67,74.65,-48.43,61.53,-55.18,100.0,5.0,5.06,0.06,2.0,5.0,5.06,0.5,1,0,5,5,1,3,5,5,1,3,69E3,?,TR,GDA94,MSL,GRS80,B,DEG,m,m,m,um,m,m,um,m,m,m,m,um,m,m,um,99999,99999,ELN,W98,99999,ELN,DFA,AUSGEOID98,GRS80,99999,99999,31-DEC-99,31-DEC-99,Comment is null
196953,1969533604.0,4642307,136.69161,-30.563346,94.05,98.361,4.311,9793408.47,94.05,98.361,0.07,2.67,28.9,-82.64,15.54,-89.7,100.0,5.0,5.06,0.06,2.0,5.0,5.06,0.5,1,0,5,5,1,3,5,5,1,3,69E3,?,TR,GDA94,MSL,GRS80,B,DEG,m,m,m,um,m,m,um,m,m,m,m,um,m,m,um,99999,99999,ELN,W98,99999,ELN,DFA,AUSGEOID98,GRS80,99999,99999,31-DEC-99,31-DEC-99,Comment is null
196953,1969533605.0,4642308,136.77001,-30.564545,92.01,96.514,4.504,9793353.94,92.01,96.514,0.05,2.67,-32.27,-141.72,-46.23,-149.19,100.0,5.0,5.06,0.06,2.0,5.0,5.06,0.5,1,0,5,5,1,3,5,5,1,3,69E3,?,TR,GDA94,MSL,GRS80,B,DEG,m,m,m,um,m,m,um,m,m,m,m,um,m,m,um,99999,99999,ELN,W98,99999,ELN,DFA,AUSGEOID98,GRS80,99999,99999,31-DEC-99,31-DEC-99,Comment is null
196953,1969533606.0,4642309,136.830509,-30.568144,91.9,96.55,4.65,9793335.53,91.9,96.55,0.05,2.67,-53.42,-162.91,-67.83,-170.67,100.0,5.0,5.06,0.06,2.0,5.0,5.06,0.5,1,0,5,5,1,3,5,5,1,3,69E3,?,TR,GDA94,MSL,GRS80,B,DEG,m,m,m,um,m,m,um,m,m,m,m,um,m,m,um,99999,99999,ELN,W98,99999,ELN,DFA,AUSGEOID98,GRS80,99999,99999,31-DEC-99,31-DEC-99,Comment is null
196953,1969533607.0,4642310,136.81661,-30.624245,94.78,99.292,4.512,9793466.4,94.78,99.292,0.07,2.67,41.51,-71.09,27.53,-78.53,100.0,5.0,5.06,0.06,2.0,5.0,5.06,0.5,1,0,5,5,1,3,5,5,1,3,69E3,?,TR,GDA94,MSL,GRS80,B,DEG,m,m,m,um,m,m,um,m,m,m,m,um,m,m,um,99999,99999,ELN,W98,99999,ELN,DFA,AUSGEOID98,GRS80,99999,99999,31-DEC-99,31-DEC-99,Comment is null
196953,1969533608.0,4642311,136.76451,-30.617945,98.53,102.935,4.405,9793550.34,98.53,102.935,0.03,2.67,141.68,24.96,128.04,17.78,100.0,5.0,5.06,0.06,2.0,5.0,5.06,0.5,1,0,5,5,1,3,5,5,1,3,69E3,?,TR,GDA94,MSL,GRS80,B,DEG,m,m,m,um,m,m,um,m,m,m,m,um,m,m,um,99999,99999,ELN,W98,99999,ELN,DFA,AUSGEOID98,GRS80,99999,99999,31-DEC-99,31-DEC-99,Comment is null
196953,1969533609.0,4642312,136.766911,-30.674145,101.55,105.812,4.262,9793454.59,101.55,105.812,0.03,2.67,10.29,-109.7,-2.91,-116.55,100.0,5.0,5.06,0.06,2.0,5.0,5.06,0.5,1,0,5,5,1,3,5,5,1,3,69E3,?,TR,GDA94,MSL,GRS80,B,DEG,m,m,m,um,m,m,um,m,m,m,m,um,m,m,um,99999,99999,ELN,W98,99999,ELN,DFA,AUSGEOID98,GRS80,99999,99999,31-DEC-99,31-DEC-99,Comment is null
196953,1969533610.0,5908262,136.836911,-30.679045,104.44,108.845,4.405,9793384.55,104.44,108.845,0.04,2.67,-54.27,-177.7,-67.92,-184.78,100.0,5.0,5.06,0.06,2.0,5.0,5.06,0.5,1,0,5,5,1,3,5,5,1,3,69E3,?,TR,GDA94,MSL,GRS80,B,DEG,m,m,m,um,m,m,um,m,m,m,m,um,m,m,um,99999,99999,ELN,W98,99999,ELN,DFA,AUSGEOID98,GRS80,99999,99999,31-DEC-99,31-DEC-99,Comment is null
196953,1969533611.0,5765297,136.753212,-30.734746,110.55,114.621,4.071,9793385.05,110.55,114.621,0.06,2.67,-80.13,-210.1,-92.74,-216.44,100.0,5.0,5.06,0.06,2.0,5.0,5.06,0.5,1,0,5,5,1,3,5,5,1,3,69E3,?,TR,GDA94,MSL,GRS80,B,DEG,m,m,m,um,m,m,um,m,m,m,m,um,m,m,um,99999,99999,ELN,W98,99999,ELN,DFA,AUSGEOID98,GRS80,99999,99999,31-DEC-99,31-DEC-99,Comment is null
196953,1969533612.0,5675249,136.689013,-30.727047,97.53,101.461,3.931,9793419.37,97.53,101.461,0.08,2.67,-80.31,-195.36,-92.49,-201.63,100.0,5.0,5.06,0.06,2.0,5.0,5.06,0.5,1,0,5,5,1,3,5,5,1,3,69E3,?,TR,GDA94,MSL,GRS80,B,DEG,m,m,m,um,m,m,um,m,m,m,m,um,m,m,um,99999,99999,ELN,W98,99999,ELN,DFA,AUSGEOID98,GRS80,99999,99999,31-DEC-99,31-DEC-99,Comment is null
196953,1969533613.0,4642313,136.635513,-30.674247,98.63,102.553,3.923,9793448.69,98.63,102.553,0.03,2.67,-5.75,-122.04,-17.91,-128.28,100.0,5.0,5.06,0.06,2.0,5.0,5.06,0.5,1,0,5,5,1,3,5,5,1,3,69E3,?,TR,GDA94,MSL,GRS80,B,DEG,m,m,m,um,m,m,um,m,m,m,m,um,m,m,um,99999,99999,ELN,W98,99999,ELN,DFA,AUSGEOID98,GRS80,99999,99999,31-DEC-99,31-DEC-99,Comment is null
196953,1969533614.0,4642314,136.622312,-30.615047,102.84,106.875,4.035,9793435.78,102.84,106.875,0.02,2.67,41.57,-79.62,29.07,-86.01,100.0,5.0,5.06,0.06,2.0,5.0,5.06,0.5,1,0,5,5,1,3,5,5,1,3,69E3,?,TR,GDA94,MSL,GRS80,B,DEG,m,m,m,um,m,m,um,m,m,m,m,um,m,m,um,99999,99999,ELN,W98,99999,ELN,DFA,AUSGEOID98,GRS80,99999,99999,31-DEC-99,31-DEC-99,Comment is null
196953,1969533615.0,4642315,136.567912,-30.616347,101.71,105.586,3.876,9793374.85,101.71,105.586,0.03,2.67,-24.37,-144.1,-36.38,-150.19,100.0,5.0,5.06,0.06,2.0,5.0,5.06,0.5,1,0,5,5,1,3,5,5,1,3,69E3,?,TR,GDA94,MSL,GRS80,B,DEG,m,m,m,um,m,m,um,m,m,m,m,um,m,m,um,99999,99999,ELN,W98,99999,ELN,DFA,AUSGEOID98,GRS80,99999,99999,31-DEC-99,31-DEC-99,Comment is null
196953,1969533616.0,5786905,136.568512,-30.570547,96.8,100.759,3.959,9793351.44,96.8,100.759,0.06,2.67,-26.43,-140.68,-38.7,-147.02,100.0,5.0,5.06,0.06,2.0,5.0,5.06,0.5,1,0,5,5,1,3,5,5,1,3,69E3,?,TR,GDA94,MSL,GRS80,B,DEG,m,m,m,um,m,m,um,m,m,m,m,um,m,m,um,99999,99999,ELN,W98,99999,ELN,DFA,AUSGEOID98,GRS80,99999,99999,31-DEC-99,31-DEC-99,Comment is null
196953,1969533617.0,5979833,136.627411,-30.568646,108.36,112.49,4.13,9793362.54,108.36,112.49,0.03,2.67,22.38,-105.18,9.59,-111.67,100.0,5.0,5.06,0.06,2.0,5.0,5.06,0.5,1,0,5,5,1,3,5,5,1,3,69E3,?,TR,GDA94,MSL,GRS80,B,DEG,m,m,m,um,m,m,um,m,m,m,m,um,m,m,um,99999,99999,ELN,W98,99999,ELN,DFA,AUSGEOID98,GRS80,99999,99999,31-DEC-99,31-DEC-99,Comment is null
196953,1969533618.0,5409327,136.63631,-30.508946,113.96,118.195,4.235,9793265.19,113.96,118.195,0.04,2.67,-10.18,-144.2,-23.29,-150.81,100.0,5.0,5.06,0.06,2.0,5.0,5.06,0.5,1,0,5,5,1,3,5,5,1,3,69E3,?,TR,GDA94,MSL,GRS80,B,DEG,m,m,m,um,m,m,um,m,m,m,m,um,m,m,um,99999,99999,ELN,W98,99999,ELN,DFA,AUSGEOID98,GRS80,99999,99999,31-DEC-99,31-DEC-99,Comment is null
196953,1969533619.0,4642316,136.568511,-30.514447,97.26,101.296,4.036,9793301.41,97.26,101.296,0.07,2.67,-30.44,-145.31,-42.95,-151.79,100.0,5.0,5.06,0.06,2.0,5.0,5.06,0.5,1,0,5,5,1,3,5,5,1,3,69E3,?,TR,GDA94,MSL,GRS80,B,DEG,m,m,m,um,m,m,um,m,m,m,m,um,m,m,um,99999,99999,ELN,W98,99999,ELN,DFA,AUSGEOID98,GRS80,99999,99999,31-DEC-99,31-DEC-99,Comment is null
196953,1969533620.0,5717479,136.500212,-30.521147,113.28,117.115,3.835,9793295.71,113.28,117.115,0.02,2.67,7.37,-125.43,-4.51,-131.27,100.0,5.0,5.06,0.06,2.0,5.0,5.06,0.5,1,0,5,5,1,3,5,5,1,3,69E3,?,TR,GDA94,MSL,GRS80,B,DEG,m,m,m,um,m,m,um,m,m,m,m,um,m,m,um,99999,99999,ELN,W98,99999,ELN,DFA,AUSGEOID98,GRS80,99999,99999,31-DEC-99,31-DEC-99,Comment is null
196953,1969533621.0,5410158,136.500112,-30.561848,110.67,114.45,3.78,9793321.82,110.67,114.45,0.05,2.67,-6.92,-136.7,-18.63,-142.47,100.0,5.0,5.06,0.06,2.0,5.0,5.06,0.5,1,0,5,5,1,3,5,5,1,3,69E3,?,TR,GDA94,MSL,GRS80,B,DEG,m,m,m,um,m,m,um,m,m,m,m,um,m,m,um,99999,99999,ELN,W98,99999,ELN,DFA,AUSGEOID98,GRS80,99999,99999,31-DEC-99,31-DEC-99,Comment is null
196953,1969533622.0,4642317,136.500613,-30.627048,92.84,96.506,3.666,9793389.16,92.84,96.506,0.11,2.67,-46.55,-155.98,-57.92,-161.81,100.0,5.0,5.06,0.06,2.0,5.0,5.06,0.5,1,0,5,5,1,3,5,5,1,3,69E3,?,TR,GDA94,MSL,GRS80,B,DEG,m,m,m,um,m,m,um,m,m,m,m,um,m,m,um,99999,99999,ELN,W98,99999,ELN,DFA,AUSGEOID98,GRS80,99999,99999,31-DEC-99,31-DEC-99,Comment is null
196953,1969533623.0,5973653,136.488114,-30.676048,104.21,107.732,3.522,9793426.88,104.21,107.732,0.05,2.67,-13.01,-135.17,-23.93,-140.54,100.0,5.0,5.06,0.06,2.0,5.0,5.06,0.5,1,0,5,5,1,3,5,5,1,3,69E3,?,TR,GDA94,MSL,GRS80,B,DEG,m,m,m,um,m,m,um,m,m,m,m,um,m,m,um,99999,99999,ELN,W98,99999,ELN,DFA,AUSGEOID98,GRS80,99999,99999,31-DEC-99,31-DEC-99,Comment is null
196953,1969533624.0,5409491,136.560713,-30.671948,107.55,111.274,3.724,9793418.97,107.55,111.274,0.03,2.67,-6.74,-132.92,-18.28,-138.62,100.0,5.0,5.06,0.06,2.0,5.0,5.06,0.5,1,0,5,5,1,3,5,5,1,3,69E3,?,TR,GDA94,MSL,GRS80,B,DEG,m,m,m,um,m,m,um,m,m,m,m,um,m,m,um,99999,99999,ELN,W98,99999,ELN,DFA,AUSGEOID98,GRS80,99999,99999,31-DEC-99,31-DEC-99,Comment is null
196953,1969533625.0,4642318,136.577014,-30.734548,90.59,94.221,3.631,9793456.49,90.59,94.221,0.05,2.67,-71.48,-178.32,-82.74,-184.11,100.0,5.0,5.06,0.06,2.0,5.0,5.06,0.5,1,0,5,5,1,3,5,5,1,3,69E3,?,TR,GDA94,MSL,GRS80,B,DEG,m,m,m,um,m,m,um,m,m,m,m,um,m,m,um,99999,99999,ELN,W98,99999,ELN,DFA,AUSGEOID98,GRS80,99999,99999,31-DEC-99,31-DEC-99,Comment is null
196953,1969533626.0,4642319,136.492415,-30.741249,103.05,106.457,3.407,9793434.58,103.05,106.457,0.04,2.67,-60.95,-181.67,-71.52,-186.83,100.0,5.0,5.06,0.06,2.0,5.0,5.06,0.5,1,0,5,5,1,3,5,5,1,3,69E3,?,TR,GDA94,MSL,GRS80,B,DEG,m,m,m,um,m,m,um,m,m,m,m,um,m,m,um,99999,99999,ELN,W98,99999,ELN,DFA,AUSGEOID98,GRS80,99999,99999,31-DEC-99,31-DEC-99,Comment is null
196953,1969533627.0,5694775,136.495615,-30.785749,108.05,111.375,3.325,9793444.89,108.05,111.375,0.04,2.67,-70.81,-197.1,-81.11,-202.02,100.0,5.0,5.06,0.06,2.0,5.0,5.06,0.5,1,0,5,5,1,3,5,5,1,3,69E3,?,TR,GDA94,MSL,GRS80,B,DEG,m,m,m,um,m,m,um,m,m,m,m,um,m,m,um,99999,99999,ELN,W98,99999,ELN,DFA,AUSGEOID98,GRS80,99999,99999,31-DEC-99,31-DEC-99,Comment is null
196953,1969533628.0,5924037,136.504916,-30.845449,114.63,117.869,3.239,9793475.3,114.63,117.869,0.08,2.67,-67.8,-201.45,-77.83,-206.1,100.0,5.0,5.06,0.06,2.0,5.0,5.06,0.5,1,0,5,5,1,3,5,5,1,3,69E3,?,TR,GDA94,MSL,GRS80,B,DEG,m,m,m,um,m,m,um,m,m,m,m,um,m,m,um,99999,99999,ELN,W98,99999,ELN,DFA,AUSGEOID98,GRS80,99999,99999,31-DEC-99,31-DEC-99,Comment is null
196953,1969533629.0,4642320,136.488517,-30.887549,132.36,135.49,3.13,9793487.41,132.36,135.49,0.05,2.67,-34.82,-188.44,-44.5,-192.61,100.0,5.0,5.06,0.06,2.0,5.0,5.06,0.5,1,0,5,5,1,3,5,5,1,3,69E3,?,TR,GDA94,MSL,GRS80,B,DEG,m,m,m,um,m,m,um,m,m,m,m,um,m,m,um,99999,99999,ELN,W98,99999,ELN,DFA,AUSGEOID98,GRS80,99999,99999,31-DEC-99,31-DEC-99,Comment is null
196953,1969533630.0,4642321,136.494318,-30.95275,151.02,154.066,3.046,9793490.11,151.02,154.066,0.09,2.67,-26.72,-201.4,-36.13,-205.12,100.0,5.0,5.06,0.06,2.0,5.0,5.06,0.5,1,0,5,5,1,3,5,5,1,3,69E3,?,TR,GDA94,MSL,GRS80,B,DEG,m,m,m,um,m,m,um,m,m,m,m,um,m,m,um,99999,99999,ELN,W98,99999,ELN,DFA,AUSGEOID98,GRS80,99999,99999,31-DEC-99,31-DEC-99,Comment is null
196953,1969533631.0,5408513,136.565417,-30.943349,138.35,141.569,3.219,9793506.92,138.35,141.569,0.1,2.67,-40.98,-201.5,-50.94,-205.75,100.0,5.0,5.06,0.06,2.0,5.0,5.06,0.5,1,0,5,5,1,3,5,5,1,3,69E3,?,TR,GDA94,MSL,GRS80,B,DEG,m,m,m,um,m,m,um,m,m,m,m,um,m,m,um,99999,99999,ELN,W98,99999,ELN,DFA,AUSGEOID98,GRS80,99999,99999,31-DEC-99,31-DEC-99,Comment is null
196953,1969533632.0,4642322,136.655316,-30.949748,108.71,112.121,3.411,9793537.24,108.71,112.121,0.15,2.67,-106.62,-233.76,-117.19,-238.84,100.0,5.0,5.06,0.06,2.0,5.0,5.06,0.5,1,0,5,5,1,3,5,5,1,3,69E3,?,TR,GDA94,MSL,GRS80,B,DEG,m,m,m,um,m,m,um,m,m,m,m,um,m,m,um,99999,99999,ELN,W98,99999,ELN,DFA,AUSGEOID98,GRS80,99999,99999,31-DEC-99,31-DEC-99,Comment is null
196953,1969533633.0,4642323,136.630615,-30.887948,115.67,119.118,3.448,9793474.6,115.67,119.118,0.62,2.67,-98.46,-233.53,-109.13,-238.57,100.0,5.0,5.06,0.06,2.0,5.0,5.06,0.5,1,0,5,5,1,3,5,5,1,3,69E3,?,TR,GDA94,MSL,GRS80,B,DEG,m,m,m,um,m,m,um,m,m,m,m,um,m,m,um,99999,99999,ELN,W98,99999,ELN,DFA,AUSGEOID98,GRS80,99999,99999,31-DEC-99,31-DEC-99,Comment is null
196953,1969533634.0,5409794,136.571016,-30.876348,112.19,115.523,3.333,9793484.01,112.19,115.523,0.1,2.67,-90.91,-221.91,-101.24,-226.78,100.0,5.0,5.06,0.06,2.0,5.0,5.06,0.5,1,0,5,5,1,3,5,5,1,3,69E3,?,TR,GDA94,MSL,GRS80,B,DEG,m,m,m,um,m,m,um,m,m,m,m,um,m,m,um,99999,99999,ELN,W98,99999,ELN,DFA,AUSGEOID98,GRS80,99999,99999,31-DEC-99,31-DEC-99,Comment is null
196953,1969533635.0,4642324,136.562615,-30.824548,105.3,108.708,3.408,9793470.1,105.3,108.708,0.05,2.67,-84.65,-207.92,-95.21,-213.04,100.0,5.0,5.06,0.06,2.0,5.0,5.06,0.5,1,0,5,5,1,3,5,5,1,3,69E3,?,TR,GDA94,MSL,GRS80,B,DEG,m,m,m,um,m,m,um,m,m,m,m,um,m,m,um,99999,99999,ELN,W98,99999,ELN,DFA,AUSGEOID98,GRS80,99999,99999,31-DEC-99,31-DEC-99,Comment is null
196953,1969533636.0,4642325,136.569815,-30.787148,98.76,102.257,3.497,9793460.09,98.76,102.257,0.07,2.67,-84.84,-200.8,-95.69,-206.2,100.0,5.0,5.06,0.06,2.0,5.0,5.06,0.5,1,0,5,5,1,3,5,5,1,3,69E3,?,TR,GDA94,MSL,GRS80,B,DEG,m,m,m,um,m,m,um,m,m,m,m,um,m,m,um,99999,99999,ELN,W98,99999,ELN,DFA,AUSGEOID98,GRS80,99999,99999,31-DEC-99,31-DEC-99,Comment is null
196953,1969533637.0,4642326,136.630214,-30.786947,105.92,109.564,3.644,9793437.78,105.92,109.564,0.06,2.67,-84.45,-208.69,-95.74,-214.26,100.0,5.0,5.06,0.06,2.0,5.0,5.06,0.5,1,0,5,5,1,3,5,5,1,3,69E3,?,TR,GDA94,MSL,GRS80,B,DEG,m,m,m,um,m,m,um,m,m,m,m,um,m,m,um,99999,99999,ELN,W98,99999,ELN,DFA,AUSGEOID98,GRS80,99999,99999,31-DEC-99,31-DEC-99,Comment is null
196953,1969533638.0,4642327,136.617815,-30.840348,110.82,114.328,3.508,9793449.69,110.82,114.328,0.05,2.67,-100.28,-229.92,-111.15,-235.16,100.0,5.0,5.06,0.06,2.0,5.0,5.06,0.5,1,0,5,5,1,3,5,5,1,3,69E3,?,TR,GDA94,MSL,GRS80,B,DEG,m,m,m,um,m,m,um,m,m,m,m,um,m,m,um,99999,99999,ELN,W98,99999,ELN,DFA,AUSGEOID98,GRS80,99999,99999,31-DEC-99,31-DEC-99,Comment is null
196953,1969533639.0,4642328,136.696214,-30.848647,122.96,126.641,3.681,9793429.38,122.96,126.641,0.04,2.67,-89.2,-232.8,-100.59,-238.19,100.0,5.0,5.06,0.06,2.0,5.0,5.06,0.5,1,0,5,5,1,3,5,5,1,3,69E3,?,TR,GDA94,MSL,GRS80,B,DEG,m,m,m,um,m,m,um,m,m,m,m,um,m,m,um,99999,99999,ELN,W98,99999,ELN,DFA,AUSGEOID98,GRS80,99999,99999,31-DEC-99,31-DEC-99,Comment is null
196953,1969533640.0,5183863,136.694815,-30.904247,122.71,126.28,3.57,9793463.7,122.71,126.28,0.06,2.67,-100.24,-243.43,-111.29,-248.6,100.0,5.0,5.06,0.06,2.0,5.0,5.06,0.5,1,0,5,5,1,3,5,5,1,3,69E3,?,TR,GDA94,MSL,GRS80,B,DEG,m,m,m,um,m,m,um,m,m,m,m,um,m,m,um,99999,99999,ELN,W98,99999,ELN,DFA,AUSGEOID98,GRS80,99999,99999,31-DEC-99,31-DEC-99,Comment is null
196953,1969533641.0,5262838,136.691216,-30.971148,103.3,106.763,3.463,9793554.04,103.3,106.763,0.39,2.67,-123.4,-244.46,-134.13,-249.72,100.0,5.0,5.06,0.06,2.0,5.0,5.06,0.5,1,0,5,5,1,3,5,5,1,3,69E3,?,TR,GDA94,MSL,GRS80,B,DEG,m,m,m,um,m,m,um,m,m,m,m,um,m,m,um,99999,99999,ELN,W98,99999,ELN,DFA,AUSGEOID98,GRS80,99999,99999,31-DEC-99,31-DEC-99,Comment is null
196953,1969533642.0,4642329,136.752915,-30.962147,119.73,123.349,3.619,9793521.73,119.73,123.349,0.5,2.67,-97.37,-237.23,-108.57,-242.55,100.0,5.0,5.06,0.06,2.0,5.0,5.06,0.5,1,0,5,5,1,3,5,5,1,3,69E3,?,TR,GDA94,MSL,GRS80,B,DEG,m,m,m,um,m,m,um,m,m,m,m,um,m,m,um,99999,99999,ELN,W98,99999,ELN,DFA,AUSGEOID98,GRS80,99999,99999,31-DEC-99,31-DEC-99,Comment is null
196953,1969533643.0,4642330,136.816815,-30.975346,109.67,113.428,3.758,9793569.25,109.67,113.428,0.24,2.67,-90.97,-219.59,-102.61,-225.33,100.0,5.0,5.06,0.06,2.0,5.0,5.06,0.5,1,0,5,5,1,3,5,5,1,3,69E3,?,TR,GDA94,MSL,GRS80,B,DEG,m,m,m,um,m,m,um,m,m,m,m,um,m,m,um,99999,99999,ELN,W98,99999,ELN,DFA,AUSGEOID98,GRS80,99999,99999,31-DEC-99,31-DEC-99,Comment is null
196953,1969533644.0,5848261,136.773514,-30.902347,96.15,99.913,3.763,9793539.24,96.15,99.913,0.23,2.67,-104.54,-217.84,-116.2,-223.79,100.0,5.0,5.06,0.06,2.0,5.0,5.06,0.5,1,0,5,5,1,3,5,5,1,3,69E3,?,TR,GDA94,MSL,GRS80,B,DEG,m,m,m,um,m,m,um,m,m,m,m,um,m,m,um,99999,99999,ELN,W98,99999,ELN,DFA,AUSGEOID98,GRS80,99999,99999,31-DEC-99,31-DEC-99,Comment is null
196953,1969533645.0,4642331,136.758214,-30.849946,120.36,124.189,3.829,9793446.49,120.36,124.189,0.06,2.67,-80.69,-221.51,-92.54,-227.22,100.0,5.0,5.06,0.06,2.0,5.0,5.06,0.5,1,0,5,5,1,3,5,5,1,3,69E3,?,TR,GDA94,MSL,GRS80,B,DEG,m,m,m,um,m,m,um,m,m,m,m,um,m,m,um,99999,99999,ELN,W98,99999,ELN,DFA,AUSGEOID98,GRS80,99999,99999,31-DEC-99,31-DEC-99,Comment is null
196953,1969533646.0,5409111,136.759913,-30.787046,120.69,124.652,3.962,9793391.86,120.69,124.652,0.06,2.67,-83.9,-225.24,-96.16,-231.21,100.0,5.0,5.06,0.06,2.0,5.0,5.06,0.5,1,0,5,5,1,3,5,5,1,3,69E3,?,TR,GDA94,MSL,GRS80,B,DEG,m,m,m,um,m,m,um,m,m,m,m,um,m,m,um,99999,99999,ELN,W98,99999,ELN,DFA,AUSGEOID98,GRS80,99999,99999,31-DEC-99,31-DEC-99,Comment is null
196953,1969533647.0,5681798,136.710613,-30.778847,109.0,112.857,3.857,9793388.96,109.0,112.857,0.04,2.67,-116.68,-244.65,-128.63,-250.6,100.0,5.0,5.06,0.06,2.0,5.0,5.06,0.5,1,0,5,5,1,3,5,5,1,3,69E3,?,TR,GDA94,MSL,GRS80,B,DEG,m,m,m,um,m,m,um,m,m,m,m,um,m,m,um,99999,99999,ELN,W98,99999,ELN,DFA,AUSGEOID98,GRS80,99999,99999,31-DEC-99,31-DEC-99,Comment is null
196953,1969533680.0,5746200,136.635113,-30.719047,98.78,102.592,3.812,9793422.97,98.78,102.592,0.04,2.67,-66.87,-183.21,-78.69,-189.22,100.0,5.0,5.06,0.06,2.0,5.0,5.06,0.5,1,0,5,5,1,3,5,5,1,3,69E3,?,TR,GDA94,MSL,GRS80,B,DEG,m,m,m,um,m,m,um,m,m,m,m,um,m,m,um,99999,99999,ELN,W98,99999,ELN,DFA,AUSGEOID98,GRS80,99999,99999,31-DEC-99,31-DEC-99,Comment is null
196953,1969533701.0,5408345,136.900011,-30.789345,83.82,88.118,4.298,9793516.52,83.82,88.118,0.19,2.67,-73.78,-173.71,-87.11,-180.9,100.0,5.0,5.06,0.06,2.0,5.0,5.06,0.5,1,0,5,5,1,3,5,5,1,3,69E3,?,TR,GDA94,MSL,GRS80,B,DEG,m,m,m,um,m,m,um,m,m,m,m,um,m,m,um,99999,99999,ELN,W98,99999,ELN,DFA,AUSGEOID98,GRS80,99999,99999,31-DEC-99,31-DEC-99,Comment is null
196953,1969533702.0,4642332,137.025809,-30.683643,106.67,111.523,4.853,9793367.35,106.67,111.523,0.08,2.67,-66.87,-193.33,-81.89,-201.25,100.0,5.0,5.06,0.06,2.0,5.0,5.06,0.5,1,0,5,5,1,3,5,5,1,3,69E3,?,TR,GDA94,MSL,GRS80,B,DEG,m,m,m,um,m,m,um,m,m,m,m,um,m,m,um,99999,99999,ELN,W98,99999,ELN,DFA,AUSGEOID98,GRS80,99999,99999,31-DEC-99,31-DEC-99,Comment is null
196953,1969533703.0,4642333,137.008208,-30.610843,103.32,108.318,4.998,9793328.62,103.32,108.318,0.1,2.67,-57.8,-180.63,-73.28,-188.89,100.0,5.0,5.06,0.06,2.0,5.0,5.06,0.5,1,0,5,5,1,3,5,5,1,3,69E3,?,TR,GDA94,MSL,GRS80,B,DEG,m,m,m,um,m,m,um,m,m,m,m,um,m,m,um,99999,99999,ELN,W98,99999,ELN,DFA,AUSGEOID98,GRS80,99999,99999,31-DEC-99,31-DEC-99,Comment is null
196953,1969533704.0,4642334,137.006407,-30.573643,103.51,108.599,5.089,9793320.52,103.51,108.599,0.06,2.67,-35.6,-158.75,-51.36,-167.18,100.0,5.0,5.06,0.06,2.0,5.0,5.06,0.5,1,0,5,5,1,3,5,5,1,3,69E3,?,TR,GDA94,MSL,GRS80,B,DEG,m,m,m,um,m,m,um,m,m,m,m,um,m,m,um,99999,99999,ELN,W98,99999,ELN,DFA,AUSGEOID98,GRS80,99999,99999,31-DEC-99,31-DEC-99,Comment is null
196953,1969533705.0,5408834,137.086006,-30.562442,128.4,133.722,5.322,9793233.17,128.4,133.722,0.2,2.67,-36.57,-188.2,-53.03,-196.71,100.0,5.0,5.06,0.06,2.0,5.0,5.06,0.5,1,1,5,5,1,3,5,5,1,3,69E3,?,TR,GDA94,MSL,GRS80,B,DEG,m,m,m,um,m,m,um,m,m,m,m,um,m,m,um,99999,99999,ELN,W98,99999,ELN,DFA,AUSGEOID98,GRS80,99999,99999,31-DEC-99,31-DEC-99,Comment is null
196953,1969533706.0,4642335,137.138006,-30.555541,109.03,114.513,5.483,9793277.3,109.03,114.513,0.17,2.67,-46.26,-176.11,-63.23,-185.23,100.0,5.0,5.06,0.06,2.0,5.0,5.06,0.5,1,0,5,5,1,3,5,5,1,3,69E3,?,TR,GDA94,MSL,GRS80,B,DEG,m,m,m,um,m,m,um,m,m,m,m,um,m,m,um,99999,99999,ELN,W98,99999,ELN,DFA,AUSGEOID98,GRS80,99999,99999,31-DEC-99,31-DEC-99,Comment is null
196953,1969533707.0,4642336,137.144406,-30.606741,123.23,128.593,5.363,9793261.79,123.23,128.593,0.1,2.67,-58.83,-204.64,-75.42,-213.31,100.0,5.0,5.06,0.06,2.0,5.0,5.06,0.5,1,1,5,5,1,3,5,5,1,3,69E3,?,TR,GDA94,MSL,GRS80,B,DEG,m,m,m,um,m,m,um,m,m,m,m,um,m,m,um,99999,99999,ELN,W98,99999,ELN,DFA,AUSGEOID98,GRS80,99999,99999,31-DEC-99,31-DEC-99,Comment is null
196953,1969533708.0,5699081,137.072107,-30.604642,119.84,125.017,5.177,9793279.1,119.84,125.017,0.06,2.67,-50.9,-192.65,-66.91,-201.01,100.0,5.0,5.06,0.06,2.0,5.0,5.06,0.5,1,1,5,5,1,3,5,5,1,3,69E3,?,TR,GDA94,MSL,GRS80,B,DEG,m,m,m,um,m,m,um,m,m,m,m,um,m,m,um,99999,99999,ELN,W98,99999,ELN,DFA,AUSGEOID98,GRS80,99999,99999,31-DEC-99,31-DEC-99,Comment is null
196953,1969533709.0,5908263,137.086008,-30.675042,98.32,103.347,5.027,9793371.15,98.32,103.347,0.17,2.67,-81.47,-198.66,-97.04,-207.06,100.0,5.0,5.06,0.06,2.0,5.0,5.06,0.5,1,1,5,5,1,3,5,5,1,3,69E3,?,TR,GDA94,MSL,GRS80,B,DEG,m,m,m,um,m,m,um,m,m,m,m,um,m,m,um,99999,99999,ELN,W98,99999,ELN,DFA,AUSGEOID98,GRS80,99999,99999,31-DEC-99,31-DEC-99,Comment is null
196953,1969533710.0,4642337,137.153407,-30.667942,118.51,123.728,5.218,9793296.11,118.51,123.728,0.14,2.67,-88.0,-228.3,-104.14,-236.75,100.0,5.0,5.06,0.06,2.0,5.0,5.06,0.5,1,1,5,5,1,3,5,5,1,3,69E3,?,TR,GDA94,MSL,GRS80,B,DEG,m,m,m,um,m,m,um,m,m,m,m,um,m,m,um,99999,99999,ELN,W98,99999,ELN,DFA,AUSGEOID98,GRS80,99999,99999,31-DEC-99,31-DEC-99,Comment is null
196953,1969533711.0,4642338,137.077009,-30.723243,107.26,112.152,4.892,9793421.17,107.26,112.152,0.05,2.67,-42.5,-169.68,-57.64,-177.67,100.0,5.0,5.06,0.06,2.0,5.0,5.06,0.5,1,0,5,5,1,3,5,5,1,3,69E3,?,TR,GDA94,MSL,GRS80,B,DEG,m,m,m,um,m,m,um,m,m,m,m,um,m,m,um,99999,99999,ELN,W98,99999,ELN,DFA,AUSGEOID98,GRS80,99999,99999,31-DEC-99,31-DEC-99,Comment is null
196953,1969533712.0,4642339,137.023509,-30.743943,84.57,89.281,4.711,9793481.71,84.57,89.281,0.31,2.67,-68.96,-170.21,-83.56,-178.2,100.0,5.0,5.06,0.06,2.0,5.0,5.06,0.5,1,0,5,5,1,3,5,5,1,3,69E3,?,TR,GDA94,MSL,GRS80,B,DEG,m,m,m,um,m,m,um,m,m,m,m,um,m,m,um,99999,99999,ELN,W98,99999,ELN,DFA,AUSGEOID98,GRS80,99999,99999,31-DEC-99,31-DEC-99,Comment is null
196953,1969533713.0,5765298,136.959609,-30.674544,73.88,78.59,4.71,9793452.59,73.88,78.59,0.29,2.67,-76.02,-165.15,-90.63,-173.3,100.0,5.0,5.06,0.06,2.0,5.0,5.06,0.5,1,0,5,5,1,3,5,5,1,3,69E3,?,TR,GDA94,MSL,GRS80,B,DEG,m,m,m,um,m,m,um,m,m,m,m,um,m,m,um,99999,99999,ELN,W98,99999,ELN,DFA,AUSGEOID98,GRS80,99999,99999,31-DEC-99,31-DEC-99,Comment is null
196953,1969533714.0,5973654,136.956808,-30.619943,91.46,96.309,4.849,9793347.73,91.46,96.309,0.1,2.67,-82.95,-192.16,-97.97,-200.32,100.0,5.0,5.06,0.06,2.0,5.0,5.06,0.5,1,0,5,5,1,3,5,5,1,3,69E3,?,TR,GDA94,MSL,GRS80,B,DEG,m,m,m,um,m,m,um,m,m,m,m,um,m,m,um,99999,99999,ELN,W98,99999,ELN,DFA,AUSGEOID98,GRS80,99999,99999,31-DEC-99,31-DEC-99,Comment is null
196953,1969533715.0,4642340,136.957008,-30.556943,104.57,109.579,5.009,9793385.75,104.57,109.579,0.21,2.67,45.87,-78.39,30.36,-86.66,100.0,5.0,5.06,0.06,2.0,5.0,5.06,0.5,1,0,5,5,1,3,5,5,1,3,69E3,?,TR,GDA94,MSL,GRS80,B,DEG,m,m,m,um,m,m,um,m,m,m,m,um,m,m,um,99999,99999,ELN,W98,99999,ELN,DFA,AUSGEOID98,GRS80,99999,99999,31-DEC-99,31-DEC-99,Comment is null
196953,1969533716.0,4642341,136.957007,-30.506243,101.19,106.314,5.124,9793310.52,101.19,106.314,0.08,2.67,0.63,-119.93,-15.24,-128.47,100.0,5.0,5.06,0.06,2.0,5.0,5.06,0.5,1,0,5,5,1,3,5,5,1,3,69E3,?,TR,GDA94,MSL,GRS80,B,DEG,m,m,m,um,m,m,um,m,m,m,m,um,m,m,um,99999,99999,ELN,W98,99999,ELN,DFA,AUSGEOID98,GRS80,99999,99999,31-DEC-99,31-DEC-99,Comment is null
196953,1969533717.0,5786906,136.885908,-30.508944,93.73,98.647,4.917,9793282.7,93.73,98.647,0.06,2.67,-52.98,-164.84,-68.21,-173.09,100.0,5.0,5.06,0.06,2.0,5.0,5.06,0.5,1,0,5,5,1,3,5,5,1,3,69E3,?,TR,GDA94,MSL,GRS80,B,DEG,m,m,m,um,m,m,um,m,m,m,m,um,m,m,um,99999,99999,ELN,W98,99999,ELN,DFA,AUSGEOID98,GRS80,99999,99999,31-DEC-99,31-DEC-99,Comment is null
196953,1969533718.0,5809383,136.883208,-30.561344,97.63,102.432,4.802,9793320.22,97.63,102.432,0.04,2.67,-45.2,-161.36,-60.08,-169.32,100.0,5.0,5.06,0.06,2.0,5.0,5.06,0.5,1,0,5,5,1,3,5,5,1,3,69E3,?,TR,GDA94,MSL,GRS80,B,DEG,m,m,m,um,m,m,um,m,m,m,m,um,m,m,um,99999,99999,ELN,W98,99999,ELN,DFA,AUSGEOID98,GRS80,99999,99999,31-DEC-99,31-DEC-99,Comment is null
196953,1969533719.0,4642342,136.878109,-30.620644,100.21,104.87,4.66,9793390.46,100.21,104.87,0.03,2.67,-14.37,-133.29,-28.8,-140.94,100.0,5.0,5.06,0.06,2.0,5.0,5.06,0.5,1,0,5,5,1,3,5,5,1,3,69E3,?,TR,GDA94,MSL,GRS80,B,DEG,m,m,m,um,m,m,um,m,m,m,m,um,m,m,um,99999,99999,ELN,W98,99999,ELN,DFA,AUSGEOID98,GRS80,99999,99999,31-DEC-99,31-DEC-99,Comment is null
196953,1969533720.0,5715198,136.90111,-30.675744,107.53,112.093,4.563,9793370.55,107.53,112.093,0.2,2.67,-55.64,-182.75,-69.77,-190.1,100.0,5.0,5.06,0.06,2.0,5.0,5.06,0.5,1,0,5,5,1,3,5,5,1,3,69E3,?,TR,GDA94,MSL,GRS80,B,DEG,m,m,m,um,m,m,um,m,m,m,m,um,m,m,um,99999,99999,ELN,W98,99999,ELN,DFA,AUSGEOID98,GRS80,99999,99999,31-DEC-99,31-DEC-99,Comment is null
196953,1969533725.0,4642343,136.891311,-30.731745,118.53,122.938,4.408,9793346.13,118.53,122.938,0.34,2.67,-91.01,-230.41,-104.65,-237.28,100.0,5.0,5.06,0.06,2.0,5.0,5.06,0.5,1,0,5,5,1,3,5,5,1,3,69E3,?,TR,GDA94,MSL,GRS80,B,DEG,m,m,m,um,m,m,um,m,m,m,m,um,m,m,um,99999,99999,ELN,W98,99999,ELN,DFA,AUSGEOID98,GRS80,99999,99999,31-DEC-99,31-DEC-99,Comment is null
196953,1969533726.0,4642344,136.831111,-30.732345,103.13,107.393,4.263,9793387.96,103.13,107.393,0.05,2.67,-97.62,-219.4,-110.83,-226.23,100.0,5.0,5.06,0.06,2.0,5.0,5.06,0.5,1,0,5,5,1,3,5,5,1,3,69E3,?,TR,GDA94,MSL,GRS80,B,DEG,m,m,m,um,m,m,um,m,m,m,m,um,m,m,um,99999,99999,ELN,W98,99999,ELN,DFA,AUSGEOID98,GRS80,99999,99999,31-DEC-99,31-DEC-99,Comment is null
196953,1969533727.0,4642345,136.827412,-30.795245,104.3,108.41,4.11,9793451.89,104.3,108.41,0.12,2.67,-80.49,-203.43,-93.22,-209.94,100.0,5.0,5.06,0.06,2.0,5.0,5.06,0.5,1,0,5,5,1,3,5,5,1,3,69E3,?,TR,GDA94,MSL,GRS80,B,DEG,m,m,m,um,m,m,um,m,m,m,m,um,m,m,um,99999,99999,ELN,W98,99999,ELN,DFA,AUSGEOID98,GRS80,99999,99999,31-DEC-99,31-DEC-99,Comment is null
196953,1969533728.0,5409328,136.834513,-30.846446,103.8,107.821,4.021,9793483.71,103.8,107.821,0.26,2.67,-91.19,-213.45,-103.65,-219.8,100.0,5.0,5.06,0.06,2.0,5.0,5.06,0.5,1,0,5,5,1,3,5,5,1,3,69E3,?,TR,GDA94,MSL,GRS80,B,DEG,m,m,m,um,m,m,um,m,m,m,m,um,m,m,um,99999,99999,ELN,W98,99999,ELN,DFA,AUSGEOID98,GRS80,99999,99999,31-DEC-99,31-DEC-99,Comment is null
196953,1969533729.0,5924038,136.829814,-30.900646,109.05,112.955,3.905,9793509.02,109.05,112.955,0.16,2.67,-93.16,-221.24,-105.25,-227.28,100.0,5.0,5.06,0.06,2.0,5.0,5.06,0.5,1,0,5,5,1,3,5,5,1,3,69E3,?,TR,GDA94,MSL,GRS80,B,DEG,m,m,m,um,m,m,um,m,m,m,m,um,m,m,um,99999,99999,ELN,W98,99999,ELN,DFA,AUSGEOID98,GRS80,99999,99999,31-DEC-99,31-DEC-99,Comment is null
196953,1969533730.0,4642346,136.894014,-30.965046,127.46,131.432,3.972,9793535.33,127.46,131.432,0.06,2.67,-61.13,-210.16,-73.42,-216.04,100.0,5.0,5.06,0.06,2.0,5.0,5.06,0.5,1,0,5,5,1,3,5,5,1,3,69E3,?,TR,GDA94,MSL,GRS80,B,DEG,m,m,m,um,m,m,um,m,m,m,m,um,m,m,um,99999,99999,ELN,W98,99999,ELN,DFA,AUSGEOID98,GRS80,99999,99999,31-DEC-99,31-DEC-99,Comment is null
196953,1969533731.0,5409492,136.956113,-30.951045,99.17,103.322,4.152,9793609.67,99.17,103.322,0.17,2.67,-62.37,-179.53,-75.23,-186.2,100.0,5.0,5.06,0.06,2.0,5.0,5.06,0.5,1,0,5,5,1,3,5,5,1,3,69E3,?,TR,GDA94,MSL,GRS80,B,DEG,m,m,m,um,m,m,um,m,m,m,m,um,m,m,um,99999,99999,ELN,W98,99999,ELN,DFA,AUSGEOID98,GRS80,99999,99999,31-DEC-99,31-DEC-99,Comment is null
196953,1969533732.0,5410159,136.946212,-30.908245,115.46,119.643,4.183,9793502.12,115.46,119.643,0.16,2.67,-85.48,-221.14,-98.42,-227.62,100.0,5.0,5.06,0.06,2.0,5.0,5.06,0.5,1,0,5,5,1,3,5,5,1,3,69E3,?,TR,GDA94,MSL,GRS80,B,DEG,m,m,m,um,m,m,um,m,m,m,m,um,m,m,um,99999,99999,ELN,W98,99999,ELN,DFA,AUSGEOID98,GRS80,99999,99999,31-DEC-99,31-DEC-99,Comment is null
196953,1969533733.0,4642347,136.902613,-30.893445,111.88,115.977,4.097,9793488.31,111.88,115.977,0.08,2.67,-98.81,-230.32,-111.5,-236.69,100.0,5.0,5.06,0.06,2.0,5.0,5.06,0.5,1,0,5,5,1,3,5,5,1,3,69E3,?,TR,GDA94,MSL,GRS80,B,DEG,m,m,m,um,m,m,um,m,m,m,m,um,m,m,um,99999,99999,ELN,W98,99999,ELN,DFA,AUSGEOID98,GRS80,99999,99999,31-DEC-99,31-DEC-99,Comment is null
196953,1969533734.0,4642348,136.884512,-30.842745,73.73,77.881,4.151,9793557.65,73.73,77.881,0.36,2.67,-106.69,-195.01,-119.57,-202.07,100.0,5.0,5.06,0.06,2.0,5.0,5.06,0.5,1,0,5,5,1,3,5,5,1,3,69E3,?,TR,GDA94,MSL,GRS80,B,DEG,m,m,m,um,m,m,um,m,m,m,m,um,m,m,um,99999,99999,ELN,W98,99999,ELN,DFA,AUSGEOID98,GRS80,99999,99999,31-DEC-99,31-DEC-99,Comment is null
196953,1969533735.0,4642349,136.94171,-30.727144,109.63,114.174,4.544,9793392.76,109.63,114.174,0.22,2.67,-67.77,-197.24,-81.84,-204.51,100.0,5.0,5.06,0.06,2.0,5.0,5.06,0.5,1,0,5,5,1,3,5,5,1,3,69E3,?,TR,GDA94,MSL,GRS80,B,DEG,m,m,m,um,m,m,um,m,m,m,m,um,m,m,um,99999,99999,ELN,W98,99999,ELN,DFA,AUSGEOID98,GRS80,99999,99999,31-DEC-99,31-DEC-99,Comment is null
196953,1969533737.0,4642350,136.963711,-30.791144,83.88,88.328,4.448,9793483.71,83.88,88.328,0.18,2.67,-107.38,-207.55,-121.17,-215.03,100.0,5.0,5.06,0.06,2.0,5.0,5.06,0.5,1,0,5,5,1,3,5,5,1,3,69E3,?,TR,GDA94,MSL,GRS80,B,DEG,m,m,m,um,m,m,um,m,m,m,m,um,m,m,um,99999,99999,ELN,W98,99999,ELN,DFA,AUSGEOID98,GRS80,99999,99999,31-DEC-99,31-DEC-99,Comment is null
196953,1969533738.0,4642351,136.951712,-30.857144,98.21,102.492,4.282,9793484.61,98.21,102.492,0.15,2.67,-115.24,-231.46,-128.51,-238.4,100.0,5.0,5.06,0.06,2.0,5.0,5.06,0.5,1,0,5,5,1,3,5,5,1,3,69E3,?,TR,GDA94,MSL,GRS80,B,DEG,m,m,m,um,m,m,um,m,m,m,m,um,m,m,um,99999,99999,ELN,W98,99999,ELN,DFA,AUSGEOID98,GRS80,99999,99999,31-DEC-99,31-DEC-99,Comment is null
196953,1969533739.0,4642352,137.008711,-30.853644,91.26,95.685,4.425,9793455.99,91.26,95.685,0.13,2.67,-162.07,-270.58,-175.79,-277.91,100.0,5.0,5.06,0.06,2.0,5.0,5.06,0.5,1,1,5,5,1,3,5,5,1,3,69E3,?,TR,GDA94,MSL,GRS80,B,DEG,m,m,m,um,m,m,um,m,m,m,m,um,m,m,um,99999,99999,ELN,W98,99999,ELN,DFA,AUSGEOID98,GRS80,99999,99999,31-DEC-99,31-DEC-99,Comment is null
196953,1969533740.0,5867891,137.028012,-30.902944,101.65,106.043,4.393,9793508.52,101.65,106.043,0.1,2.67,-116.82,-237.06,-130.42,-244.17,100.0,5.0,5.06,0.06,2.0,5.0,5.06,0.5,1,0,5,5,1,3,5,5,1,3,69E3,?,TR,GDA94,MSL,GRS80,B,DEG,m,m,m,um,m,m,um,m,m,m,m,um,m,m,um,99999,99999,ELN,W98,99999,ELN,DFA,AUSGEOID98,GRS80,99999,99999,31-DEC-99,31-DEC-99,Comment is null
196953,1969533741.0,5408514,137.041012,-30.969944,125.94,130.282,4.342,9793581.76,125.94,130.282,0.09,2.67,-22.16,-169.88,-35.59,-176.51,100.0,5.0,5.06,0.06,2.0,5.0,5.06,0.5,1,0,5,5,1,3,5,5,1,3,69E3,?,TR,GDA94,MSL,GRS80,B,DEG,m,m,m,um,m,m,um,m,m,m,m,um,m,m,um,99999,99999,ELN,W98,99999,ELN,DFA,AUSGEOID98,GRS80,99999,99999,31-DEC-99,31-DEC-99,Comment is null
196953,1969533742.0,4642353,137.086012,-30.966644,127.03,131.489,4.459,9793553.04,127.03,131.489,0.1,2.67,-44.52,-193.61,-58.31,-200.45,100.0,5.0,5.06,0.06,2.0,5.0,5.06,0.5,1,0,5,5,1,3,5,5,1,3,69E3,?,TR,GDA94,MSL,GRS80,B,DEG,m,m,m,um,m,m,um,m,m,m,m,um,m,m,um,99999,99999,ELN,W98,99999,ELN,DFA,AUSGEOID98,GRS80,99999,99999,31-DEC-99,31-DEC-99,Comment is null
196953,1969533743.0,5409795,137.134711,-30.955843,137.92,142.516,4.596,9793503.32,137.92,142.516,0.14,2.67,-51.62,-213.21,-65.82,-220.15,100.0,5.0,5.06,0.06,2.0,5.0,5.06,0.5,1,1,5,5,1,3,5,5,1,3,69E3,?,TR,GDA94,MSL,GRS80,B,DEG,m,m,m,um,m,m,um,m,m,m,m,um,m,m,um,99999,99999,ELN,W98,99999,ELN,DFA,AUSGEOID98,GRS80,99999,99999,31-DEC-99,31-DEC-99,Comment is null
196953,1969533744.0,4642354,137.094511,-30.907043,124.57,129.122,4.552,9793467.4,124.57,129.122,0.1,2.67,-89.99,-236.4,-104.07,-243.46,100.0,5.0,5.06,0.06,2.0,5.0,5.06,0.5,1,0,5,5,1,3,5,5,1,3,69E3,?,TR,GDA94,MSL,GRS80,B,DEG,m,m,m,um,m,m,um,m,m,m,m,um,m,m,um,99999,99999,ELN,W98,99999,ELN,DFA,AUSGEOID98,GRS80,99999,99999,31-DEC-99,31-DEC-99,Comment is null
196953,1969533745.0,4642355,137.08141,-30.851643,123.5,128.11,4.61,9793396.46,123.5,128.11,0.13,2.67,-119.97,-265.23,-134.23,-272.42,100.0,5.0,5.06,0.06,2.0,5.0,5.06,0.5,1,1,5,5,1,3,5,5,1,3,69E3,?,TR,GDA94,MSL,GRS80,B,DEG,m,m,m,um,m,m,um,m,m,m,m,um,m,m,um,99999,99999,ELN,W98,99999,ELN,DFA,AUSGEOID98,GRS80,99999,99999,31-DEC-99,31-DEC-99,Comment is null
196953,1969533746.0,5262839,137.08161,-30.797843,103.8,108.523,4.723,9793402.76,103.8,108.523,0.16,2.67,-131.34,-254.4,-145.96,-262.11,100.0,5.0,5.06,0.06,2.0,5.0,5.06,0.5,1,1,5,5,1,3,5,5,1,3,69E3,?,TR,GDA94,MSL,GRS80,B,DEG,m,m,m,um,m,m,um,m,m,m,m,um,m,m,um,99999,99999,ELN,W98,99999,ELN,DFA,AUSGEOID98,GRS80,99999,99999,31-DEC-99,31-DEC-99,Comment is null
196953,1969533747.0,5408346,137.02221,-30.788943,102.57,107.166,4.596,9793417.07,102.57,107.166,0.09,2.67,-114.14,-235.67,-128.38,-243.15,100.0,5.0,5.06,0.06,2.0,5.0,5.06,0.5,1,0,5,5,1,3,5,5,1,3,69E3,?,TR,GDA94,MSL,GRS80,B,DEG,m,m,m,um,m,m,um,m,m,m,m,um,m,m,um,99999,99999,ELN,W98,99999,ELN,DFA,AUSGEOID98,GRS80,99999,99999,31-DEC-99,31-DEC-99,Comment is null
196953,1969533801.0,4642356,137.317006,-30.74034,76.05,81.571,5.521,9793510.52,76.05,81.571,0.36,2.67,-61.08,-153.58,-78.18,-163.28,100.0,5.0,5.06,0.06,2.0,5.0,5.06,0.5,1,0,5,5,1,3,5,5,1,3,69E3,?,TR,GDA94,MSL,GRS80,B,DEG,m,m,m,um,m,m,um,m,m,m,m,um,m,m,um,99999,99999,ELN,W98,99999,ELN,DFA,AUSGEOID98,GRS80,99999,99999,31-DEC-99,31-DEC-99,Comment is null
196953,1969533802.0,5880233,137.344605,-30.66364,89.11,94.873,5.763,9793383.45,89.11,94.873,0.31,2.67,-86.28,-193.86,-104.12,-203.83,100.0,5.0,5.06,0.06,2.0,5.0,5.06,0.5,1,0,5,5,1,3,5,5,1,3,69E3,?,TR,GDA94,MSL,GRS80,B,DEG,m,m,m,um,m,m,um,m,m,m,m,um,m,m,um,99999,99999,ELN,W98,99999,ELN,DFA,AUSGEOID98,GRS80,99999,99999,31-DEC-99,31-DEC-99,Comment is null
196953,1969533803.0,5408835,137.345304,-30.611339,41.53,47.414,5.884,9793438.68,41.53,47.414,0.79,2.67,-136.05,-189.83,-154.32,-200.79,100.0,5.0,5.06,0.06,2.0,5.0,5.06,0.5,1,0,5,5,1,3,5,5,1,3,69E3,?,TR,GDA94,MSL,GRS80,B,DEG,m,m,m,um,m,m,um,m,m,m,m,um,m,m,um,99999,99999,ELN,W98,99999,ELN,DFA,AUSGEOID98,GRS80,99999,99999,31-DEC-99,31-DEC-99,Comment is null
196953,1969533804.0,5746201,137.338104,-30.556439,92.34,98.357,6.017,9793361.44,92.34,98.357,0.36,2.67,-12.67,-124.21,-31.3,-134.63,100.0,5.0,5.06,0.06,2.0,5.0,5.06,0.5,1,0,5,5,1,3,5,5,1,3,69E3,?,TR,GDA94,MSL,GRS80,B,DEG,m,m,m,um,m,m,um,m,m,m,m,um,m,m,um,99999,99999,ELN,W98,99999,ELN,DFA,AUSGEOID98,GRS80,99999,99999,31-DEC-99,31-DEC-99,Comment is null
196953,1969533805.0,4642357,137.385003,-30.563839,40.56,46.681,6.121,9793444.19,40.56,46.681,0.67,2.67,-95.23,-148.17,-114.22,-159.61,100.0,5.0,5.06,0.06,2.0,5.0,5.06,0.5,1,0,5,5,1,3,5,5,1,3,69E3,?,TR,GDA94,MSL,GRS80,B,DEG,m,m,m,um,m,m,um,m,m,m,m,um,m,m,um,99999,99999,ELN,W98,99999,ELN,DFA,AUSGEOID98,GRS80,99999,99999,31-DEC-99,31-DEC-99,Comment is null
196953,1969533806.0,4642358,137.399304,-30.607639,33.47,39.515,6.045,9793470.3,33.47,39.515,0.58,2.67,-125.88,-170.7,-144.65,-182.1,100.0,5.0,5.06,0.06,2.0,5.0,5.06,0.5,1,0,5,5,1,3,5,5,1,3,69E3,?,TR,GDA94,MSL,GRS80,B,DEG,m,m,m,um,m,m,um,m,m,m,m,um,m,m,um,99999,99999,ELN,W98,99999,ELN,DFA,AUSGEOID98,GRS80,99999,99999,31-DEC-99,31-DEC-99,Comment is null
196953,1969533807.0,4642359,137.405304,-30.666639,87.86,93.797,5.937,9793413.67,87.86,93.797,0.25,2.67,-61.76,-168.12,-80.14,-178.45,100.0,5.0,5.06,0.06,2.0,5.0,5.06,0.5,1,0,5,5,1,3,5,5,1,3,69E3,?,TR,GDA94,MSL,GRS80,B,DEG,m,m,m,um,m,m,um,m,m,m,m,um,m,m,um,99999,99999,ELN,W98,99999,ELN,DFA,AUSGEOID98,GRS80,99999,99999,31-DEC-99,31-DEC-99,Comment is null
196953,1969533808.0,4642360,137.406605,-30.732739,111.09,116.9,5.81,9793422.77,111.09,116.9,0.25,2.67,-33.79,-166.34,-51.76,-176.07,100.0,5.0,5.06,0.06,2.0,5.0,5.06,0.5,1,0,5,5,1,3,5,5,1,3,69E3,?,TR,GDA94,MSL,GRS80,B,DEG,m,m,m,um,m,m,um,m,m,m,m,um,m,m,um,99999,99999,ELN,W98,99999,ELN,DFA,AUSGEOID98,GRS80,99999,99999,31-DEC-99,31-DEC-99,Comment is null
196953,1969533809.0,4642361,137.271307,-30.728541,116.15,121.56,5.41,9793415.97,116.15,121.56,0.25,2.67,-22.88,-160.72,-39.61,-169.58,100.0,5.0,5.06,0.06,2.0,5.0,5.06,0.5,1,0,5,5,1,3,5,5,1,3,69E3,?,TR,GDA94,MSL,GRS80,B,DEG,m,m,m,um,m,m,um,m,m,m,m,um,m,m,um,99999,99999,ELN,W98,99999,ELN,DFA,AUSGEOID98,GRS80,99999,99999,31-DEC-99,31-DEC-99,Comment is null
196953,1969533813.0,4642362,137.266406,-30.67134,46.35,51.873,5.523,9793486.71,46.35,51.873,0.67,2.67,-121.8,-180.63,-138.94,-190.81,100.0,5.0,5.06,0.06,2.0,5.0,5.06,0.5,1,0,5,5,1,3,5,5,1,3,69E3,?,TR,GDA94,MSL,GRS80,B,DEG,m,m,m,um,m,m,um,m,m,m,m,um,m,m,um,99999,99999,ELN,W98,99999,ELN,DFA,AUSGEOID98,GRS80,99999,99999,31-DEC-99,31-DEC-99,Comment is null
196953,1969533814.0,5848262,137.262705,-30.60674,111.53,117.208,5.678,9793296.61,111.53,117.208,0.58,2.67,-59.14,-192.05,-76.71,-201.51,100.0,5.0,5.06,0.06,2.0,5.0,5.06,0.5,1,0,5,5,1,3,5,5,1,3,69E3,?,TR,GDA94,MSL,GRS80,B,DEG,m,m,m,um,m,m,um,m,m,m,m,um,m,m,um,99999,99999,ELN,W98,99999,ELN,DFA,AUSGEOID98,GRS80,99999,99999,31-DEC-99,31-DEC-99,Comment is null
196953,1969533815.0,4642363,137.272104,-30.56454,105.28,111.105,5.825,9793339.83,105.28,111.105,0.23,2.67,-1.36,-127.35,-19.38,-137.19,100.0,5.0,5.06,0.06,2.0,5.0,5.06,0.5,1,0,5,5,1,3,5,5,1,3,69E3,?,TR,GDA94,MSL,GRS80,B,DEG,m,m,m,um,m,m,um,m,m,m,m,um,m,m,um,99999,99999,ELN,W98,99999,ELN,DFA,AUSGEOID98,GRS80,99999,99999,31-DEC-99,31-DEC-99,Comment is null
196953,1969533816.0,4642364,137.275903,-30.49854,107.78,113.81,6.03,9793311.42,107.78,113.81,0.79,2.67,30.74,-98.31,12.09,-108.52,100.0,5.0,5.06,0.06,2.0,5.0,5.06,0.5,1,0,5,5,1,3,5,5,1,3,69E3,?,TR,GDA94,MSL,GRS80,B,DEG,m,m,m,um,m,m,um,m,m,m,m,um,m,m,um,99999,99999,ELN,W98,99999,ELN,DFA,AUSGEOID98,GRS80,99999,99999,31-DEC-99,31-DEC-99,Comment is null
196953,1969533817.0,4642365,137.211104,-30.50134,111.46,117.304,5.844,9793285.4,111.46,117.304,0.29,2.67,13.29,-119.72,-4.78,-129.51,100.0,5.0,5.06,0.06,2.0,5.0,5.06,0.5,1,1,5,5,1,3,5,5,1,3,69E3,?,TR,GDA94,MSL,GRS80,B,DEG,m,m,m,um,m,m,um,m,m,m,m,um,m,m,um,99999,99999,ELN,W98,99999,ELN,DFA,AUSGEOID98,GRS80,99999,99999,31-DEC-99,31-DEC-99,Comment is null
196953,1969533818.0,4642366,137.203005,-30.542341,108.51,114.215,5.705,9793309.51,108.51,114.215,0.11,2.67,-4.53,-134.04,-22.18,-143.6,100.0,5.0,5.06,0.06,2.0,5.0,5.06,0.5,1,0,5,5,1,3,5,5,1,3,BM2423 69E3,?,TR,GDA94,MSL,GRS80,B,DEG,m,m,m,um,m,m,um,m,m,m,m,um,m,m,um,99999,99999,ELN,W98,99999,ELN,DFA,AUSGEOID98,GRS80,99999,99999,31-DEC-99,31-DEC-99,Comment is null
196953,1969533819.0,5703378,137.202606,-30.610341,128.26,133.771,5.511,9793257.49,128.26,133.771,0.19,2.67,-50.01,-201.69,-67.05,-210.57,100.0,5.0,5.06,0.06,2.0,5.0,5.06,0.5,1,0,5,5,1,3,5,5,1,3,69E3,?,TR,GDA94,MSL,GRS80,B,DEG,m,m,m,um,m,m,um,m,m,m,m,um,m,m,um,99999,99999,ELN,W98,99999,ELN,DFA,AUSGEOID98,GRS80,99999,99999,31-DEC-99,31-DEC-99,Comment is null
196953,1969533820.0,5677449,137.201007,-30.672541,92.8,98.135,5.335,9793398.66,92.8,98.135,0.58,2.67,-68.06,-179.34,-84.58,-188.42,100.0,5.0,5.06,0.06,2.0,5.0,5.06,0.5,1,1,5,5,1,3,5,5,1,3,69E3,?,TR,GDA94,MSL,GRS80,B,DEG,m,m,m,um,m,m,um,m,m,m,m,um,m,m,um,99999,99999,ELN,W98,99999,ELN,DFA,AUSGEOID98,GRS80,99999,99999,31-DEC-99,31-DEC-99,Comment is null
196953,1969533821.0,4642367,137.197507,-30.735041,65.53,70.706,5.176,9793444.39,65.53,70.706,0.62,2.67,-156.53,-236.72,-172.58,-245.91,100.0,5.0,5.06,0.06,2.0,5.0,5.06,0.5,1,0,5,5,1,3,5,5,1,3,BM2417 69E3,?,TR,GDA94,MSL,GRS80,B,DEG,m,m,m,um,m,m,um,m,m,m,m,um,m,m,um,99999,99999,ELN,W98,99999,ELN,DFA,AUSGEOID98,GRS80,99999,99999,31-DEC-99,31-DEC-99,Comment is null
196953,1969533822.0,5765299,137.158508,-30.750642,70.44,75.469,5.029,9793446.19,70.44,75.469,0.4,2.67,-152.41,-238.0,-168.01,-246.83,100.0,5.0,5.06,0.06,2.0,5.0,5.06,0.5,1,0,5,5,1,3,5,5,1,3,69E3,?,TR,GDA94,MSL,GRS80,B,DEG,m,m,m,um,m,m,um,m,m,m,m,um,m,m,um,99999,99999,ELN,W98,99999,ELN,DFA,AUSGEOID98,GRS80,99999,99999,31-DEC-99,31-DEC-99,Comment is null
196953,1969533823.0,5409329,137.163009,-30.809042,123.44,128.347,4.907,9793350.94,123.44,128.347,0.15,2.67,-130.9,-276.43,-146.07,-284.2,100.0,5.0,5.06,0.06,2.0,5.0,5.06,0.5,1,0,5,5,1,3,5,5,1,3,BM2415 69E3,?,TR,GDA94,MSL,GRS80,B,DEG,m,m,m,um,m,m,um,m,m,m,m,um,m,m,um,99999,99999,ELN,W98,99999,ELN,DFA,AUSGEOID98,GRS80,99999,99999,31-DEC-99,31-DEC-99,Comment is null
196953,1969533824.0,5908264,137.13641,-30.848243,133.19,137.948,4.758,9793359.14,133.19,137.948,0.2,2.67,-124.23,-280.64,-138.94,-287.98,100.0,5.0,5.06,0.06,2.0,5.0,5.06,0.5,1,0,5,5,1,3,5,5,1,3,BM2414 69E3,?,TR,GDA94,MSL,GRS80,B,DEG,m,m,m,um,m,m,um,m,m,m,m,um,m,m,um,99999,99999,ELN,W98,99999,ELN,DFA,AUSGEOID98,GRS80,99999,99999,31-DEC-99,31-DEC-99,Comment is null
196953,1969533825.0,4642368,137.15021,-30.901043,119.48,124.181,4.701,9793431.48,119.48,124.181,0.18,2.67,-136.38,-277.19,-150.92,-284.62,100.0,5.0,5.06,0.06,2.0,5.0,5.06,0.5,1,1,5,5,1,3,5,5,1,3,69E3,?,TR,GDA94,MSL,GRS80,B,DEG,m,m,m,um,m,m,um,m,m,m,m,um,m,m,um,99999,99999,ELN,W98,99999,ELN,DFA,AUSGEOID98,GRS80,99999,99999,31-DEC-99,31-DEC-99,Comment is null
196953,1969533826.0,4642369,137.23211,-30.971342,143.96,148.777,4.817,9793475.5,143.96,148.777,0.3,2.67,-72.47,-241.15,-87.35,-248.44,100.0,5.0,5.06,0.06,2.0,5.0,5.06,0.5,1,0,5,5,1,3,5,5,1,3,69E3,?,TR,GDA94,MSL,GRS80,B,DEG,m,m,m,um,m,m,um,m,m,m,m,um,m,m,um,99999,99999,ELN,W98,99999,ELN,DFA,AUSGEOID98,GRS80,99999,99999,31-DEC-99,31-DEC-99,Comment is null
196953,1969533827.0,5786907,137.29061,-30.964442,139.51,144.49,4.98,9793446.49,139.51,144.49,0.23,2.67,-109.21,-273.04,-124.59,-280.71,100.0,5.0,5.06,0.06,2.0,5.0,5.06,0.5,1,0,5,5,1,3,5,5,1,3,69E3,?,TR,GDA94,MSL,GRS80,B,DEG,m,m,m,um,m,m,um,m,m,m,m,um,m,m,um,99999,99999,ELN,W98,99999,ELN,DFA,AUSGEOID98,GRS80,99999,99999,31-DEC-99,31-DEC-99,Comment is null
196953,1969533828.0,5809384,137.282509,-30.900041,144.19,149.257,5.067,9793380.45,144.19,149.257,0.24,2.67,-109.24,-278.47,-124.89,-286.24,100.0,5.0,5.06,0.06,2.0,5.0,5.06,0.5,1,1,5,5,1,3,5,5,1,3,69E3,?,TR,GDA94,MSL,GRS80,B,DEG,m,m,m,um,m,m,um,m,m,m,m,um,m,m,um,99999,99999,ELN,W98,99999,ELN,DFA,AUSGEOID98,GRS80,99999,99999,31-DEC-99,31-DEC-99,Comment is null
196953,1969533829.0,5410160,137.224109,-30.891042,118.53,123.446,4.916,9793399.36,118.53,123.446,0.18,2.67,-162.8,-302.78,-178.01,-310.64,100.0,5.0,5.06,0.06,2.0,5.0,5.06,0.5,1,1,5,5,1,3,5,5,1,3,69E3,?,TR,GDA94,MSL,GRS80,B,DEG,m,m,m,um,m,m,um,m,m,m,m,um,m,m,um,99999,99999,ELN,W98,99999,ELN,DFA,AUSGEOID98,GRS80,99999,99999,31-DEC-99,31-DEC-99,Comment is null
196953,1969533830.0,4642370,137.225809,-30.850542,137.97,142.967,4.997,9793321.82,137.97,142.967,0.15,2.67,-147.89,-310.0,-163.33,-317.72,100.0,5.0,5.06,0.06,2.0,5.0,5.06,0.5,1,1,5,5,1,3,5,5,1,3,69E3,?,TR,GDA94,MSL,GRS80,B,DEG,m,m,m,um,m,m,um,m,m,m,m,um,m,m,um,99999,99999,ELN,W98,99999,ELN,DFA,AUSGEOID98,GRS80,99999,99999,31-DEC-99,31-DEC-99,Comment is null
196953,1969533831.0,4642371,137.222808,-30.787941,111.94,117.062,5.122,9793366.34,111.94,117.062,0.19,2.67,-133.54,-266.28,-149.39,-274.65,100.0,5.0,5.06,0.06,2.0,5.0,5.06,0.5,1,1,5,5,1,3,5,5,1,3,69E3,?,TR,GDA94,MSL,GRS80,B,DEG,m,m,m,um,m,m,um,m,m,m,m,um,m,m,um,99999,99999,ELN,W98,99999,ELN,DFA,AUSGEOID98,GRS80,99999,99999,31-DEC-99,31-DEC-99,Comment is null
196953,1969533832.0,5943817,137.285207,-30.789641,103.59,108.896,5.306,9793400.96,103.59,108.896,0.37,2.67,-125.47,-248.95,-141.89,-257.81,100.0,5.0,5.06,0.06,2.0,5.0,5.06,0.5,1,0,5,5,1,3,5,5,1,3,69E3,?,TR,GDA94,MSL,GRS80,B,DEG,m,m,m,um,m,m,um,m,m,m,m,um,m,m,um,99999,99999,ELN,W98,99999,ELN,DFA,AUSGEOID98,GRS80,99999,99999,31-DEC-99,31-DEC-99,Comment is null
196953,1969533833.0,5970580,137.287008,-30.842141,126.13,131.325,5.195,9793374.35,126.13,131.325,0.4,2.67,-124.61,-273.51,-140.67,-281.81,100.0,5.0,5.06,0.06,2.0,5.0,5.06,0.5,1,1,5,5,1,3,5,5,1,3,69E3,?,TR,GDA94,MSL,GRS80,B,DEG,m,m,m,um,m,m,um,m,m,m,m,um,m,m,um,99999,99999,ELN,W98,99999,ELN,DFA,AUSGEOID98,GRS80,99999,99999,31-DEC-99,31-DEC-99,Comment is null
196953,1969533834.0,4642372,137.349907,-30.85044,133.19,138.564,5.374,9793407.77,133.19,138.564,0.39,2.67,-75.45,-232.56,-92.06,-241.1,100.0,5.0,5.06,0.06,2.0,5.0,5.06,0.5,1,1,5,5,1,3,5,5,1,3,69E3,?,TR,GDA94,MSL,GRS80,B,DEG,m,m,m,um,m,m,um,m,m,m,m,um,m,m,um,99999,99999,ELN,W98,99999,ELN,DFA,AUSGEOID98,GRS80,99999,99999,31-DEC-99,31-DEC-99,Comment is null
196953,1969533835.0,4642373,137.345408,-30.903741,142.97,148.224,5.254,9793453.69,142.97,148.224,0.45,2.67,-42.14,-210.19,-58.36,-218.35,100.0,5.0,5.06,0.06,2.0,5.0,5.06,0.5,1,1,5,5,1,3,5,5,1,3,69E3,?,TR,GDA94,MSL,GRS80,B,DEG,m,m,m,um,m,m,um,m,m,m,m,um,m,m,um,99999,99999,ELN,W98,99999,ELN,DFA,AUSGEOID98,GRS80,99999,99999,31-DEC-99,31-DEC-99,Comment is null
196953,1969533836.0,4642374,137.352209,-30.964641,139.02,144.18,5.16,9793461.5,139.02,144.18,0.69,2.67,-95.32,-258.79,-111.26,-266.82,100.0,5.0,5.06,0.06,2.0,5.0,5.06,0.5,1,0,5,5,1,3,5,5,1,3,69E3,?,TR,GDA94,MSL,GRS80,B,DEG,m,m,m,um,m,m,um,m,m,m,m,um,m,m,um,99999,99999,ELN,W98,99999,ELN,DFA,AUSGEOID98,GRS80,99999,99999,31-DEC-99,31-DEC-99,Comment is null
196953,1969533837.0,5973655,137.407008,-30.96734,92.38,97.709,5.329,9793634.99,92.38,97.709,0.46,2.67,-67.36,-178.16,-83.86,-187.23,100.0,5.0,5.06,0.06,2.0,5.0,5.06,0.5,1,0,5,5,1,3,5,5,1,3,69E3,?,TR,GDA94,MSL,GRS80,B,DEG,m,m,m,um,m,m,um,m,m,m,m,um,m,m,um,99999,99999,ELN,W98,99999,ELN,DFA,AUSGEOID98,GRS80,99999,99999,31-DEC-99,31-DEC-99,Comment is null
196953,1969533839.0,5924039,137.416007,-30.89644,64.36,69.849,5.489,9793638.39,64.36,69.849,0.78,2.67,-93.44,-172.66,-110.46,-182.48,100.0,5.0,5.06,0.06,2.0,5.0,5.06,0.5,1,0,5,5,1,3,5,5,1,3,69E3,?,TR,GDA94,MSL,GRS80,B,DEG,m,m,m,um,m,m,um,m,m,m,m,um,m,m,um,99999,99999,ELN,W98,99999,ELN,DFA,AUSGEOID98,GRS80,99999,99999,31-DEC-99,31-DEC-99,Comment is null
196953,1969533840.0,4642375,137.417007,-30.84354,153.13,158.733,5.603,9793407.57,153.13,158.733,1.38,2.67,-7.94,-187.91,-25.24,-196.59,100.0,5.0,5.06,0.06,2.0,5.0,5.06,0.5,1,0,5,5,1,3,5,5,1,3,69E3,?,TR,GDA94,MSL,GRS80,B,DEG,m,m,m,um,m,m,um,m,m,m,m,um,m,m,um,99999,99999,ELN,W98,99999,ELN,DFA,AUSGEOID98,GRS80,99999,99999,31-DEC-99,31-DEC-99,Comment is null
196953,1969533841.0,4642376,137.414606,-30.789239,107.32,113.031,5.711,9793446.49,107.32,113.031,0.25,2.67,-66.87,-195.04,-84.54,-204.63,100.0,5.0,5.06,0.06,2.0,5.0,5.06,0.5,1,0,5,5,1,3,5,5,1,3,69E3,?,TR,GDA94,MSL,GRS80,B,DEG,m,m,m,um,m,m,um,m,m,m,m,um,m,m,um,99999,99999,ELN,W98,99999,ELN,DFA,AUSGEOID98,GRS80,99999,99999,31-DEC-99,31-DEC-99,Comment is null
196953,1969533842.0,4642377,137.357207,-30.79564,126.42,131.936,5.516,9793359.14,126.42,131.936,0.31,2.67,-100.97,-250.57,-118.02,-259.48,100.0,5.0,5.06,0.06,2.0,5.0,5.06,0.5,1,0,5,5,1,3,5,5,1,3,69E3,?,TR,GDA94,MSL,GRS80,B,DEG,m,m,m,um,m,m,um,m,m,m,m,um,m,m,um,99999,99999,ELN,W98,99999,ELN,DFA,AUSGEOID98,GRS80,99999,99999,31-DEC-99,31-DEC-99,Comment is null
196953,1969534028.0,4642413,137.444402,-30.557438,34.99,41.308,6.318,9793478.7,34.99,41.308,0.18,2.67,-72.22,-119.08,-91.83,-130.99,100.0,5.0,5.06,0.06,2.0,5.0,5.06,0.5,1,0,5,5,1,3,5,5,1,3,69E3,?,TR,GDA94,MSL,GRS80,B,DEG,m,m,m,um,m,m,um,m,m,m,m,um,m,m,um,99999,99999,ELN,W98,99999,ELN,DFA,AUSGEOID98,GRS80,99999,99999,31-DEC-99,31-DEC-99,Comment is null
196953,1969534029.0,4642414,137.447103,-30.618538,35.56,41.731,6.171,9793466.9,35.56,41.731,0.58,2.67,-131.07,-178.4,-150.23,-190.02,100.0,5.0,5.06,0.06,2.0,5.0,5.06,0.5,1,0,5,5,1,3,5,5,1,3,69E3,?,TR,GDA94,MSL,GRS80,B,DEG,m,m,m,um,m,m,um,m,m,m,m,um,m,m,um,99999,99999,ELN,W98,99999,ELN,DFA,AUSGEOID98,GRS80,99999,99999,31-DEC-99,31-DEC-99,Comment is null
196953,1969534101.0,4642415,137.269503,-30.444939,50.31,56.473,6.163,9793479.2,50.31,56.473,0.23,2.67,63.94,-0.11,44.82,-11.48,100.0,5.0,5.06,0.06,2.0,5.0,5.06,0.5,1,0,5,5,1,3,5,5,1,3,69E3,?,TR,GDA94,MSL,GRS80,B,DEG,m,m,m,um,m,m,um,m,m,m,m,um,m,m,um,99999,99999,ELN,W98,99999,ELN,DFA,AUSGEOID98,GRS80,99999,99999,31-DEC-99,31-DEC-99,Comment is null
196953,1969534102.0,4642416,137.410302,-30.503438,34.23,40.604,6.374,9793516.92,34.23,40.604,0.16,2.67,6.51,-39.55,-13.28,-51.58,100.0,5.0,5.06,0.06,2.0,5.0,5.06,0.5,1,0,5,5,1,3,5,5,1,3,69E3,?,TR,GDA94,MSL,GRS80,B,DEG,m,m,m,um,m,m,um,m,m,m,m,um,m,m,um,99999,99999,ELN,W98,99999,ELN,DFA,AUSGEOID98,GRS80,99999,99999,31-DEC-99,31-DEC-99,Comment is null
196953,1969534115.0,4642423,137.441501,-30.477138,33.27,39.8,6.53,9793510.32,33.27,39.8,0.11,2.67,18.19,-26.95,-2.07,-39.3,100.0,5.0,5.06,0.06,2.0,5.0,5.06,0.5,1,0,5,5,1,3,5,5,1,3,69E3,?,TR,GDA94,MSL,GRS80,B,DEG,m,m,m,um,m,m,um,m,m,m,m,um,m,m,um,99999,99999,ELN,W98,99999,ELN,DFA,AUSGEOID98,GRS80,99999,99999,31-DEC-99,31-DEC-99,Comment is null
196953,1969534116.0,5409112,137.370302,-30.482639,33.85,40.168,6.318,9793473.5,33.85,40.168,0.18,2.67,-21.84,-67.39,-41.44,-79.32,100.0,5.0,5.06,0.06,2.0,5.0,5.06,0.5,1,0,5,5,1,3,5,5,1,3,69E3,?,TR,GDA94,MSL,GRS80,B,DEG,m,m,m,um,m,m,um,m,m,m,m,um,m,m,um,99999,99999,ELN,W98,99999,ELN,DFA,AUSGEOID98,GRS80,99999,99999,31-DEC-99,31-DEC-99,Comment is null
196953,1969534117.0,5409946,137.341001,-30.397338,36.11,42.575,6.465,9793502.12,36.11,42.575,0.16,2.67,81.51,33.22,61.45,21.04,100.0,5.0,5.06,0.06,2.0,5.0,5.06,0.5,1,0,5,5,1,3,5,5,1,3,69E3,?,TR,GDA94,MSL,GRS80,B,DEG,m,m,m,um,m,m,um,m,m,m,m,um,m,m,um,99999,99999,ELN,W98,99999,ELN,DFA,AUSGEOID98,GRS80,99999,99999,31-DEC-99,31-DEC-99,Comment is null
196953,1969534118.0,4642424,137.408301,-30.391538,34.17,40.808,6.638,9793444.39,34.17,40.808,0.1,2.67,22.9,-23.38,2.3,-35.93,100.0,5.0,5.06,0.06,2.0,5.0,5.06,0.5,1,0,5,5,1,3,5,5,1,3,69E3,?,TR,GDA94,MSL,GRS80,B,DEG,m,m,m,um,m,m,um,m,m,m,m,um,m,m,um,99999,99999,ELN,W98,99999,ELN,DFA,AUSGEOID98,GRS80,99999,99999,31-DEC-99,31-DEC-99,Comment is null
196953,1969534123.0,4642429,137.4413,-30.346737,36.35,43.162,6.812,9793400.46,36.35,43.162,0.43,2.67,21.54,-27.41,0.41,-40.27,100.0,5.0,5.06,0.06,2.0,5.0,5.06,0.5,1,0,5,5,1,3,5,5,1,3,69E3,?,TR,GDA94,MSL,GRS80,B,DEG,m,m,m,um,m,m,um,m,m,m,m,um,m,m,um,99999,99999,ELN,W98,99999,ELN,DFA,AUSGEOID98,GRS80,99999,99999,31-DEC-99,31-DEC-99,Comment is null
196953,1969534124.0,4642430,137.3706,-30.341738,33.95,40.601,6.651,9793451.19,33.95,40.601,0.11,2.67,68.3,22.25,47.66,9.67,100.0,5.0,5.06,0.06,2.0,5.0,5.06,0.5,1,0,5,5,1,3,5,5,1,3,69E3,?,TR,GDA94,MSL,GRS80,B,DEG,m,m,m,um,m,m,um,m,m,m,m,um,m,m,um,99999,99999,ELN,W98,99999,ELN,DFA,AUSGEOID98,GRS80,99999,99999,31-DEC-99,31-DEC-99,Comment is null
196953,1969534125.0,4642431,137.277601,-30.341939,63.4,69.825,6.425,9793403.66,63.4,69.825,0.15,2.67,110.79,31.6,90.87,19.93,100.0,5.0,5.06,0.06,2.0,5.0,5.06,0.5,1,0,5,5,1,3,5,5,1,3,69E3,?,TR,GDA94,MSL,GRS80,B,DEG,m,m,m,um,m,m,um,m,m,m,m,um,m,m,um,99999,99999,ELN,W98,99999,ELN,DFA,AUSGEOID98,GRS80,99999,99999,31-DEC-99,31-DEC-99,Comment is null
196953,1969534126.0,4642432,137.270002,-30.394439,53.25,59.553,6.303,9793503.52,53.25,59.553,0.16,2.67,137.58,70.04,118.04,58.45,100.0,5.0,5.06,0.06,2.0,5.0,5.06,0.5,1,0,5,5,1,3,5,5,1,3,69E3,?,TR,GDA94,MSL,GRS80,B,DEG,m,m,m,um,m,m,um,m,m,m,m,um,m,m,um,99999,99999,ELN,W98,99999,ELN,DFA,AUSGEOID98,GRS80,99999,99999,31-DEC-99,31-DEC-99,Comment is null
196953,1969534127.0,4642433,137.339703,-30.497939,39.25,45.446,6.196,9793468.9,39.25,45.446,0.45,2.67,-22.24,-73.78,-41.46,-85.38,100.0,5.0,5.06,0.06,2.0,5.0,5.06,0.5,1,0,5,5,1,3,5,5,1,3,69E3,?,TR,GDA94,MSL,GRS80,B,DEG,m,m,m,um,m,m,um,m,m,m,m,um,m,m,um,99999,99999,ELN,W98,99999,ELN,DFA,AUSGEOID98,GRS80,99999,99999,31-DEC-99,31-DEC-99,Comment is null
196953,1969534180.0,5758254,137.321601,-30.340838,32.85,39.386,6.536,9793469.2,32.85,39.386,0.18,2.67,83.27,38.6,62.99,26.23,100.0,5.0,5.06,0.06,2.0,5.0,5.06,0.5,1,0,5,5,1,3,5,5,1,3,69E3,?,TR,GDA94,MSL,GRS80,B,DEG,m,m,m,um,m,m,um,m,m,m,m,um,m,m,um,99999,99999,ELN,W98,99999,ELN,DFA,AUSGEOID98,GRS80,99999,99999,31-DEC-99,31-DEC-99,Comment is null
196953,1969534331.0,4642454,136.531904,-29.941445,120.21,125.25,5.04,9792714.0,120.21,125.25,0.06,2.67,-93.73,-235.75,-109.33,-243.85,100.0,5.0,5.06,0.06,2.0,5.0,5.06,0.5,1,0,5,5,1,3,5,5,1,3,69E3,?,TR,GDA94,MSL,GRS80,B,DEG,m,m,m,um,m,m,um,m,m,m,m,um,m,m,um,99999,99999,ELN,W98,99999,ELN,DFA,AUSGEOID98,GRS80,99999,99999,31-DEC-99,31-DEC-99,Comment is null
196953,1969534332.0,5721948,136.605403,-29.941344,114.03,119.313,5.283,9792772.03,114.03,119.313,0.18,2.67,-53.94,-189.23,-70.29,-197.89,100.0,5.0,5.06,0.06,2.0,5.0,5.06,0.5,1,0,5,5,1,3,5,5,1,3,69E3,?,TR,GDA94,MSL,GRS80,B,DEG,m,m,m,um,m,m,um,m,m,m,m,um,m,m,um,99999,99999,ELN,W98,99999,ELN,DFA,AUSGEOID98,GRS80,99999,99999,31-DEC-99,31-DEC-99,Comment is null
196953,1969534333.0,4642455,136.672502,-29.934343,105.61,111.118,5.508,9792828.36,105.61,111.118,0.14,2.67,-17.43,-143.43,-34.48,-152.66,100.0,5.0,5.06,0.06,2.0,5.0,5.06,0.5,1,0,5,5,1,3,5,5,1,3,69E3,?,TR,GDA94,MSL,GRS80,B,DEG,m,m,m,um,m,m,um,m,m,m,m,um,m,m,um,99999,99999,ELN,W98,99999,ELN,DFA,AUSGEOID98,GRS80,99999,99999,31-DEC-99,31-DEC-99,Comment is null
196953,1969534342.0,5262843,136.770401,-29.937342,122.28,128.078,5.798,9792870.28,122.28,128.078,0.12,2.67,74.48,-70.75,56.55,-80.29,100.0,5.0,5.06,0.06,2.0,5.0,5.06,0.5,1,0,5,5,1,3,5,5,1,3,69E3,?,TR,GDA94,MSL,GRS80,B,DEG,m,m,m,um,m,m,um,m,m,m,m,um,m,m,um,99999,99999,ELN,W98,99999,ELN,DFA,AUSGEOID98,GRS80,99999,99999,31-DEC-99,31-DEC-99,Comment is null
196953,1969534343.0,5696859,136.815901,-29.949742,127.13,133.032,5.902,9792854.07,127.13,133.032,0.12,2.67,63.87,-86.97,45.62,-96.64,100.0,5.0,5.06,0.06,2.0,5.0,5.06,0.5,1,0,5,5,1,3,5,5,1,3,69E3,?,TR,GDA94,MSL,GRS80,B,DEG,m,m,m,um,m,m,um,m,m,m,m,um,m,m,um,99999,99999,ELN,W98,99999,ELN,DFA,AUSGEOID98,GRS80,99999,99999,31-DEC-99,31-DEC-99,Comment is null
196953,1969534344.0,4642460,136.8764,-29.943241,123.65,129.711,6.061,9792834.56,123.65,129.711,0.11,2.67,39.19,-107.88,20.45,-117.92,100.0,5.0,5.06,0.06,2.0,5.0,5.06,0.5,1,0,5,5,1,3,5,5,1,3,69E3,?,TR,GDA94,MSL,GRS80,B,DEG,m,m,m,um,m,m,um,m,m,m,m,um,m,m,um,99999,99999,ELN,W98,99999,ELN,DFA,AUSGEOID98,GRS80,99999,99999,31-DEC-99,31-DEC-99,Comment is null
196953,1969534424.0,5409320,136.9519,-29.95854,126.3,132.526,6.226,9792832.96,126.3,132.526,0.13,2.67,34.32,-115.94,15.07,-126.26,100.0,5.0,5.06,0.06,2.0,5.0,5.06,0.5,1,0,5,5,1,3,5,5,1,3,69E3,?,TR,GDA94,MSL,GRS80,B,DEG,m,m,m,um,m,m,um,m,m,m,m,um,m,m,um,99999,99999,ELN,W98,99999,ELN,DFA,AUSGEOID98,GRS80,99999,99999,31-DEC-99,31-DEC-99,Comment is null
196953,1969534425.0,5410148,136.996099,-29.94294,123.92,130.277,6.357,9792858.18,123.92,130.277,0.21,2.67,64.79,-82.93,45.13,-93.54,100.0,5.0,5.06,0.06,2.0,5.0,5.06,0.5,1,0,5,5,1,3,5,5,1,3,69E3,?,TR,GDA94,MSL,GRS80,B,DEG,m,m,m,um,m,m,um,m,m,m,m,um,m,m,um,99999,99999,ELN,W98,99999,ELN,DFA,AUSGEOID98,GRS80,99999,99999,31-DEC-99,31-DEC-99,Comment is null
196953,1969534434.0,5409479,137.062198,-29.946939,80.88,87.394,6.514,9792979.44,80.88,87.394,0.31,2.67,50.61,-48.5,30.43,-60.07,100.0,5.0,5.06,0.06,2.0,5.0,5.06,0.5,1,0,5,5,1,3,5,5,1,3,69E3,?,TR,GDA94,MSL,GRS80,B,DEG,m,m,m,um,m,m,um,m,m,m,m,um,m,m,um,99999,99999,ELN,W98,99999,ELN,DFA,AUSGEOID98,GRS80,99999,99999,31-DEC-99,31-DEC-99,Comment is null
196953,1969534435.0,4642482,137.140998,-29.950939,92.71,99.409,6.699,9792949.82,92.71,99.409,0.1,2.67,54.94,-57.79,34.2,-69.54,100.0,5.0,5.06,0.06,2.0,5.0,5.06,0.5,1,0,5,5,1,3,5,5,1,3,69E3,?,TR,GDA94,MSL,GRS80,B,DEG,m,m,m,um,m,m,um,m,m,m,m,um,m,m,um,99999,99999,ELN,W98,99999,ELN,DFA,AUSGEOID98,GRS80,99999,99999,31-DEC-99,31-DEC-99,Comment is null
196953,1969534436.0,5765303,137.212697,-29.947638,90.53,97.395,6.865,9792911.2,90.53,97.395,0.13,2.67,12.69,-97.76,-8.56,-109.87,100.0,5.0,5.06,0.06,2.0,5.0,5.06,0.5,1,0,5,5,1,3,5,5,1,3,69E3,?,TR,GDA94,MSL,GRS80,B,DEG,m,m,m,um,m,m,um,m,m,m,m,um,m,m,um,99999,99999,ELN,W98,99999,ELN,DFA,AUSGEOID98,GRS80,99999,99999,31-DEC-99,31-DEC-99,Comment is null
196953,1969534523.0,4642496,137.277996,-29.943737,74.65,81.661,7.011,9792969.33,74.65,81.661,0.1,2.67,25.32,-67.29,3.6,-79.93,100.0,5.0,5.06,0.06,2.0,5.0,5.06,0.5,1,0,5,5,1,3,5,5,1,3,69E3,?,TR,GDA94,MSL,GRS80,B,DEG,m,m,m,um,m,m,um,m,m,m,m,um,m,m,um,99999,99999,ELN,W98,99999,ELN,DFA,AUSGEOID98,GRS80,99999,99999,31-DEC-99,31-DEC-99,Comment is null
196953,1969534524.0,4642497,137.338295,-29.941937,81.05,88.187,7.137,9792952.53,81.05,88.187,0.1,2.67,30.05,-69.95,7.95,-82.74,100.0,5.0,5.06,0.06,2.0,5.0,5.06,0.5,1,0,5,5,1,3,5,5,1,3,69E3,?,TR,GDA94,MSL,GRS80,B,DEG,m,m,m,um,m,m,um,m,m,m,m,um,m,m,um,99999,99999,ELN,W98,99999,ELN,DFA,AUSGEOID98,GRS80,99999,99999,31-DEC-99,31-DEC-99,Comment is null
196953,1969534533.0,4642502,137.410195,-29.940836,98.78,106.059,7.279,9792881.79,98.78,106.059,0.16,2.67,15.32,-104.95,-7.2,-117.74,100.0,5.0,5.06,0.06,2.0,5.0,5.06,0.5,1,0,5,5,1,3,5,5,1,3,69E3,?,TR,GDA94,MSL,GRS80,B,DEG,m,m,m,um,m,m,um,m,m,m,m,um,m,m,um,99999,99999,ELN,W98,99999,ELN,DFA,AUSGEOID98,GRS80,99999,99999,31-DEC-99,31-DEC-99,Comment is null
196953,1969535531.0,5786918,136.330007,-30.000247,118.48,122.743,4.263,9792667.17,118.48,122.743,0.05,2.67,-194.26,-333.44,-207.46,-340.04,100.0,5.0,5.06,0.06,2.0,5.0,5.06,0.5,1,0,5,5,1,3,5,5,1,3,69E3,?,TR,GDA94,MSL,GRS80,B,DEG,m,m,m,um,m,m,um,m,m,m,m,um,m,m,um,99999,99999,ELN,W98,99999,ELN,DFA,AUSGEOID98,GRS80,99999,99999,31-DEC-99,31-DEC-99,Comment is null
196953,1969535532.0,4642695,136.336006,-29.946446,112.26,116.656,4.396,9792628.55,112.26,116.656,0.03,2.67,-209.6,-341.88,-223.22,-348.84,100.0,5.0,5.06,0.06,2.0,5.0,5.06,0.5,1,0,5,5,1,3,5,5,1,3,69E3,?,TR,GDA94,MSL,GRS80,B,DEG,m,m,m,um,m,m,um,m,m,m,m,um,m,m,um,99999,99999,ELN,W98,99999,ELN,DFA,AUSGEOID98,GRS80,99999,99999,31-DEC-99,31-DEC-99,Comment is null
196953,1969535539.0,5409486,136.399305,-29.947746,107.23,111.817,4.587,9792678.48,107.23,111.817,0.05,2.67,-175.62,-302.42,-189.83,-309.82,100.0,5.0,5.06,0.06,2.0,5.0,5.06,0.5,1,0,5,5,1,3,5,5,1,3,69E3,?,TR,GDA94,MSL,GRS80,B,DEG,m,m,m,um,m,m,um,m,m,m,m,um,m,m,um,99999,99999,ELN,W98,99999,ELN,DFA,AUSGEOID98,GRS80,99999,99999,31-DEC-99,31-DEC-99,Comment is null
196953,1969535540.0,5973657,136.395906,-30.012846,95.09,99.535,4.445,9792800.44,95.09,99.535,0.08,2.67,-142.45,-255.32,-156.23,-262.64,100.0,5.0,5.06,0.06,2.0,5.0,5.06,0.5,1,0,5,5,1,3,5,5,1,3,69E3,?,TR,GDA94,MSL,GRS80,B,DEG,m,m,m,um,m,m,um,m,m,m,m,um,m,m,um,99999,99999,ELN,W98,99999,ELN,DFA,AUSGEOID98,GRS80,99999,99999,31-DEC-99,31-DEC-99,Comment is null
196953,1969535541.0,4642698,136.474905,-30.002545,107.84,112.578,4.738,9792778.13,107.84,112.578,0.07,2.67,-116.46,-244.12,-131.13,-251.81,100.0,5.0,5.06,0.06,2.0,5.0,5.06,0.5,1,0,5,5,1,3,5,5,1,3,69E3,?,TR,GDA94,MSL,GRS80,B,DEG,m,m,m,um,m,m,um,m,m,m,m,um,m,m,um,99999,99999,ELN,W98,99999,ELN,DFA,AUSGEOID98,GRS80,99999,99999,31-DEC-99,31-DEC-99,Comment is null
196953,1969535542.0,4642699,136.461105,-29.940545,108.05,112.856,4.806,9792707.7,108.05,112.856,0.05,2.67,-137.57,-265.55,-152.46,-273.37,100.0,5.0,5.06,0.06,2.0,5.0,5.06,0.5,1,0,5,5,1,3,5,5,1,3,69E3,?,TR,GDA94,MSL,GRS80,B,DEG,m,m,m,um,m,m,um,m,m,m,m,um,m,m,um,99999,99999,ELN,W98,99999,ELN,DFA,AUSGEOID98,GRS80,99999,99999,31-DEC-99,31-DEC-99,Comment is null
196953,1969539120.0,4642793,136.498105,-30.000345,117.74,122.566,4.826,9792788.84,117.74,122.566,0.06,2.67,-73.22,-212.19,-88.15,-219.9,100.0,5.0,5.06,0.06,2.0,5.0,5.06,0.5,1,0,5,5,1,3,5,5,1,3,69E3,?,TR,GDA94,MSL,GRS80,B,DEG,m,m,m,um,m,m,um,m,m,m,m,um,m,m,um,99999,99999,ELN,W98,99999,ELN,DFA,AUSGEOID98,GRS80,99999,99999,31-DEC-99,31-DEC-99,Comment is null
196955,1969550501.0,4643102,136.33464,-30.273548,84.73,88.408,3.678,9793022.86,84.73,88.408,0.14,2.67,-158.85,-259.11,-170.27,-265.09,100.0,5.0,5.06,0.06,2.0,5.0,5.06,0.5,1,0,5,5,1,3,5,5,1,3,99999,?,TR,GDA94,MSL,GRS80,B,DEG,m,m,m,um,m,m,um,m,m,m,m,um,m,m,um,99999,99999,ELN,W98,99999,ELN,DFA,AUSGEOID98,GRS80,99999,99999,31-DEC-99,31-DEC-99,Comment is null
196955,1969550502.0,4643103,136.401309,-30.220717,127.01,131.021,4.011,9792924.91,127.01,131.021,0.22,2.67,-83.8,-232.36,-96.21,-238.34,100.0,5.0,5.06,0.06,2.0,5.0,5.06,0.5,1,0,5,5,1,3,5,5,1,3,99999,?,TR,GDA94,MSL,GRS80,B,DEG,m,m,m,um,m,m,um,m,m,m,m,um,m,m,um,99999,99999,ELN,W98,99999,ELN,DFA,AUSGEOID98,GRS80,99999,99999,31-DEC-99,31-DEC-99,Comment is null
196955,1969550503.0,4643104,136.401308,-30.168047,114.57,118.709,4.139,9792908.9,114.57,118.709,0.06,2.67,-96.44,-231.05,-109.26,-237.46,100.0,5.0,5.06,0.06,2.0,5.0,5.06,0.5,1,0,5,5,1,3,5,5,1,3,99999,?,TR,GDA94,MSL,GRS80,B,DEG,m,m,m,um,m,m,um,m,m,m,m,um,m,m,um,99999,99999,ELN,W98,99999,ELN,DFA,AUSGEOID98,GRS80,99999,99999,31-DEC-99,31-DEC-99,Comment is null
196955,1969550504.0,4643105,136.390138,-30.115217,116.59,120.808,4.218,9792820.66,116.59,120.808,0.07,2.67,-136.77,-273.76,-149.83,-280.3,100.0,5.0,5.06,0.06,2.0,5.0,5.06,0.5,1,0,5,5,1,3,5,5,1,3,99999,?,TR,GDA94,MSL,GRS80,B,DEG,m,m,m,um,m,m,um,m,m,m,m,um,m,m,um,99999,99999,ELN,W98,99999,ELN,DFA,AUSGEOID98,GRS80,99999,99999,31-DEC-99,31-DEC-99,Comment is null
196955,1969550505.0,5885909,136.384637,-30.068047,116.34,120.637,4.297,9792774.63,116.34,120.637,0.09,2.67,-146.36,-283.15,-159.67,-289.85,100.0,5.0,5.06,0.06,2.0,5.0,5.06,0.5,1,0,5,5,1,3,5,5,1,3,99999,?,TR,GDA94,MSL,GRS80,B,DEG,m,m,m,um,m,m,um,m,m,m,m,um,m,m,um,99999,99999,ELN,W98,99999,ELN,DFA,AUSGEOID98,GRS80,99999,99999,31-DEC-99,31-DEC-99,Comment is null
196955,1969550506.0,5765323,136.462476,-30.062376,112.72,117.298,4.578,9792828.76,112.72,117.298,0.03,2.67,-98.1,-231.1,-112.27,-238.4,100.0,5.0,5.06,0.06,2.0,5.0,5.06,0.5,1,0,5,5,1,3,5,5,1,3,99999,?,TR,GDA94,MSL,GRS80,B,DEG,m,m,m,um,m,m,um,m,m,m,m,um,m,m,um,99999,99999,ELN,W98,99999,ELN,DFA,AUSGEOID98,GRS80,99999,99999,31-DEC-99,31-DEC-99,Comment is null
196955,1969550507.0,4643106,136.473477,-30.109716,116.07,120.586,4.516,9792878.09,116.07,120.586,0.04,2.67,-75.71,-212.45,-89.7,-219.58,100.0,5.0,5.06,0.06,2.0,5.0,5.06,0.5,1,0,5,5,1,3,5,5,1,3,99999,?,TR,GDA94,MSL,GRS80,B,DEG,m,m,m,um,m,m,um,m,m,m,m,um,m,m,um,99999,99999,ELN,W98,99999,ELN,DFA,AUSGEOID98,GRS80,99999,99999,31-DEC-99,31-DEC-99,Comment is null
196955,1969550508.0,4643107,136.465137,-30.165216,115.85,120.209,4.359,9792922.71,115.85,120.209,0.03,2.67,-75.78,-212.09,-89.28,-218.92,100.0,5.0,5.06,0.06,2.0,5.0,5.06,0.5,1,0,5,5,1,3,5,5,1,3,99999,?,TR,GDA94,MSL,GRS80,B,DEG,m,m,m,um,m,m,um,m,m,m,m,um,m,m,um,99999,99999,ELN,W98,99999,ELN,DFA,AUSGEOID98,GRS80,99999,99999,31-DEC-99,31-DEC-99,Comment is null
196955,1969550509.0,5758259,136.479138,-30.220716,114.3,118.563,4.263,9792961.23,114.3,118.563,0.05,2.67,-85.92,-220.36,-99.12,-227.02,100.0,5.0,5.06,0.06,2.0,5.0,5.06,0.5,1,0,5,5,1,3,5,5,1,3,99999,?,TR,GDA94,MSL,GRS80,B,DEG,m,m,m,um,m,m,um,m,m,m,m,um,m,m,um,99999,99999,ELN,W98,99999,ELN,DFA,AUSGEOID98,GRS80,99999,99999,31-DEC-99,31-DEC-99,Comment is null
196955,1969550510.0,4643108,136.345809,-30.220718,82.91,86.745,3.835,9793007.65,82.91,86.745,0.14,2.67,-137.67,-236.04,-149.58,-242.35,100.0,5.0,5.06,0.06,2.0,5.0,5.06,0.5,1,0,5,5,1,3,5,5,1,3,99999,?,TR,GDA94,MSL,GRS80,B,DEG,m,m,m,um,m,m,um,m,m,m,m,um,m,m,um,99999,99999,ELN,W98,99999,ELN,DFA,AUSGEOID98,GRS80,99999,99999,31-DEC-99,31-DEC-99,Comment is null
196955,1969550512.0,5705691,136.334639,-30.173548,90.86,94.774,3.914,9792962.43,90.86,94.774,0.11,2.67,-121.08,-228.55,-133.22,-234.9,100.0,5.0,5.06,0.06,2.0,5.0,5.06,0.5,1,0,5,5,1,3,5,5,1,3,99999,?,TR,GDA94,MSL,GRS80,B,DEG,m,m,m,um,m,m,um,m,m,m,m,um,m,m,um,99999,99999,ELN,W98,99999,ELN,DFA,AUSGEOID98,GRS80,99999,99999,31-DEC-99,31-DEC-99,Comment is null
196955,1969550513.0,5809412,136.334638,-30.120717,88.91,92.942,4.032,9792895.5,88.91,92.942,0.11,2.67,-152.22,-257.62,-164.73,-264.22,100.0,5.0,5.06,0.06,2.0,5.0,5.06,0.5,1,0,5,5,1,3,5,5,1,3,99999,?,TR,GDA94,MSL,GRS80,B,DEG,m,m,m,um,m,m,um,m,m,m,m,um,m,m,um,99999,99999,ELN,W98,99999,ELN,DFA,AUSGEOID98,GRS80,99999,99999,31-DEC-99,31-DEC-99,Comment is null
196955,1969550514.0,4643109,136.326308,-30.065217,89.58,93.701,4.121,9792824.86,89.58,93.701,0.12,2.67,-177.03,-283.29,-189.82,-290.05,100.0,5.0,5.06,0.06,2.0,5.0,5.06,0.5,1,0,5,5,1,3,5,5,1,3,99999,?,TR,GDA94,MSL,GRS80,B,DEG,m,m,m,um,m,m,um,m,m,m,m,um,m,m,um,99999,99999,ELN,W98,99999,ELN,DFA,AUSGEOID98,GRS80,99999,99999,31-DEC-99,31-DEC-99,Comment is null
196955,1969550528.0,4643113,136.320813,-30.504049,114.42,117.745,3.325,9793240.98,114.42,117.745,0.02,2.67,-31.91,-165.42,-42.21,-170.25,100.0,5.0,5.06,0.06,2.0,5.0,5.06,0.5,1,0,5,5,1,3,5,5,1,3,99999,?,TR,GDA94,MSL,GRS80,B,DEG,m,m,m,um,m,m,um,m,m,m,m,um,m,m,um,99999,99999,ELN,W98,99999,ELN,DFA,AUSGEOID98,GRS80,99999,99999,31-DEC-99,31-DEC-99,Comment is null
196955,1969550529.0,4643114,136.326313,-30.459719,111.25,114.626,3.376,9793172.04,111.25,114.626,0.04,2.67,-75.46,-205.44,-85.93,-210.41,100.0,5.0,5.06,0.06,2.0,5.0,5.06,0.5,1,0,5,5,1,3,5,5,1,3,99999,?,TR,GDA94,MSL,GRS80,B,DEG,m,m,m,um,m,m,um,m,m,m,m,um,m,m,um,99999,99999,ELN,W98,99999,ELN,DFA,AUSGEOID98,GRS80,99999,99999,31-DEC-99,31-DEC-99,Comment is null
196955,1969550533.0,5984550,136.329141,-30.337378,105.8,109.327,3.527,9792970.94,105.8,109.327,0.05,2.67,-196.47,-320.44,-207.4,-325.79,100.0,5.0,5.06,0.06,2.0,5.0,5.06,0.5,1,0,5,5,1,3,5,5,1,3,99999,?,TR,GDA94,MSL,GRS80,B,DEG,m,m,m,um,m,m,um,m,m,m,m,um,m,m,um,99999,99999,ELN,W98,99999,ELN,DFA,AUSGEOID98,GRS80,99999,99999,31-DEC-99,31-DEC-99,Comment is null
196955,1969550534.0,5924072,136.329142,-30.395719,86.84,90.282,3.442,9793092.7,86.84,90.282,0.23,2.67,-179.43,-281.81,-190.12,-287.29,100.0,5.0,5.06,0.06,2.0,5.0,5.06,0.5,1,0,5,5,1,3,5,5,1,3,99999,?,TR,GDA94,MSL,GRS80,B,DEG,m,m,m,um,m,m,um,m,m,m,m,um,m,m,um,99999,99999,ELN,W98,99999,ELN,DFA,AUSGEOID98,GRS80,99999,99999,31-DEC-99,31-DEC-99,Comment is null
196955,1969550535.0,4643117,136.406811,-30.398548,90.01,93.683,3.673,9793092.6,90.01,93.683,0.23,2.67,-171.27,-277.5,-182.67,-283.39,100.0,5.0,5.06,0.06,2.0,5.0,5.06,0.5,1,0,5,5,1,3,5,5,1,3,99999,?,TR,GDA94,MSL,GRS80,B,DEG,m,m,m,um,m,m,um,m,m,m,m,um,m,m,um,99999,99999,ELN,W98,99999,ELN,DFA,AUSGEOID98,GRS80,99999,99999,31-DEC-99,31-DEC-99,Comment is null
196955,1969550536.0,5408521,136.395812,-30.445718,103.97,107.566,3.596,9793175.24,103.97,107.566,0.09,2.67,-82.99,-204.97,-94.14,-210.48,100.0,5.0,5.06,0.06,2.0,5.0,5.06,0.5,1,0,5,5,1,3,5,5,1,3,99999,?,TR,GDA94,MSL,GRS80,B,DEG,m,m,m,um,m,m,um,m,m,m,m,um,m,m,um,99999,99999,ELN,W98,99999,ELN,DFA,AUSGEOID98,GRS80,99999,99999,31-DEC-99,31-DEC-99,Comment is null
196955,1969550537.0,5563875,136.423482,-30.498548,110.58,114.22,3.64,9793273.7,110.58,114.22,0.04,2.67,-5.72,-135.24,-17.0,-140.74,100.0,5.0,5.06,0.06,2.0,5.0,5.06,0.5,1,0,5,5,1,3,5,5,1,3,99999,?,TR,GDA94,MSL,GRS80,B,DEG,m,m,m,um,m,m,um,m,m,m,m,um,m,m,um,99999,99999,ELN,W98,99999,ELN,DFA,AUSGEOID98,GRS80,99999,99999,31-DEC-99,31-DEC-99,Comment is null
196955,1969550538.0,5409508,136.467982,-30.501378,118.08,121.844,3.764,9793258.79,118.08,121.844,0.06,2.67,0.66,-137.5,-11.0,-143.13,100.0,5.0,5.06,0.06,2.0,5.0,5.06,0.5,1,0,5,5,1,3,5,5,1,3,99999,?,TR,GDA94,MSL,GRS80,B,DEG,m,m,m,um,m,m,um,m,m,m,m,um,m,m,um,99999,99999,ELN,W98,99999,ELN,DFA,AUSGEOID98,GRS80,99999,99999,31-DEC-99,31-DEC-99,Comment is null
196955,1969550539.0,5957052,136.462481,-30.443047,92.17,95.962,3.792,9793161.84,92.17,95.962,0.15,2.67,-130.1,-238.92,-141.86,-245.0,100.0,5.0,5.06,0.06,2.0,5.0,5.06,0.5,1,0,5,5,1,3,5,5,1,3,99999,?,TR,GDA94,MSL,GRS80,B,DEG,m,m,m,um,m,m,um,m,m,m,m,um,m,m,um,99999,99999,ELN,W98,99999,ELN,DFA,AUSGEOID98,GRS80,99999,99999,31-DEC-99,31-DEC-99,Comment is null
196955,1969550540.0,5694777,136.473481,-30.398547,115.21,119.082,3.872,9793015.86,115.21,119.082,0.11,2.67,-169.64,-304.67,-181.63,-310.55,100.0,5.0,5.06,0.06,2.0,5.0,5.06,0.5,1,0,5,5,1,3,5,5,1,3,99999,?,TR,GDA94,MSL,GRS80,B,DEG,m,m,m,um,m,m,um,m,m,m,m,um,m,m,um,99999,99999,ELN,W98,99999,ELN,DFA,AUSGEOID98,GRS80,99999,99999,31-DEC-99,31-DEC-99,Comment is null
196955,1969550541.0,4643118,136.47348,-30.351377,101.19,105.134,3.944,9793016.96,101.19,105.134,0.11,2.67,-174.4,-293.62,-186.63,-299.86,100.0,5.0,5.06,0.06,2.0,5.0,5.06,0.5,1,0,5,5,1,3,5,5,1,3,99999,?,TR,GDA94,MSL,GRS80,B,DEG,m,m,m,um,m,m,um,m,m,m,m,um,m,m,um,99999,99999,ELN,W98,99999,ELN,DFA,AUSGEOID98,GRS80,99999,99999,31-DEC-99,31-DEC-99,Comment is null
196955,1969550542.0,5856301,136.40964,-30.343048,103.14,106.903,3.763,9792987.54,103.14,106.903,0.15,2.67,-191.8,-313.03,-203.47,-318.88,100.0,5.0,5.06,0.06,2.0,5.0,5.06,0.5,1,0,5,5,1,3,5,5,1,3,99999,?,TR,GDA94,MSL,GRS80,B,DEG,m,m,m,um,m,m,um,m,m,m,m,um,m,m,um,99999,99999,ELN,W98,99999,ELN,DFA,AUSGEOID98,GRS80,99999,99999,31-DEC-99,31-DEC-99,Comment is null
196955,1969550602.0,5683993,136.429145,-30.665219,116.31,119.691,3.381,9793360.14,116.31,119.691,0.04,2.67,-34.27,-169.98,-44.74,-174.89,100.0,5.0,5.06,0.06,2.0,5.0,5.06,0.5,1,0,5,5,1,3,5,5,1,3,99999,?,TR,GDA94,MSL,GRS80,B,DEG,m,m,m,um,m,m,um,m,m,m,m,um,m,m,um,99999,99999,ELN,W98,99999,ELN,DFA,AUSGEOID98,GRS80,99999,99999,31-DEC-99,31-DEC-99,Comment is null
196955,1969550603.0,5746223,136.417984,-30.612379,115.31,118.771,3.461,9793351.74,115.31,118.771,0.04,2.67,-3.66,-138.33,-14.38,-143.41,100.0,5.0,5.06,0.06,2.0,5.0,5.06,0.5,1,0,5,5,1,3,5,5,1,3,99999,?,TR,GDA94,MSL,GRS80,B,DEG,m,m,m,um,m,m,um,m,m,m,m,um,m,m,um,99999,99999,ELN,W98,99999,ELN,DFA,AUSGEOID98,GRS80,99999,99999,31-DEC-99,31-DEC-99,Comment is null
196955,1969550604.0,4643120,136.398483,-30.562379,114.21,117.701,3.491,9793323.92,114.21,117.701,0.04,2.67,4.79,-128.67,-6.02,-133.82,100.0,5.0,5.06,0.06,2.0,5.0,5.06,0.5,1,0,5,5,1,3,5,5,1,3,99999,?,TR,GDA94,MSL,GRS80,B,DEG,m,m,m,um,m,m,um,m,m,m,m,um,m,m,um,99999,99999,ELN,W98,99999,ELN,DFA,AUSGEOID98,GRS80,99999,99999,31-DEC-99,31-DEC-99,Comment is null
196955,1969550605.0,4643121,136.470813,-30.593048,108.57,112.216,3.646,9793337.13,108.57,112.216,0.03,2.67,-23.19,-150.43,-34.48,-155.97,100.0,5.0,5.06,0.06,2.0,5.0,5.06,0.5,1,0,5,5,1,3,5,5,1,3,99999,?,TR,GDA94,MSL,GRS80,B,DEG,m,m,m,um,m,m,um,m,m,m,m,um,m,m,um,99999,99999,ELN,W98,99999,ELN,DFA,AUSGEOID98,GRS80,99999,99999,31-DEC-99,31-DEC-99,Comment is null
196955,1969550606.0,4643122,136.473484,-30.640218,105.31,108.873,3.563,9793408.17,105.31,108.873,0.08,2.67,0.19,-123.27,-10.85,-128.7,100.0,5.0,5.06,0.06,2.0,5.0,5.06,0.5,1,0,5,5,1,3,5,5,1,3,99999,?,TR,GDA94,MSL,GRS80,B,DEG,m,m,m,um,m,m,um,m,m,m,m,um,m,m,um,99999,99999,ELN,W98,99999,ELN,DFA,AUSGEOID98,GRS80,99999,99999,31-DEC-99,31-DEC-99,Comment is null
196955,1969550608.0,4643123,136.456815,-30.723549,115.85,119.2,3.35,9793423.88,115.85,119.2,0.03,2.67,-18.3,-153.46,-28.67,-158.31,100.0,5.0,5.06,0.06,2.0,5.0,5.06,0.5,1,0,5,5,1,3,5,5,1,3,99999,?,TR,GDA94,MSL,GRS80,B,DEG,m,m,m,um,m,m,um,m,m,m,m,um,m,m,um,99999,99999,ELN,W98,99999,ELN,DFA,AUSGEOID98,GRS80,99999,99999,31-DEC-99,31-DEC-99,Comment is null
196955,1969550609.0,4643124,136.420816,-30.737379,112.5,115.732,3.232,9793418.57,112.5,115.732,0.03,2.67,-45.27,-176.51,-55.29,-181.18,100.0,5.0,5.06,0.06,2.0,5.0,5.06,0.5,1,0,5,5,1,3,5,5,1,3,99999,?,TR,GDA94,MSL,GRS80,B,DEG,m,m,m,um,m,m,um,m,m,m,m,um,m,m,um,99999,99999,ELN,W98,99999,ELN,DFA,AUSGEOID98,GRS80,99999,99999,31-DEC-99,31-DEC-99,Comment is null
196955,1969550610.0,4643125,136.337486,-30.73472,108.94,111.949,3.009,9793412.47,108.94,111.949,0.05,2.67,-60.94,-187.88,-70.27,-192.17,100.0,5.0,5.06,0.06,2.0,5.0,5.06,0.5,1,0,5,5,1,3,5,5,1,3,99999,?,TR,GDA94,MSL,GRS80,B,DEG,m,m,m,um,m,m,um,m,m,m,m,um,m,m,um,99999,99999,ELN,W98,99999,ELN,DFA,AUSGEOID98,GRS80,99999,99999,31-DEC-99,31-DEC-99,Comment is null
196955,1969550617.0,5979547,136.334644,-30.570719,108.6,111.888,3.288,9793353.54,108.6,111.888,0.04,2.67,9.88,-117.0,-0.32,-121.84,100.0,5.0,5.06,0.06,2.0,5.0,5.06,0.5,1,1,5,5,1,3,5,5,1,3,99999,?,TR,GDA94,MSL,GRS80,B,DEG,m,m,m,um,m,m,um,m,m,m,m,um,m,m,um,99999,99999,ELN,W98,99999,ELN,DFA,AUSGEOID98,GRS80,99999,99999,31-DEC-99,31-DEC-99,Comment is null
196955,1969550618.0,4643130,136.345815,-30.609719,120.46,123.714,3.254,9793324.42,120.46,123.714,0.05,2.67,-13.61,-153.89,-23.69,-158.49,100.0,5.0,5.06,0.06,2.0,5.0,5.06,0.5,1,0,5,5,1,3,5,5,1,3,99999,?,TR,GDA94,MSL,GRS80,B,DEG,m,m,m,um,m,m,um,m,m,m,m,um,m,m,um,99999,99999,ELN,W98,99999,ELN,DFA,AUSGEOID98,GRS80,99999,99999,31-DEC-99,31-DEC-99,Comment is null
196955,1969550619.0,4643131,136.337486,-30.67355,108.51,111.61,3.1,9793355.24,108.51,111.61,0.03,2.67,-70.7,-197.26,-80.32,-201.74,100.0,5.0,5.06,0.06,2.0,5.0,5.06,0.5,1,1,5,5,1,3,5,5,1,3,99999,?,TR,GDA94,MSL,GRS80,B,DEG,m,m,m,um,m,m,um,m,m,m,m,um,m,m,um,99999,99999,ELN,W98,99999,ELN,DFA,AUSGEOID98,GRS80,99999,99999,31-DEC-99,31-DEC-99,Comment is null
196955,1969550626.0,4643135,136.33182,-30.968051,164.44,167.065,2.625,9793488.01,164.44,167.065,0.27,2.67,-0.91,-190.32,-9.01,-193.02,100.0,5.0,5.06,0.06,2.0,5.0,5.06,0.5,1,0,5,5,1,3,5,5,1,3,99999,?,TR,GDA94,MSL,GRS80,B,DEG,m,m,m,um,m,m,um,m,m,m,m,um,m,m,um,99999,99999,ELN,W98,99999,ELN,DFA,AUSGEOID98,GRS80,99999,99999,31-DEC-99,31-DEC-99,Comment is null
196955,1969550627.0,5988389,136.340149,-30.918051,145.69,148.414,2.724,9793474.4,145.69,148.414,0.06,2.67,-32.23,-200.5,-40.65,-203.68,100.0,5.0,5.06,0.06,2.0,5.0,5.06,0.5,1,0,5,5,1,3,5,5,1,3,99999,?,TR,GDA94,MSL,GRS80,B,DEG,m,m,m,um,m,m,um,m,m,m,m,um,m,m,um,99999,99999,ELN,W98,99999,ELN,DFA,AUSGEOID98,GRS80,99999,99999,31-DEC-99,31-DEC-99,Comment is null
196955,1969550631.0,4643137,136.317988,-30.798551,123.72,126.581,2.861,9793462.8,123.72,126.581,0.05,2.67,-16.15,-159.68,-25.01,-163.45,100.0,5.0,5.06,0.06,2.0,5.0,5.06,0.5,1,0,5,5,1,3,5,5,1,3,99999,?,TR,GDA94,MSL,GRS80,B,DEG,m,m,m,um,m,m,um,m,m,m,m,um,m,m,um,99999,99999,ELN,W98,99999,ELN,DFA,AUSGEOID98,GRS80,99999,99999,31-DEC-99,31-DEC-99,Comment is null
196955,1969550632.0,4643138,136.345818,-30.870721,138.07,140.89,2.82,9793466.1,138.07,140.89,0.04,2.67,-26.08,-185.82,-34.8,-189.3,100.0,5.0,5.06,0.06,2.0,5.0,5.06,0.5,1,0,5,5,1,3,5,5,1,3,99999,?,TR,GDA94,MSL,GRS80,B,DEG,m,m,m,um,m,m,um,m,m,m,m,um,m,m,um,99999,99999,ELN,W98,99999,ELN,DFA,AUSGEOID98,GRS80,99999,99999,31-DEC-99,31-DEC-99,Comment is null
196955,1969550633.0,4643139,136.409648,-30.86805,134.84,137.822,2.982,9793475.7,134.84,137.822,0.04,2.67,-23.81,-180.08,-33.04,-183.92,100.0,5.0,5.06,0.06,2.0,5.0,5.06,0.5,1,0,5,5,1,3,5,5,1,3,99999,?,TR,GDA94,MSL,GRS80,B,DEG,m,m,m,um,m,m,um,m,m,m,m,um,m,m,um,99999,99999,ELN,W98,99999,ELN,DFA,AUSGEOID98,GRS80,99999,99999,31-DEC-99,31-DEC-99,Comment is null
196955,1969550634.0,4643140,136.404148,-30.92638,151.88,154.751,2.871,9793453.99,151.88,154.751,0.08,2.67,-39.72,-215.18,-48.59,-218.55,100.0,5.0,5.06,0.06,2.0,5.0,5.06,0.5,1,0,5,5,1,3,5,5,1,3,99999,?,TR,GDA94,MSL,GRS80,B,DEG,m,m,m,um,m,m,um,m,m,m,m,um,m,m,um,99999,99999,ELN,W98,99999,ELN,DFA,AUSGEOID98,GRS80,99999,99999,31-DEC-99,31-DEC-99,Comment is null
196955,1969550635.0,4643141,136.406819,-30.968051,162.09,164.906,2.816,9793494.11,162.09,164.906,0.14,2.67,-1.47,-188.43,-10.16,-191.54,100.0,5.0,5.06,0.06,2.0,5.0,5.06,0.5,1,0,5,5,1,3,5,5,1,3,99999,?,TR,GDA94,MSL,GRS80,B,DEG,m,m,m,um,m,m,um,m,m,m,m,um,m,m,um,99999,99999,ELN,W98,99999,ELN,DFA,AUSGEOID98,GRS80,99999,99999,31-DEC-99,31-DEC-99,Comment is null
196955,1969550636.0,4643142,136.473488,-30.95972,142.62,145.608,2.988,9793504.72,142.62,145.608,0.07,2.67,-43.77,-208.86,-53.0,-212.59,100.0,5.0,5.06,0.06,2.0,5.0,5.06,0.5,1,0,5,5,1,3,5,5,1,3,99999,?,TR,GDA94,MSL,GRS80,B,DEG,m,m,m,um,m,m,um,m,m,m,m,um,m,m,um,99999,99999,ELN,W98,99999,ELN,DFA,AUSGEOID98,GRS80,99999,99999,31-DEC-99,31-DEC-99,Comment is null
196955,1969550637.0,4643143,136.467987,-30.90972,139.32,142.367,3.047,9793486.81,139.32,142.367,0.06,2.67,-31.85,-193.27,-41.27,-197.17,100.0,5.0,5.06,0.06,2.0,5.0,5.06,0.5,1,0,5,5,1,3,5,5,1,3,99999,?,TR,GDA94,MSL,GRS80,B,DEG,m,m,m,um,m,m,um,m,m,m,m,um,m,m,um,99999,99999,ELN,W98,99999,ELN,DFA,AUSGEOID98,GRS80,99999,99999,31-DEC-99,31-DEC-99,Comment is null
196955,1969550638.0,4643144,136.473487,-30.862379,125.18,128.32,3.14,9793471.9,125.18,128.32,0.07,2.67,-52.42,-197.92,-62.14,-202.22,100.0,5.0,5.06,0.06,2.0,5.0,5.06,0.5,1,0,5,5,1,3,5,5,1,3,99999,?,TR,GDA94,MSL,GRS80,B,DEG,m,m,m,um,m,m,um,m,m,m,m,um,m,m,um,99999,99999,ELN,W98,99999,ELN,DFA,AUSGEOID98,GRS80,99999,99999,31-DEC-99,31-DEC-99,Comment is null
196955,1969550639.0,5409806,136.467986,-30.795719,105.16,108.402,3.242,9793469.3,105.16,108.402,0.05,2.67,-63.49,-186.41,-73.54,-191.21,100.0,5.0,5.06,0.06,2.0,5.0,5.06,0.5,1,0,5,5,1,3,5,5,1,3,99999,?,TR,GDA94,MSL,GRS80,B,DEG,m,m,m,um,m,m,um,m,m,m,m,um,m,m,um,99999,99999,ELN,W98,99999,ELN,DFA,AUSGEOID98,GRS80,99999,99999,31-DEC-99,31-DEC-99,Comment is null
