SURVEY_NUMBER,STATION_NUMBER,OBSERVATION_NUMBER,LONGITUDE,LATITUDE,GEOID_GROUND_ELEVATION,ELLIPSOID_GROUND_HEIGHT,GEOID_ELLIPSOID_SEPARATION,OBSERVED_GRAVITY,GEOID_GRAVITY_METER_HEIGHT,ELLIPSOID_HGT_OF_GRAVITY_METER,TERRAIN_CORRECTION,TERR_CORR_DENSITY_USED,ELLIPSOID_FREEAIR_ANOMALY,SPHERICAL_CAP_BOUGUER_ANOMALY,GEOIDAL_FREEAIR_ANOMALY,INFINITE_SLAB_BOUGUER_ANOMALY,ACCURACY_OF_LOCATION,ACCURACY_OF_GEOID_GND_ELEV,ACCURACY_OF_ELLIPSOID_GND_HGT,ACCURACY_OF_G_E_SEPARATION,ACCURACY_OF_OBSERVED_GRAVITY,ERROR_OF_GEOID_METER_HGT,ERROR_OF_ELLIPSOID_METER_HGT,ERROR_IN_TERRAIN_CORRECTION,ESTIMATE_OF_STN_RELIABILITY,GRIDDING_FLAG,METHOD_OF_LOCATION_ACCURACY,METHOD_OF_GEOID_GND_ELEV_ACC,METHOD_OF_ELLIPSOID_GNDHGT_ACC,METHOD_OF_G_E_SEPARATION_ACC,METHOD_OF_OBSERVED_GRAV_ACC,METHOD_OF_GEOID_METERHGT_ERROR,METHOD_OF_ELLIPS_METER_HGT_ERR,METHOD_OF_TERR_CORR_ERROR,STATION_NAME,STATION_TYPE,GEOID_GND_ELEV_TYPE,GEODETIC_DATUM,GEOID_GND_ELEV_DATUM,ELLIPSOID_GND_HGT_DATUM,OBSERVED_GRAVITY_DATUM,LOCATION_UNITS,UNITS_OF_GEOID_GND_ELEV,UNITS_OF_ELLIPSOID_GROUND_HGT,UNITS_OF_G_E_SEPARATION,UNITS_OF_OBSERVED_GRAVITY,UNITS_OF_GEOID_METER_HGT,UNITS_OF_ELLIPSOID_METER_HGT,UNITS_OF_TERRAIN_CORRECTION,UNITS_OF_LOCATION_ACCURACY,UNITS_OF_GEOID_GND_ELEV_ACC,UNITS_OF_ELLIPSOID_GND_HGT_ACC,UNITS_OF_G_E_SEPARATION_ACC,UNITS_OF_OBSERVED_GRAV_ACC,UNITS_OF_GEOID_METER_HGT_ERROR,UNITS_OF_ELLIPS_METER_HGT_ERR,UNITS_OF_TERR_CORR_ERROR,METHOD_OF_LOCATION,METHOD_OF_GEOID_GND_ELEV,METHOD_OF_ELLIPSOID_GND_HGT,METHOD_USED_IN_G_E_SEPARATION,METHOD_OF_GEOID_METER_HGT,METHOD_OF_ELLIPSOID_METER_HGT,METHOD_OF_TERRAIN_CORRECTION,GEOID_USED_IN_G_E_SEPARATION,ELLIPS_USED_IN_G_E_SEPARATION,GRAVITY_METER_MAKE,GRAVITY_METER_SERIAL_NUMBER,OBSERVATION_DATE,PROCESSING_DATE,COMMENTS
196953,1969523202.00,5728550,131.987537,-29.237386,216.960,213.021,-3.939,9792053.05,216.960,213.021,0.06,2.67,62.14,-179.34,74.30,-168.47,100.000,5.000,5.060,0.06,2.00,5.000,5.060,0.5,1,1,5,5,1,3,5,5,1,3,69E2,?,TR,GDA94,MSL,GRS80,B,DEG,m,m,m,um,m,m,um,m,m,m,m,um,m,m,um,99999,99999,ELN,W98,99999,ELN,DFA,AUSGEOID98,GRS80,99999,99999,31-DEC-99,31-DEC-99,Comment is null
196953,1969523203.00,5779554,131.990136,-29.179086,230.610,226.802,-3.808,9791988.81,230.610,226.802,0.09,2.67,85.27,-171.82,97.04,-161.01,100.000,5.000,5.060,0.06,2.00,5.000,5.060,0.5,1,1,5,5,1,3,5,5,1,3,69E2,?,TR,GDA94,MSL,GRS80,B,DEG,m,m,m,um,m,m,um,m,m,m,m,um,m,m,um,99999,99999,ELN,W98,99999,ELN,DFA,AUSGEOID98,GRS80,99999,99999,31-DEC-99,31-DEC-99,Comment is null
196953,1969523204.00,4642193,131.998535,-29.120786,242.380,238.701,-3.679,9791932.18,242.380,238.701,0.11,2.67,110.15,-160.42,121.53,-149.70,100.000,5.000,5.060,0.06,2.00,5.000,5.060,0.5,1,1,5,5,1,3,5,5,1,3,69E2,?,TR,GDA94,MSL,GRS80,B,DEG,m,m,m,um,m,m,um,m,m,m,m,um,m,m,um,99999,99999,ELN,W98,99999,ELN,DFA,AUSGEOID98,GRS80,99999,99999,31-DEC-99,31-DEC-99,Comment is null
196953,1969522329.00,4642191,133.509620,-28.920770,197.080,198.321,1.241,9791906.77,197.080,198.321,0.04,2.67,113.39,-111.44,109.56,-110.98,100.000,5.000,5.060,0.06,2.00,5.000,5.060,0.5,1,0,5,5,1,3,5,5,1,3,69E2,?,TR,GDA94,MSL,GRS80,B,DEG,m,m,m,um,m,m,um,m,m,m,m,um,m,m,um,99999,99999,ELN,W98,99999,ELN,DFA,AUSGEOID98,GRS80,99999,99999,31-DEC-99,31-DEC-99,Comment is null
196953,1969522607.00,5746195,133.506909,-28.045766,249.230,252.301,3.071,9791259.83,249.230,252.301,0.09,2.67,295.34,9.37,285.89,7.00,100.000,5.000,5.060,0.06,2.00,5.000,5.060,0.5,1,1,5,5,1,3,5,5,1,3,69E2,?,TR,GDA94,MSL,GRS80,B,DEG,m,m,m,um,m,m,um,m,m,m,m,um,m,m,um,99999,99999,ELN,W98,99999,ELN,DFA,AUSGEOID98,GRS80,99999,99999,31-DEC-99,31-DEC-99,Comment is null
196953,1969522610.00,5756375,133.512411,-28.217966,210.740,213.166,2.426,9791140.77,210.740,213.166,0.14,2.67,-73.77,-315.41,-81.26,-317.07,100.000,5.000,5.060,0.06,2.00,5.000,5.060,0.5,1,1,5,5,1,3,5,5,1,3,69E2,?,TR,GDA94,MSL,GRS80,B,DEG,m,m,m,um,m,m,um,m,m,m,m,um,m,m,um,99999,99999,ELN,W98,99999,ELN,DFA,AUSGEOID98,GRS80,99999,99999,31-DEC-99,31-DEC-99,Comment is null
196953,1969522625.00,5408831,133.512414,-28.445767,218.080,219.978,1.898,9791377.49,218.080,219.978,0.06,2.67,12.13,-237.23,6.28,-237.75,100.000,5.000,5.060,0.06,2.00,5.000,5.060,0.5,1,1,5,5,1,3,5,5,1,3,69E2,?,TR,GDA94,MSL,GRS80,B,DEG,m,m,m,um,m,m,um,m,m,m,m,um,m,m,um,99999,99999,ELN,W98,99999,ELN,DFA,AUSGEOID98,GRS80,99999,99999,31-DEC-99,31-DEC-99,Comment is null
196953,1969522626.00,4642192,133.509613,-28.398567,221.070,223.060,1.990,9791324.06,221.070,223.060,0.07,2.67,3.89,-248.96,-2.24,-249.62,100.000,5.000,5.060,0.06,2.00,5.000,5.060,0.5,1,1,5,5,1,3,5,5,1,3,69E2,?,TR,GDA94,MSL,GRS80,B,DEG,m,m,m,um,m,m,um,m,m,m,m,um,m,m,um,99999,99999,ELN,W98,99999,ELN,DFA,AUSGEOID98,GRS80,99999,99999,31-DEC-99,31-DEC-99,Comment is null
196953,1969533101.00,4642194,136.619408,-30.323545,110.150,114.628,4.478,9793029.67,110.150,114.628,0.05,2.67,-110.49,-240.47,-124.36,-247.61,100.000,5.000,5.060,0.06,2.00,5.000,5.060,0.5,1,0,5,5,1,3,5,5,1,3,69E3,?,TR,GDA94,MSL,GRS80,B,DEG,m,m,m,um,m,m,um,m,m,m,m,um,m,m,um,99999,99999,ELN,W98,99999,ELN,DFA,AUSGEOID98,GRS80,99999,99999,31-DEC-99,31-DEC-99,Comment is null
196953,1969533102.00,5409109,136.690305,-30.173744,126.300,131.419,5.119,9793009.86,126.300,131.419,0.06,2.67,39.26,-109.75,23.42,-117.90,100.000,5.000,5.060,0.06,2.00,5.000,5.060,0.5,1,0,5,5,1,3,5,5,1,3,69E3,?,TR,GDA94,MSL,GRS80,B,DEG,m,m,m,um,m,m,um,m,m,m,m,um,m,m,um,99999,99999,ELN,W98,99999,ELN,DFA,AUSGEOID98,GRS80,99999,99999,31-DEC-99,31-DEC-99,Comment is null
196953,1969533103.00,5746196,136.682705,-30.117444,115.000,120.241,5.241,9793041.87,115.000,120.241,0.07,2.67,80.95,-55.39,64.73,-63.95,100.000,5.000,5.060,0.06,2.00,5.000,5.060,0.5,1,0,5,5,1,3,5,5,1,3,69E3,?,TR,GDA94,MSL,GRS80,B,DEG,m,m,m,um,m,m,um,m,m,m,m,um,m,m,um,99999,99999,ELN,W98,99999,ELN,DFA,AUSGEOID98,GRS80,99999,99999,31-DEC-99,31-DEC-99,Comment is null
196953,1969533104.00,4642195,136.688604,-30.057843,117.900,123.299,5.399,9793013.06,117.900,123.299,0.05,2.67,108.27,-31.54,91.56,-40.37,100.000,5.000,5.060,0.06,2.00,5.000,5.060,0.5,1,0,5,5,1,3,5,5,1,3,69E3,?,TR,GDA94,MSL,GRS80,B,DEG,m,m,m,um,m,m,um,m,m,m,m,um,m,m,um,99999,99999,ELN,W98,99999,ELN,DFA,AUSGEOID98,GRS80,99999,99999,31-DEC-99,31-DEC-99,Comment is null
196953,1969533105.00,5593297,136.681303,-29.999443,114.090,119.557,5.467,9792962.53,114.090,119.557,0.08,2.67,91.90,-43.67,74.98,-52.69,100.000,5.000,5.060,0.06,2.00,5.000,5.060,0.5,1,0,5,5,1,3,5,5,1,3,69E3,?,TR,GDA94,MSL,GRS80,B,DEG,m,m,m,um,m,m,um,m,m,m,m,um,m,m,um,99999,99999,ELN,W98,99999,ELN,DFA,AUSGEOID98,GRS80,99999,99999,31-DEC-99,31-DEC-99,Comment is null
196953,1969533106.00,5719702,136.745802,-29.997143,143.560,149.222,5.662,9792883.69,143.560,149.222,0.13,2.67,106.38,-62.80,88.89,-71.76,100.000,5.000,5.060,0.06,2.00,5.000,5.060,0.5,1,0,5,5,1,3,5,5,1,3,69E3,?,TR,GDA94,MSL,GRS80,B,DEG,m,m,m,um,m,m,um,m,m,m,m,um,m,m,um,99999,99999,ELN,W98,99999,ELN,DFA,AUSGEOID98,GRS80,99999,99999,31-DEC-99,31-DEC-99,Comment is null
196953,1969533107.00,4642196,136.835501,-29.994842,125.670,131.566,5.896,9792886.19,125.670,131.566,0.09,2.67,56.21,-92.97,37.98,-102.65,100.000,5.000,5.060,0.06,2.00,5.000,5.060,0.5,1,0,5,5,1,3,5,5,1,3,69E3,?,TR,GDA94,MSL,GRS80,B,DEG,m,m,m,um,m,m,um,m,m,m,m,um,m,m,um,99999,99999,ELN,W98,99999,ELN,DFA,AUSGEOID98,GRS80,99999,99999,31-DEC-99,31-DEC-99,Comment is null
196953,1969533108.00,5408832,136.769403,-30.050943,135.880,141.527,5.647,9792951.83,135.880,141.527,0.08,2.67,108.68,-51.79,91.22,-60.83,100.000,5.000,5.060,0.06,2.00,5.000,5.060,0.5,1,0,5,5,1,3,5,5,1,3,69E3,?,TR,GDA94,MSL,GRS80,B,DEG,m,m,m,um,m,m,um,m,m,m,m,um,m,m,um,99999,99999,ELN,W98,99999,ELN,DFA,AUSGEOID98,GRS80,99999,99999,31-DEC-99,31-DEC-99,Comment is null
196953,1969533109.00,4642197,136.758804,-30.118343,128.220,133.693,5.473,9793024.86,128.220,133.693,0.06,2.67,104.74,-46.85,87.82,-55.66,100.000,5.000,5.060,0.06,2.00,5.000,5.060,0.5,1,0,5,5,1,3,5,5,1,3,69E3,?,TR,GDA94,MSL,GRS80,B,DEG,m,m,m,um,m,m,um,m,m,m,m,um,m,m,um,99999,99999,ELN,W98,99999,ELN,DFA,AUSGEOID98,GRS80,99999,99999,31-DEC-99,31-DEC-99,Comment is null
196953,1969533110.00,5908259,136.762304,-30.166343,122.010,127.378,5.368,9793044.37,122.010,127.378,0.06,2.67,67.12,-77.32,50.51,-86.02,100.000,5.000,5.060,0.06,2.00,5.000,5.060,0.5,1,0,5,5,1,3,5,5,1,3,69E3,?,TR,GDA94,MSL,GRS80,B,DEG,m,m,m,um,m,m,um,m,m,m,m,um,m,m,um,99999,99999,ELN,W98,99999,ELN,DFA,AUSGEOID98,GRS80,99999,99999,31-DEC-99,31-DEC-99,Comment is null
196953,1969533111.00,4642198,136.756705,-30.232944,113.750,118.905,5.155,9793016.66,113.750,118.905,0.05,2.67,-39.04,-173.87,-55.00,-182.28,100.000,5.000,5.060,0.06,2.00,5.000,5.060,0.5,1,0,5,5,1,3,5,5,1,3,69E3,?,TR,GDA94,MSL,GRS80,B,DEG,m,m,m,um,m,m,um,m,m,m,m,um,m,m,um,99999,99999,ELN,W98,99999,ELN,DFA,AUSGEOID98,GRS80,99999,99999,31-DEC-99,31-DEC-99,Comment is null
196953,1969533112.00,5973650,136.686306,-30.236244,119.420,124.346,4.926,9793039.17,119.420,124.346,0.04,2.67,-2.34,-143.33,-17.58,-151.21,100.000,5.000,5.060,0.06,2.00,5.000,5.060,0.5,1,0,5,5,1,3,5,5,1,3,69E3,?,TR,GDA94,MSL,GRS80,B,DEG,m,m,m,um,m,m,um,m,m,m,m,um,m,m,um,99999,99999,ELN,W98,99999,ELN,DFA,AUSGEOID98,GRS80,99999,99999,31-DEC-99,31-DEC-99,Comment is null
196953,1969533113.00,4642199,136.628106,-30.174745,107.780,112.687,4.907,9793034.87,107.780,112.687,0.05,2.67,5.69,-122.09,-9.50,-130.11,100.000,5.000,5.060,0.06,2.00,5.000,5.060,0.5,1,0,5,5,1,3,5,5,1,3,69E3,?,TR,GDA94,MSL,GRS80,B,DEG,m,m,m,um,m,m,um,m,m,m,m,um,m,m,um,99999,99999,ELN,W98,99999,ELN,DFA,AUSGEOID98,GRS80,99999,99999,31-DEC-99,31-DEC-99,Comment is null
196953,1969533114.00,5765293,136.617405,-30.123344,110.510,115.522,5.012,9793016.66,110.510,115.522,0.06,2.67,36.55,-94.44,21.03,-102.63,100.000,5.000,5.060,0.06,2.00,5.000,5.060,0.5,1,0,5,5,1,3,5,5,1,3,69E3,?,TR,GDA94,MSL,GRS80,B,DEG,m,m,m,um,m,m,um,m,m,m,m,um,m,m,um,99999,99999,ELN,W98,99999,ELN,DFA,AUSGEOID98,GRS80,99999,99999,31-DEC-99,31-DEC-99,Comment is null
196953,1969533115.00,4642200,136.566306,-30.121345,124.050,128.882,4.832,9792951.93,124.050,128.882,0.03,2.67,14.60,-131.53,-0.35,-139.16,100.000,5.000,5.060,0.06,2.00,5.000,5.060,0.5,1,0,5,5,1,3,5,5,1,3,69E3,?,TR,GDA94,MSL,GRS80,B,DEG,m,m,m,um,m,m,um,m,m,m,m,um,m,m,um,99999,99999,ELN,W98,99999,ELN,DFA,AUSGEOID98,GRS80,99999,99999,31-DEC-99,31-DEC-99,Comment is null
196953,1969533116.00,4642201,136.554905,-30.059245,125.960,130.893,4.933,9792922.11,125.960,130.893,0.05,2.67,39.65,-108.76,24.39,-116.56,100.000,5.000,5.060,0.06,2.00,5.000,5.060,0.5,1,0,5,5,1,3,5,5,1,3,69E3,?,TR,GDA94,MSL,GRS80,B,DEG,m,m,m,um,m,m,um,m,m,m,m,um,m,m,um,99999,99999,ELN,W98,99999,ELN,DFA,AUSGEOID98,GRS80,99999,99999,31-DEC-99,31-DEC-99,Comment is null
196953,1969533117.00,4642202,136.615405,-30.058644,123.070,128.226,5.156,9792972.54,123.070,128.226,0.07,2.67,82.32,-63.07,66.37,-71.35,100.000,5.000,5.060,0.06,2.00,5.000,5.060,0.5,1,0,5,5,1,3,5,5,1,3,69E3,?,TR,GDA94,MSL,GRS80,B,DEG,m,m,m,um,m,m,um,m,m,m,m,um,m,m,um,99999,99999,ELN,W98,99999,ELN,DFA,AUSGEOID98,GRS80,99999,99999,31-DEC-99,31-DEC-99,Comment is null
196953,1969533118.00,5954281,136.619004,-30.000244,107.170,112.433,5.263,9792955.23,107.170,112.433,0.08,2.67,61.99,-65.50,45.69,-74.23,100.000,5.000,5.060,0.06,2.00,5.000,5.060,0.5,1,0,5,5,1,3,5,5,1,3,69E3,?,TR,GDA94,MSL,GRS80,B,DEG,m,m,m,um,m,m,um,m,m,m,m,um,m,m,um,99999,99999,ELN,W98,99999,ELN,DFA,AUSGEOID98,GRS80,99999,99999,31-DEC-99,31-DEC-99,Comment is null
196953,1969533119.00,4642203,136.562604,-30.000844,121.420,126.483,5.063,9792888.69,121.420,126.483,0.05,2.67,38.33,-105.08,22.67,-113.20,100.000,5.000,5.060,0.06,2.00,5.000,5.060,0.5,1,0,5,5,1,3,5,5,1,3,69E3,?,TR,GDA94,MSL,GRS80,B,DEG,m,m,m,um,m,m,um,m,m,m,m,um,m,m,um,99999,99999,ELN,W98,99999,ELN,DFA,AUSGEOID98,GRS80,99999,99999,31-DEC-99,31-DEC-99,Comment is null
196953,1969533120.00,4642204,136.496705,-29.998545,117.730,122.554,4.824,9792788.84,117.730,122.554,0.05,2.67,-71.84,-210.81,-86.78,-218.52,100.000,5.000,5.060,0.06,2.00,5.000,5.060,0.5,1,0,5,5,1,3,5,5,1,3,69E3,?,TR,GDA94,MSL,GRS80,B,DEG,m,m,m,um,m,m,um,m,m,m,m,um,m,m,um,99999,99999,ELN,W98,99999,ELN,DFA,AUSGEOID98,GRS80,99999,99999,31-DEC-99,31-DEC-99,Comment is null
196953,1969533121.00,5677448,136.495506,-30.064145,117.920,122.615,4.695,9792839.97,117.920,122.615,0.06,2.67,-71.87,-210.90,-86.40,-218.35,100.000,5.000,5.060,0.06,2.00,5.000,5.060,0.5,1,0,5,5,1,3,5,5,1,3,69E3,?,TR,GDA94,MSL,GRS80,B,DEG,m,m,m,um,m,m,um,m,m,m,m,um,m,m,um,99999,99999,ELN,W98,99999,ELN,DFA,AUSGEOID98,GRS80,99999,99999,31-DEC-99,31-DEC-99,Comment is null
196953,1969533122.00,4642205,136.491107,-30.132946,112.260,116.786,4.526,9792900.50,112.260,116.786,0.05,2.67,-83.24,-215.67,-97.26,-222.87,100.000,5.000,5.060,0.06,2.00,5.000,5.060,0.5,1,0,5,5,1,3,5,5,1,3,69E3,?,TR,GDA94,MSL,GRS80,B,DEG,m,m,m,um,m,m,um,m,m,m,m,um,m,m,um,99999,99999,ELN,W98,99999,ELN,DFA,AUSGEOID98,GRS80,99999,99999,31-DEC-99,31-DEC-99,Comment is null
196953,1969533123.00,5809379,136.487007,-30.180846,113.630,118.024,4.394,9792948.22,113.630,118.024,0.06,2.67,-69.28,-203.11,-82.89,-210.04,100.000,5.000,5.060,0.06,2.00,5.000,5.060,0.5,1,0,5,5,1,3,5,5,1,3,69E3,?,TR,GDA94,MSL,GRS80,B,DEG,m,m,m,um,m,m,um,m,m,m,m,um,m,m,um,99999,99999,ELN,W98,99999,ELN,DFA,AUSGEOID98,GRS80,99999,99999,31-DEC-99,31-DEC-99,Comment is null
196953,1969533124.00,4642206,136.562807,-30.177845,123.440,128.108,4.668,9792944.12,123.440,128.108,0.07,2.67,-39.91,-185.17,-54.36,-192.48,100.000,5.000,5.060,0.06,2.00,5.000,5.060,0.5,1,0,5,5,1,3,5,5,1,3,69E3,?,TR,GDA94,MSL,GRS80,B,DEG,m,m,m,um,m,m,um,m,m,m,m,um,m,m,um,99999,99999,ELN,W98,99999,ELN,DFA,AUSGEOID98,GRS80,99999,99999,31-DEC-99,31-DEC-99,Comment is null
196953,1969533125.00,4642207,136.572907,-30.239845,110.940,115.469,4.529,9792983.24,110.940,115.469,0.12,2.67,-88.48,-219.42,-102.51,-226.65,100.000,5.000,5.060,0.06,2.00,5.000,5.060,0.5,1,0,5,5,1,3,5,5,1,3,69E3,?,TR,GDA94,MSL,GRS80,B,DEG,m,m,m,um,m,m,um,m,m,m,m,um,m,m,um,99999,99999,ELN,W98,99999,ELN,DFA,AUSGEOID98,GRS80,99999,99999,31-DEC-99,31-DEC-99,Comment is null
196953,1969533126.00,4642208,136.483808,-30.237346,102.920,107.157,4.237,9792970.03,102.920,107.157,0.15,2.67,-125.37,-246.88,-138.50,-253.67,100.000,5.000,5.060,0.06,2.00,5.000,5.060,0.5,1,0,5,5,1,3,5,5,1,3,69E3,?,TR,GDA94,MSL,GRS80,B,DEG,m,m,m,um,m,m,um,m,m,m,m,um,m,m,um,99999,99999,ELN,W98,99999,ELN,DFA,AUSGEOID98,GRS80,99999,99999,31-DEC-99,31-DEC-99,Comment is null
196953,1969533127.00,5967043,136.493109,-30.306747,111.880,115.977,4.097,9792965.73,111.880,115.977,0.06,2.67,-157.04,-288.55,-169.73,-294.92,100.000,5.000,5.060,0.06,2.00,5.000,5.060,0.5,1,0,5,5,1,3,5,5,1,3,69E3,?,TR,GDA94,MSL,GRS80,B,DEG,m,m,m,um,m,m,um,m,m,m,m,um,m,m,um,99999,99999,ELN,W98,99999,ELN,DFA,AUSGEOID98,GRS80,99999,99999,31-DEC-99,31-DEC-99,Comment is null
196953,1969533128.00,4642209,136.497410,-30.348147,109.730,113.755,4.025,9792999.85,109.730,113.755,0.05,2.67,-162.37,-291.36,-174.84,-297.63,100.000,5.000,5.060,0.06,2.00,5.000,5.060,0.5,1,0,5,5,1,3,5,5,1,3,69E3,?,TR,GDA94,MSL,GRS80,B,DEG,m,m,m,um,m,m,um,m,m,m,m,um,m,m,um,99999,99999,ELN,W98,99999,ELN,DFA,AUSGEOID98,GRS80,99999,99999,31-DEC-99,31-DEC-99,Comment is null
196953,1969533129.00,5410154,136.503110,-30.403347,112.130,116.086,3.956,9793042.37,112.130,116.086,0.05,2.67,-156.15,-287.79,-168.41,-293.88,100.000,5.000,5.060,0.06,2.00,5.000,5.060,0.5,1,0,5,5,1,3,5,5,1,3,69E3,?,TR,GDA94,MSL,GRS80,B,DEG,m,m,m,um,m,m,um,m,m,m,m,um,m,m,um,99999,99999,ELN,W98,99999,ELN,DFA,AUSGEOID98,GRS80,99999,99999,31-DEC-99,31-DEC-99,Comment is null
196953,1969533130.00,5924033,136.491111,-30.461747,110.000,113.862,3.862,9793162.84,110.000,113.862,0.06,2.67,-88.62,-217.74,-100.59,-223.68,100.000,5.000,5.060,0.06,2.00,5.000,5.060,0.5,1,0,5,5,1,3,5,5,1,3,69E3,?,TR,GDA94,MSL,GRS80,B,DEG,m,m,m,um,m,m,um,m,m,m,m,um,m,m,um,99999,99999,ELN,W98,99999,ELN,DFA,AUSGEOID98,GRS80,99999,99999,31-DEC-99,31-DEC-99,Comment is null
196953,1969533131.00,4642210,136.569810,-30.450446,102.010,106.116,4.106,9793168.54,102.010,106.116,0.11,2.67,-97.90,-218.23,-110.63,-224.78,100.000,5.000,5.060,0.06,2.00,5.000,5.060,0.5,1,0,5,5,1,3,5,5,1,3,69E3,?,TR,GDA94,MSL,GRS80,B,DEG,m,m,m,um,m,m,um,m,m,m,m,um,m,m,um,99999,99999,ELN,W98,99999,ELN,DFA,AUSGEOID98,GRS80,99999,99999,31-DEC-99,31-DEC-99,Comment is null
196953,1969533132.00,5828539,136.634010,-30.453546,95.150,99.446,4.296,9793227.47,95.150,99.446,0.15,2.67,-62.00,-174.77,-75.31,-181.79,100.000,5.000,5.060,0.06,2.00,5.000,5.060,0.5,1,0,5,5,1,3,5,5,1,3,69E3,?,TR,GDA94,MSL,GRS80,B,DEG,m,m,m,um,m,m,um,m,m,m,m,um,m,m,um,99999,99999,ELN,W98,99999,ELN,DFA,AUSGEOID98,GRS80,99999,99999,31-DEC-99,31-DEC-99,Comment is null
196953,1969533133.00,4642211,136.629109,-30.391946,110.940,115.314,4.374,9793091.70,110.940,115.314,0.07,2.67,-100.22,-230.98,-113.77,-237.91,100.000,5.000,5.060,0.06,2.00,5.000,5.060,0.5,1,0,5,5,1,3,5,5,1,3,69E3,?,TR,GDA94,MSL,GRS80,B,DEG,m,m,m,um,m,m,um,m,m,m,m,um,m,m,um,99999,99999,ELN,W98,99999,ELN,DFA,AUSGEOID98,GRS80,99999,99999,31-DEC-99,31-DEC-99,Comment is null
196953,1969533134.00,4642212,136.571910,-30.400546,96.130,100.307,4.177,9793102.60,96.130,100.307,0.10,2.67,-142.40,-256.15,-155.35,-262.92,100.000,5.000,5.060,0.06,2.00,5.000,5.060,0.5,1,0,5,5,1,3,5,5,1,3,69E3,?,TR,GDA94,MSL,GRS80,B,DEG,m,m,m,um,m,m,um,m,m,m,m,um,m,m,um,99999,99999,ELN,W98,99999,ELN,DFA,AUSGEOID98,GRS80,99999,99999,31-DEC-99,31-DEC-99,Comment is null
196953,1969533135.00,4642213,136.579309,-30.338246,94.150,98.461,4.311,9793032.57,94.150,98.461,0.14,2.67,-169.04,-280.70,-182.41,-287.76,100.000,5.000,5.060,0.06,2.00,5.000,5.060,0.5,1,0,5,5,1,3,5,5,1,3,69E3,?,TR,GDA94,MSL,GRS80,B,DEG,m,m,m,um,m,m,um,m,m,m,m,um,m,m,um,99999,99999,ELN,W98,99999,ELN,DFA,AUSGEOID98,GRS80,99999,99999,31-DEC-99,31-DEC-99,Comment is null
196953,1969533136.00,5867890,136.563808,-30.292946,124.480,128.841,4.361,9792932.11,124.480,128.841,0.24,2.67,-140.11,-286.20,-153.60,-292.89,100.000,5.000,5.060,0.06,2.00,5.000,5.060,0.5,1,0,5,5,1,3,5,5,1,3,69E3,?,TR,GDA94,MSL,GRS80,B,DEG,m,m,m,um,m,m,um,m,m,m,m,um,m,m,um,99999,99999,ELN,W98,99999,ELN,DFA,AUSGEOID98,GRS80,99999,99999,31-DEC-99,31-DEC-99,Comment is null
196953,1969533137.00,4642214,136.625007,-30.279445,113.750,118.356,4.606,9792993.65,113.750,118.356,0.04,2.67,-100.31,-234.51,-114.56,-241.85,100.000,5.000,5.060,0.06,2.00,5.000,5.060,0.5,1,0,5,5,1,3,5,5,1,3,69E3,?,TR,GDA94,MSL,GRS80,B,DEG,m,m,m,um,m,m,um,m,m,m,m,um,m,m,um,99999,99999,ELN,W98,99999,ELN,DFA,AUSGEOID98,GRS80,99999,99999,31-DEC-99,31-DEC-99,Comment is null
196953,1969533138.00,4642215,136.635807,-30.225845,96.800,101.585,4.785,9793057.58,96.800,101.585,0.12,2.67,-45.98,-161.18,-60.81,-169.13,100.000,5.000,5.060,0.06,2.00,5.000,5.060,0.5,1,0,5,5,1,3,5,5,1,3,69E3,?,TR,GDA94,MSL,GRS80,B,DEG,m,m,m,um,m,m,um,m,m,m,m,um,m,m,um,99999,99999,ELN,W98,99999,ELN,DFA,AUSGEOID98,GRS80,99999,99999,31-DEC-99,31-DEC-99,Comment is null
196953,1969533139.00,5840394,136.687108,-30.338745,118.190,122.859,4.669,9793054.68,118.190,122.859,0.10,2.67,-72.05,-211.36,-86.50,-218.75,100.000,5.000,5.060,0.06,2.00,5.000,5.060,0.5,1,0,5,5,1,3,5,5,1,3,69E3,?,TR,GDA94,MSL,GRS80,B,DEG,m,m,m,um,m,m,um,m,m,m,m,um,m,m,um,99999,99999,ELN,W98,99999,ELN,DFA,AUSGEOID98,GRS80,99999,99999,31-DEC-99,31-DEC-99,Comment is null
196953,1969533140.00,5408511,136.687708,-30.402945,89.170,93.706,4.536,9793179.05,89.170,93.706,0.18,2.67,-88.22,-194.48,-102.28,-202.06,100.000,5.000,5.060,0.06,2.00,5.000,5.060,0.5,1,0,5,5,1,3,5,5,1,3,69E3,?,TR,GDA94,MSL,GRS80,B,DEG,m,m,m,um,m,m,um,m,m,m,m,um,m,m,um,99999,99999,ELN,W98,99999,ELN,DFA,AUSGEOID98,GRS80,99999,99999,31-DEC-99,31-DEC-99,Comment is null
196953,1969533141.00,4642216,136.698409,-30.458145,106.380,110.850,4.470,9793204.26,106.380,110.850,0.05,2.67,-53.65,-179.35,-67.50,-186.54,100.000,5.000,5.060,0.06,2.00,5.000,5.060,0.5,1,0,5,5,1,3,5,5,1,3,69E3,?,TR,GDA94,MSL,GRS80,B,DEG,m,m,m,um,m,m,um,m,m,m,m,um,m,m,um,99999,99999,ELN,W98,99999,ELN,DFA,AUSGEOID98,GRS80,99999,99999,31-DEC-99,31-DEC-99,Comment is null
196953,1969533142.00,4642217,136.695310,-30.503845,104.960,109.357,4.397,9793259.79,104.960,109.357,0.04,2.67,-38.82,-162.82,-52.44,-169.89,100.000,5.000,5.060,0.06,2.00,5.000,5.060,0.5,1,0,5,5,1,3,5,5,1,3,69E3,?,TR,GDA94,MSL,GRS80,B,DEG,m,m,m,um,m,m,um,m,m,m,m,um,m,m,um,99999,99999,ELN,W98,99999,ELN,DFA,AUSGEOID98,GRS80,99999,99999,31-DEC-99,31-DEC-99,Comment is null
196953,1969533143.00,5409789,136.764609,-30.503145,86.260,90.837,4.577,9793251.38,86.260,90.837,0.12,2.67,-103.81,-206.82,-118.00,-214.53,100.000,5.000,5.060,0.06,2.00,5.000,5.060,0.5,1,0,5,5,1,3,5,5,1,3,69E3,?,TR,GDA94,MSL,GRS80,B,DEG,m,m,m,um,m,m,um,m,m,m,m,um,m,m,um,99999,99999,ELN,W98,99999,ELN,DFA,AUSGEOID98,GRS80,99999,99999,31-DEC-99,31-DEC-99,Comment is null
196953,1969533144.00,5699080,136.839608,-30.491244,97.860,102.674,4.814,9793242.68,97.860,102.674,0.03,2.67,-66.59,-183.02,-81.50,-191.01,100.000,5.000,5.060,0.06,2.00,5.000,5.060,0.5,1,0,5,5,1,3,5,5,1,3,69E3,?,TR,GDA94,MSL,GRS80,B,DEG,m,m,m,um,m,m,um,m,m,m,m,um,m,m,um,99999,99999,ELN,W98,99999,ELN,DFA,AUSGEOID98,GRS80,99999,99999,31-DEC-99,31-DEC-99,Comment is null
196953,1969533145.00,4642218,136.758208,-30.452845,77.050,81.692,4.642,9793223.57,77.050,81.692,0.14,2.67,-120.13,-212.77,-134.52,-220.74,100.000,5.000,5.060,0.06,2.00,5.000,5.060,0.5,1,0,5,5,1,3,5,5,1,3,69E3,?,TR,GDA94,MSL,GRS80,B,DEG,m,m,m,um,m,m,um,m,m,m,m,um,m,m,um,99999,99999,ELN,W98,99999,ELN,DFA,AUSGEOID98,GRS80,99999,99999,31-DEC-99,31-DEC-99,Comment is null
196953,1969533146.00,4642219,136.751508,-30.389944,101.820,106.575,4.755,9793161.94,101.820,106.575,0.11,2.67,-55.37,-176.22,-70.10,-184.03,100.000,5.000,5.060,0.06,2.00,5.000,5.060,0.5,1,0,5,5,1,3,5,5,1,3,69E3,?,TR,GDA94,MSL,GRS80,B,DEG,m,m,m,um,m,m,um,m,m,m,m,um,m,m,um,99999,99999,ELN,W98,99999,ELN,DFA,AUSGEOID98,GRS80,99999,99999,31-DEC-99,31-DEC-99,Comment is null
196953,1969533147.00,4642220,136.754707,-30.339044,93.010,97.891,4.881,9793170.34,93.010,97.891,0.08,2.67,-33.66,-144.67,-48.78,-152.86,100.000,5.000,5.060,0.06,2.00,5.000,5.060,0.5,1,0,5,5,1,3,5,5,1,3,69E3,?,TR,GDA94,MSL,GRS80,B,DEG,m,m,m,um,m,m,um,m,m,m,m,um,m,m,um,99999,99999,ELN,W98,99999,ELN,DFA,AUSGEOID98,GRS80,99999,99999,31-DEC-99,31-DEC-99,Comment is null
196953,1969533148.00,5262834,136.755106,-30.291444,116.420,121.416,4.996,9793027.87,116.420,121.416,0.06,2.67,-66.08,-203.76,-81.54,-211.82,100.000,5.000,5.060,0.06,2.00,5.000,5.060,0.5,1,0,5,5,1,3,5,5,1,3,69E3,?,TR,GDA94,MSL,GRS80,B,DEG,m,m,m,um,m,m,um,m,m,m,m,um,m,m,um,99999,99999,ELN,W98,99999,ELN,DFA,AUSGEOID98,GRS80,99999,99999,31-DEC-99,31-DEC-99,Comment is null
196953,1969533149.00,5880230,136.688407,-30.292145,112.920,117.705,4.785,9793041.97,112.920,117.705,0.05,2.67,-63.98,-197.45,-78.79,-205.15,100.000,5.000,5.060,0.06,2.00,5.000,5.060,0.5,1,0,5,5,1,3,5,5,1,3,69E3,?,TR,GDA94,MSL,GRS80,B,DEG,m,m,m,um,m,m,um,m,m,m,m,um,m,m,um,99999,99999,ELN,W98,99999,ELN,DFA,AUSGEOID98,GRS80,99999,99999,31-DEC-99,31-DEC-99,Comment is null
196953,1969533201.00,4642221,136.905704,-30.258942,81.010,86.540,5.530,9793163.74,81.010,86.540,0.11,2.67,-12.26,-110.40,-29.40,-120.05,100.000,5.000,5.060,0.06,2.00,5.000,5.060,0.5,1,0,5,5,1,3,5,5,1,3,69E3,?,TR,GDA94,MSL,GRS80,B,DEG,m,m,m,um,m,m,um,m,m,m,m,um,m,m,um,99999,99999,ELN,W98,99999,ELN,DFA,AUSGEOID98,GRS80,99999,99999,31-DEC-99,31-DEC-99,Comment is null
196953,1969533202.00,5701242,137.001502,-30.170641,106.940,112.956,6.016,9793112.21,106.940,112.956,0.10,2.67,87.08,-41.00,68.46,-51.20,100.000,5.000,5.060,0.06,2.00,5.000,5.060,0.5,1,0,5,5,1,3,5,5,1,3,69E3,?,TR,GDA94,MSL,GRS80,B,DEG,m,m,m,um,m,m,um,m,m,m,m,um,m,m,um,99999,99999,ELN,W98,99999,ELN,DFA,AUSGEOID98,GRS80,99999,99999,31-DEC-99,31-DEC-99,Comment is null
196953,1969533203.00,5409110,136.997001,-30.111741,106.190,112.295,6.105,9793026.46,106.190,112.295,0.09,2.67,45.50,-81.84,26.60,-92.22,100.000,5.000,5.060,0.06,2.00,5.000,5.060,0.5,1,0,5,5,1,3,5,5,1,3,69E3,?,TR,GDA94,MSL,GRS80,B,DEG,m,m,m,um,m,m,um,m,m,m,m,um,m,m,um,99999,99999,ELN,W98,99999,ELN,DFA,AUSGEOID98,GRS80,99999,99999,31-DEC-99,31-DEC-99,Comment is null
196953,1969533204.00,4642222,137.005500,-30.047240,112.530,118.776,6.246,9792964.83,112.530,118.776,0.11,2.67,54.39,-80.29,35.07,-90.86,100.000,5.000,5.060,0.06,2.00,5.000,5.060,0.5,1,0,5,5,1,3,5,5,1,3,69E3,?,TR,GDA94,MSL,GRS80,B,DEG,m,m,m,um,m,m,um,m,m,m,m,um,m,m,um,99999,99999,ELN,W98,99999,ELN,DFA,AUSGEOID98,GRS80,99999,99999,31-DEC-99,31-DEC-99,Comment is null
196953,1969533205.00,5877577,137.004100,-29.993540,112.280,118.601,6.321,9792922.31,112.280,118.601,0.13,2.67,53.34,-81.14,33.79,-91.85,100.000,5.000,5.060,0.06,2.00,5.000,5.060,0.5,1,0,5,5,1,3,5,5,1,3,69E3,?,TR,GDA94,MSL,GRS80,B,DEG,m,m,m,um,m,m,um,m,m,m,m,um,m,m,um,99999,99999,ELN,W98,99999,ELN,DFA,AUSGEOID98,GRS80,99999,99999,31-DEC-99,31-DEC-99,Comment is null
196953,1969533206.00,5904506,137.069899,-29.990939,86.840,93.333,6.493,9793015.36,86.840,93.333,0.15,2.67,70.46,-35.38,50.36,-46.82,100.000,5.000,5.060,0.06,2.00,5.000,5.060,0.5,1,0,5,5,1,3,5,5,1,3,69E3,?,TR,GDA94,MSL,GRS80,B,DEG,m,m,m,um,m,m,um,m,m,m,m,um,m,m,um,99999,99999,ELN,W98,99999,ELN,DFA,AUSGEOID98,GRS80,99999,99999,31-DEC-99,31-DEC-99,Comment is null
196953,1969533207.00,5746197,137.140498,-29.992439,100.130,106.792,6.662,9792988.44,100.130,106.792,0.10,2.67,83.90,-37.19,63.29,-48.76,100.000,5.000,5.060,0.06,2.00,5.000,5.060,0.5,1,0,5,5,1,3,5,5,1,3,69E3,?,TR,GDA94,MSL,GRS80,B,DEG,m,m,m,um,m,m,um,m,m,m,m,um,m,m,um,99999,99999,ELN,W98,99999,ELN,DFA,AUSGEOID98,GRS80,99999,99999,31-DEC-99,31-DEC-99,Comment is null
196953,1969533208.00,4642223,137.068500,-30.050240,94.480,100.889,6.409,9793047.58,94.480,100.889,0.08,2.67,79.59,-34.81,59.75,-45.97,100.000,5.000,5.060,0.06,2.00,5.000,5.060,0.5,1,0,5,5,1,3,5,5,1,3,69E3,?,TR,GDA94,MSL,GRS80,B,DEG,m,m,m,um,m,m,um,m,m,m,m,um,m,m,um,99999,99999,ELN,W98,99999,ELN,DFA,AUSGEOID98,GRS80,99999,99999,31-DEC-99,31-DEC-99,Comment is null
196953,1969533209.00,5681797,137.070600,-30.105740,101.710,108.028,6.318,9793066.19,101.710,108.028,0.09,2.67,76.75,-45.74,57.20,-56.61,100.000,5.000,5.060,0.06,2.00,5.000,5.060,0.5,1,0,5,5,1,3,5,5,1,3,69E3,?,TR,GDA94,MSL,GRS80,B,DEG,m,m,m,um,m,m,um,m,m,m,m,um,m,m,um,99999,99999,ELN,W98,99999,ELN,DFA,AUSGEOID98,GRS80,99999,99999,31-DEC-99,31-DEC-99,Comment is null
196953,1969533210.00,4642224,137.067601,-30.167040,110.920,117.118,6.198,9793103.51,110.920,117.118,0.23,2.67,94.04,-38.76,74.87,-49.25,100.000,5.000,5.060,0.06,2.00,5.000,5.060,0.5,1,0,5,5,1,3,5,5,1,3,69E3,?,TR,GDA94,MSL,GRS80,B,DEG,m,m,m,um,m,m,um,m,m,m,m,um,m,m,um,99999,99999,ELN,W98,99999,ELN,DFA,AUSGEOID98,GRS80,99999,99999,31-DEC-99,31-DEC-99,Comment is null
196953,1969533211.00,4642225,137.079802,-30.223540,65.230,71.325,6.095,9793251.58,65.230,71.325,0.15,2.67,56.47,-24.42,37.57,-35.42,100.000,5.000,5.060,0.06,2.00,5.000,5.060,0.5,1,0,5,5,1,3,5,5,1,3,69E3,?,TR,GDA94,MSL,GRS80,B,DEG,m,m,m,um,m,m,um,m,m,m,m,um,m,m,um,99999,99999,ELN,W98,99999,ELN,DFA,AUSGEOID98,GRS80,99999,99999,31-DEC-99,31-DEC-99,Comment is null
196953,1969533212.00,4642226,137.012303,-30.225941,106.010,111.922,5.912,9793125.42,106.010,111.922,0.21,2.67,53.67,-73.24,35.38,-83.25,100.000,5.000,5.060,0.06,2.00,5.000,5.060,0.5,1,0,5,5,1,3,5,5,1,3,69E3,?,TR,GDA94,MSL,GRS80,B,DEG,m,m,m,um,m,m,um,m,m,m,m,um,m,m,um,99999,99999,ELN,W98,99999,ELN,DFA,AUSGEOID98,GRS80,99999,99999,31-DEC-99,31-DEC-99,Comment is null
196953,1969533213.00,5848258,136.944003,-30.169641,81.920,87.783,5.863,9793146.33,81.920,87.783,0.13,2.67,44.31,-55.23,26.15,-65.52,100.000,5.000,5.060,0.06,2.00,5.000,5.060,0.5,1,0,5,5,1,3,5,5,1,3,69E3,?,TR,GDA94,MSL,GRS80,B,DEG,m,m,m,um,m,m,um,m,m,m,m,um,m,m,um,99999,99999,ELN,W98,99999,ELN,DFA,AUSGEOID98,GRS80,99999,99999,31-DEC-99,31-DEC-99,Comment is null
196953,1969533214.00,4642227,136.948902,-30.106141,107.130,113.109,5.979,9792990.75,107.130,113.109,0.07,2.67,16.68,-111.58,-1.83,-121.70,100.000,5.000,5.060,0.06,2.00,5.000,5.060,0.5,1,0,5,5,1,3,5,5,1,3,69E3,?,TR,GDA94,MSL,GRS80,B,DEG,m,m,m,um,m,m,um,m,m,m,m,um,m,m,um,99999,99999,ELN,W98,99999,ELN,DFA,AUSGEOID98,GRS80,99999,99999,31-DEC-99,31-DEC-99,Comment is null
196953,1969533215.00,4642228,136.880902,-30.109442,88.110,93.918,5.808,9793088.50,88.110,93.918,0.16,2.67,52.63,-53.87,34.64,-63.96,100.000,5.000,5.060,0.06,2.00,5.000,5.060,0.5,1,0,5,5,1,3,5,5,1,3,69E3,?,TR,GDA94,MSL,GRS80,B,DEG,m,m,m,um,m,m,um,m,m,m,m,um,m,m,um,99999,99999,ELN,W98,99999,ELN,DFA,AUSGEOID98,GRS80,99999,99999,31-DEC-99,31-DEC-99,Comment is null
196953,1969533216.00,5683989,136.883302,-30.055542,121.710,127.628,5.918,9792910.30,121.710,127.628,0.11,2.67,20.67,-124.04,2.37,-133.82,100.000,5.000,5.060,0.06,2.00,5.000,5.060,0.5,1,0,5,5,1,3,5,5,1,3,69E3,?,TR,GDA94,MSL,GRS80,B,DEG,m,m,m,um,m,m,um,m,m,m,m,um,m,m,um,99999,99999,ELN,W98,99999,ELN,DFA,AUSGEOID98,GRS80,99999,99999,31-DEC-99,31-DEC-99,Comment is null
196953,1969533217.00,4642229,136.946901,-30.057041,118.070,124.142,6.072,9792910.30,118.070,124.142,0.12,2.67,8.74,-132.02,-10.04,-142.16,100.000,5.000,5.060,0.06,2.00,5.000,5.060,0.5,1,0,5,5,1,3,5,5,1,3,69E3,?,TR,GDA94,MSL,GRS80,B,DEG,m,m,m,um,m,m,um,m,m,m,m,um,m,m,um,99999,99999,ELN,W98,99999,ELN,DFA,AUSGEOID98,GRS80,99999,99999,31-DEC-99,31-DEC-99,Comment is null
196953,1969533218.00,4642230,136.937200,-29.997041,130.440,136.579,6.139,9792831.16,130.440,136.579,0.19,2.67,14.93,-139.93,-4.05,-150.01,100.000,5.000,5.060,0.06,2.00,5.000,5.060,0.5,1,0,5,5,1,3,5,5,1,3,69E3,?,TR,GDA94,MSL,GRS80,B,DEG,m,m,m,um,m,m,um,m,m,m,m,um,m,m,um,99999,99999,ELN,W98,99999,ELN,DFA,AUSGEOID98,GRS80,99999,99999,31-DEC-99,31-DEC-99,Comment is null
196953,1969533219.00,4642231,136.877501,-30.000841,124.710,130.696,5.986,9792869.58,124.710,130.696,0.08,2.67,32.22,-115.97,13.71,-125.84,100.000,5.000,5.060,0.06,2.00,5.000,5.060,0.5,1,0,5,5,1,3,5,5,1,3,69E3,?,TR,GDA94,MSL,GRS80,B,DEG,m,m,m,um,m,m,um,m,m,m,m,um,m,m,um,99999,99999,ELN,W98,99999,ELN,DFA,AUSGEOID98,GRS80,99999,99999,31-DEC-99,31-DEC-99,Comment is null
196953,1969533220.00,5765294,136.835502,-30.051642,128.650,134.463,5.813,9792937.12,128.650,134.463,0.09,2.67,71.63,-80.83,53.65,-90.30,100.000,5.000,5.060,0.06,2.00,5.000,5.060,0.5,1,0,5,5,1,3,5,5,1,3,69E3,?,TR,GDA94,MSL,GRS80,B,DEG,m,m,m,um,m,m,um,m,m,m,m,um,m,m,um,99999,99999,ELN,W98,99999,ELN,DFA,AUSGEOID98,GRS80,99999,99999,31-DEC-99,31-DEC-99,Comment is null
196953,1969533221.00,5908260,136.819703,-30.118542,123.460,129.098,5.638,9793072.19,123.460,129.098,0.14,2.67,137.73,-8.65,120.29,-17.86,100.000,5.000,5.060,0.06,2.00,5.000,5.060,0.5,1,0,5,5,1,3,5,5,1,3,69E3,?,TR,GDA94,MSL,GRS80,B,DEG,m,m,m,um,m,m,um,m,m,m,m,um,m,m,um,99999,99999,ELN,W98,99999,ELN,DFA,AUSGEOID98,GRS80,99999,99999,31-DEC-99,31-DEC-99,Comment is null
196953,1969533222.00,4642232,136.816504,-30.165643,128.840,134.371,5.531,9793053.28,128.840,134.371,0.15,2.67,98.15,-54.21,81.04,-63.13,100.000,5.000,5.060,0.06,2.00,5.000,5.060,0.5,1,0,5,5,1,3,5,5,1,3,69E3,?,TR,GDA94,MSL,GRS80,B,DEG,m,m,m,um,m,m,um,m,m,m,m,um,m,m,um,99999,99999,ELN,W98,99999,ELN,DFA,AUSGEOID98,GRS80,99999,99999,31-DEC-99,31-DEC-99,Comment is null
196953,1969533223.00,4642233,136.891203,-30.166142,95.030,100.760,5.730,9793134.42,95.030,100.760,0.10,2.67,75.19,-39.07,57.45,-48.89,100.000,5.000,5.060,0.06,2.00,5.000,5.060,0.5,1,0,5,5,1,3,5,5,1,3,69E3,?,TR,GDA94,MSL,GRS80,B,DEG,m,m,m,um,m,m,um,m,m,m,m,um,m,m,um,99999,99999,ELN,W98,99999,ELN,DFA,AUSGEOID98,GRS80,99999,99999,31-DEC-99,31-DEC-99,Comment is null
196953,1969533225.00,4642234,136.889104,-30.236542,75.530,81.067,5.537,9793183.15,75.530,81.067,0.17,2.67,7.87,-84.06,-9.29,-93.81,100.000,5.000,5.060,0.06,2.00,5.000,5.060,0.5,1,0,5,5,1,3,5,5,1,3,69E3,?,TR,GDA94,MSL,GRS80,B,DEG,m,m,m,um,m,m,um,m,m,m,m,um,m,m,um,99999,99999,ELN,W98,99999,ELN,DFA,AUSGEOID98,GRS80,99999,99999,31-DEC-99,31-DEC-99,Comment is null
196953,1969533226.00,5786902,136.824405,-30.231443,116.530,121.894,5.364,9793022.16,116.530,121.894,0.11,2.67,-23.14,-161.35,-39.73,-170.13,100.000,5.000,5.060,0.06,2.00,5.000,5.060,0.5,1,0,5,5,1,3,5,5,1,3,69E3,?,TR,GDA94,MSL,GRS80,B,DEG,m,m,m,um,m,m,um,m,m,m,m,um,m,m,um,99999,99999,ELN,W98,99999,ELN,DFA,AUSGEOID98,GRS80,99999,99999,31-DEC-99,31-DEC-99,Comment is null
196953,1969533227.00,5809380,136.819705,-30.285943,115.880,121.086,5.206,9793053.28,115.880,121.086,0.05,2.67,-37.36,-174.66,-53.47,-183.14,100.000,5.000,5.060,0.06,2.00,5.000,5.060,0.5,1,0,5,5,1,3,5,5,1,3,69E3,?,TR,GDA94,MSL,GRS80,B,DEG,m,m,m,um,m,m,um,m,m,m,m,um,m,m,um,99999,99999,ELN,W98,99999,ELN,DFA,AUSGEOID98,GRS80,99999,99999,31-DEC-99,31-DEC-99,Comment is null
196953,1969533228.00,4642235,136.814106,-30.354544,95.880,100.904,5.024,9793153.53,95.880,100.904,0.05,2.67,-53.38,-167.80,-68.94,-176.23,100.000,5.000,5.060,0.06,2.00,5.000,5.060,0.5,1,0,5,5,1,3,5,5,1,3,69E3,?,TR,GDA94,MSL,GRS80,B,DEG,m,m,m,um,m,m,um,m,m,m,m,um,m,m,um,99999,99999,ELN,W98,99999,ELN,DFA,AUSGEOID98,GRS80,99999,99999,31-DEC-99,31-DEC-99,Comment is null
196953,1969533229.00,4642236,136.822507,-30.396044,104.610,109.567,4.957,9793145.83,104.610,109.567,0.03,2.67,-67.06,-191.30,-82.40,-199.46,100.000,5.000,5.060,0.06,2.00,5.000,5.060,0.5,1,0,5,5,1,3,5,5,1,3,69E3,?,TR,GDA94,MSL,GRS80,B,DEG,m,m,m,um,m,m,um,m,m,m,m,um,m,m,um,99999,99999,ELN,W98,99999,ELN,DFA,AUSGEOID98,GRS80,99999,99999,31-DEC-99,31-DEC-99,Comment is null
196953,1969533230.00,5409325,136.816808,-30.451744,97.630,102.450,4.820,9793222.47,97.630,102.450,0.04,2.67,-56.31,-172.48,-71.24,-180.49,100.000,5.000,5.060,0.06,2.00,5.000,5.060,0.5,1,0,5,5,1,3,5,5,1,3,69E3,?,TR,GDA94,MSL,GRS80,B,DEG,m,m,m,um,m,m,um,m,m,m,m,um,m,m,um,99999,99999,ELN,W98,99999,ELN,DFA,AUSGEOID98,GRS80,99999,99999,31-DEC-99,31-DEC-99,Comment is null
196953,1969533231.00,5973651,136.886807,-30.455943,93.380,98.409,5.029,9793340.23,93.380,98.409,0.06,2.67,45.67,-65.92,30.09,-74.40,100.000,5.000,5.060,0.06,2.00,5.000,5.060,0.5,1,0,5,5,1,3,5,5,1,3,69E3,?,TR,GDA94,MSL,GRS80,B,DEG,m,m,m,um,m,m,um,m,m,m,m,um,m,m,um,99999,99999,ELN,W98,99999,ELN,DFA,AUSGEOID98,GRS80,99999,99999,31-DEC-99,31-DEC-99,Comment is null
196953,1969533232.00,5410155,136.957006,-30.441443,107.960,113.214,5.254,9793214.26,107.960,113.214,0.07,2.67,-23.17,-151.55,-39.43,-160.24,100.000,5.000,5.060,0.06,2.00,5.000,5.060,0.5,1,0,5,5,1,3,5,5,1,3,69E3,?,TR,GDA94,MSL,GRS80,B,DEG,m,m,m,um,m,m,um,m,m,m,m,um,m,m,um,99999,99999,ELN,W98,99999,ELN,DFA,AUSGEOID98,GRS80,99999,99999,31-DEC-99,31-DEC-99,Comment is null
196953,1969533233.00,5409489,136.949806,-30.396442,105.670,111.002,5.332,9793179.45,105.670,111.002,0.05,2.67,-29.32,-155.19,-45.83,-164.07,100.000,5.000,5.060,0.06,2.00,5.000,5.060,0.5,1,0,5,5,1,3,5,5,1,3,69E3,?,TR,GDA94,MSL,GRS80,B,DEG,m,m,m,um,m,m,um,m,m,m,m,um,m,m,um,99999,99999,ELN,W98,99999,ELN,DFA,AUSGEOID98,GRS80,99999,99999,31-DEC-99,31-DEC-99,Comment is null
196953,1969533234.00,4642237,136.893606,-30.398843,98.710,103.874,5.164,9793203.56,98.710,103.874,0.04,2.67,-29.10,-146.89,-45.09,-155.55,100.000,5.000,5.060,0.06,2.00,5.000,5.060,0.5,1,0,5,5,1,3,5,5,1,3,69E3,?,TR,GDA94,MSL,GRS80,B,DEG,m,m,m,um,m,m,um,m,m,m,m,um,m,m,um,99999,99999,ELN,W98,99999,ELN,DFA,AUSGEOID98,GRS80,99999,99999,31-DEC-99,31-DEC-99,Comment is null
196953,1969533235.00,4642238,136.885405,-30.338243,102.800,108.072,5.272,9793115.31,102.800,108.072,0.07,2.67,-56.64,-179.19,-72.97,-188.00,100.000,5.000,5.060,0.06,2.00,5.000,5.060,0.5,1,0,5,5,1,3,5,5,1,3,69E3,?,TR,GDA94,MSL,GRS80,B,DEG,m,m,m,um,m,m,um,m,m,m,m,um,m,m,um,99999,99999,ELN,W98,99999,ELN,DFA,AUSGEOID98,GRS80,99999,99999,31-DEC-99,31-DEC-99,Comment is null
196953,1969533236.00,5924034,136.878705,-30.286543,97.960,103.339,5.379,9793120.31,97.960,103.339,0.12,2.67,-25.55,-142.74,-42.21,-151.83,100.000,5.000,5.060,0.06,2.00,5.000,5.060,0.5,1,0,5,5,1,3,5,5,1,3,69E3,?,TR,GDA94,MSL,GRS80,B,DEG,m,m,m,um,m,m,um,m,m,m,m,um,m,m,um,99999,99999,ELN,W98,99999,ELN,DFA,AUSGEOID98,GRS80,99999,99999,31-DEC-99,31-DEC-99,Comment is null
196953,1969533237.00,4642239,136.946204,-30.288342,89.550,95.125,5.575,9793141.53,89.550,95.125,0.07,2.67,-31.10,-138.97,-48.37,-148.58,100.000,5.000,5.060,0.06,2.00,5.000,5.060,0.5,1,0,5,5,1,3,5,5,1,3,69E3,?,TR,GDA94,MSL,GRS80,B,DEG,m,m,m,um,m,m,um,m,m,m,m,um,m,m,um,99999,99999,ELN,W98,99999,ELN,DFA,AUSGEOID98,GRS80,99999,99999,31-DEC-99,31-DEC-99,Comment is null
196953,1969533238.00,4642240,136.949805,-30.335842,98.940,104.409,5.469,9793134.22,98.940,104.409,0.05,2.67,-47.15,-165.54,-64.08,-174.79,100.000,5.000,5.060,0.06,2.00,5.000,5.060,0.5,1,0,5,5,1,3,5,5,1,3,69E3,?,TR,GDA94,MSL,GRS80,B,DEG,m,m,m,um,m,m,um,m,m,m,m,um,m,m,um,99999,99999,ELN,W98,99999,ELN,DFA,AUSGEOID98,GRS80,99999,99999,31-DEC-99,31-DEC-99,Comment is null
196953,1969533239.00,4642241,137.009004,-30.341342,106.530,112.166,5.636,9793171.54,106.530,112.166,0.10,2.67,9.78,-117.41,-7.67,-126.87,100.000,5.000,5.060,0.06,2.00,5.000,5.060,0.5,1,0,5,5,1,3,5,5,1,3,69E3,?,TR,GDA94,MSL,GRS80,B,DEG,m,m,m,um,m,m,um,m,m,m,m,um,m,m,um,99999,99999,ELN,W98,99999,ELN,DFA,AUSGEOID98,GRS80,99999,99999,31-DEC-99,31-DEC-99,Comment is null
196953,1969533240.00,4642242,137.008105,-30.391542,98.260,103.772,5.512,9793234.57,98.260,103.772,0.08,2.67,7.36,-110.31,-9.71,-119.66,100.000,5.000,5.060,0.06,2.00,5.000,5.060,0.5,1,0,5,5,1,3,5,5,1,3,69E3,?,TR,GDA94,MSL,GRS80,B,DEG,m,m,m,um,m,m,um,m,m,m,m,um,m,m,um,99999,99999,ELN,W98,99999,ELN,DFA,AUSGEOID98,GRS80,99999,99999,31-DEC-99,31-DEC-99,Comment is null
196953,1969533241.00,5899380,137.008606,-30.444742,100.150,105.538,5.388,9793226.57,100.150,105.538,0.07,2.67,-37.15,-156.83,-53.83,-165.90,100.000,5.000,5.060,0.06,2.00,5.000,5.060,0.5,1,0,5,5,1,3,5,5,1,3,69E3,?,TR,GDA94,MSL,GRS80,B,DEG,m,m,m,um,m,m,um,m,m,m,m,um,m,m,um,99999,99999,ELN,W98,99999,ELN,DFA,AUSGEOID98,GRS80,99999,99999,31-DEC-99,31-DEC-99,Comment is null
196953,1969533242.00,4642243,137.010506,-30.500742,112.230,117.504,5.274,9793244.98,112.230,117.504,0.05,2.67,-26.04,-159.28,-42.36,-167.94,100.000,5.000,5.060,0.06,2.00,5.000,5.060,0.5,1,0,5,5,1,3,5,5,1,3,69E3,?,TR,GDA94,MSL,GRS80,B,DEG,m,m,m,um,m,m,um,m,m,m,m,um,m,m,um,99999,99999,ELN,W98,99999,ELN,DFA,AUSGEOID98,GRS80,99999,99999,31-DEC-99,31-DEC-99,Comment is null
196953,1969533243.00,4642244,137.079706,-30.500742,113.860,119.318,5.458,9793212.96,113.860,119.318,0.07,2.67,-52.46,-187.75,-69.34,-196.75,100.000,5.000,5.060,0.06,2.00,5.000,5.060,0.5,1,0,5,5,1,3,5,5,1,3,69E3,?,TR,GDA94,MSL,GRS80,B,DEG,m,m,m,um,m,m,um,m,m,m,m,um,m,m,um,99999,99999,ELN,W98,99999,ELN,DFA,AUSGEOID98,GRS80,99999,99999,31-DEC-99,31-DEC-99,Comment is null
196953,1969533244.00,5409790,137.078805,-30.456341,104.760,110.318,5.558,9793199.76,104.760,110.318,0.09,2.67,-58.37,-183.47,-75.57,-192.80,100.000,5.000,5.060,0.06,2.00,5.000,5.060,0.5,1,0,5,5,1,3,5,5,1,3,69E3,?,TR,GDA94,MSL,GRS80,B,DEG,m,m,m,um,m,m,um,m,m,m,m,um,m,m,um,99999,99999,ELN,W98,99999,ELN,DFA,AUSGEOID98,GRS80,99999,99999,31-DEC-99,31-DEC-99,Comment is null
196953,1969533245.00,4642245,137.079604,-30.398441,94.460,100.166,5.706,9793227.67,94.460,100.166,0.12,2.67,-16.11,-129.70,-33.78,-139.48,100.000,5.000,5.060,0.06,2.00,5.000,5.060,0.5,1,0,5,5,1,3,5,5,1,3,69E3,?,TR,GDA94,MSL,GRS80,B,DEG,m,m,m,um,m,m,um,m,m,m,m,um,m,m,um,99999,99999,ELN,W98,99999,ELN,DFA,AUSGEOID98,GRS80,99999,99999,31-DEC-99,31-DEC-99,Comment is null
196953,1969533246.00,4642246,137.072904,-30.342541,73.820,79.644,5.824,9793276.40,73.820,79.644,0.12,2.67,13.34,-76.98,-4.71,-87.31,100.000,5.000,5.060,0.06,2.00,5.000,5.060,0.5,1,0,5,5,1,3,5,5,1,3,69E3,?,TR,GDA94,MSL,GRS80,B,DEG,m,m,m,um,m,m,um,m,m,m,m,um,m,m,um,99999,99999,ELN,W98,99999,ELN,DFA,AUSGEOID98,GRS80,99999,99999,31-DEC-99,31-DEC-99,Comment is null
196953,1969533247.00,4642247,137.080603,-30.283441,75.550,81.527,5.977,9793250.88,75.550,81.527,0.16,2.67,40.15,-52.30,21.63,-62.91,100.000,5.000,5.060,0.06,2.00,5.000,5.060,0.5,1,0,5,5,1,3,5,5,1,3,69E3,?,TR,GDA94,MSL,GRS80,B,DEG,m,m,m,um,m,m,um,m,m,m,m,um,m,m,um,99999,99999,ELN,W98,99999,ELN,DFA,AUSGEOID98,GRS80,99999,99999,31-DEC-99,31-DEC-99,Comment is null
196953,1969533248.00,5262835,137.015103,-30.284241,81.010,86.800,5.790,9793197.66,81.010,86.800,0.18,2.67,2.57,-95.87,-15.37,-106.02,100.000,5.000,5.060,0.06,2.00,5.000,5.060,0.5,1,0,5,5,1,3,5,5,1,3,69E3,?,TR,GDA94,MSL,GRS80,B,DEG,m,m,m,um,m,m,um,m,m,m,m,um,m,m,um,99999,99999,ELN,W98,99999,ELN,DFA,AUSGEOID98,GRS80,99999,99999,31-DEC-99,31-DEC-99,Comment is null
196953,1969533301.00,5183862,137.289199,-30.165738,40.040,46.753,6.713,9793227.27,40.040,46.753,0.34,2.67,1.72,-51.30,-19.10,-63.91,100.000,5.000,5.060,0.06,2.00,5.000,5.060,0.5,1,0,5,5,1,3,5,5,1,3,69E3,?,TR,GDA94,MSL,GRS80,B,DEG,m,m,m,um,m,m,um,m,m,m,m,um,m,m,um,99999,99999,ELN,W98,99999,ELN,DFA,AUSGEOID98,GRS80,99999,99999,31-DEC-99,31-DEC-99,Comment is null
196953,1969533302.00,4642248,137.331098,-30.111737,48.060,54.938,6.878,9793097.60,48.060,54.938,0.21,2.67,-60.34,-122.65,-81.67,-135.45,100.000,5.000,5.060,0.06,2.00,5.000,5.060,0.5,1,0,5,5,1,3,5,5,1,3,69E3,?,TR,GDA94,MSL,GRS80,B,DEG,m,m,m,um,m,m,um,m,m,m,m,um,m,m,um,99999,99999,ELN,W98,99999,ELN,DFA,AUSGEOID98,GRS80,99999,99999,31-DEC-99,31-DEC-99,Comment is null
196953,1969533303.00,4642249,137.396297,-30.104037,60.750,67.778,7.028,9793073.69,60.750,67.778,0.14,2.67,-38.60,-115.46,-60.38,-128.36,100.000,5.000,5.060,0.06,2.00,5.000,5.060,0.5,1,0,5,5,1,3,5,5,1,3,69E3,?,TR,GDA94,MSL,GRS80,B,DEG,m,m,m,um,m,m,um,m,m,m,m,um,m,m,um,99999,99999,ELN,W98,99999,ELN,DFA,AUSGEOID98,GRS80,99999,99999,31-DEC-99,31-DEC-99,Comment is null
196953,1969533304.00,4642250,137.398996,-30.051336,60.380,67.493,7.113,9793068.99,60.380,67.493,0.17,2.67,-2.90,-79.44,-24.94,-92.50,100.000,5.000,5.060,0.06,2.00,5.000,5.060,0.5,1,0,5,5,1,3,5,5,1,3,69E3,?,TR,GDA94,MSL,GRS80,B,DEG,m,m,m,um,m,m,um,m,m,m,m,um,m,m,um,99999,99999,ELN,W98,99999,ELN,DFA,AUSGEOID98,GRS80,99999,99999,31-DEC-99,31-DEC-99,Comment is null
196953,1969533305.00,5408512,137.396396,-29.993336,83.820,91.008,7.188,9792967.83,83.820,91.008,0.42,2.67,13.89,-89.31,-8.36,-102.16,100.000,5.000,5.060,0.06,2.00,5.000,5.060,0.5,1,0,5,5,1,3,5,5,1,3,69E3,?,TR,GDA94,MSL,GRS80,B,DEG,m,m,m,um,m,m,um,m,m,m,m,um,m,m,um,99999,99999,ELN,W98,99999,ELN,DFA,AUSGEOID98,GRS80,99999,99999,31-DEC-99,31-DEC-99,Comment is null
196953,1969533306.00,5730895,137.458795,-29.987736,93.230,100.549,7.319,9792928.61,93.230,100.549,0.26,2.67,8.49,-105.53,-14.16,-118.49,100.000,5.000,5.060,0.06,2.00,5.000,5.060,0.5,1,0,5,5,1,3,5,5,1,3,69E3,?,TR,GDA94,MSL,GRS80,B,DEG,m,m,m,um,m,m,um,m,m,m,m,um,m,m,um,99999,99999,ELN,W98,99999,ELN,DFA,AUSGEOID98,GRS80,99999,99999,31-DEC-99,31-DEC-99,Comment is null
196953,1969533307.00,5957042,137.534694,-29.994435,76.840,84.315,7.475,9792943.22,76.840,84.315,0.18,2.67,-32.23,-127.85,-55.38,-141.36,100.000,5.000,5.060,0.06,2.00,5.000,5.060,0.5,1,0,5,5,1,3,5,5,1,3,69E3,?,TR,GDA94,MSL,GRS80,B,DEG,m,m,m,um,m,m,um,m,m,m,m,um,m,m,um,99999,99999,ELN,W98,99999,ELN,DFA,AUSGEOID98,GRS80,99999,99999,31-DEC-99,31-DEC-99,Comment is null
196953,1969533308.00,5410156,137.466996,-30.053236,57.420,64.677,7.257,9793053.08,57.420,64.677,0.11,2.67,-28.98,-102.33,-51.47,-115.72,100.000,5.000,5.060,0.06,2.00,5.000,5.060,0.5,1,0,5,5,1,3,5,5,1,3,69E3,?,TR,GDA94,MSL,GRS80,B,DEG,m,m,m,um,m,m,um,m,m,m,m,um,m,m,um,99999,99999,ELN,W98,99999,ELN,DFA,AUSGEOID98,GRS80,99999,99999,31-DEC-99,31-DEC-99,Comment is null
196953,1969533309.00,5924035,137.474196,-30.099436,54.060,61.278,7.218,9793108.51,54.060,61.278,0.12,2.67,-20.23,-89.72,-42.60,-103.09,100.000,5.000,5.060,0.06,2.00,5.000,5.060,0.5,1,0,5,5,1,3,5,5,1,3,69E3,?,TR,GDA94,MSL,GRS80,B,DEG,m,m,m,um,m,m,um,m,m,m,m,um,m,m,um,99999,99999,ELN,W98,99999,ELN,DFA,AUSGEOID98,GRS80,99999,99999,31-DEC-99,31-DEC-99,Comment is null
196953,1969533310.00,5686193,137.481397,-30.165036,64.460,71.628,7.168,9793141.33,64.460,71.628,0.13,2.67,-6.92,-88.15,-29.13,-101.26,100.000,5.000,5.060,0.06,2.00,5.000,5.060,0.5,1,0,5,5,1,3,5,5,1,3,69E3,?,TR,GDA94,MSL,GRS80,B,DEG,m,m,m,um,m,m,um,m,m,m,m,um,m,m,um,99999,99999,ELN,W98,99999,ELN,DFA,AUSGEOID98,GRS80,99999,99999,31-DEC-99,31-DEC-99,Comment is null
196953,1969533311.00,4642251,137.406598,-30.169137,45.100,52.074,6.974,9793171.74,45.100,52.074,0.09,2.67,-40.06,-99.12,-61.68,-112.15,100.000,5.000,5.060,0.06,2.00,5.000,5.060,0.5,1,0,5,5,1,3,5,5,1,3,69E3,?,TR,GDA94,MSL,GRS80,B,DEG,m,m,m,um,m,m,um,m,m,m,m,um,m,m,um,99999,99999,ELN,W98,99999,ELN,DFA,AUSGEOID98,GRS80,99999,99999,31-DEC-99,31-DEC-99,Comment is null
196953,1969533312.00,4642252,137.335998,-30.145237,49.060,55.902,6.842,9793164.54,49.060,55.902,0.37,2.67,-16.70,-80.10,-37.91,-92.81,100.000,5.000,5.060,0.06,2.00,5.000,5.060,0.5,1,0,5,5,1,3,5,5,1,3,BM2437 69E3,?,TR,GDA94,MSL,GRS80,B,DEG,m,m,m,um,m,m,um,m,m,m,m,um,m,m,um,99999,99999,ELN,W98,99999,ELN,DFA,AUSGEOID98,GRS80,99999,99999,31-DEC-99,31-DEC-99,Comment is null
196953,1969533313.00,5408997,137.269398,-30.113538,62.530,69.285,6.755,9793135.32,62.530,69.285,0.35,2.67,20.24,-58.34,-0.70,-70.67,100.000,5.000,5.060,0.06,2.00,5.000,5.060,0.5,1,0,5,5,1,3,5,5,1,3,69E3,?,TR,GDA94,MSL,GRS80,B,DEG,m,m,m,um,m,m,um,m,m,m,m,um,m,m,um,99999,99999,ELN,W98,99999,ELN,DFA,AUSGEOID98,GRS80,99999,99999,31-DEC-99,31-DEC-99,Comment is null
196953,1969533314.00,5890163,137.335997,-30.051337,74.940,81.924,6.984,9793010.56,74.940,81.924,0.16,2.67,-16.80,-109.71,-38.43,-122.29,100.000,5.000,5.060,0.06,2.00,5.000,5.060,0.5,1,0,5,5,1,3,5,5,1,3,69E3,?,TR,GDA94,MSL,GRS80,B,DEG,m,m,m,um,m,m,um,m,m,m,m,um,m,m,um,99999,99999,ELN,W98,99999,ELN,DFA,AUSGEOID98,GRS80,99999,99999,31-DEC-99,31-DEC-99,Comment is null
196953,1969533315.00,4642253,137.336596,-29.988837,79.190,86.268,7.078,9792984.14,79.190,86.268,0.08,2.67,19.09,-78.74,-2.83,-91.44,100.000,5.000,5.060,0.06,2.00,5.000,5.060,0.5,1,0,5,5,1,3,5,5,1,3,69E3,?,TR,GDA94,MSL,GRS80,B,DEG,m,m,m,um,m,m,um,m,m,m,m,um,m,m,um,99999,99999,ELN,W98,99999,ELN,DFA,AUSGEOID98,GRS80,99999,99999,31-DEC-99,31-DEC-99,Comment is null
196953,1969533316.00,4642254,137.263197,-29.990938,95.480,102.407,6.927,9792933.42,95.480,102.407,0.13,2.67,16.52,-99.61,-4.92,-111.76,100.000,5.000,5.060,0.06,2.00,5.000,5.060,0.5,1,0,5,5,1,3,5,5,1,3,69E3,?,TR,GDA94,MSL,GRS80,B,DEG,m,m,m,um,m,m,um,m,m,m,m,um,m,m,um,99999,99999,ELN,W98,99999,ELN,DFA,AUSGEOID98,GRS80,99999,99999,31-DEC-99,31-DEC-99,Comment is null
196953,1969533317.00,4642255,137.267998,-30.042038,101.380,108.248,6.868,9792981.84,101.380,108.248,0.13,2.67,42.99,-79.76,21.73,-91.71,100.000,5.000,5.060,0.06,2.00,5.000,5.060,0.5,1,0,5,5,1,3,5,5,1,3,69E3,?,TR,GDA94,MSL,GRS80,B,DEG,m,m,m,um,m,m,um,m,m,m,m,um,m,m,um,99999,99999,ELN,W98,99999,ELN,DFA,AUSGEOID98,GRS80,99999,99999,31-DEC-99,31-DEC-99,Comment is null
196953,1969533318.00,4642256,137.201998,-30.047838,80.380,87.107,6.727,9793083.09,80.380,87.107,0.11,2.67,74.47,-24.31,53.64,-36.31,100.000,5.000,5.060,0.06,2.00,5.000,5.060,0.5,1,0,5,5,1,3,5,5,1,3,69E3,?,TR,GDA94,MSL,GRS80,B,DEG,m,m,m,um,m,m,um,m,m,m,m,um,m,m,um,99999,99999,ELN,W98,99999,ELN,DFA,AUSGEOID98,GRS80,99999,99999,31-DEC-99,31-DEC-99,Comment is null
196953,1969533319.00,5967045,137.201097,-29.979938,97.980,104.787,6.807,9792946.92,97.980,104.787,0.14,2.67,45.97,-72.85,24.90,-84.74,100.000,5.000,5.060,0.06,2.00,5.000,5.060,0.5,1,0,5,5,1,3,5,5,1,3,69E3,?,TR,GDA94,MSL,GRS80,B,DEG,m,m,m,um,m,m,um,m,m,m,m,um,m,m,um,99999,99999,ELN,W98,99999,ELN,DFA,AUSGEOID98,GRS80,99999,99999,31-DEC-99,31-DEC-99,Comment is null
196953,1969533320.00,5952873,137.140399,-30.059539,107.840,114.411,6.571,9793030.07,107.840,114.411,0.17,2.67,96.53,-33.21,76.20,-44.48,100.000,5.000,5.060,0.06,2.00,5.000,5.060,0.5,1,0,5,5,1,3,5,5,1,3,69E3,?,TR,GDA94,MSL,GRS80,B,DEG,m,m,m,um,m,m,um,m,m,m,m,um,m,m,um,99999,99999,ELN,W98,99999,ELN,DFA,AUSGEOID98,GRS80,99999,99999,31-DEC-99,31-DEC-99,Comment is null
196953,1969533321.00,5710495,137.132200,-30.112139,70.190,76.649,6.459,9793154.73,70.190,76.649,0.78,2.67,63.47,-23.46,43.45,-35.09,100.000,5.000,5.060,0.06,2.00,5.000,5.060,0.5,1,0,5,5,1,3,5,5,1,3,69E3,?,TR,GDA94,MSL,GRS80,B,DEG,m,m,m,um,m,m,um,m,m,m,m,um,m,m,um,99999,99999,ELN,W98,99999,ELN,DFA,AUSGEOID98,GRS80,99999,99999,31-DEC-99,31-DEC-99,Comment is null
196953,1969533322.00,4642257,137.201099,-30.105339,65.780,72.410,6.630,9793161.94,65.780,72.410,0.15,2.67,62.92,-19.20,42.37,-31.23,100.000,5.000,5.060,0.06,2.00,5.000,5.060,0.5,1,0,5,5,1,3,5,5,1,3,69E3,?,TR,GDA94,MSL,GRS80,B,DEG,m,m,m,um,m,m,um,m,m,m,m,um,m,m,um,99999,99999,ELN,W98,99999,ELN,DFA,AUSGEOID98,GRS80,99999,99999,31-DEC-99,31-DEC-99,Comment is null
196953,1969533323.00,4642258,137.207000,-30.171339,36.730,43.247,6.517,9793246.08,36.730,43.247,0.28,2.67,5.32,-43.73,-14.91,-56.01,100.000,5.000,5.060,0.06,2.00,5.000,5.060,0.5,1,0,5,5,1,3,5,5,1,3,69E3,?,TR,GDA94,MSL,GRS80,B,DEG,m,m,m,um,m,m,um,m,m,m,m,um,m,m,um,99999,99999,ELN,W98,99999,ELN,DFA,AUSGEOID98,GRS80,99999,99999,31-DEC-99,31-DEC-99,Comment is null
196953,1969533324.00,5738154,137.137701,-30.175140,65.460,71.807,6.347,9793222.67,65.460,71.807,0.69,2.67,67.04,-14.39,47.37,-25.88,100.000,5.000,5.060,0.06,2.00,5.000,5.060,0.5,1,0,5,5,1,3,5,5,1,3,69E3,?,TR,GDA94,MSL,GRS80,B,DEG,m,m,m,um,m,m,um,m,m,m,m,um,m,m,um,99999,99999,ELN,W98,99999,ELN,DFA,AUSGEOID98,GRS80,99999,99999,31-DEC-99,31-DEC-99,Comment is null
196953,1969533325.00,5856287,137.141401,-30.235940,48.760,54.978,6.218,9793271.39,48.760,54.978,0.14,2.67,16.09,-46.26,-3.20,-57.76,100.000,5.000,5.060,0.06,2.00,5.000,5.060,0.5,1,0,5,5,1,3,5,5,1,3,69E3,?,TR,GDA94,MSL,GRS80,B,DEG,m,m,m,um,m,m,um,m,m,m,m,um,m,m,um,99999,99999,ELN,W98,99999,ELN,DFA,AUSGEOID98,GRS80,99999,99999,31-DEC-99,31-DEC-99,Comment is null
196953,1969533326.00,4642259,137.141802,-30.287940,54.270,60.401,6.131,9793273.20,54.270,60.401,0.13,2.67,-6.26,-74.76,-25.27,-86.00,100.000,5.000,5.060,0.06,2.00,5.000,5.060,0.5,1,0,5,5,1,3,5,5,1,3,69E3,?,TR,GDA94,MSL,GRS80,B,DEG,m,m,m,um,m,m,um,m,m,m,m,um,m,m,um,99999,99999,ELN,W98,99999,ELN,DFA,AUSGEOID98,GRS80,99999,99999,31-DEC-99,31-DEC-99,Comment is null
196953,1969533327.00,5979098,137.148803,-30.342740,75.980,82.032,6.052,9793287.00,75.980,82.032,0.12,2.67,31.16,-61.87,12.41,-72.61,100.000,5.000,5.060,0.06,2.00,5.000,5.060,0.5,1,0,5,5,1,3,5,5,1,3,69E3,?,TR,GDA94,MSL,GRS80,B,DEG,m,m,m,um,m,m,um,m,m,m,m,um,m,m,um,99999,99999,ELN,W98,99999,ELN,DFA,AUSGEOID98,GRS80,99999,99999,31-DEC-99,31-DEC-99,Comment is null
196953,1969533328.00,4642260,137.144403,-30.397040,79.400,85.319,5.919,9793333.83,79.400,85.319,0.30,2.67,45.34,-51.41,27.00,-61.84,100.000,5.000,5.060,0.06,2.00,5.000,5.060,0.5,1,0,5,5,1,3,5,5,1,3,69E3,?,TR,GDA94,MSL,GRS80,B,DEG,m,m,m,um,m,m,um,m,m,m,m,um,m,m,um,99999,99999,ELN,W98,99999,ELN,DFA,AUSGEOID98,GRS80,99999,99999,31-DEC-99,31-DEC-99,Comment is null
196953,1969533329.00,4642261,137.144804,-30.453141,117.860,123.631,5.771,9793217.97,117.860,123.631,0.20,2.67,3.44,-136.75,-14.41,-146.30,100.000,5.000,5.060,0.06,2.00,5.000,5.060,0.5,1,0,5,5,1,3,5,5,1,3,69E3,?,TR,GDA94,MSL,GRS80,B,DEG,m,m,m,um,m,m,um,m,m,m,m,um,m,m,um,99999,99999,ELN,W98,99999,ELN,DFA,AUSGEOID98,GRS80,99999,99999,31-DEC-99,31-DEC-99,Comment is null
196953,1969533330.00,5409791,137.161205,-30.498041,131.090,136.795,5.705,9793201.36,131.090,136.795,0.23,2.67,-8.01,-163.11,-25.64,-172.33,100.000,5.000,5.060,0.06,2.00,5.000,5.060,0.5,1,0,5,5,1,3,5,5,1,3,69E3,?,TR,GDA94,MSL,GRS80,B,DEG,m,m,m,um,m,m,um,m,m,m,m,um,m,m,um,99999,99999,ELN,W98,99999,ELN,DFA,AUSGEOID98,GRS80,99999,99999,31-DEC-99,31-DEC-99,Comment is null
196953,1969533331.00,5979039,137.211404,-30.453540,68.340,74.318,5.978,9793396.16,68.340,74.318,0.39,2.67,29.17,-55.12,10.64,-65.84,100.000,5.000,5.060,0.06,2.00,5.000,5.060,0.5,1,1,5,5,1,3,5,5,1,3,69E3,?,TR,GDA94,MSL,GRS80,B,DEG,m,m,m,um,m,m,um,m,m,m,m,um,m,m,um,99999,99999,ELN,W98,99999,ELN,DFA,AUSGEOID98,GRS80,99999,99999,31-DEC-99,31-DEC-99,Comment is null
196953,1969533332.00,4642262,137.200203,-30.396040,60.340,66.443,6.103,9793516.52,60.340,66.443,0.15,2.67,170.59,95.23,151.66,84.14,100.000,5.000,5.060,0.06,2.00,5.000,5.060,0.5,1,1,5,5,1,3,5,5,1,3,69E3,?,TR,GDA94,MSL,GRS80,B,DEG,m,m,m,um,m,m,um,m,m,m,m,um,m,m,um,99999,99999,ELN,W98,99999,ELN,DFA,AUSGEOID98,GRS80,99999,99999,31-DEC-99,31-DEC-99,Comment is null
196953,1969533333.00,4642263,137.209302,-30.344040,69.210,75.444,6.234,9793369.55,69.210,75.444,0.09,2.67,92.35,6.79,73.03,-4.41,100.000,5.000,5.060,0.06,2.00,5.000,5.060,0.5,1,0,5,5,1,3,5,5,1,3,69E3,?,TR,GDA94,MSL,GRS80,B,DEG,m,m,m,um,m,m,um,m,m,m,m,um,m,m,um,99999,99999,ELN,W98,99999,ELN,DFA,AUSGEOID98,GRS80,99999,99999,31-DEC-99,31-DEC-99,Comment is null
196953,1969533334.00,4642264,137.213801,-30.289239,54.190,60.515,6.325,9793282.00,54.190,60.515,0.16,2.67,1.88,-66.75,-17.74,-78.37,100.000,5.000,5.060,0.06,2.00,5.000,5.060,0.5,1,0,5,5,1,3,5,5,1,3,69E3,?,TR,GDA94,MSL,GRS80,B,DEG,m,m,m,um,m,m,um,m,m,m,m,um,m,m,um,99999,99999,ELN,W98,99999,ELN,DFA,AUSGEOID98,GRS80,99999,99999,31-DEC-99,31-DEC-99,Comment is null
196953,1969533335.00,4642265,137.204101,-30.228039,35.860,42.247,6.387,9793274.10,35.860,42.247,0.42,2.67,-14.28,-62.19,-34.10,-74.23,100.000,5.000,5.060,0.06,2.00,5.000,5.060,0.5,1,0,5,5,1,3,5,5,1,3,69E3,?,TR,GDA94,MSL,GRS80,B,DEG,m,m,m,um,m,m,um,m,m,m,m,um,m,m,um,99999,99999,ELN,W98,99999,ELN,DFA,AUSGEOID98,GRS80,99999,99999,31-DEC-99,31-DEC-99,Comment is null
196953,1969533337.00,5988383,137.271700,-30.236538,36.780,43.321,6.541,9793287.70,36.780,43.321,0.15,2.67,-4.03,-53.17,-24.33,-65.49,100.000,5.000,5.060,0.06,2.00,5.000,5.060,0.5,1,0,5,5,1,3,5,5,1,3,69E3,?,TR,GDA94,MSL,GRS80,B,DEG,m,m,m,um,m,m,um,m,m,m,m,um,m,m,um,99999,99999,ELN,W98,99999,ELN,DFA,AUSGEOID98,GRS80,99999,99999,31-DEC-99,31-DEC-99,Comment is null
196953,1969533338.00,4642266,137.270201,-30.282439,38.300,44.788,6.488,9793338.93,38.300,44.788,0.20,2.67,15.63,-35.17,-4.50,-47.36,100.000,5.000,5.060,0.06,2.00,5.000,5.060,0.5,1,0,5,5,1,3,5,5,1,3,69E3,?,TR,GDA94,MSL,GRS80,B,DEG,m,m,m,um,m,m,um,m,m,m,m,um,m,m,um,99999,99999,ELN,W98,99999,ELN,DFA,AUSGEOID98,GRS80,99999,99999,31-DEC-99,31-DEC-99,Comment is null
196953,1969533339.00,4642267,137.317101,-30.312838,36.080,42.646,6.566,9793399.16,36.080,42.646,0.15,2.67,45.34,-3.03,24.96,-15.41,100.000,5.000,5.060,0.06,2.00,5.000,5.060,0.5,1,0,5,5,1,3,5,5,1,3,69E3,?,TR,GDA94,MSL,GRS80,B,DEG,m,m,m,um,m,m,um,m,m,m,m,um,m,m,um,99999,99999,ELN,W98,99999,ELN,DFA,AUSGEOID98,GRS80,99999,99999,31-DEC-99,31-DEC-99,Comment is null
196953,1969533340.00,4642268,137.427899,-30.282037,37.250,44.147,6.897,9793388.66,37.250,44.147,0.31,2.67,63.70,13.63,42.30,0.62,100.000,5.000,5.060,0.06,2.00,5.000,5.060,0.5,1,0,5,5,1,3,5,5,1,3,69E3,?,TR,GDA94,MSL,GRS80,B,DEG,m,m,m,um,m,m,um,m,m,m,m,um,m,m,um,99999,99999,ELN,W98,99999,ELN,DFA,AUSGEOID98,GRS80,99999,99999,31-DEC-99,31-DEC-99,Comment is null
196953,1969533341.00,4642269,137.493398,-30.293037,55.440,62.479,7.039,9793327.92,55.440,62.479,0.08,2.67,50.87,-19.98,29.06,-32.98,100.000,5.000,5.060,0.06,2.00,5.000,5.060,0.5,1,0,5,5,1,3,5,5,1,3,69E3,?,TR,GDA94,MSL,GRS80,B,DEG,m,m,m,um,m,m,um,m,m,m,m,um,m,m,um,99999,99999,ELN,W98,99999,ELN,DFA,AUSGEOID98,GRS80,99999,99999,31-DEC-99,31-DEC-99,Comment is null
196953,1969533342.00,5262836,137.458798,-30.223737,59.000,65.996,6.996,9793277.50,59.000,65.996,0.08,2.67,65.78,-9.06,44.10,-21.92,100.000,5.000,5.060,0.06,2.00,5.000,5.060,0.5,1,0,5,5,1,3,5,5,1,3,69E3,?,TR,GDA94,MSL,GRS80,B,DEG,m,m,m,um,m,m,um,m,m,m,m,um,m,m,um,99999,99999,ELN,W98,99999,ELN,DFA,AUSGEOID98,GRS80,99999,99999,31-DEC-99,31-DEC-99,Comment is null
196953,1969533343.00,5721947,137.405698,-30.227637,37.640,44.517,6.877,9793338.03,37.640,44.517,0.23,2.67,56.98,6.49,35.64,-6.48,100.000,5.000,5.060,0.06,2.00,5.000,5.060,0.5,1,0,5,5,1,3,5,5,1,3,69E3,?,TR,GDA94,MSL,GRS80,B,DEG,m,m,m,um,m,m,um,m,m,m,m,um,m,m,um,99999,99999,ELN,W98,99999,ELN,DFA,AUSGEOID98,GRS80,99999,99999,31-DEC-99,31-DEC-99,Comment is null
196953,1969533344.00,5809381,137.332299,-30.218238,40.040,46.762,6.722,9793301.61,40.040,46.762,0.27,2.67,34.87,-18.17,14.02,-30.79,100.000,5.000,5.060,0.06,2.00,5.000,5.060,0.5,1,0,5,5,1,3,5,5,1,3,69E3,?,TR,GDA94,MSL,GRS80,B,DEG,m,m,m,um,m,m,um,m,m,m,m,um,m,m,um,99999,99999,ELN,W98,99999,ELN,DFA,AUSGEOID98,GRS80,99999,99999,31-DEC-99,31-DEC-99,Comment is null
196953,1969533401.00,4642270,137.651696,-30.234035,72.230,79.679,7.449,9793176.04,72.230,79.679,0.10,2.67,-1.54,-91.90,-24.61,-105.44,100.000,5.000,5.060,0.06,2.00,5.000,5.060,0.5,1,0,5,5,1,3,5,5,1,3,69E3,?,TR,GDA94,MSL,GRS80,B,DEG,m,m,m,um,m,m,um,m,m,m,m,um,m,m,um,99999,99999,ELN,W98,99999,ELN,DFA,AUSGEOID98,GRS80,99999,99999,31-DEC-99,31-DEC-99,Comment is null
196953,1969533402.00,5765295,137.734894,-30.166934,99.940,107.691,7.751,9793035.57,99.940,107.691,0.15,2.67,-2.90,-125.01,-26.87,-138.70,100.000,5.000,5.060,0.06,2.00,5.000,5.060,0.5,1,0,5,5,1,3,5,5,1,3,69E3,?,TR,GDA94,MSL,GRS80,B,DEG,m,m,m,um,m,m,um,m,m,m,m,um,m,m,um,99999,99999,ELN,W98,99999,ELN,DFA,AUSGEOID98,GRS80,99999,99999,31-DEC-99,31-DEC-99,Comment is null
196953,1969533403.00,4642271,137.721294,-30.108434,101.550,109.311,7.761,9792926.21,101.550,109.311,0.14,2.67,-61.37,-185.33,-85.38,-199.01,100.000,5.000,5.060,0.06,2.00,5.000,5.060,0.5,1,0,5,5,1,3,5,5,1,3,69E3,?,TR,GDA94,MSL,GRS80,B,DEG,m,m,m,um,m,m,um,m,m,m,m,um,m,m,um,99999,99999,ELN,W98,99999,ELN,DFA,AUSGEOID98,GRS80,99999,99999,31-DEC-99,31-DEC-99,Comment is null
196953,1969533404.00,4642272,137.746592,-30.023033,127.550,135.441,7.891,9792760.62,127.550,135.441,0.26,2.67,-79.45,-233.03,-103.84,-246.57,100.000,5.000,5.060,0.06,2.00,5.000,5.060,0.5,1,1,5,5,1,3,5,5,1,3,69E3,?,TR,GDA94,MSL,GRS80,B,DEG,m,m,m,um,m,m,um,m,m,m,m,um,m,m,um,99999,99999,ELN,W98,99999,ELN,DFA,AUSGEOID98,GRS80,99999,99999,31-DEC-99,31-DEC-99,Comment is null
196953,1969533405.00,4642273,137.738292,-29.997933,170.680,178.583,7.903,9792620.55,170.680,178.583,0.43,2.67,-66.78,-269.24,-91.17,-282.16,100.000,5.000,5.060,0.06,2.00,5.000,5.060,0.5,1,1,5,5,1,3,5,5,1,3,69E3,?,TR,GDA94,MSL,GRS80,B,DEG,m,m,m,um,m,m,um,m,m,m,m,um,m,m,um,99999,99999,ELN,W98,99999,ELN,DFA,AUSGEOID98,GRS80,99999,99999,31-DEC-99,31-DEC-99,Comment is null
196953,1969533407.00,5786903,137.851891,-30.000832,161.530,169.698,8.168,9792658.77,161.530,169.698,0.33,2.67,-58.24,-250.64,-83.46,-264.21,100.000,5.000,5.060,0.06,2.00,5.000,5.060,0.5,1,1,5,5,1,3,5,5,1,3,69E3,?,TR,GDA94,MSL,GRS80,B,DEG,m,m,m,um,m,m,um,m,m,m,m,um,m,m,um,99999,99999,ELN,W98,99999,ELN,DFA,AUSGEOID98,GRS80,99999,99999,31-DEC-99,31-DEC-99,Comment is null
196953,1969533408.00,4642275,137.789192,-30.045133,125.360,133.319,7.959,9792756.32,125.360,133.319,0.26,2.67,-107.60,-258.77,-132.20,-272.48,100.000,5.000,5.060,0.06,2.00,5.000,5.060,0.5,1,1,5,5,1,3,5,5,1,3,69E3,?,TR,GDA94,MSL,GRS80,B,DEG,m,m,m,um,m,m,um,m,m,m,m,um,m,m,um,99999,99999,ELN,W98,99999,ELN,DFA,AUSGEOID98,GRS80,99999,99999,31-DEC-99,31-DEC-99,Comment is null
196953,1969533409.00,4642276,137.793193,-30.102633,102.630,110.551,7.921,9792915.01,102.630,110.551,0.19,2.67,-64.21,-189.56,-88.70,-203.55,100.000,5.000,5.060,0.06,2.00,5.000,5.060,0.5,1,0,5,5,1,3,5,5,1,3,69E3,?,TR,GDA94,MSL,GRS80,B,DEG,m,m,m,um,m,m,um,m,m,m,m,um,m,m,um,99999,99999,ELN,W98,99999,ELN,DFA,AUSGEOID98,GRS80,99999,99999,31-DEC-99,31-DEC-99,Comment is null
196953,1969533410.00,4642277,137.797194,-30.168033,103.630,111.518,7.888,9792963.93,103.630,111.518,0.19,2.67,-63.59,-190.04,-87.98,-203.94,100.000,5.000,5.060,0.06,2.00,5.000,5.060,0.5,1,0,5,5,1,3,5,5,1,3,69E3,?,TR,GDA94,MSL,GRS80,B,DEG,m,m,m,um,m,m,um,m,m,m,m,um,m,m,um,99999,99999,ELN,W98,99999,ELN,DFA,AUSGEOID98,GRS80,99999,99999,31-DEC-99,31-DEC-99,Comment is null
196953,1969533411.00,5880231,137.805294,-30.226433,101.030,108.868,7.838,9793046.68,101.030,108.868,0.18,2.67,-34.88,-158.33,-59.12,-172.17,100.000,5.000,5.060,0.06,2.00,5.000,5.060,0.5,1,0,5,5,1,3,5,5,1,3,69E3,?,TR,GDA94,MSL,GRS80,B,DEG,m,m,m,um,m,m,um,m,m,m,m,um,m,m,um,99999,99999,ELN,W98,99999,ELN,DFA,AUSGEOID98,GRS80,99999,99999,31-DEC-99,31-DEC-99,Comment is null
196953,1969533412.00,4642278,137.736295,-30.227734,88.690,96.354,7.664,9793133.32,88.690,96.354,0.13,2.67,12.13,-97.13,-11.58,-110.83,100.000,5.000,5.060,0.06,2.00,5.000,5.060,0.5,1,0,5,5,1,3,5,5,1,3,69E3,?,TR,GDA94,MSL,GRS80,B,DEG,m,m,m,um,m,m,um,m,m,m,m,um,m,m,um,99999,99999,ELN,W98,99999,ELN,DFA,AUSGEOID98,GRS80,99999,99999,31-DEC-99,31-DEC-99,Comment is null
196953,1969533413.00,5746198,137.647195,-30.172534,83.320,90.865,7.545,9793102.60,83.320,90.865,0.11,2.67,7.83,-95.21,-15.52,-108.76,100.000,5.000,5.060,0.06,2.00,5.000,5.060,0.5,1,0,5,5,1,3,5,5,1,3,69E3,?,TR,GDA94,MSL,GRS80,B,DEG,m,m,m,um,m,m,um,m,m,m,m,um,m,m,um,99999,99999,ELN,W98,99999,ELN,DFA,AUSGEOID98,GRS80,99999,99999,31-DEC-99,31-DEC-99,Comment is null
196953,1969533414.00,4642279,137.662394,-30.112634,82.900,90.531,7.631,9793008.05,82.900,90.531,0.12,2.67,-40.77,-143.43,-64.39,-157.15,100.000,5.000,5.060,0.06,2.00,5.000,5.060,0.5,1,0,5,5,1,3,5,5,1,3,69E3,?,TR,GDA94,MSL,GRS80,B,DEG,m,m,m,um,m,m,um,m,m,m,m,um,m,m,um,99999,99999,ELN,W98,99999,ELN,DFA,AUSGEOID98,GRS80,99999,99999,31-DEC-99,31-DEC-99,Comment is null
196953,1969533415.00,4642280,137.609095,-30.103435,89.570,97.091,7.521,9793010.76,89.570,97.091,0.12,2.67,-10.61,-120.71,-33.89,-134.12,100.000,5.000,5.060,0.06,2.00,5.000,5.060,0.5,1,0,5,5,1,3,5,5,1,3,69E3,?,TR,GDA94,MSL,GRS80,B,DEG,m,m,m,um,m,m,um,m,m,m,m,um,m,m,um,99999,99999,ELN,W98,99999,ELN,DFA,AUSGEOID98,GRS80,99999,99999,31-DEC-99,31-DEC-99,Comment is null
196953,1969533416.00,4642281,137.598994,-30.050534,99.420,106.969,7.549,9792929.41,99.420,106.969,0.46,2.67,-20.04,-141.34,-43.39,-154.64,100.000,5.000,5.060,0.06,2.00,5.000,5.060,0.5,1,0,5,5,1,3,5,5,1,3,69E3,?,TR,GDA94,MSL,GRS80,B,DEG,m,m,m,um,m,m,um,m,m,m,m,um,m,m,um,99999,99999,ELN,W98,99999,ELN,DFA,AUSGEOID98,GRS80,99999,99999,31-DEC-99,31-DEC-99,Comment is null
196953,1969533417.00,4642282,137.673993,-30.046934,102.920,110.634,7.714,9792864.28,102.920,110.634,0.24,2.67,-71.05,-196.50,-94.91,-210.07,100.000,5.000,5.060,0.06,2.00,5.000,5.060,0.5,1,0,5,5,1,3,5,5,1,3,69E3,?,TR,GDA94,MSL,GRS80,B,DEG,m,m,m,um,m,m,um,m,m,m,m,um,m,m,um,99999,99999,ELN,W98,99999,ELN,DFA,AUSGEOID98,GRS80,99999,99999,31-DEC-99,31-DEC-99,Comment is null
196953,1969533418.00,4642283,137.659593,-29.995234,115.420,123.160,7.740,9792814.25,115.420,123.160,0.34,2.67,-41.97,-181.62,-65.90,-195.06,100.000,5.000,5.060,0.06,2.00,5.000,5.060,0.5,1,1,5,5,1,3,5,5,1,3,69E3,?,TR,GDA94,MSL,GRS80,B,DEG,m,m,m,um,m,m,um,m,m,m,m,um,m,m,um,99999,99999,ELN,W98,99999,ELN,DFA,AUSGEOID98,GRS80,99999,99999,31-DEC-99,31-DEC-99,Comment is null
196953,1969533419.00,4642284,137.617693,-29.987734,94.050,101.708,7.658,9792875.18,94.050,101.708,0.23,2.67,-41.36,-156.70,-65.06,-170.30,100.000,5.000,5.060,0.06,2.00,5.000,5.060,0.5,1,1,5,5,1,3,5,5,1,3,69E3,?,TR,GDA94,MSL,GRS80,B,DEG,m,m,m,um,m,m,um,m,m,m,m,um,m,m,um,99999,99999,ELN,W98,99999,ELN,DFA,AUSGEOID98,GRS80,99999,99999,31-DEC-99,31-DEC-99,Comment is null
196953,1969533420.00,4642285,137.530195,-30.042535,65.280,72.690,7.410,9793018.06,65.280,72.690,0.13,2.67,-30.90,-113.33,-53.85,-126.90,100.000,5.000,5.060,0.06,2.00,5.000,5.060,0.5,1,0,5,5,1,3,5,5,1,3,69E3,?,TR,GDA94,MSL,GRS80,B,DEG,m,m,m,um,m,m,um,m,m,m,m,um,m,m,um,99999,99999,ELN,W98,99999,ELN,DFA,AUSGEOID98,GRS80,99999,99999,31-DEC-99,31-DEC-99,Comment is null
196953,1969533421.00,5688414,137.531196,-30.106435,59.090,66.433,7.343,9793090.80,59.090,66.433,0.13,2.67,-27.52,-102.86,-50.27,-116.39,100.000,5.000,5.060,0.06,2.00,5.000,5.060,0.5,1,0,5,5,1,3,5,5,1,3,69E3,?,TR,GDA94,MSL,GRS80,B,DEG,m,m,m,um,m,m,um,m,m,m,m,um,m,m,um,99999,99999,ELN,W98,99999,ELN,DFA,AUSGEOID98,GRS80,99999,99999,31-DEC-99,31-DEC-99,Comment is null
196953,1969533422.00,4642286,137.540496,-30.167836,75.380,82.686,7.306,9793131.22,75.380,82.686,0.08,2.67,14.90,-78.87,-7.73,-92.08,100.000,5.000,5.060,0.06,2.00,5.000,5.060,0.5,1,0,5,5,1,3,5,5,1,3,69E3,?,TR,GDA94,MSL,GRS80,B,DEG,m,m,m,um,m,m,um,m,m,m,m,um,m,m,um,99999,99999,ELN,W98,99999,ELN,DFA,AUSGEOID98,GRS80,99999,99999,31-DEC-99,31-DEC-99,Comment is null
196953,1969533423.00,5409326,137.598595,-30.155235,86.070,93.526,7.456,9793073.09,86.070,93.526,0.15,2.67,0.10,-105.96,-22.98,-119.29,100.000,5.000,5.060,0.06,2.00,5.000,5.060,0.5,1,0,5,5,1,3,5,5,1,3,69E3,?,TR,GDA94,MSL,GRS80,B,DEG,m,m,m,um,m,m,um,m,m,m,m,um,m,m,um,99999,99999,ELN,W98,99999,ELN,DFA,AUSGEOID98,GRS80,99999,99999,31-DEC-99,31-DEC-99,Comment is null
196953,1969533424.00,5848259,137.600296,-30.227335,67.760,75.098,7.338,9793189.75,67.760,75.098,0.09,2.67,3.29,-81.87,-19.44,-95.26,100.000,5.000,5.060,0.06,2.00,5.000,5.060,0.5,1,0,5,5,1,3,5,5,1,3,69E3,?,TR,GDA94,MSL,GRS80,B,DEG,m,m,m,um,m,m,um,m,m,m,m,um,m,m,um,99999,99999,ELN,W98,99999,ELN,DFA,AUSGEOID98,GRS80,99999,99999,31-DEC-99,31-DEC-99,Comment is null
196953,1969533425.00,5410157,137.530797,-30.229036,72.210,79.389,7.179,9793221.97,72.210,79.389,0.10,2.67,47.41,-42.62,25.18,-55.62,100.000,5.000,5.060,0.06,2.00,5.000,5.060,0.5,1,0,5,5,1,3,5,5,1,3,69E3,?,TR,GDA94,MSL,GRS80,B,DEG,m,m,m,um,m,m,um,m,m,m,m,um,m,m,um,99999,99999,ELN,W98,99999,ELN,DFA,AUSGEOID98,GRS80,99999,99999,31-DEC-99,31-DEC-99,Comment is null
196953,1969533426.00,4642287,137.536098,-30.308736,54.500,61.613,7.113,9793320.52,54.500,61.613,0.09,2.67,28.45,-41.43,6.40,-54.59,100.000,5.000,5.060,0.06,2.00,5.000,5.060,0.5,1,0,5,5,1,3,5,5,1,3,69E3,?,TR,GDA94,MSL,GRS80,B,DEG,m,m,m,um,m,m,um,m,m,m,m,um,m,m,um,99999,99999,ELN,W98,99999,ELN,DFA,AUSGEOID98,GRS80,99999,99999,31-DEC-99,31-DEC-99,Comment is null
196953,1969533427.00,4642288,137.604898,-30.382536,57.210,64.387,7.177,9793363.94,57.210,64.387,0.13,2.67,22.31,-50.72,0.07,-63.95,100.000,5.000,5.060,0.06,2.00,5.000,5.060,0.5,1,0,5,5,1,3,5,5,1,3,69E3,?,TR,GDA94,MSL,GRS80,B,DEG,m,m,m,um,m,m,um,m,m,m,m,um,m,m,um,99999,99999,ELN,W98,99999,ELN,DFA,AUSGEOID98,GRS80,99999,99999,31-DEC-99,31-DEC-99,Comment is null
196953,1969533428.00,4642289,137.658098,-30.394235,61.070,68.381,7.311,9793379.85,61.070,68.381,0.17,2.67,41.32,-36.23,18.67,-49.67,100.000,5.000,5.060,0.06,2.00,5.000,5.060,0.5,1,0,5,5,1,3,5,5,1,3,69E3,?,TR,GDA94,MSL,GRS80,B,DEG,m,m,m,um,m,m,um,m,m,m,m,um,m,m,um,99999,99999,ELN,W98,99999,ELN,DFA,AUSGEOID98,GRS80,99999,99999,31-DEC-99,31-DEC-99,Comment is null
196953,1969533429.00,5765296,137.605798,-30.341736,69.880,77.123,7.243,9793287.30,69.880,77.123,0.14,2.67,17.10,-70.36,-5.33,-83.52,100.000,5.000,5.060,0.06,2.00,5.000,5.060,0.5,1,0,5,5,1,3,5,5,1,3,69E3,?,TR,GDA94,MSL,GRS80,B,DEG,m,m,m,um,m,m,um,m,m,m,m,um,m,m,um,99999,99999,ELN,W98,99999,ELN,DFA,AUSGEOID98,GRS80,99999,99999,31-DEC-99,31-DEC-99,Comment is null
196953,1969533430.00,5908261,137.606997,-30.293935,74.510,81.823,7.313,9793239.48,74.510,81.823,0.14,2.67,21.41,-71.38,-1.24,-84.61,100.000,5.000,5.060,0.06,2.00,5.000,5.060,0.5,1,0,5,5,1,3,5,5,1,3,69E3,?,TR,GDA94,MSL,GRS80,B,DEG,m,m,m,um,m,m,um,m,m,m,m,um,m,m,um,99999,99999,ELN,W98,99999,ELN,DFA,AUSGEOID98,GRS80,99999,99999,31-DEC-99,31-DEC-99,Comment is null
196953,1969533431.00,4642290,137.658697,-30.283635,87.860,95.322,7.462,9793197.96,87.860,95.322,0.15,2.67,29.64,-78.46,6.54,-91.77,100.000,5.000,5.060,0.06,2.00,5.000,5.060,0.5,1,0,5,5,1,3,5,5,1,3,69E3,?,TR,GDA94,MSL,GRS80,B,DEG,m,m,m,um,m,m,um,m,m,m,m,um,m,m,um,99999,99999,ELN,W98,99999,ELN,DFA,AUSGEOID98,GRS80,99999,99999,31-DEC-99,31-DEC-99,Comment is null
196953,1969533432.00,5715197,137.660697,-30.338535,71.980,79.375,7.395,9793278.90,71.980,79.375,0.12,2.67,18.17,-71.85,-4.73,-85.28,100.000,5.000,5.060,0.06,2.00,5.000,5.060,0.5,1,0,5,5,1,3,5,5,1,3,69E3,?,TR,GDA94,MSL,GRS80,B,DEG,m,m,m,um,m,m,um,m,m,m,m,um,m,m,um,99999,99999,ELN,W98,99999,ELN,DFA,AUSGEOID98,GRS80,99999,99999,31-DEC-99,31-DEC-99,Comment is null
196953,1969533433.00,5409490,137.724197,-30.340034,70.030,77.597,7.567,9793295.21,70.030,77.597,0.15,2.67,27.81,-60.19,4.38,-73.98,100.000,5.000,5.060,0.06,2.00,5.000,5.060,0.5,1,0,5,5,1,3,5,5,1,3,69E3,?,TR,GDA94,MSL,GRS80,B,DEG,m,m,m,um,m,m,um,m,m,m,m,um,m,m,um,99999,99999,ELN,W98,99999,ELN,DFA,AUSGEOID98,GRS80,99999,99999,31-DEC-99,31-DEC-99,Comment is null
196953,1969533434.00,5809382,137.730197,-30.391935,58.460,65.983,7.523,9793378.95,58.460,65.983,0.19,2.67,34.83,-40.00,11.52,-53.89,100.000,5.000,5.060,0.06,2.00,5.000,5.060,0.5,1,0,5,5,1,3,5,5,1,3,69E3,?,TR,GDA94,MSL,GRS80,B,DEG,m,m,m,um,m,m,um,m,m,m,m,um,m,m,um,99999,99999,ELN,W98,99999,ELN,DFA,AUSGEOID98,GRS80,99999,99999,31-DEC-99,31-DEC-99,Comment is null
196953,1969533435.00,5786904,137.785297,-30.446434,62.480,70.094,7.614,9793474.60,62.480,70.094,0.21,2.67,100.18,20.69,76.60,6.69,100.000,5.000,5.060,0.06,2.00,5.000,5.060,0.5,1,0,5,5,1,3,5,5,1,3,69E3,?,TR,GDA94,MSL,GRS80,B,DEG,m,m,m,um,m,m,um,m,m,m,m,um,m,m,um,99999,99999,ELN,W98,99999,ELN,DFA,AUSGEOID98,GRS80,99999,99999,31-DEC-99,31-DEC-99,Comment is null
196953,1969533437.00,4642291,137.784697,-30.396434,67.670,75.342,7.672,9793382.75,67.670,75.342,0.17,2.67,63.96,-21.48,40.21,-35.52,100.000,5.000,5.060,0.06,2.00,5.000,5.060,0.5,1,0,5,5,1,3,5,5,1,3,69E3,?,TR,GDA94,MSL,GRS80,B,DEG,m,m,m,um,m,m,um,m,m,m,m,um,m,m,um,99999,99999,ELN,W98,99999,ELN,DFA,AUSGEOID98,GRS80,99999,99999,31-DEC-99,31-DEC-99,Comment is null
196953,1969533438.00,4642292,137.790096,-30.341434,81.780,89.526,7.746,9793273.00,81.780,89.526,0.15,2.67,41.30,-60.22,17.33,-74.18,100.000,5.000,5.060,0.06,2.00,5.000,5.060,0.5,1,0,5,5,1,3,5,5,1,3,69E3,?,TR,GDA94,MSL,GRS80,B,DEG,m,m,m,um,m,m,um,m,m,m,m,um,m,m,um,99999,99999,ELN,W98,99999,ELN,DFA,AUSGEOID98,GRS80,99999,99999,31-DEC-99,31-DEC-99,Comment is null
196953,1969533439.00,4642293,137.787095,-30.286134,91.320,99.103,7.783,9793182.25,91.320,99.103,0.17,2.67,23.63,-88.75,-0.45,-102.64,100.000,5.000,5.060,0.06,2.00,5.000,5.060,0.5,1,0,5,5,1,3,5,5,1,3,69E3,?,TR,GDA94,MSL,GRS80,B,DEG,m,m,m,um,m,m,um,m,m,m,m,um,m,m,um,99999,99999,ELN,W98,99999,ELN,DFA,AUSGEOID98,GRS80,99999,99999,31-DEC-99,31-DEC-99,Comment is null
196953,1969533440.00,5758257,137.719896,-30.290634,79.280,86.888,7.608,9793211.56,79.280,86.888,0.13,2.67,11.72,-86.82,-11.83,-100.55,100.000,5.000,5.060,0.06,2.00,5.000,5.060,0.5,1,0,5,5,1,3,5,5,1,3,69E3,?,TR,GDA94,MSL,GRS80,B,DEG,m,m,m,um,m,m,um,m,m,m,m,um,m,m,um,99999,99999,ELN,W98,99999,ELN,DFA,AUSGEOID98,GRS80,99999,99999,31-DEC-99,31-DEC-99,Comment is null
196953,1969533501.00,5409792,137.899493,-30.211832,112.980,121.055,8.075,9792968.93,112.980,121.055,0.21,2.67,-63.55,-200.81,-88.51,-214.94,100.000,5.000,5.060,0.06,2.00,5.000,5.060,0.5,1,0,5,5,1,3,5,5,1,3,69E3,?,TR,GDA94,MSL,GRS80,B,DEG,m,m,m,um,m,m,um,m,m,m,m,um,m,m,um,99999,99999,ELN,W98,99999,ELN,DFA,AUSGEOID98,GRS80,99999,99999,31-DEC-99,31-DEC-99,Comment is null
196953,1969533502.00,4642294,137.931792,-30.159432,146.850,155.073,8.223,9792820.16,146.850,155.073,0.28,2.67,-66.23,-242.05,-91.62,-255.95,100.000,5.000,5.060,0.06,2.00,5.000,5.060,0.5,1,0,5,5,1,3,5,5,1,3,69E3,?,TR,GDA94,MSL,GRS80,B,DEG,m,m,m,um,m,m,um,m,m,m,m,um,m,m,um,99999,99999,ELN,W98,99999,ELN,DFA,AUSGEOID98,GRS80,99999,99999,31-DEC-99,31-DEC-99,Comment is null
196953,1969533503.00,5409793,137.982091,-30.160531,159.140,167.498,8.358,9792783.34,159.140,167.498,0.37,2.67,-65.58,-255.48,-91.38,-269.45,100.000,5.000,5.060,0.06,2.00,5.000,5.060,0.5,1,0,5,5,1,3,5,5,1,3,69E3,?,TR,GDA94,MSL,GRS80,B,DEG,m,m,m,um,m,m,um,m,m,m,m,um,m,m,um,99999,99999,ELN,W98,99999,ELN,DFA,AUSGEOID98,GRS80,99999,99999,31-DEC-99,31-DEC-99,Comment is null
196953,1969533504.00,5924036,137.978491,-30.109531,162.520,170.905,8.385,9792769.73,162.520,170.905,0.37,2.67,-28.67,-222.43,-54.56,-236.42,100.000,5.000,5.060,0.06,2.00,5.000,5.060,0.5,1,0,5,5,1,3,5,5,1,3,69E3,?,TR,GDA94,MSL,GRS80,B,DEG,m,m,m,um,m,m,um,m,m,m,m,um,m,m,um,99999,99999,ELN,W98,99999,ELN,DFA,AUSGEOID98,GRS80,99999,99999,31-DEC-99,31-DEC-99,Comment is null
196953,1969533505.00,4642295,137.925091,-30.113032,138.310,146.547,8.237,9792690.39,138.310,146.547,0.44,2.67,-185.91,-352.07,-211.36,-366.13,100.000,5.000,5.060,0.06,2.00,5.000,5.060,0.5,1,0,5,5,1,3,5,5,1,3,69E3,?,TR,GDA94,MSL,GRS80,B,DEG,m,m,m,um,m,m,um,m,m,m,m,um,m,m,um,99999,99999,ELN,W98,99999,ELN,DFA,AUSGEOID98,GRS80,99999,99999,31-DEC-99,31-DEC-99,Comment is null
196953,1969533506.00,5696858,137.915091,-30.050031,160.310,168.583,8.273,9792708.10,160.310,168.583,0.37,2.67,-50.86,-241.99,-76.40,-255.78,100.000,5.000,5.060,0.06,2.00,5.000,5.060,0.5,1,1,5,5,1,3,5,5,1,3,69E3,?,TR,GDA94,MSL,GRS80,B,DEG,m,m,m,um,m,m,um,m,m,m,m,um,m,m,um,99999,99999,ELN,W98,99999,ELN,DFA,AUSGEOID98,GRS80,99999,99999,31-DEC-99,31-DEC-99,Comment is null
196953,1969533507.00,5973652,137.972189,-29.988531,188.230,196.714,8.484,9792532.50,188.230,196.714,0.59,2.67,-91.54,-314.54,-117.71,-328.34,100.000,5.000,5.060,0.06,2.00,5.000,5.060,0.5,1,1,5,5,1,3,5,5,1,3,69E3,?,TR,GDA94,MSL,GRS80,B,DEG,m,m,m,um,m,m,um,m,m,m,m,um,m,m,um,99999,99999,ELN,W98,99999,ELN,DFA,AUSGEOID98,GRS80,99999,99999,31-DEC-99,31-DEC-99,Comment is null
196953,1969533508.00,4642296,137.919090,-29.988231,183.850,192.204,8.354,9792587.53,183.850,192.204,0.34,2.67,-50.19,-268.08,-75.96,-281.69,100.000,5.000,5.060,0.06,2.00,5.000,5.060,0.5,1,1,5,5,1,3,5,5,1,3,69E3,?,TR,GDA94,MSL,GRS80,B,DEG,m,m,m,um,m,m,um,m,m,m,m,um,m,m,um,99999,99999,ELN,W98,99999,ELN,DFA,AUSGEOID98,GRS80,99999,99999,31-DEC-99,31-DEC-99,Comment is null
196953,1969533509.00,5408998,137.858991,-30.057332,148.520,156.636,8.116,9792611.74,148.520,156.636,0.51,2.67,-189.79,-367.38,-214.85,-381.04,100.000,5.000,5.060,0.06,2.00,5.000,5.060,0.5,1,1,5,5,1,3,5,5,1,3,69E3,?,TR,GDA94,MSL,GRS80,B,DEG,m,m,m,um,m,m,um,m,m,m,m,um,m,m,um,99999,99999,ELN,W98,99999,ELN,DFA,AUSGEOID98,GRS80,99999,99999,31-DEC-99,31-DEC-99,Comment is null
196953,1969533510.00,4642297,137.852592,-30.122932,113.010,121.055,8.045,9792889.29,113.010,121.055,0.22,2.67,-73.42,-210.69,-98.30,-224.75,100.000,5.000,5.060,0.06,2.00,5.000,5.060,0.5,1,0,5,5,1,3,5,5,1,3,69E3,?,TR,GDA94,MSL,GRS80,B,DEG,m,m,m,um,m,m,um,m,m,m,m,um,m,m,um,99999,99999,ELN,W98,99999,ELN,DFA,AUSGEOID98,GRS80,99999,99999,31-DEC-99,31-DEC-99,Comment is null
196953,1969533511.00,4642298,137.857293,-30.168932,120.610,128.640,8.030,9792916.81,120.610,128.640,0.20,2.67,-58.59,-204.45,-83.41,-218.37,100.000,5.000,5.060,0.06,2.00,5.000,5.060,0.5,1,0,5,5,1,3,5,5,1,3,69E3,?,TR,GDA94,MSL,GRS80,B,DEG,m,m,m,um,m,m,um,m,m,m,m,um,m,m,um,99999,99999,ELN,W98,99999,ELN,DFA,AUSGEOID98,GRS80,99999,99999,31-DEC-99,31-DEC-99,Comment is null
196953,1969533513.00,4642299,137.989892,-30.238031,156.300,164.595,8.295,9792882.09,156.300,164.595,0.50,2.67,-36.64,-223.25,-62.25,-237.15,100.000,5.000,5.060,0.06,2.00,5.000,5.060,0.5,1,0,5,5,1,3,5,5,1,3,69E3,?,TR,GDA94,MSL,GRS80,B,DEG,m,m,m,um,m,m,um,m,m,m,m,um,m,m,um,99999,99999,ELN,W98,99999,ELN,DFA,AUSGEOID98,GRS80,99999,99999,31-DEC-99,31-DEC-99,Comment is null
196953,1969533514.00,4642300,137.867594,-30.234133,145.630,153.607,7.977,9792971.44,145.630,153.607,0.20,2.67,21.87,-152.29,-2.77,-165.73,100.000,5.000,5.060,0.06,2.00,5.000,5.060,0.5,1,0,5,5,1,3,5,5,1,3,69E3,?,TR,GDA94,MSL,GRS80,B,DEG,m,m,m,um,m,m,um,m,m,m,m,um,m,m,um,99999,99999,ELN,W98,99999,ELN,DFA,AUSGEOID98,GRS80,99999,99999,31-DEC-99,31-DEC-99,Comment is null
196953,1969533515.00,5312280,137.854394,-30.288033,90.340,98.287,7.947,9793157.43,90.340,98.287,0.17,2.67,-5.20,-116.65,-29.78,-130.87,100.000,5.000,5.060,0.06,2.00,5.000,5.060,0.5,1,0,5,5,1,3,5,5,1,3,69E3,?,TR,GDA94,MSL,GRS80,B,DEG,m,m,m,um,m,m,um,m,m,m,m,um,m,m,um,99999,99999,ELN,W98,99999,ELN,DFA,AUSGEOID98,GRS80,99999,99999,31-DEC-99,31-DEC-99,Comment is null
196953,1969533516.00,4642301,137.919294,-30.291932,110.630,118.722,8.092,9793066.19,110.630,118.722,0.27,2.67,-36.46,-171.08,-61.48,-185.27,100.000,5.000,5.060,0.06,2.00,5.000,5.060,0.5,1,0,5,5,1,3,5,5,1,3,69E3,?,TR,GDA94,MSL,GRS80,B,DEG,m,m,m,um,m,m,um,m,m,m,m,um,m,m,um,99999,99999,ELN,W98,99999,ELN,DFA,AUSGEOID98,GRS80,99999,99999,31-DEC-99,31-DEC-99,Comment is null
196953,1969533517.00,5262837,137.919194,-30.342233,89.050,97.103,8.053,9793179.05,89.050,97.103,0.26,2.67,-29.90,-140.01,-54.81,-154.46,100.000,5.000,5.060,0.06,2.00,5.000,5.060,0.5,1,0,5,5,1,3,5,5,1,3,69E3,?,TR,GDA94,MSL,GRS80,B,DEG,m,m,m,um,m,m,um,m,m,m,m,um,m,m,um,99999,99999,ELN,W98,99999,ELN,DFA,AUSGEOID98,GRS80,99999,99999,31-DEC-99,31-DEC-99,Comment is null
196953,1969533518.00,5408645,137.855695,-30.343633,80.440,88.348,7.908,9793260.49,80.440,88.348,0.20,2.67,23.43,-76.76,-1.04,-91.06,100.000,5.000,5.060,0.06,2.00,5.000,5.060,0.5,1,0,5,5,1,3,5,5,1,3,69E3,?,TR,GDA94,MSL,GRS80,B,DEG,m,m,m,um,m,m,um,m,m,m,m,um,m,m,um,99999,99999,ELN,W98,99999,ELN,DFA,AUSGEOID98,GRS80,99999,99999,31-DEC-99,31-DEC-99,Comment is null
196953,1969533519.00,5880232,137.861696,-30.396633,68.210,76.084,7.874,9793388.46,68.210,76.084,0.27,2.67,71.80,-14.49,47.42,-28.91,100.000,5.000,5.060,0.06,2.00,5.000,5.060,0.5,1,0,5,5,1,3,5,5,1,3,69E3,?,TR,GDA94,MSL,GRS80,B,DEG,m,m,m,um,m,m,um,m,m,m,m,um,m,m,um,99999,99999,ELN,W98,99999,ELN,DFA,AUSGEOID98,GRS80,99999,99999,31-DEC-99,31-DEC-99,Comment is null
196953,1969533520.00,5828533,137.930395,-30.385333,76.050,84.093,8.043,9793273.60,76.050,84.093,0.24,2.67,-9.44,-104.81,-34.34,-119.44,100.000,5.000,5.060,0.06,2.00,5.000,5.060,0.5,1,0,5,5,1,3,5,5,1,3,69E3,?,TR,GDA94,MSL,GRS80,B,DEG,m,m,m,um,m,m,um,m,m,m,m,um,m,m,um,99999,99999,ELN,W98,99999,ELN,DFA,AUSGEOID98,GRS80,99999,99999,31-DEC-99,31-DEC-99,Comment is null
196953,1969533521.00,4642302,137.923196,-30.446833,65.030,73.000,7.970,9793355.04,65.030,73.000,0.27,2.67,-10.73,-93.52,-35.41,-108.18,100.000,5.000,5.060,0.06,2.00,5.000,5.060,0.5,1,0,5,5,1,3,5,5,1,3,69E3,?,TR,GDA94,MSL,GRS80,B,DEG,m,m,m,um,m,m,um,m,m,m,m,um,m,m,um,99999,99999,ELN,W98,99999,ELN,DFA,AUSGEOID98,GRS80,99999,99999,31-DEC-99,31-DEC-99,Comment is null
196953,1969533523.00,4642303,137.997894,-30.390532,91.070,99.267,8.197,9793178.55,91.070,99.267,0.30,2.67,-61.77,-174.34,-87.13,-189.04,100.000,5.000,5.060,0.06,2.00,5.000,5.060,0.5,1,0,5,5,1,3,5,5,1,3,69E3,?,TR,GDA94,MSL,GRS80,B,DEG,m,m,m,um,m,m,um,m,m,m,m,um,m,m,um,99999,99999,ELN,W98,99999,ELN,DFA,AUSGEOID98,GRS80,99999,99999,31-DEC-99,31-DEC-99,Comment is null
196953,1969533524.00,5746199,137.988394,-30.351232,104.940,113.145,8.205,9793078.49,104.940,113.145,0.34,2.67,-88.04,-216.34,-113.41,-230.84,100.000,5.000,5.060,0.06,2.00,5.000,5.060,0.5,1,0,5,5,1,3,5,5,1,3,69E3,?,TR,GDA94,MSL,GRS80,B,DEG,m,m,m,um,m,m,um,m,m,m,m,um,m,m,um,99999,99999,ELN,W98,99999,ELN,DFA,AUSGEOID98,GRS80,99999,99999,31-DEC-99,31-DEC-99,Comment is null
196953,1969533525.00,4642304,137.994193,-30.287032,130.850,139.126,8.276,9792951.83,130.850,139.126,0.35,2.67,-84.01,-241.76,-109.58,-256.00,100.000,5.000,5.060,0.06,2.00,5.000,5.060,0.5,1,0,5,5,1,3,5,5,1,3,69E3,?,TR,GDA94,MSL,GRS80,B,DEG,m,m,m,um,m,m,um,m,m,m,m,um,m,m,um,99999,99999,ELN,W98,99999,ELN,DFA,AUSGEOID98,GRS80,99999,99999,31-DEC-99,31-DEC-99,Comment is null
196953,1969533597.00,5408833,137.971290,-30.053331,213.060,221.478,8.418,9792544.41,213.060,221.478,0.99,2.67,-53.93,-304.99,-79.88,-318.29,100.000,5.000,5.060,0.06,2.00,5.000,5.060,0.5,1,1,5,5,1,3,5,5,1,3,69E3,?,TR,GDA94,MSL,GRS80,B,DEG,m,m,m,um,m,m,um,m,m,m,m,um,m,m,um,99999,99999,ELN,W98,99999,ELN,DFA,AUSGEOID98,GRS80,99999,99999,31-DEC-99,31-DEC-99,Comment is null
196953,1969533601.00,4642305,136.669213,-30.755847,104.610,108.420,3.810,9793406.17,104.610,108.420,0.05,2.67,-94.90,-217.84,-106.70,-223.76,100.000,5.000,5.060,0.06,2.00,5.000,5.060,0.5,1,0,5,5,1,3,5,5,1,3,69E3,?,TR,GDA94,MSL,GRS80,B,DEG,m,m,m,um,m,m,um,m,m,m,m,um,m,m,um,99999,99999,ELN,W98,99999,ELN,DFA,AUSGEOID98,GRS80,99999,99999,31-DEC-99,31-DEC-99,Comment is null
196953,1969533602.00,4642306,136.687812,-30.673646,101.800,105.864,4.064,9793481.51,101.800,105.864,0.02,2.67,37.76,-82.29,25.17,-88.75,100.000,5.000,5.060,0.06,2.00,5.000,5.060,0.5,1,0,5,5,1,3,5,5,1,3,69E3,?,TR,GDA94,MSL,GRS80,B,DEG,m,m,m,um,m,m,um,m,m,m,m,um,m,m,um,99999,99999,ELN,W98,99999,ELN,DFA,AUSGEOID98,GRS80,99999,99999,31-DEC-99,31-DEC-99,Comment is null
196953,1969533603.00,5848260,136.698011,-30.619046,104.300,108.536,4.236,9793466.90,104.300,108.536,0.03,2.67,74.65,-48.43,61.53,-55.18,100.000,5.000,5.060,0.06,2.00,5.000,5.060,0.5,1,0,5,5,1,3,5,5,1,3,69E3,?,TR,GDA94,MSL,GRS80,B,DEG,m,m,m,um,m,m,um,m,m,m,m,um,m,m,um,99999,99999,ELN,W98,99999,ELN,DFA,AUSGEOID98,GRS80,99999,99999,31-DEC-99,31-DEC-99,Comment is null
196953,1969533604.00,4642307,136.691610,-30.563346,94.050,98.361,4.311,9793408.47,94.050,98.361,0.07,2.67,28.90,-82.64,15.54,-89.70,100.000,5.000,5.060,0.06,2.00,5.000,5.060,0.5,1,0,5,5,1,3,5,5,1,3,69E3,?,TR,GDA94,MSL,GRS80,B,DEG,m,m,m,um,m,m,um,m,m,m,m,um,m,m,um,99999,99999,ELN,W98,99999,ELN,DFA,AUSGEOID98,GRS80,99999,99999,31-DEC-99,31-DEC-99,Comment is null
196953,1969533605.00,4642308,136.770010,-30.564545,92.010,96.514,4.504,9793353.94,92.010,96.514,0.05,2.67,-32.27,-141.72,-46.23,-149.19,100.000,5.000,5.060,0.06,2.00,5.000,5.060,0.5,1,0,5,5,1,3,5,5,1,3,69E3,?,TR,GDA94,MSL,GRS80,B,DEG,m,m,m,um,m,m,um,m,m,m,m,um,m,m,um,99999,99999,ELN,W98,99999,ELN,DFA,AUSGEOID98,GRS80,99999,99999,31-DEC-99,31-DEC-99,Comment is null
196953,1969533606.00,4642309,136.830509,-30.568144,91.900,96.550,4.650,9793335.53,91.900,96.550,0.05,2.67,-53.42,-162.91,-67.83,-170.67,100.000,5.000,5.060,0.06,2.00,5.000,5.060,0.5,1,0,5,5,1,3,5,5,1,3,69E3,?,TR,GDA94,MSL,GRS80,B,DEG,m,m,m,um,m,m,um,m,m,m,m,um,m,m,um,99999,99999,ELN,W98,99999,ELN,DFA,AUSGEOID98,GRS80,99999,99999,31-DEC-99,31-DEC-99,Comment is null
196953,1969533607.00,4642310,136.816610,-30.624245,94.780,99.292,4.512,9793466.40,94.780,99.292,0.07,2.67,41.51,-71.09,27.53,-78.53,100.000,5.000,5.060,0.06,2.00,5.000,5.060,0.5,1,0,5,5,1,3,5,5,1,3,69E3,?,TR,GDA94,MSL,GRS80,B,DEG,m,m,m,um,m,m,um,m,m,m,m,um,m,m,um,99999,99999,ELN,W98,99999,ELN,DFA,AUSGEOID98,GRS80,99999,99999,31-DEC-99,31-DEC-99,Comment is null
196953,1969533608.00,4642311,136.764510,-30.617945,98.530,102.935,4.405,9793550.34,98.530,102.935,0.03,2.67,141.68,24.96,128.04,17.78,100.000,5.000,5.060,0.06,2.00,5.000,5.060,0.5,1,0,5,5,1,3,5,5,1,3,69E3,?,TR,GDA94,MSL,GRS80,B,DEG,m,m,m,um,m,m,um,m,m,m,m,um,m,m,um,99999,99999,ELN,W98,99999,ELN,DFA,AUSGEOID98,GRS80,99999,99999,31-DEC-99,31-DEC-99,Comment is null
196953,1969533609.00,4642312,136.766911,-30.674145,101.550,105.812,4.262,9793454.59,101.550,105.812,0.03,2.67,10.29,-109.70,-2.91,-116.55,100.000,5.000,5.060,0.06,2.00,5.000,5.060,0.5,1,0,5,5,1,3,5,5,1,3,69E3,?,TR,GDA94,MSL,GRS80,B,DEG,m,m,m,um,m,m,um,m,m,m,m,um,m,m,um,99999,99999,ELN,W98,99999,ELN,DFA,AUSGEOID98,GRS80,99999,99999,31-DEC-99,31-DEC-99,Comment is null
196953,1969533610.00,5908262,136.836911,-30.679045,104.440,108.845,4.405,9793384.55,104.440,108.845,0.04,2.67,-54.27,-177.70,-67.92,-184.78,100.000,5.000,5.060,0.06,2.00,5.000,5.060,0.5,1,0,5,5,1,3,5,5,1,3,69E3,?,TR,GDA94,MSL,GRS80,B,DEG,m,m,m,um,m,m,um,m,m,m,m,um,m,m,um,99999,99999,ELN,W98,99999,ELN,DFA,AUSGEOID98,GRS80,99999,99999,31-DEC-99,31-DEC-99,Comment is null
196953,1969533611.00,5765297,136.753212,-30.734746,110.550,114.621,4.071,9793385.05,110.550,114.621,0.06,2.67,-80.13,-210.10,-92.74,-216.44,100.000,5.000,5.060,0.06,2.00,5.000,5.060,0.5,1,0,5,5,1,3,5,5,1,3,69E3,?,TR,GDA94,MSL,GRS80,B,DEG,m,m,m,um,m,m,um,m,m,m,m,um,m,m,um,99999,99999,ELN,W98,99999,ELN,DFA,AUSGEOID98,GRS80,99999,99999,31-DEC-99,31-DEC-99,Comment is null
196953,1969533612.00,5675249,136.689013,-30.727047,97.530,101.461,3.931,9793419.37,97.530,101.461,0.08,2.67,-80.31,-195.36,-92.49,-201.63,100.000,5.000,5.060,0.06,2.00,5.000,5.060,0.5,1,0,5,5,1,3,5,5,1,3,69E3,?,TR,GDA94,MSL,GRS80,B,DEG,m,m,m,um,m,m,um,m,m,m,m,um,m,m,um,99999,99999,ELN,W98,99999,ELN,DFA,AUSGEOID98,GRS80,99999,99999,31-DEC-99,31-DEC-99,Comment is null
196953,1969533613.00,4642313,136.635513,-30.674247,98.630,102.553,3.923,9793448.69,98.630,102.553,0.03,2.67,-5.75,-122.04,-17.91,-128.28,100.000,5.000,5.060,0.06,2.00,5.000,5.060,0.5,1,0,5,5,1,3,5,5,1,3,69E3,?,TR,GDA94,MSL,GRS80,B,DEG,m,m,m,um,m,m,um,m,m,m,m,um,m,m,um,99999,99999,ELN,W98,99999,ELN,DFA,AUSGEOID98,GRS80,99999,99999,31-DEC-99,31-DEC-99,Comment is null
196953,1969533614.00,4642314,136.622312,-30.615047,102.840,106.875,4.035,9793435.78,102.840,106.875,0.02,2.67,41.57,-79.62,29.07,-86.01,100.000,5.000,5.060,0.06,2.00,5.000,5.060,0.5,1,0,5,5,1,3,5,5,1,3,69E3,?,TR,GDA94,MSL,GRS80,B,DEG,m,m,m,um,m,m,um,m,m,m,m,um,m,m,um,99999,99999,ELN,W98,99999,ELN,DFA,AUSGEOID98,GRS80,99999,99999,31-DEC-99,31-DEC-99,Comment is null
196953,1969533615.00,4642315,136.567912,-30.616347,101.710,105.586,3.876,9793374.85,101.710,105.586,0.03,2.67,-24.37,-144.10,-36.38,-150.19,100.000,5.000,5.060,0.06,2.00,5.000,5.060,0.5,1,0,5,5,1,3,5,5,1,3,69E3,?,TR,GDA94,MSL,GRS80,B,DEG,m,m,m,um,m,m,um,m,m,m,m,um,m,m,um,99999,99999,ELN,W98,99999,ELN,DFA,AUSGEOID98,GRS80,99999,99999,31-DEC-99,31-DEC-99,Comment is null
196953,1969533616.00,5786905,136.568512,-30.570547,96.800,100.759,3.959,9793351.44,96.800,100.759,0.06,2.67,-26.43,-140.68,-38.70,-147.02,100.000,5.000,5.060,0.06,2.00,5.000,5.060,0.5,1,0,5,5,1,3,5,5,1,3,69E3,?,TR,GDA94,MSL,GRS80,B,DEG,m,m,m,um,m,m,um,m,m,m,m,um,m,m,um,99999,99999,ELN,W98,99999,ELN,DFA,AUSGEOID98,GRS80,99999,99999,31-DEC-99,31-DEC-99,Comment is null
196953,1969533617.00,5979833,136.627411,-30.568646,108.360,112.490,4.130,9793362.54,108.360,112.490,0.03,2.67,22.38,-105.18,9.59,-111.67,100.000,5.000,5.060,0.06,2.00,5.000,5.060,0.5,1,0,5,5,1,3,5,5,1,3,69E3,?,TR,GDA94,MSL,GRS80,B,DEG,m,m,m,um,m,m,um,m,m,m,m,um,m,m,um,99999,99999,ELN,W98,99999,ELN,DFA,AUSGEOID98,GRS80,99999,99999,31-DEC-99,31-DEC-99,Comment is null
196953,1969533618.00,5409327,136.636310,-30.508946,113.960,118.195,4.235,9793265.19,113.960,118.195,0.04,2.67,-10.18,-144.20,-23.29,-150.81,100.000,5.000,5.060,0.06,2.00,5.000,5.060,0.5,1,0,5,5,1,3,5,5,1,3,69E3,?,TR,GDA94,MSL,GRS80,B,DEG,m,m,m,um,m,m,um,m,m,m,m,um,m,m,um,99999,99999,ELN,W98,99999,ELN,DFA,AUSGEOID98,GRS80,99999,99999,31-DEC-99,31-DEC-99,Comment is null
196953,1969533619.00,4642316,136.568511,-30.514447,97.260,101.296,4.036,9793301.41,97.260,101.296,0.07,2.67,-30.44,-145.31,-42.95,-151.79,100.000,5.000,5.060,0.06,2.00,5.000,5.060,0.5,1,0,5,5,1,3,5,5,1,3,69E3,?,TR,GDA94,MSL,GRS80,B,DEG,m,m,m,um,m,m,um,m,m,m,m,um,m,m,um,99999,99999,ELN,W98,99999,ELN,DFA,AUSGEOID98,GRS80,99999,99999,31-DEC-99,31-DEC-99,Comment is null
196953,1969533620.00,5717479,136.500212,-30.521147,113.280,117.115,3.835,9793295.71,113.280,117.115,0.02,2.67,7.37,-125.43,-4.51,-131.27,100.000,5.000,5.060,0.06,2.00,5.000,5.060,0.5,1,0,5,5,1,3,5,5,1,3,69E3,?,TR,GDA94,MSL,GRS80,B,DEG,m,m,m,um,m,m,um,m,m,m,m,um,m,m,um,99999,99999,ELN,W98,99999,ELN,DFA,AUSGEOID98,GRS80,99999,99999,31-DEC-99,31-DEC-99,Comment is null
196953,1969533621.00,5410158,136.500112,-30.561848,110.670,114.450,3.780,9793321.82,110.670,114.450,0.05,2.67,-6.92,-136.70,-18.63,-142.47,100.000,5.000,5.060,0.06,2.00,5.000,5.060,0.5,1,0,5,5,1,3,5,5,1,3,69E3,?,TR,GDA94,MSL,GRS80,B,DEG,m,m,m,um,m,m,um,m,m,m,m,um,m,m,um,99999,99999,ELN,W98,99999,ELN,DFA,AUSGEOID98,GRS80,99999,99999,31-DEC-99,31-DEC-99,Comment is null
196953,1969533622.00,4642317,136.500613,-30.627048,92.840,96.506,3.666,9793389.16,92.840,96.506,0.11,2.67,-46.55,-155.98,-57.92,-161.81,100.000,5.000,5.060,0.06,2.00,5.000,5.060,0.5,1,0,5,5,1,3,5,5,1,3,69E3,?,TR,GDA94,MSL,GRS80,B,DEG,m,m,m,um,m,m,um,m,m,m,m,um,m,m,um,99999,99999,ELN,W98,99999,ELN,DFA,AUSGEOID98,GRS80,99999,99999,31-DEC-99,31-DEC-99,Comment is null
196953,1969533623.00,5973653,136.488114,-30.676048,104.210,107.732,3.522,9793426.88,104.210,107.732,0.05,2.67,-13.01,-135.17,-23.93,-140.54,100.000,5.000,5.060,0.06,2.00,5.000,5.060,0.5,1,0,5,5,1,3,5,5,1,3,69E3,?,TR,GDA94,MSL,GRS80,B,DEG,m,m,m,um,m,m,um,m,m,m,m,um,m,m,um,99999,99999,ELN,W98,99999,ELN,DFA,AUSGEOID98,GRS80,99999,99999,31-DEC-99,31-DEC-99,Comment is null
196953,1969533624.00,5409491,136.560713,-30.671948,107.550,111.274,3.724,9793418.97,107.550,111.274,0.03,2.67,-6.74,-132.92,-18.28,-138.62,100.000,5.000,5.060,0.06,2.00,5.000,5.060,0.5,1,0,5,5,1,3,5,5,1,3,69E3,?,TR,GDA94,MSL,GRS80,B,DEG,m,m,m,um,m,m,um,m,m,m,m,um,m,m,um,99999,99999,ELN,W98,99999,ELN,DFA,AUSGEOID98,GRS80,99999,99999,31-DEC-99,31-DEC-99,Comment is null
196953,1969533625.00,4642318,136.577014,-30.734548,90.590,94.221,3.631,9793456.49,90.590,94.221,0.05,2.67,-71.48,-178.32,-82.74,-184.11,100.000,5.000,5.060,0.06,2.00,5.000,5.060,0.5,1,0,5,5,1,3,5,5,1,3,69E3,?,TR,GDA94,MSL,GRS80,B,DEG,m,m,m,um,m,m,um,m,m,m,m,um,m,m,um,99999,99999,ELN,W98,99999,ELN,DFA,AUSGEOID98,GRS80,99999,99999,31-DEC-99,31-DEC-99,Comment is null
196953,1969533626.00,4642319,136.492415,-30.741249,103.050,106.457,3.407,9793434.58,103.050,106.457,0.04,2.67,-60.95,-181.67,-71.52,-186.83,100.000,5.000,5.060,0.06,2.00,5.000,5.060,0.5,1,0,5,5,1,3,5,5,1,3,69E3,?,TR,GDA94,MSL,GRS80,B,DEG,m,m,m,um,m,m,um,m,m,m,m,um,m,m,um,99999,99999,ELN,W98,99999,ELN,DFA,AUSGEOID98,GRS80,99999,99999,31-DEC-99,31-DEC-99,Comment is null
196953,1969533627.00,5694775,136.495615,-30.785749,108.050,111.375,3.325,9793444.89,108.050,111.375,0.04,2.67,-70.81,-197.10,-81.11,-202.02,100.000,5.000,5.060,0.06,2.00,5.000,5.060,0.5,1,0,5,5,1,3,5,5,1,3,69E3,?,TR,GDA94,MSL,GRS80,B,DEG,m,m,m,um,m,m,um,m,m,m,m,um,m,m,um,99999,99999,ELN,W98,99999,ELN,DFA,AUSGEOID98,GRS80,99999,99999,31-DEC-99,31-DEC-99,Comment is null
196953,1969533628.00,5924037,136.504916,-30.845449,114.630,117.869,3.239,9793475.30,114.630,117.869,0.08,2.67,-67.80,-201.45,-77.83,-206.10,100.000,5.000,5.060,0.06,2.00,5.000,5.060,0.5,1,0,5,5,1,3,5,5,1,3,69E3,?,TR,GDA94,MSL,GRS80,B,DEG,m,m,m,um,m,m,um,m,m,m,m,um,m,m,um,99999,99999,ELN,W98,99999,ELN,DFA,AUSGEOID98,GRS80,99999,99999,31-DEC-99,31-DEC-99,Comment is null
196953,1969533629.00,4642320,136.488517,-30.887549,132.360,135.490,3.130,9793487.41,132.360,135.490,0.05,2.67,-34.82,-188.44,-44.50,-192.61,100.000,5.000,5.060,0.06,2.00,5.000,5.060,0.5,1,0,5,5,1,3,5,5,1,3,69E3,?,TR,GDA94,MSL,GRS80,B,DEG,m,m,m,um,m,m,um,m,m,m,m,um,m,m,um,99999,99999,ELN,W98,99999,ELN,DFA,AUSGEOID98,GRS80,99999,99999,31-DEC-99,31-DEC-99,Comment is null
196953,1969533630.00,4642321,136.494318,-30.952750,151.020,154.066,3.046,9793490.11,151.020,154.066,0.09,2.67,-26.72,-201.40,-36.13,-205.12,100.000,5.000,5.060,0.06,2.00,5.000,5.060,0.5,1,0,5,5,1,3,5,5,1,3,69E3,?,TR,GDA94,MSL,GRS80,B,DEG,m,m,m,um,m,m,um,m,m,m,m,um,m,m,um,99999,99999,ELN,W98,99999,ELN,DFA,AUSGEOID98,GRS80,99999,99999,31-DEC-99,31-DEC-99,Comment is null
196953,1969533631.00,5408513,136.565417,-30.943349,138.350,141.569,3.219,9793506.92,138.350,141.569,0.10,2.67,-40.98,-201.50,-50.94,-205.75,100.000,5.000,5.060,0.06,2.00,5.000,5.060,0.5,1,0,5,5,1,3,5,5,1,3,69E3,?,TR,GDA94,MSL,GRS80,B,DEG,m,m,m,um,m,m,um,m,m,m,m,um,m,m,um,99999,99999,ELN,W98,99999,ELN,DFA,AUSGEOID98,GRS80,99999,99999,31-DEC-99,31-DEC-99,Comment is null
196953,1969533632.00,4642322,136.655316,-30.949748,108.710,112.121,3.411,9793537.24,108.710,112.121,0.15,2.67,-106.62,-233.76,-117.19,-238.84,100.000,5.000,5.060,0.06,2.00,5.000,5.060,0.5,1,0,5,5,1,3,5,5,1,3,69E3,?,TR,GDA94,MSL,GRS80,B,DEG,m,m,m,um,m,m,um,m,m,m,m,um,m,m,um,99999,99999,ELN,W98,99999,ELN,DFA,AUSGEOID98,GRS80,99999,99999,31-DEC-99,31-DEC-99,Comment is null
196953,1969533633.00,4642323,136.630615,-30.887948,115.670,119.118,3.448,9793474.60,115.670,119.118,0.62,2.67,-98.46,-233.53,-109.13,-238.57,100.000,5.000,5.060,0.06,2.00,5.000,5.060,0.5,1,0,5,5,1,3,5,5,1,3,69E3,?,TR,GDA94,MSL,GRS80,B,DEG,m,m,m,um,m,m,um,m,m,m,m,um,m,m,um,99999,99999,ELN,W98,99999,ELN,DFA,AUSGEOID98,GRS80,99999,99999,31-DEC-99,31-DEC-99,Comment is null
196953,1969533634.00,5409794,136.571016,-30.876348,112.190,115.523,3.333,9793484.01,112.190,115.523,0.10,2.67,-90.91,-221.91,-101.24,-226.78,100.000,5.000,5.060,0.06,2.00,5.000,5.060,0.5,1,0,5,5,1,3,5,5,1,3,69E3,?,TR,GDA94,MSL,GRS80,B,DEG,m,m,m,um,m,m,um,m,m,m,m,um,m,m,um,99999,99999,ELN,W98,99999,ELN,DFA,AUSGEOID98,GRS80,99999,99999,31-DEC-99,31-DEC-99,Comment is null
196953,1969533635.00,4642324,136.562615,-30.824548,105.300,108.708,3.408,9793470.10,105.300,108.708,0.05,2.67,-84.65,-207.92,-95.21,-213.04,100.000,5.000,5.060,0.06,2.00,5.000,5.060,0.5,1,0,5,5,1,3,5,5,1,3,69E3,?,TR,GDA94,MSL,GRS80,B,DEG,m,m,m,um,m,m,um,m,m,m,m,um,m,m,um,99999,99999,ELN,W98,99999,ELN,DFA,AUSGEOID98,GRS80,99999,99999,31-DEC-99,31-DEC-99,Comment is null
196953,1969533636.00,4642325,136.569815,-30.787148,98.760,102.257,3.497,9793460.09,98.760,102.257,0.07,2.67,-84.84,-200.80,-95.69,-206.20,100.000,5.000,5.060,0.06,2.00,5.000,5.060,0.5,1,0,5,5,1,3,5,5,1,3,69E3,?,TR,GDA94,MSL,GRS80,B,DEG,m,m,m,um,m,m,um,m,m,m,m,um,m,m,um,99999,99999,ELN,W98,99999,ELN,DFA,AUSGEOID98,GRS80,99999,99999,31-DEC-99,31-DEC-99,Comment is null
196953,1969533637.00,4642326,136.630214,-30.786947,105.920,109.564,3.644,9793437.78,105.920,109.564,0.06,2.67,-84.45,-208.69,-95.74,-214.26,100.000,5.000,5.060,0.06,2.00,5.000,5.060,0.5,1,0,5,5,1,3,5,5,1,3,69E3,?,TR,GDA94,MSL,GRS80,B,DEG,m,m,m,um,m,m,um,m,m,m,m,um,m,m,um,99999,99999,ELN,W98,99999,ELN,DFA,AUSGEOID98,GRS80,99999,99999,31-DEC-99,31-DEC-99,Comment is null
196953,1969533638.00,4642327,136.617815,-30.840348,110.820,114.328,3.508,9793449.69,110.820,114.328,0.05,2.67,-100.28,-229.92,-111.15,-235.16,100.000,5.000,5.060,0.06,2.00,5.000,5.060,0.5,1,0,5,5,1,3,5,5,1,3,69E3,?,TR,GDA94,MSL,GRS80,B,DEG,m,m,m,um,m,m,um,m,m,m,m,um,m,m,um,99999,99999,ELN,W98,99999,ELN,DFA,AUSGEOID98,GRS80,99999,99999,31-DEC-99,31-DEC-99,Comment is null
196953,1969533639.00,4642328,136.696214,-30.848647,122.960,126.641,3.681,9793429.38,122.960,126.641,0.04,2.67,-89.20,-232.80,-100.59,-238.19,100.000,5.000,5.060,0.06,2.00,5.000,5.060,0.5,1,0,5,5,1,3,5,5,1,3,69E3,?,TR,GDA94,MSL,GRS80,B,DEG,m,m,m,um,m,m,um,m,m,m,m,um,m,m,um,99999,99999,ELN,W98,99999,ELN,DFA,AUSGEOID98,GRS80,99999,99999,31-DEC-99,31-DEC-99,Comment is null
196953,1969533640.00,5183863,136.694815,-30.904247,122.710,126.280,3.570,9793463.70,122.710,126.280,0.06,2.67,-100.24,-243.43,-111.29,-248.60,100.000,5.000,5.060,0.06,2.00,5.000,5.060,0.5,1,0,5,5,1,3,5,5,1,3,69E3,?,TR,GDA94,MSL,GRS80,B,DEG,m,m,m,um,m,m,um,m,m,m,m,um,m,m,um,99999,99999,ELN,W98,99999,ELN,DFA,AUSGEOID98,GRS80,99999,99999,31-DEC-99,31-DEC-99,Comment is null
196953,1969533641.00,5262838,136.691216,-30.971148,103.300,106.763,3.463,9793554.04,103.300,106.763,0.39,2.67,-123.40,-244.46,-134.13,-249.72,100.000,5.000,5.060,0.06,2.00,5.000,5.060,0.5,1,0,5,5,1,3,5,5,1,3,69E3,?,TR,GDA94,MSL,GRS80,B,DEG,m,m,m,um,m,m,um,m,m,m,m,um,m,m,um,99999,99999,ELN,W98,99999,ELN,DFA,AUSGEOID98,GRS80,99999,99999,31-DEC-99,31-DEC-99,Comment is null
196953,1969533642.00,4642329,136.752915,-30.962147,119.730,123.349,3.619,9793521.73,119.730,123.349,0.50,2.67,-97.37,-237.23,-108.57,-242.55,100.000,5.000,5.060,0.06,2.00,5.000,5.060,0.5,1,0,5,5,1,3,5,5,1,3,69E3,?,TR,GDA94,MSL,GRS80,B,DEG,m,m,m,um,m,m,um,m,m,m,m,um,m,m,um,99999,99999,ELN,W98,99999,ELN,DFA,AUSGEOID98,GRS80,99999,99999,31-DEC-99,31-DEC-99,Comment is null
196953,1969533643.00,4642330,136.816815,-30.975346,109.670,113.428,3.758,9793569.25,109.670,113.428,0.24,2.67,-90.97,-219.59,-102.61,-225.33,100.000,5.000,5.060,0.06,2.00,5.000,5.060,0.5,1,0,5,5,1,3,5,5,1,3,69E3,?,TR,GDA94,MSL,GRS80,B,DEG,m,m,m,um,m,m,um,m,m,m,m,um,m,m,um,99999,99999,ELN,W98,99999,ELN,DFA,AUSGEOID98,GRS80,99999,99999,31-DEC-99,31-DEC-99,Comment is null
196953,1969533644.00,5848261,136.773514,-30.902347,96.150,99.913,3.763,9793539.24,96.150,99.913,0.23,2.67,-104.54,-217.84,-116.20,-223.79,100.000,5.000,5.060,0.06,2.00,5.000,5.060,0.5,1,0,5,5,1,3,5,5,1,3,69E3,?,TR,GDA94,MSL,GRS80,B,DEG,m,m,m,um,m,m,um,m,m,m,m,um,m,m,um,99999,99999,ELN,W98,99999,ELN,DFA,AUSGEOID98,GRS80,99999,99999,31-DEC-99,31-DEC-99,Comment is null
196953,1969533645.00,4642331,136.758214,-30.849946,120.360,124.189,3.829,9793446.49,120.360,124.189,0.06,2.67,-80.69,-221.51,-92.54,-227.22,100.000,5.000,5.060,0.06,2.00,5.000,5.060,0.5,1,0,5,5,1,3,5,5,1,3,69E3,?,TR,GDA94,MSL,GRS80,B,DEG,m,m,m,um,m,m,um,m,m,m,m,um,m,m,um,99999,99999,ELN,W98,99999,ELN,DFA,AUSGEOID98,GRS80,99999,99999,31-DEC-99,31-DEC-99,Comment is null
196953,1969533646.00,5409111,136.759913,-30.787046,120.690,124.652,3.962,9793391.86,120.690,124.652,0.06,2.67,-83.90,-225.24,-96.16,-231.21,100.000,5.000,5.060,0.06,2.00,5.000,5.060,0.5,1,0,5,5,1,3,5,5,1,3,69E3,?,TR,GDA94,MSL,GRS80,B,DEG,m,m,m,um,m,m,um,m,m,m,m,um,m,m,um,99999,99999,ELN,W98,99999,ELN,DFA,AUSGEOID98,GRS80,99999,99999,31-DEC-99,31-DEC-99,Comment is null
196953,1969533647.00,5681798,136.710613,-30.778847,109.000,112.857,3.857,9793388.96,109.000,112.857,0.04,2.67,-116.68,-244.65,-128.63,-250.60,100.000,5.000,5.060,0.06,2.00,5.000,5.060,0.5,1,0,5,5,1,3,5,5,1,3,69E3,?,TR,GDA94,MSL,GRS80,B,DEG,m,m,m,um,m,m,um,m,m,m,m,um,m,m,um,99999,99999,ELN,W98,99999,ELN,DFA,AUSGEOID98,GRS80,99999,99999,31-DEC-99,31-DEC-99,Comment is null
196953,1969533680.00,5746200,136.635113,-30.719047,98.780,102.592,3.812,9793422.97,98.780,102.592,0.04,2.67,-66.87,-183.21,-78.69,-189.22,100.000,5.000,5.060,0.06,2.00,5.000,5.060,0.5,1,0,5,5,1,3,5,5,1,3,69E3,?,TR,GDA94,MSL,GRS80,B,DEG,m,m,m,um,m,m,um,m,m,m,m,um,m,m,um,99999,99999,ELN,W98,99999,ELN,DFA,AUSGEOID98,GRS80,99999,99999,31-DEC-99,31-DEC-99,Comment is null
196953,1969533701.00,5408345,136.900011,-30.789345,83.820,88.118,4.298,9793516.52,83.820,88.118,0.19,2.67,-73.78,-173.71,-87.11,-180.90,100.000,5.000,5.060,0.06,2.00,5.000,5.060,0.5,1,0,5,5,1,3,5,5,1,3,69E3,?,TR,GDA94,MSL,GRS80,B,DEG,m,m,m,um,m,m,um,m,m,m,m,um,m,m,um,99999,99999,ELN,W98,99999,ELN,DFA,AUSGEOID98,GRS80,99999,99999,31-DEC-99,31-DEC-99,Comment is null
196953,1969533702.00,4642332,137.025809,-30.683643,106.670,111.523,4.853,9793367.35,106.670,111.523,0.08,2.67,-66.87,-193.33,-81.89,-201.25,100.000,5.000,5.060,0.06,2.00,5.000,5.060,0.5,1,0,5,5,1,3,5,5,1,3,69E3,?,TR,GDA94,MSL,GRS80,B,DEG,m,m,m,um,m,m,um,m,m,m,m,um,m,m,um,99999,99999,ELN,W98,99999,ELN,DFA,AUSGEOID98,GRS80,99999,99999,31-DEC-99,31-DEC-99,Comment is null
196953,1969533703.00,4642333,137.008208,-30.610843,103.320,108.318,4.998,9793328.62,103.320,108.318,0.10,2.67,-57.80,-180.63,-73.28,-188.89,100.000,5.000,5.060,0.06,2.00,5.000,5.060,0.5,1,0,5,5,1,3,5,5,1,3,69E3,?,TR,GDA94,MSL,GRS80,B,DEG,m,m,m,um,m,m,um,m,m,m,m,um,m,m,um,99999,99999,ELN,W98,99999,ELN,DFA,AUSGEOID98,GRS80,99999,99999,31-DEC-99,31-DEC-99,Comment is null
196953,1969533704.00,4642334,137.006407,-30.573643,103.510,108.599,5.089,9793320.52,103.510,108.599,0.06,2.67,-35.60,-158.75,-51.36,-167.18,100.000,5.000,5.060,0.06,2.00,5.000,5.060,0.5,1,0,5,5,1,3,5,5,1,3,69E3,?,TR,GDA94,MSL,GRS80,B,DEG,m,m,m,um,m,m,um,m,m,m,m,um,m,m,um,99999,99999,ELN,W98,99999,ELN,DFA,AUSGEOID98,GRS80,99999,99999,31-DEC-99,31-DEC-99,Comment is null
196953,1969533705.00,5408834,137.086006,-30.562442,128.400,133.722,5.322,9793233.17,128.400,133.722,0.20,2.67,-36.57,-188.20,-53.03,-196.71,100.000,5.000,5.060,0.06,2.00,5.000,5.060,0.5,1,1,5,5,1,3,5,5,1,3,69E3,?,TR,GDA94,MSL,GRS80,B,DEG,m,m,m,um,m,m,um,m,m,m,m,um,m,m,um,99999,99999,ELN,W98,99999,ELN,DFA,AUSGEOID98,GRS80,99999,99999,31-DEC-99,31-DEC-99,Comment is null
196953,1969533706.00,4642335,137.138006,-30.555541,109.030,114.513,5.483,9793277.30,109.030,114.513,0.17,2.67,-46.26,-176.11,-63.23,-185.23,100.000,5.000,5.060,0.06,2.00,5.000,5.060,0.5,1,0,5,5,1,3,5,5,1,3,69E3,?,TR,GDA94,MSL,GRS80,B,DEG,m,m,m,um,m,m,um,m,m,m,m,um,m,m,um,99999,99999,ELN,W98,99999,ELN,DFA,AUSGEOID98,GRS80,99999,99999,31-DEC-99,31-DEC-99,Comment is null
196953,1969533707.00,4642336,137.144406,-30.606741,123.230,128.593,5.363,9793261.79,123.230,128.593,0.10,2.67,-58.83,-204.64,-75.42,-213.31,100.000,5.000,5.060,0.06,2.00,5.000,5.060,0.5,1,1,5,5,1,3,5,5,1,3,69E3,?,TR,GDA94,MSL,GRS80,B,DEG,m,m,m,um,m,m,um,m,m,m,m,um,m,m,um,99999,99999,ELN,W98,99999,ELN,DFA,AUSGEOID98,GRS80,99999,99999,31-DEC-99,31-DEC-99,Comment is null
196953,1969533708.00,5699081,137.072107,-30.604642,119.840,125.017,5.177,9793279.10,119.840,125.017,0.06,2.67,-50.90,-192.65,-66.91,-201.01,100.000,5.000,5.060,0.06,2.00,5.000,5.060,0.5,1,1,5,5,1,3,5,5,1,3,69E3,?,TR,GDA94,MSL,GRS80,B,DEG,m,m,m,um,m,m,um,m,m,m,m,um,m,m,um,99999,99999,ELN,W98,99999,ELN,DFA,AUSGEOID98,GRS80,99999,99999,31-DEC-99,31-DEC-99,Comment is null
196953,1969533709.00,5908263,137.086008,-30.675042,98.320,103.347,5.027,9793371.15,98.320,103.347,0.17,2.67,-81.47,-198.66,-97.04,-207.06,100.000,5.000,5.060,0.06,2.00,5.000,5.060,0.5,1,1,5,5,1,3,5,5,1,3,69E3,?,TR,GDA94,MSL,GRS80,B,DEG,m,m,m,um,m,m,um,m,m,m,m,um,m,m,um,99999,99999,ELN,W98,99999,ELN,DFA,AUSGEOID98,GRS80,99999,99999,31-DEC-99,31-DEC-99,Comment is null
196953,1969533710.00,4642337,137.153407,-30.667942,118.510,123.728,5.218,9793296.11,118.510,123.728,0.14,2.67,-88.00,-228.30,-104.14,-236.75,100.000,5.000,5.060,0.06,2.00,5.000,5.060,0.5,1,1,5,5,1,3,5,5,1,3,69E3,?,TR,GDA94,MSL,GRS80,B,DEG,m,m,m,um,m,m,um,m,m,m,m,um,m,m,um,99999,99999,ELN,W98,99999,ELN,DFA,AUSGEOID98,GRS80,99999,99999,31-DEC-99,31-DEC-99,Comment is null
196953,1969533711.00,4642338,137.077009,-30.723243,107.260,112.152,4.892,9793421.17,107.260,112.152,0.05,2.67,-42.50,-169.68,-57.64,-177.67,100.000,5.000,5.060,0.06,2.00,5.000,5.060,0.5,1,0,5,5,1,3,5,5,1,3,69E3,?,TR,GDA94,MSL,GRS80,B,DEG,m,m,m,um,m,m,um,m,m,m,m,um,m,m,um,99999,99999,ELN,W98,99999,ELN,DFA,AUSGEOID98,GRS80,99999,99999,31-DEC-99,31-DEC-99,Comment is null
196953,1969533712.00,4642339,137.023509,-30.743943,84.570,89.281,4.711,9793481.71,84.570,89.281,0.31,2.67,-68.96,-170.21,-83.56,-178.20,100.000,5.000,5.060,0.06,2.00,5.000,5.060,0.5,1,0,5,5,1,3,5,5,1,3,69E3,?,TR,GDA94,MSL,GRS80,B,DEG,m,m,m,um,m,m,um,m,m,m,m,um,m,m,um,99999,99999,ELN,W98,99999,ELN,DFA,AUSGEOID98,GRS80,99999,99999,31-DEC-99,31-DEC-99,Comment is null
196953,1969533713.00,5765298,136.959609,-30.674544,73.880,78.590,4.710,9793452.59,73.880,78.590,0.29,2.67,-76.02,-165.15,-90.63,-173.30,100.000,5.000,5.060,0.06,2.00,5.000,5.060,0.5,1,0,5,5,1,3,5,5,1,3,69E3,?,TR,GDA94,MSL,GRS80,B,DEG,m,m,m,um,m,m,um,m,m,m,m,um,m,m,um,99999,99999,ELN,W98,99999,ELN,DFA,AUSGEOID98,GRS80,99999,99999,31-DEC-99,31-DEC-99,Comment is null
196953,1969533714.00,5973654,136.956808,-30.619943,91.460,96.309,4.849,9793347.73,91.460,96.309,0.10,2.67,-82.95,-192.16,-97.97,-200.32,100.000,5.000,5.060,0.06,2.00,5.000,5.060,0.5,1,0,5,5,1,3,5,5,1,3,69E3,?,TR,GDA94,MSL,GRS80,B,DEG,m,m,m,um,m,m,um,m,m,m,m,um,m,m,um,99999,99999,ELN,W98,99999,ELN,DFA,AUSGEOID98,GRS80,99999,99999,31-DEC-99,31-DEC-99,Comment is null
196953,1969533715.00,4642340,136.957008,-30.556943,104.570,109.579,5.009,9793385.75,104.570,109.579,0.21,2.67,45.87,-78.39,30.36,-86.66,100.000,5.000,5.060,0.06,2.00,5.000,5.060,0.5,1,0,5,5,1,3,5,5,1,3,69E3,?,TR,GDA94,MSL,GRS80,B,DEG,m,m,m,um,m,m,um,m,m,m,m,um,m,m,um,99999,99999,ELN,W98,99999,ELN,DFA,AUSGEOID98,GRS80,99999,99999,31-DEC-99,31-DEC-99,Comment is null
196953,1969533716.00,4642341,136.957007,-30.506243,101.190,106.314,5.124,9793310.52,101.190,106.314,0.08,2.67,0.63,-119.93,-15.24,-128.47,100.000,5.000,5.060,0.06,2.00,5.000,5.060,0.5,1,0,5,5,1,3,5,5,1,3,69E3,?,TR,GDA94,MSL,GRS80,B,DEG,m,m,m,um,m,m,um,m,m,m,m,um,m,m,um,99999,99999,ELN,W98,99999,ELN,DFA,AUSGEOID98,GRS80,99999,99999,31-DEC-99,31-DEC-99,Comment is null
196953,1969533717.00,5786906,136.885908,-30.508944,93.730,98.647,4.917,9793282.70,93.730,98.647,0.06,2.67,-52.98,-164.84,-68.21,-173.09,100.000,5.000,5.060,0.06,2.00,5.000,5.060,0.5,1,0,5,5,1,3,5,5,1,3,69E3,?,TR,GDA94,MSL,GRS80,B,DEG,m,m,m,um,m,m,um,m,m,m,m,um,m,m,um,99999,99999,ELN,W98,99999,ELN,DFA,AUSGEOID98,GRS80,99999,99999,31-DEC-99,31-DEC-99,Comment is null
196953,1969533718.00,5809383,136.883208,-30.561344,97.630,102.432,4.802,9793320.22,97.630,102.432,0.04,2.67,-45.20,-161.36,-60.08,-169.32,100.000,5.000,5.060,0.06,2.00,5.000,5.060,0.5,1,0,5,5,1,3,5,5,1,3,69E3,?,TR,GDA94,MSL,GRS80,B,DEG,m,m,m,um,m,m,um,m,m,m,m,um,m,m,um,99999,99999,ELN,W98,99999,ELN,DFA,AUSGEOID98,GRS80,99999,99999,31-DEC-99,31-DEC-99,Comment is null
196953,1969533719.00,4642342,136.878109,-30.620644,100.210,104.870,4.660,9793390.46,100.210,104.870,0.03,2.67,-14.37,-133.29,-28.80,-140.94,100.000,5.000,5.060,0.06,2.00,5.000,5.060,0.5,1,0,5,5,1,3,5,5,1,3,69E3,?,TR,GDA94,MSL,GRS80,B,DEG,m,m,m,um,m,m,um,m,m,m,m,um,m,m,um,99999,99999,ELN,W98,99999,ELN,DFA,AUSGEOID98,GRS80,99999,99999,31-DEC-99,31-DEC-99,Comment is null
196953,1969533720.00,5715198,136.901110,-30.675744,107.530,112.093,4.563,9793370.55,107.530,112.093,0.20,2.67,-55.64,-182.75,-69.77,-190.10,100.000,5.000,5.060,0.06,2.00,5.000,5.060,0.5,1,0,5,5,1,3,5,5,1,3,69E3,?,TR,GDA94,MSL,GRS80,B,DEG,m,m,m,um,m,m,um,m,m,m,m,um,m,m,um,99999,99999,ELN,W98,99999,ELN,DFA,AUSGEOID98,GRS80,99999,99999,31-DEC-99,31-DEC-99,Comment is null
196953,1969533725.00,4642343,136.891311,-30.731745,118.530,122.938,4.408,9793346.13,118.530,122.938,0.34,2.67,-91.01,-230.41,-104.65,-237.28,100.000,5.000,5.060,0.06,2.00,5.000,5.060,0.5,1,0,5,5,1,3,5,5,1,3,69E3,?,TR,GDA94,MSL,GRS80,B,DEG,m,m,m,um,m,m,um,m,m,m,m,um,m,m,um,99999,99999,ELN,W98,99999,ELN,DFA,AUSGEOID98,GRS80,99999,99999,31-DEC-99,31-DEC-99,Comment is null
196953,1969533726.00,4642344,136.831111,-30.732345,103.130,107.393,4.263,9793387.96,103.130,107.393,0.05,2.67,-97.62,-219.40,-110.83,-226.23,100.000,5.000,5.060,0.06,2.00,5.000,5.060,0.5,1,0,5,5,1,3,5,5,1,3,69E3,?,TR,GDA94,MSL,GRS80,B,DEG,m,m,m,um,m,m,um,m,m,m,m,um,m,m,um,99999,99999,ELN,W98,99999,ELN,DFA,AUSGEOID98,GRS80,99999,99999,31-DEC-99,31-DEC-99,Comment is null
196953,1969533727.00,4642345,136.827412,-30.795245,104.300,108.410,4.110,9793451.89,104.300,108.410,0.12,2.67,-80.49,-203.43,-93.22,-209.94,100.000,5.000,5.060,0.06,2.00,5.000,5.060,0.5,1,0,5,5,1,3,5,5,1,3,69E3,?,TR,GDA94,MSL,GRS80,B,DEG,m,m,m,um,m,m,um,m,m,m,m,um,m,m,um,99999,99999,ELN,W98,99999,ELN,DFA,AUSGEOID98,GRS80,99999,99999,31-DEC-99,31-DEC-99,Comment is null
196953,1969533728.00,5409328,136.834513,-30.846446,103.800,107.821,4.021,9793483.71,103.800,107.821,0.26,2.67,-91.19,-213.45,-103.65,-219.80,100.000,5.000,5.060,0.06,2.00,5.000,5.060,0.5,1,0,5,5,1,3,5,5,1,3,69E3,?,TR,GDA94,MSL,GRS80,B,DEG,m,m,m,um,m,m,um,m,m,m,m,um,m,m,um,99999,99999,ELN,W98,99999,ELN,DFA,AUSGEOID98,GRS80,99999,99999,31-DEC-99,31-DEC-99,Comment is null
196953,1969533729.00,5924038,136.829814,-30.900646,109.050,112.955,3.905,9793509.02,109.050,112.955,0.16,2.67,-93.16,-221.24,-105.25,-227.28,100.000,5.000,5.060,0.06,2.00,5.000,5.060,0.5,1,0,5,5,1,3,5,5,1,3,69E3,?,TR,GDA94,MSL,GRS80,B,DEG,m,m,m,um,m,m,um,m,m,m,m,um,m,m,um,99999,99999,ELN,W98,99999,ELN,DFA,AUSGEOID98,GRS80,99999,99999,31-DEC-99,31-DEC-99,Comment is null
196953,1969533730.00,4642346,136.894014,-30.965046,127.460,131.432,3.972,9793535.33,127.460,131.432,0.06,2.67,-61.13,-210.16,-73.42,-216.04,100.000,5.000,5.060,0.06,2.00,5.000,5.060,0.5,1,0,5,5,1,3,5,5,1,3,69E3,?,TR,GDA94,MSL,GRS80,B,DEG,m,m,m,um,m,m,um,m,m,m,m,um,m,m,um,99999,99999,ELN,W98,99999,ELN,DFA,AUSGEOID98,GRS80,99999,99999,31-DEC-99,31-DEC-99,Comment is null
196953,1969533731.00,5409492,136.956113,-30.951045,99.170,103.322,4.152,9793609.67,99.170,103.322,0.17,2.67,-62.37,-179.53,-75.23,-186.20,100.000,5.000,5.060,0.06,2.00,5.000,5.060,0.5,1,0,5,5,1,3,5,5,1,3,69E3,?,TR,GDA94,MSL,GRS80,B,DEG,m,m,m,um,m,m,um,m,m,m,m,um,m,m,um,99999,99999,ELN,W98,99999,ELN,DFA,AUSGEOID98,GRS80,99999,99999,31-DEC-99,31-DEC-99,Comment is null
196953,1969533732.00,5410159,136.946212,-30.908245,115.460,119.643,4.183,9793502.12,115.460,119.643,0.16,2.67,-85.48,-221.14,-98.42,-227.62,100.000,5.000,5.060,0.06,2.00,5.000,5.060,0.5,1,0,5,5,1,3,5,5,1,3,69E3,?,TR,GDA94,MSL,GRS80,B,DEG,m,m,m,um,m,m,um,m,m,m,m,um,m,m,um,99999,99999,ELN,W98,99999,ELN,DFA,AUSGEOID98,GRS80,99999,99999,31-DEC-99,31-DEC-99,Comment is null
196953,1969533733.00,4642347,136.902613,-30.893445,111.880,115.977,4.097,9793488.31,111.880,115.977,0.08,2.67,-98.81,-230.32,-111.50,-236.69,100.000,5.000,5.060,0.06,2.00,5.000,5.060,0.5,1,0,5,5,1,3,5,5,1,3,69E3,?,TR,GDA94,MSL,GRS80,B,DEG,m,m,m,um,m,m,um,m,m,m,m,um,m,m,um,99999,99999,ELN,W98,99999,ELN,DFA,AUSGEOID98,GRS80,99999,99999,31-DEC-99,31-DEC-99,Comment is null
196953,1969533734.00,4642348,136.884512,-30.842745,73.730,77.881,4.151,9793557.65,73.730,77.881,0.36,2.67,-106.69,-195.01,-119.57,-202.07,100.000,5.000,5.060,0.06,2.00,5.000,5.060,0.5,1,0,5,5,1,3,5,5,1,3,69E3,?,TR,GDA94,MSL,GRS80,B,DEG,m,m,m,um,m,m,um,m,m,m,m,um,m,m,um,99999,99999,ELN,W98,99999,ELN,DFA,AUSGEOID98,GRS80,99999,99999,31-DEC-99,31-DEC-99,Comment is null
196953,1969533735.00,4642349,136.941710,-30.727144,109.630,114.174,4.544,9793392.76,109.630,114.174,0.22,2.67,-67.77,-197.24,-81.84,-204.51,100.000,5.000,5.060,0.06,2.00,5.000,5.060,0.5,1,0,5,5,1,3,5,5,1,3,69E3,?,TR,GDA94,MSL,GRS80,B,DEG,m,m,m,um,m,m,um,m,m,m,m,um,m,m,um,99999,99999,ELN,W98,99999,ELN,DFA,AUSGEOID98,GRS80,99999,99999,31-DEC-99,31-DEC-99,Comment is null
196953,1969533737.00,4642350,136.963711,-30.791144,83.880,88.328,4.448,9793483.71,83.880,88.328,0.18,2.67,-107.38,-207.55,-121.17,-215.03,100.000,5.000,5.060,0.06,2.00,5.000,5.060,0.5,1,0,5,5,1,3,5,5,1,3,69E3,?,TR,GDA94,MSL,GRS80,B,DEG,m,m,m,um,m,m,um,m,m,m,m,um,m,m,um,99999,99999,ELN,W98,99999,ELN,DFA,AUSGEOID98,GRS80,99999,99999,31-DEC-99,31-DEC-99,Comment is null
196953,1969533738.00,4642351,136.951712,-30.857144,98.210,102.492,4.282,9793484.61,98.210,102.492,0.15,2.67,-115.24,-231.46,-128.51,-238.40,100.000,5.000,5.060,0.06,2.00,5.000,5.060,0.5,1,0,5,5,1,3,5,5,1,3,69E3,?,TR,GDA94,MSL,GRS80,B,DEG,m,m,m,um,m,m,um,m,m,m,m,um,m,m,um,99999,99999,ELN,W98,99999,ELN,DFA,AUSGEOID98,GRS80,99999,99999,31-DEC-99,31-DEC-99,Comment is null
196953,1969533739.00,4642352,137.008711,-30.853644,91.260,95.685,4.425,9793455.99,91.260,95.685,0.13,2.67,-162.07,-270.58,-175.79,-277.91,100.000,5.000,5.060,0.06,2.00,5.000,5.060,0.5,1,1,5,5,1,3,5,5,1,3,69E3,?,TR,GDA94,MSL,GRS80,B,DEG,m,m,m,um,m,m,um,m,m,m,m,um,m,m,um,99999,99999,ELN,W98,99999,ELN,DFA,AUSGEOID98,GRS80,99999,99999,31-DEC-99,31-DEC-99,Comment is null
196953,1969533740.00,5867891,137.028012,-30.902944,101.650,106.043,4.393,9793508.52,101.650,106.043,0.10,2.67,-116.82,-237.06,-130.42,-244.17,100.000,5.000,5.060,0.06,2.00,5.000,5.060,0.5,1,0,5,5,1,3,5,5,1,3,69E3,?,TR,GDA94,MSL,GRS80,B,DEG,m,m,m,um,m,m,um,m,m,m,m,um,m,m,um,99999,99999,ELN,W98,99999,ELN,DFA,AUSGEOID98,GRS80,99999,99999,31-DEC-99,31-DEC-99,Comment is null
196953,1969533741.00,5408514,137.041012,-30.969944,125.940,130.282,4.342,9793581.76,125.940,130.282,0.09,2.67,-22.16,-169.88,-35.59,-176.51,100.000,5.000,5.060,0.06,2.00,5.000,5.060,0.5,1,0,5,5,1,3,5,5,1,3,69E3,?,TR,GDA94,MSL,GRS80,B,DEG,m,m,m,um,m,m,um,m,m,m,m,um,m,m,um,99999,99999,ELN,W98,99999,ELN,DFA,AUSGEOID98,GRS80,99999,99999,31-DEC-99,31-DEC-99,Comment is null
196953,1969533742.00,4642353,137.086012,-30.966644,127.030,131.489,4.459,9793553.04,127.030,131.489,0.10,2.67,-44.52,-193.61,-58.31,-200.45,100.000,5.000,5.060,0.06,2.00,5.000,5.060,0.5,1,0,5,5,1,3,5,5,1,3,69E3,?,TR,GDA94,MSL,GRS80,B,DEG,m,m,m,um,m,m,um,m,m,m,m,um,m,m,um,99999,99999,ELN,W98,99999,ELN,DFA,AUSGEOID98,GRS80,99999,99999,31-DEC-99,31-DEC-99,Comment is null
196953,1969533743.00,5409795,137.134711,-30.955843,137.920,142.516,4.596,9793503.32,137.920,142.516,0.14,2.67,-51.62,-213.21,-65.82,-220.15,100.000,5.000,5.060,0.06,2.00,5.000,5.060,0.5,1,1,5,5,1,3,5,5,1,3,69E3,?,TR,GDA94,MSL,GRS80,B,DEG,m,m,m,um,m,m,um,m,m,m,m,um,m,m,um,99999,99999,ELN,W98,99999,ELN,DFA,AUSGEOID98,GRS80,99999,99999,31-DEC-99,31-DEC-99,Comment is null
196953,1969533744.00,4642354,137.094511,-30.907043,124.570,129.122,4.552,9793467.40,124.570,129.122,0.10,2.67,-89.99,-236.40,-104.07,-243.46,100.000,5.000,5.060,0.06,2.00,5.000,5.060,0.5,1,0,5,5,1,3,5,5,1,3,69E3,?,TR,GDA94,MSL,GRS80,B,DEG,m,m,m,um,m,m,um,m,m,m,m,um,m,m,um,99999,99999,ELN,W98,99999,ELN,DFA,AUSGEOID98,GRS80,99999,99999,31-DEC-99,31-DEC-99,Comment is null
196953,1969533745.00,4642355,137.081410,-30.851643,123.500,128.110,4.610,9793396.46,123.500,128.110,0.13,2.67,-119.97,-265.23,-134.23,-272.42,100.000,5.000,5.060,0.06,2.00,5.000,5.060,0.5,1,1,5,5,1,3,5,5,1,3,69E3,?,TR,GDA94,MSL,GRS80,B,DEG,m,m,m,um,m,m,um,m,m,m,m,um,m,m,um,99999,99999,ELN,W98,99999,ELN,DFA,AUSGEOID98,GRS80,99999,99999,31-DEC-99,31-DEC-99,Comment is null
196953,1969533746.00,5262839,137.081610,-30.797843,103.800,108.523,4.723,9793402.76,103.800,108.523,0.16,2.67,-131.34,-254.40,-145.96,-262.11,100.000,5.000,5.060,0.06,2.00,5.000,5.060,0.5,1,1,5,5,1,3,5,5,1,3,69E3,?,TR,GDA94,MSL,GRS80,B,DEG,m,m,m,um,m,m,um,m,m,m,m,um,m,m,um,99999,99999,ELN,W98,99999,ELN,DFA,AUSGEOID98,GRS80,99999,99999,31-DEC-99,31-DEC-99,Comment is null
196953,1969533747.00,5408346,137.022210,-30.788943,102.570,107.166,4.596,9793417.07,102.570,107.166,0.09,2.67,-114.14,-235.67,-128.38,-243.15,100.000,5.000,5.060,0.06,2.00,5.000,5.060,0.5,1,0,5,5,1,3,5,5,1,3,69E3,?,TR,GDA94,MSL,GRS80,B,DEG,m,m,m,um,m,m,um,m,m,m,m,um,m,m,um,99999,99999,ELN,W98,99999,ELN,DFA,AUSGEOID98,GRS80,99999,99999,31-DEC-99,31-DEC-99,Comment is null
196953,1969533801.00,4642356,137.317006,-30.740340,76.050,81.571,5.521,9793510.52,76.050,81.571,0.36,2.67,-61.08,-153.58,-78.18,-163.28,100.000,5.000,5.060,0.06,2.00,5.000,5.060,0.5,1,0,5,5,1,3,5,5,1,3,69E3,?,TR,GDA94,MSL,GRS80,B,DEG,m,m,m,um,m,m,um,m,m,m,m,um,m,m,um,99999,99999,ELN,W98,99999,ELN,DFA,AUSGEOID98,GRS80,99999,99999,31-DEC-99,31-DEC-99,Comment is null
196953,1969533802.00,5880233,137.344605,-30.663640,89.110,94.873,5.763,9793383.45,89.110,94.873,0.31,2.67,-86.28,-193.86,-104.12,-203.83,100.000,5.000,5.060,0.06,2.00,5.000,5.060,0.5,1,0,5,5,1,3,5,5,1,3,69E3,?,TR,GDA94,MSL,GRS80,B,DEG,m,m,m,um,m,m,um,m,m,m,m,um,m,m,um,99999,99999,ELN,W98,99999,ELN,DFA,AUSGEOID98,GRS80,99999,99999,31-DEC-99,31-DEC-99,Comment is null
196953,1969533803.00,5408835,137.345304,-30.611339,41.530,47.414,5.884,9793438.68,41.530,47.414,0.79,2.67,-136.05,-189.83,-154.32,-200.79,100.000,5.000,5.060,0.06,2.00,5.000,5.060,0.5,1,0,5,5,1,3,5,5,1,3,69E3,?,TR,GDA94,MSL,GRS80,B,DEG,m,m,m,um,m,m,um,m,m,m,m,um,m,m,um,99999,99999,ELN,W98,99999,ELN,DFA,AUSGEOID98,GRS80,99999,99999,31-DEC-99,31-DEC-99,Comment is null
196953,1969533804.00,5746201,137.338104,-30.556439,92.340,98.357,6.017,9793361.44,92.340,98.357,0.36,2.67,-12.67,-124.21,-31.30,-134.63,100.000,5.000,5.060,0.06,2.00,5.000,5.060,0.5,1,0,5,5,1,3,5,5,1,3,69E3,?,TR,GDA94,MSL,GRS80,B,DEG,m,m,m,um,m,m,um,m,m,m,m,um,m,m,um,99999,99999,ELN,W98,99999,ELN,DFA,AUSGEOID98,GRS80,99999,99999,31-DEC-99,31-DEC-99,Comment is null
196953,1969533805.00,4642357,137.385003,-30.563839,40.560,46.681,6.121,9793444.19,40.560,46.681,0.67,2.67,-95.23,-148.17,-114.22,-159.61,100.000,5.000,5.060,0.06,2.00,5.000,5.060,0.5,1,0,5,5,1,3,5,5,1,3,69E3,?,TR,GDA94,MSL,GRS80,B,DEG,m,m,m,um,m,m,um,m,m,m,m,um,m,m,um,99999,99999,ELN,W98,99999,ELN,DFA,AUSGEOID98,GRS80,99999,99999,31-DEC-99,31-DEC-99,Comment is null
196953,1969533806.00,4642358,137.399304,-30.607639,33.470,39.515,6.045,9793470.30,33.470,39.515,0.58,2.67,-125.88,-170.70,-144.65,-182.10,100.000,5.000,5.060,0.06,2.00,5.000,5.060,0.5,1,0,5,5,1,3,5,5,1,3,69E3,?,TR,GDA94,MSL,GRS80,B,DEG,m,m,m,um,m,m,um,m,m,m,m,um,m,m,um,99999,99999,ELN,W98,99999,ELN,DFA,AUSGEOID98,GRS80,99999,99999,31-DEC-99,31-DEC-99,Comment is null
196953,1969533807.00,4642359,137.405304,-30.666639,87.860,93.797,5.937,9793413.67,87.860,93.797,0.25,2.67,-61.76,-168.12,-80.14,-178.45,100.000,5.000,5.060,0.06,2.00,5.000,5.060,0.5,1,0,5,5,1,3,5,5,1,3,69E3,?,TR,GDA94,MSL,GRS80,B,DEG,m,m,m,um,m,m,um,m,m,m,m,um,m,m,um,99999,99999,ELN,W98,99999,ELN,DFA,AUSGEOID98,GRS80,99999,99999,31-DEC-99,31-DEC-99,Comment is null
196953,1969533808.00,4642360,137.406605,-30.732739,111.090,116.900,5.810,9793422.77,111.090,116.900,0.25,2.67,-33.79,-166.34,-51.76,-176.07,100.000,5.000,5.060,0.06,2.00,5.000,5.060,0.5,1,0,5,5,1,3,5,5,1,3,69E3,?,TR,GDA94,MSL,GRS80,B,DEG,m,m,m,um,m,m,um,m,m,m,m,um,m,m,um,99999,99999,ELN,W98,99999,ELN,DFA,AUSGEOID98,GRS80,99999,99999,31-DEC-99,31-DEC-99,Comment is null
196953,1969533809.00,4642361,137.271307,-30.728541,116.150,121.560,5.410,9793415.97,116.150,121.560,0.25,2.67,-22.88,-160.72,-39.61,-169.58,100.000,5.000,5.060,0.06,2.00,5.000,5.060,0.5,1,0,5,5,1,3,5,5,1,3,69E3,?,TR,GDA94,MSL,GRS80,B,DEG,m,m,m,um,m,m,um,m,m,m,m,um,m,m,um,99999,99999,ELN,W98,99999,ELN,DFA,AUSGEOID98,GRS80,99999,99999,31-DEC-99,31-DEC-99,Comment is null
196953,1969533813.00,4642362,137.266406,-30.671340,46.350,51.873,5.523,9793486.71,46.350,51.873,0.67,2.67,-121.80,-180.63,-138.94,-190.81,100.000,5.000,5.060,0.06,2.00,5.000,5.060,0.5,1,0,5,5,1,3,5,5,1,3,69E3,?,TR,GDA94,MSL,GRS80,B,DEG,m,m,m,um,m,m,um,m,m,m,m,um,m,m,um,99999,99999,ELN,W98,99999,ELN,DFA,AUSGEOID98,GRS80,99999,99999,31-DEC-99,31-DEC-99,Comment is null
196953,1969533814.00,5848262,137.262705,-30.606740,111.530,117.208,5.678,9793296.61,111.530,117.208,0.58,2.67,-59.14,-192.05,-76.71,-201.51,100.000,5.000,5.060,0.06,2.00,5.000,5.060,0.5,1,0,5,5,1,3,5,5,1,3,69E3,?,TR,GDA94,MSL,GRS80,B,DEG,m,m,m,um,m,m,um,m,m,m,m,um,m,m,um,99999,99999,ELN,W98,99999,ELN,DFA,AUSGEOID98,GRS80,99999,99999,31-DEC-99,31-DEC-99,Comment is null
196953,1969533815.00,4642363,137.272104,-30.564540,105.280,111.105,5.825,9793339.83,105.280,111.105,0.23,2.67,-1.36,-127.35,-19.38,-137.19,100.000,5.000,5.060,0.06,2.00,5.000,5.060,0.5,1,0,5,5,1,3,5,5,1,3,69E3,?,TR,GDA94,MSL,GRS80,B,DEG,m,m,m,um,m,m,um,m,m,m,m,um,m,m,um,99999,99999,ELN,W98,99999,ELN,DFA,AUSGEOID98,GRS80,99999,99999,31-DEC-99,31-DEC-99,Comment is null
196953,1969533816.00,4642364,137.275903,-30.498540,107.780,113.810,6.030,9793311.42,107.780,113.810,0.79,2.67,30.74,-98.31,12.09,-108.52,100.000,5.000,5.060,0.06,2.00,5.000,5.060,0.5,1,0,5,5,1,3,5,5,1,3,69E3,?,TR,GDA94,MSL,GRS80,B,DEG,m,m,m,um,m,m,um,m,m,m,m,um,m,m,um,99999,99999,ELN,W98,99999,ELN,DFA,AUSGEOID98,GRS80,99999,99999,31-DEC-99,31-DEC-99,Comment is null
196953,1969533817.00,4642365,137.211104,-30.501340,111.460,117.304,5.844,9793285.40,111.460,117.304,0.29,2.67,13.29,-119.72,-4.78,-129.51,100.000,5.000,5.060,0.06,2.00,5.000,5.060,0.5,1,1,5,5,1,3,5,5,1,3,69E3,?,TR,GDA94,MSL,GRS80,B,DEG,m,m,m,um,m,m,um,m,m,m,m,um,m,m,um,99999,99999,ELN,W98,99999,ELN,DFA,AUSGEOID98,GRS80,99999,99999,31-DEC-99,31-DEC-99,Comment is null
196953,1969533818.00,4642366,137.203005,-30.542341,108.510,114.215,5.705,9793309.51,108.510,114.215,0.11,2.67,-4.53,-134.04,-22.18,-143.60,100.000,5.000,5.060,0.06,2.00,5.000,5.060,0.5,1,0,5,5,1,3,5,5,1,3,BM2423 69E3,?,TR,GDA94,MSL,GRS80,B,DEG,m,m,m,um,m,m,um,m,m,m,m,um,m,m,um,99999,99999,ELN,W98,99999,ELN,DFA,AUSGEOID98,GRS80,99999,99999,31-DEC-99,31-DEC-99,Comment is null
196953,1969533819.00,5703378,137.202606,-30.610341,128.260,133.771,5.511,9793257.49,128.260,133.771,0.19,2.67,-50.01,-201.69,-67.05,-210.57,100.000,5.000,5.060,0.06,2.00,5.000,5.060,0.5,1,0,5,5,1,3,5,5,1,3,69E3,?,TR,GDA94,MSL,GRS80,B,DEG,m,m,m,um,m,m,um,m,m,m,m,um,m,m,um,99999,99999,ELN,W98,99999,ELN,DFA,AUSGEOID98,GRS80,99999,99999,31-DEC-99,31-DEC-99,Comment is null
196953,1969533820.00,5677449,137.201007,-30.672541,92.800,98.135,5.335,9793398.66,92.800,98.135,0.58,2.67,-68.06,-179.34,-84.58,-188.42,100.000,5.000,5.060,0.06,2.00,5.000,5.060,0.5,1,1,5,5,1,3,5,5,1,3,69E3,?,TR,GDA94,MSL,GRS80,B,DEG,m,m,m,um,m,m,um,m,m,m,m,um,m,m,um,99999,99999,ELN,W98,99999,ELN,DFA,AUSGEOID98,GRS80,99999,99999,31-DEC-99,31-DEC-99,Comment is null
196953,1969533821.00,4642367,137.197507,-30.735041,65.530,70.706,5.176,9793444.39,65.530,70.706,0.62,2.67,-156.53,-236.72,-172.58,-245.91,100.000,5.000,5.060,0.06,2.00,5.000,5.060,0.5,1,0,5,5,1,3,5,5,1,3,BM2417 69E3,?,TR,GDA94,MSL,GRS80,B,DEG,m,m,m,um,m,m,um,m,m,m,m,um,m,m,um,99999,99999,ELN,W98,99999,ELN,DFA,AUSGEOID98,GRS80,99999,99999,31-DEC-99,31-DEC-99,Comment is null
196953,1969533822.00,5765299,137.158508,-30.750642,70.440,75.469,5.029,9793446.19,70.440,75.469,0.40,2.67,-152.41,-238.00,-168.01,-246.83,100.000,5.000,5.060,0.06,2.00,5.000,5.060,0.5,1,0,5,5,1,3,5,5,1,3,69E3,?,TR,GDA94,MSL,GRS80,B,DEG,m,m,m,um,m,m,um,m,m,m,m,um,m,m,um,99999,99999,ELN,W98,99999,ELN,DFA,AUSGEOID98,GRS80,99999,99999,31-DEC-99,31-DEC-99,Comment is null
196953,1969533823.00,5409329,137.163009,-30.809042,123.440,128.347,4.907,9793350.94,123.440,128.347,0.15,2.67,-130.90,-276.43,-146.07,-284.20,100.000,5.000,5.060,0.06,2.00,5.000,5.060,0.5,1,0,5,5,1,3,5,5,1,3,BM2415 69E3,?,TR,GDA94,MSL,GRS80,B,DEG,m,m,m,um,m,m,um,m,m,m,m,um,m,m,um,99999,99999,ELN,W98,99999,ELN,DFA,AUSGEOID98,GRS80,99999,99999,31-DEC-99,31-DEC-99,Comment is null
196953,1969533824.00,5908264,137.136410,-30.848243,133.190,137.948,4.758,9793359.14,133.190,137.948,0.20,2.67,-124.23,-280.64,-138.94,-287.98,100.000,5.000,5.060,0.06,2.00,5.000,5.060,0.5,1,0,5,5,1,3,5,5,1,3,BM2414 69E3,?,TR,GDA94,MSL,GRS80,B,DEG,m,m,m,um,m,m,um,m,m,m,m,um,m,m,um,99999,99999,ELN,W98,99999,ELN,DFA,AUSGEOID98,GRS80,99999,99999,31-DEC-99,31-DEC-99,Comment is null
196953,1969533825.00,4642368,137.150210,-30.901043,119.480,124.181,4.701,9793431.48,119.480,124.181,0.18,2.67,-136.38,-277.19,-150.92,-284.62,100.000,5.000,5.060,0.06,2.00,5.000,5.060,0.5,1,1,5,5,1,3,5,5,1,3,69E3,?,TR,GDA94,MSL,GRS80,B,DEG,m,m,m,um,m,m,um,m,m,m,m,um,m,m,um,99999,99999,ELN,W98,99999,ELN,DFA,AUSGEOID98,GRS80,99999,99999,31-DEC-99,31-DEC-99,Comment is null
196953,1969533826.00,4642369,137.232110,-30.971342,143.960,148.777,4.817,9793475.50,143.960,148.777,0.30,2.67,-72.47,-241.15,-87.35,-248.44,100.000,5.000,5.060,0.06,2.00,5.000,5.060,0.5,1,0,5,5,1,3,5,5,1,3,69E3,?,TR,GDA94,MSL,GRS80,B,DEG,m,m,m,um,m,m,um,m,m,m,m,um,m,m,um,99999,99999,ELN,W98,99999,ELN,DFA,AUSGEOID98,GRS80,99999,99999,31-DEC-99,31-DEC-99,Comment is null
196953,1969533827.00,5786907,137.290610,-30.964442,139.510,144.490,4.980,9793446.49,139.510,144.490,0.23,2.67,-109.21,-273.04,-124.59,-280.71,100.000,5.000,5.060,0.06,2.00,5.000,5.060,0.5,1,0,5,5,1,3,5,5,1,3,69E3,?,TR,GDA94,MSL,GRS80,B,DEG,m,m,m,um,m,m,um,m,m,m,m,um,m,m,um,99999,99999,ELN,W98,99999,ELN,DFA,AUSGEOID98,GRS80,99999,99999,31-DEC-99,31-DEC-99,Comment is null
196953,1969533828.00,5809384,137.282509,-30.900041,144.190,149.257,5.067,9793380.45,144.190,149.257,0.24,2.67,-109.24,-278.47,-124.89,-286.24,100.000,5.000,5.060,0.06,2.00,5.000,5.060,0.5,1,1,5,5,1,3,5,5,1,3,69E3,?,TR,GDA94,MSL,GRS80,B,DEG,m,m,m,um,m,m,um,m,m,m,m,um,m,m,um,99999,99999,ELN,W98,99999,ELN,DFA,AUSGEOID98,GRS80,99999,99999,31-DEC-99,31-DEC-99,Comment is null
196953,1969533829.00,5410160,137.224109,-30.891042,118.530,123.446,4.916,9793399.36,118.530,123.446,0.18,2.67,-162.80,-302.78,-178.01,-310.64,100.000,5.000,5.060,0.06,2.00,5.000,5.060,0.5,1,1,5,5,1,3,5,5,1,3,69E3,?,TR,GDA94,MSL,GRS80,B,DEG,m,m,m,um,m,m,um,m,m,m,m,um,m,m,um,99999,99999,ELN,W98,99999,ELN,DFA,AUSGEOID98,GRS80,99999,99999,31-DEC-99,31-DEC-99,Comment is null
196953,1969533830.00,4642370,137.225809,-30.850542,137.970,142.967,4.997,9793321.82,137.970,142.967,0.15,2.67,-147.89,-310.00,-163.33,-317.72,100.000,5.000,5.060,0.06,2.00,5.000,5.060,0.5,1,1,5,5,1,3,5,5,1,3,69E3,?,TR,GDA94,MSL,GRS80,B,DEG,m,m,m,um,m,m,um,m,m,m,m,um,m,m,um,99999,99999,ELN,W98,99999,ELN,DFA,AUSGEOID98,GRS80,99999,99999,31-DEC-99,31-DEC-99,Comment is null
196953,1969533831.00,4642371,137.222808,-30.787941,111.940,117.062,5.122,9793366.34,111.940,117.062,0.19,2.67,-133.54,-266.28,-149.39,-274.65,100.000,5.000,5.060,0.06,2.00,5.000,5.060,0.5,1,1,5,5,1,3,5,5,1,3,69E3,?,TR,GDA94,MSL,GRS80,B,DEG,m,m,m,um,m,m,um,m,m,m,m,um,m,m,um,99999,99999,ELN,W98,99999,ELN,DFA,AUSGEOID98,GRS80,99999,99999,31-DEC-99,31-DEC-99,Comment is null
196953,1969533832.00,5943817,137.285207,-30.789641,103.590,108.896,5.306,9793400.96,103.590,108.896,0.37,2.67,-125.47,-248.95,-141.89,-257.81,100.000,5.000,5.060,0.06,2.00,5.000,5.060,0.5,1,0,5,5,1,3,5,5,1,3,69E3,?,TR,GDA94,MSL,GRS80,B,DEG,m,m,m,um,m,m,um,m,m,m,m,um,m,m,um,99999,99999,ELN,W98,99999,ELN,DFA,AUSGEOID98,GRS80,99999,99999,31-DEC-99,31-DEC-99,Comment is null
196953,1969533833.00,5970580,137.287008,-30.842141,126.130,131.325,5.195,9793374.35,126.130,131.325,0.40,2.67,-124.61,-273.51,-140.67,-281.81,100.000,5.000,5.060,0.06,2.00,5.000,5.060,0.5,1,1,5,5,1,3,5,5,1,3,69E3,?,TR,GDA94,MSL,GRS80,B,DEG,m,m,m,um,m,m,um,m,m,m,m,um,m,m,um,99999,99999,ELN,W98,99999,ELN,DFA,AUSGEOID98,GRS80,99999,99999,31-DEC-99,31-DEC-99,Comment is null
196953,1969533834.00,4642372,137.349907,-30.850440,133.190,138.564,5.374,9793407.77,133.190,138.564,0.39,2.67,-75.45,-232.56,-92.06,-241.10,100.000,5.000,5.060,0.06,2.00,5.000,5.060,0.5,1,1,5,5,1,3,5,5,1,3,69E3,?,TR,GDA94,MSL,GRS80,B,DEG,m,m,m,um,m,m,um,m,m,m,m,um,m,m,um,99999,99999,ELN,W98,99999,ELN,DFA,AUSGEOID98,GRS80,99999,99999,31-DEC-99,31-DEC-99,Comment is null
196953,1969533835.00,4642373,137.345408,-30.903741,142.970,148.224,5.254,9793453.69,142.970,148.224,0.45,2.67,-42.14,-210.19,-58.36,-218.35,100.000,5.000,5.060,0.06,2.00,5.000,5.060,0.5,1,1,5,5,1,3,5,5,1,3,69E3,?,TR,GDA94,MSL,GRS80,B,DEG,m,m,m,um,m,m,um,m,m,m,m,um,m,m,um,99999,99999,ELN,W98,99999,ELN,DFA,AUSGEOID98,GRS80,99999,99999,31-DEC-99,31-DEC-99,Comment is null
196953,1969533836.00,4642374,137.352209,-30.964641,139.020,144.180,5.160,9793461.50,139.020,144.180,0.69,2.67,-95.32,-258.79,-111.26,-266.82,100.000,5.000,5.060,0.06,2.00,5.000,5.060,0.5,1,0,5,5,1,3,5,5,1,3,69E3,?,TR,GDA94,MSL,GRS80,B,DEG,m,m,m,um,m,m,um,m,m,m,m,um,m,m,um,99999,99999,ELN,W98,99999,ELN,DFA,AUSGEOID98,GRS80,99999,99999,31-DEC-99,31-DEC-99,Comment is null
196953,1969533837.00,5973655,137.407008,-30.967340,92.380,97.709,5.329,9793634.99,92.380,97.709,0.46,2.67,-67.36,-178.16,-83.86,-187.23,100.000,5.000,5.060,0.06,2.00,5.000,5.060,0.5,1,0,5,5,1,3,5,5,1,3,69E3,?,TR,GDA94,MSL,GRS80,B,DEG,m,m,m,um,m,m,um,m,m,m,m,um,m,m,um,99999,99999,ELN,W98,99999,ELN,DFA,AUSGEOID98,GRS80,99999,99999,31-DEC-99,31-DEC-99,Comment is null
196953,1969533838.00,5828527,137.483407,-30.961340,87.530,93.117,5.587,9793680.21,87.530,93.117,0.43,2.67,-31.52,-137.11,-48.82,-146.76,100.000,5.000,5.060,0.06,2.00,5.000,5.060,0.5,1,0,5,5,1,3,5,5,1,3,69E3,?,TR,GDA94,MSL,GRS80,B,DEG,m,m,m,um,m,m,um,m,m,m,m,um,m,m,um,99999,99999,ELN,W98,99999,ELN,DFA,AUSGEOID98,GRS80,99999,99999,31-DEC-99,31-DEC-99,Comment is null
196953,1969533839.00,5924039,137.416007,-30.896440,64.360,69.849,5.489,9793638.39,64.360,69.849,0.78,2.67,-93.44,-172.66,-110.46,-182.48,100.000,5.000,5.060,0.06,2.00,5.000,5.060,0.5,1,0,5,5,1,3,5,5,1,3,69E3,?,TR,GDA94,MSL,GRS80,B,DEG,m,m,m,um,m,m,um,m,m,m,m,um,m,m,um,99999,99999,ELN,W98,99999,ELN,DFA,AUSGEOID98,GRS80,99999,99999,31-DEC-99,31-DEC-99,Comment is null
196953,1969533840.00,4642375,137.417007,-30.843540,153.130,158.733,5.603,9793407.57,153.130,158.733,1.38,2.67,-7.94,-187.91,-25.24,-196.59,100.000,5.000,5.060,0.06,2.00,5.000,5.060,0.5,1,0,5,5,1,3,5,5,1,3,69E3,?,TR,GDA94,MSL,GRS80,B,DEG,m,m,m,um,m,m,um,m,m,m,m,um,m,m,um,99999,99999,ELN,W98,99999,ELN,DFA,AUSGEOID98,GRS80,99999,99999,31-DEC-99,31-DEC-99,Comment is null
196953,1969533841.00,4642376,137.414606,-30.789239,107.320,113.031,5.711,9793446.49,107.320,113.031,0.25,2.67,-66.87,-195.04,-84.54,-204.63,100.000,5.000,5.060,0.06,2.00,5.000,5.060,0.5,1,0,5,5,1,3,5,5,1,3,69E3,?,TR,GDA94,MSL,GRS80,B,DEG,m,m,m,um,m,m,um,m,m,m,m,um,m,m,um,99999,99999,ELN,W98,99999,ELN,DFA,AUSGEOID98,GRS80,99999,99999,31-DEC-99,31-DEC-99,Comment is null
196953,1969533842.00,4642377,137.357207,-30.795640,126.420,131.936,5.516,9793359.14,126.420,131.936,0.31,2.67,-100.97,-250.57,-118.02,-259.48,100.000,5.000,5.060,0.06,2.00,5.000,5.060,0.5,1,0,5,5,1,3,5,5,1,3,69E3,?,TR,GDA94,MSL,GRS80,B,DEG,m,m,m,um,m,m,um,m,m,m,m,um,m,m,um,99999,99999,ELN,W98,99999,ELN,DFA,AUSGEOID98,GRS80,99999,99999,31-DEC-99,31-DEC-99,Comment is null
196953,1969533901.00,5409796,137.615305,-30.912438,30.900,36.978,6.078,9793750.45,30.900,36.978,0.49,2.67,-95.54,-137.48,-114.41,-148.98,100.000,5.000,5.060,0.06,2.00,5.000,5.060,0.5,1,1,5,5,1,3,5,5,1,3,69E3,?,TR,GDA94,MSL,GRS80,B,DEG,m,m,m,um,m,m,um,m,m,m,m,um,m,m,um,99999,99999,ELN,W98,99999,ELN,DFA,AUSGEOID98,GRS80,99999,99999,31-DEC-99,31-DEC-99,Comment is null
196953,1969533902.00,4642378,137.666604,-30.859437,32.600,38.982,6.382,9793753.25,32.600,38.982,0.26,2.67,-44.38,-88.59,-64.18,-100.66,100.000,5.000,5.060,0.06,2.00,5.000,5.060,0.5,1,1,5,5,1,3,5,5,1,3,69E3,?,TR,GDA94,MSL,GRS80,B,DEG,m,m,m,um,m,m,um,m,m,m,m,um,m,m,um,99999,99999,ELN,W98,99999,ELN,DFA,AUSGEOID98,GRS80,99999,99999,31-DEC-99,31-DEC-99,Comment is null
196953,1969533903.00,4642379,137.730803,-30.856737,31.610,38.209,6.599,9793755.25,31.610,38.209,0.19,2.67,-42.61,-85.95,-63.09,-98.46,100.000,5.000,5.060,0.06,2.00,5.000,5.060,0.5,1,0,5,5,1,3,5,5,1,3,69E3,?,TR,GDA94,MSL,GRS80,B,DEG,m,m,m,um,m,m,um,m,m,m,m,um,m,m,um,99999,99999,ELN,W98,99999,ELN,DFA,AUSGEOID98,GRS80,99999,99999,31-DEC-99,31-DEC-99,Comment is null
196953,1969533904.00,4642380,137.794503,-30.853636,31.210,38.026,6.816,9793757.25,31.210,38.026,0.22,2.67,-38.71,-81.84,-59.86,-94.78,100.000,5.000,5.060,0.06,2.00,5.000,5.060,0.5,1,0,5,5,1,3,5,5,1,3,69E3,?,TR,GDA94,MSL,GRS80,B,DEG,m,m,m,um,m,m,um,m,m,m,m,um,m,m,um,99999,99999,ELN,W98,99999,ELN,DFA,AUSGEOID98,GRS80,99999,99999,31-DEC-99,31-DEC-99,Comment is null
196953,1969533905.00,5408999,137.858602,-30.850735,31.020,38.054,7.034,9793746.55,31.020,38.054,0.28,2.67,-47.02,-90.19,-68.84,-103.55,100.000,5.000,5.060,0.06,2.00,5.000,5.060,0.5,1,1,5,5,1,3,5,5,1,3,69E3,?,TR,GDA94,MSL,GRS80,B,DEG,m,m,m,um,m,m,um,m,m,m,m,um,m,m,um,99999,99999,ELN,W98,99999,ELN,DFA,AUSGEOID98,GRS80,99999,99999,31-DEC-99,31-DEC-99,Comment is null
196953,1969533906.00,4642381,137.922801,-30.848035,30.290,37.565,7.275,9793732.34,30.290,37.565,0.37,2.67,-60.59,-103.20,-83.15,-117.05,100.000,5.000,5.060,0.06,2.00,5.000,5.060,0.5,1,1,5,5,1,3,5,5,1,3,69E3,?,TR,GDA94,MSL,GRS80,B,DEG,m,m,m,um,m,m,um,m,m,m,m,um,m,m,um,99999,99999,ELN,W98,99999,ELN,DFA,AUSGEOID98,GRS80,99999,99999,31-DEC-99,31-DEC-99,Comment is null
196953,1969533907.00,5262840,137.983000,-30.843934,32.820,40.350,7.530,9793776.16,32.820,40.350,0.51,2.67,-4.92,-50.68,-28.26,-64.99,100.000,5.000,5.060,0.06,2.00,5.000,5.060,0.5,1,1,5,5,1,3,5,5,1,3,69E3,?,TR,GDA94,MSL,GRS80,B,DEG,m,m,m,um,m,m,um,m,m,m,m,um,m,m,um,99999,99999,ELN,W98,99999,ELN,DFA,AUSGEOID98,GRS80,99999,99999,31-DEC-99,31-DEC-99,Comment is null
196953,1969533908.00,4642382,137.991600,-30.802534,44.440,52.112,7.672,9793742.74,44.440,52.112,0.56,2.67,30.87,-28.24,7.09,-42.64,100.000,5.000,5.060,0.06,2.00,5.000,5.060,0.5,1,0,5,5,1,3,5,5,1,3,69E3,?,TR,GDA94,MSL,GRS80,B,DEG,m,m,m,um,m,m,um,m,m,m,m,um,m,m,um,99999,99999,ELN,W98,99999,ELN,DFA,AUSGEOID98,GRS80,99999,99999,31-DEC-99,31-DEC-99,Comment is null
196953,1969533909.00,4642383,137.924101,-30.801534,32.760,40.158,7.398,9793744.14,32.760,40.158,0.37,2.67,-3.82,-49.37,-26.76,-63.42,100.000,5.000,5.060,0.06,2.00,5.000,5.060,0.5,1,0,5,5,1,3,5,5,1,3,69E3,?,TR,GDA94,MSL,GRS80,B,DEG,m,m,m,um,m,m,um,m,m,m,m,um,m,m,um,99999,99999,ELN,W98,99999,ELN,DFA,AUSGEOID98,GRS80,99999,99999,31-DEC-99,31-DEC-99,Comment is null
196953,1969533910.00,5746202,137.862101,-30.800535,29.960,37.131,7.171,9793726.34,29.960,37.131,0.28,2.67,-30.18,-72.29,-52.42,-85.94,100.000,5.000,5.060,0.06,2.00,5.000,5.060,0.5,1,0,5,5,1,3,5,5,1,3,69E3,?,TR,GDA94,MSL,GRS80,B,DEG,m,m,m,um,m,m,um,m,m,m,m,um,m,m,um,99999,99999,ELN,W98,99999,ELN,DFA,AUSGEOID98,GRS80,99999,99999,31-DEC-99,31-DEC-99,Comment is null
196953,1969533911.00,4642384,137.802902,-30.799636,31.380,38.353,6.973,9793764.56,31.380,38.353,0.22,2.67,12.53,-30.97,-9.10,-44.22,100.000,5.000,5.060,0.06,2.00,5.000,5.060,0.5,1,0,5,5,1,3,5,5,1,3,69E3,?,TR,GDA94,MSL,GRS80,B,DEG,m,m,m,um,m,m,um,m,m,m,m,um,m,m,um,99999,99999,ELN,W98,99999,ELN,DFA,AUSGEOID98,GRS80,99999,99999,31-DEC-99,31-DEC-99,Comment is null
196953,1969533912.00,5890164,137.742502,-30.798836,29.890,36.672,6.782,9793765.96,29.890,36.672,0.18,2.67,9.38,-32.22,-11.66,-45.11,100.000,5.000,5.060,0.06,2.00,5.000,5.060,0.5,1,0,5,5,1,3,5,5,1,3,69E3,?,TR,GDA94,MSL,GRS80,B,DEG,m,m,m,um,m,m,um,m,m,m,m,um,m,m,um,99999,99999,ELN,W98,99999,ELN,DFA,AUSGEOID98,GRS80,99999,99999,31-DEC-99,31-DEC-99,Comment is null
196953,1969533913.00,4642385,137.682103,-30.797937,29.500,36.093,6.593,9793775.76,29.500,36.093,0.16,2.67,18.11,-22.83,-2.35,-35.36,100.000,5.000,5.060,0.06,2.00,5.000,5.060,0.5,1,0,5,5,1,3,5,5,1,3,69E3,?,TR,GDA94,MSL,GRS80,B,DEG,m,m,m,um,m,m,um,m,m,m,m,um,m,m,um,99999,99999,ELN,W98,99999,ELN,DFA,AUSGEOID98,GRS80,99999,99999,31-DEC-99,31-DEC-99,Comment is null
196953,1969533914.00,4642386,137.621104,-30.794737,29.870,36.273,6.403,9793820.99,29.870,36.273,0.28,2.67,66.43,25.29,46.56,13.13,100.000,5.000,5.060,0.06,2.00,5.000,5.060,0.5,1,0,5,5,1,3,5,5,1,3,69E3,?,TR,GDA94,MSL,GRS80,B,DEG,m,m,m,um,m,m,um,m,m,m,m,um,m,m,um,99999,99999,ELN,W98,99999,ELN,DFA,AUSGEOID98,GRS80,99999,99999,31-DEC-99,31-DEC-99,Comment is null
196953,1969533915.00,4642387,137.608505,-30.846638,51.530,57.759,6.229,9793718.13,51.530,57.759,0.40,2.67,-11.38,-76.89,-30.70,-88.36,100.000,5.000,5.060,0.06,2.00,5.000,5.060,0.5,1,1,5,5,1,3,5,5,1,3,69E3,?,TR,GDA94,MSL,GRS80,B,DEG,m,m,m,um,m,m,um,m,m,m,m,um,m,m,um,99999,99999,ELN,W98,99999,ELN,DFA,AUSGEOID98,GRS80,99999,99999,31-DEC-99,31-DEC-99,Comment is null
196953,1969533920.00,5410161,137.677705,-30.908037,38.330,44.621,6.291,9793745.75,38.330,44.621,0.40,2.67,-73.16,-123.77,-92.67,-135.57,100.000,5.000,5.060,0.06,2.00,5.000,5.060,0.5,1,1,5,5,1,3,5,5,1,3,69E3,?,TR,GDA94,MSL,GRS80,B,DEG,m,m,m,um,m,m,um,m,m,m,m,um,m,m,um,99999,99999,ELN,W98,99999,ELN,DFA,AUSGEOID98,GRS80,99999,99999,31-DEC-99,31-DEC-99,Comment is null
196953,1969533921.00,5409330,137.741104,-30.906837,26.170,32.679,6.509,9793804.18,26.170,32.679,0.19,2.67,-50.62,-87.68,-70.82,-100.10,100.000,5.000,5.060,0.06,2.00,5.000,5.060,0.5,1,0,5,5,1,3,5,5,1,3,69E3,?,TR,GDA94,MSL,GRS80,B,DEG,m,m,m,um,m,m,um,m,m,m,m,um,m,m,um,99999,99999,ELN,W98,99999,ELN,DFA,AUSGEOID98,GRS80,99999,99999,31-DEC-99,31-DEC-99,Comment is null
196953,1969533922.00,5924040,137.803203,-30.904436,24.650,31.369,6.719,9793809.58,24.650,31.369,0.23,2.67,-47.35,-82.93,-68.20,-95.78,100.000,5.000,5.060,0.06,2.00,5.000,5.060,0.5,1,0,5,5,1,3,5,5,1,3,69E3,?,TR,GDA94,MSL,GRS80,B,DEG,m,m,m,um,m,m,um,m,m,m,m,um,m,m,um,99999,99999,ELN,W98,99999,ELN,DFA,AUSGEOID98,GRS80,99999,99999,31-DEC-99,31-DEC-99,Comment is null
196953,1969533923.00,4642388,137.866303,-30.902435,25.260,32.189,6.929,9793758.15,25.260,32.189,0.29,2.67,-94.65,-131.16,-116.15,-144.41,100.000,5.000,5.060,0.06,2.00,5.000,5.060,0.5,1,1,5,5,1,3,5,5,1,3,69E3,?,TR,GDA94,MSL,GRS80,B,DEG,m,m,m,um,m,m,um,m,m,m,m,um,m,m,um,99999,99999,ELN,W98,99999,ELN,DFA,AUSGEOID98,GRS80,99999,99999,31-DEC-99,31-DEC-99,Comment is null
196953,1969533924.00,5957043,137.930002,-30.900235,25.480,32.641,7.161,9793747.05,25.480,32.641,0.38,2.67,-102.61,-139.63,-124.82,-153.34,100.000,5.000,5.060,0.06,2.00,5.000,5.060,0.5,1,1,5,5,1,3,5,5,1,3,69E3,?,TR,GDA94,MSL,GRS80,B,DEG,m,m,m,um,m,m,um,m,m,m,m,um,m,m,um,99999,99999,ELN,W98,99999,ELN,DFA,AUSGEOID98,GRS80,99999,99999,31-DEC-99,31-DEC-99,Comment is null
196953,1969533925.00,5856288,137.992501,-30.898834,29.530,36.947,7.417,9793787.27,29.530,36.947,0.49,2.67,-47.99,-89.89,-70.99,-104.03,100.000,5.000,5.060,0.06,2.00,5.000,5.060,0.5,1,1,5,5,1,3,5,5,1,3,69E3,?,TR,GDA94,MSL,GRS80,B,DEG,m,m,m,um,m,m,um,m,m,m,m,um,m,m,um,99999,99999,ELN,W98,99999,ELN,DFA,AUSGEOID98,GRS80,99999,99999,31-DEC-99,31-DEC-99,Comment is null
196953,1969533927.00,4642389,137.985302,-30.964835,29.110,36.331,7.221,9793807.28,29.110,36.331,0.49,2.67,-82.45,-123.65,-104.84,-137.42,100.000,5.000,5.060,0.06,2.00,5.000,5.060,0.5,1,1,5,5,1,3,5,5,1,3,69E3,?,TR,GDA94,MSL,GRS80,B,DEG,m,m,m,um,m,m,um,m,m,m,m,um,m,m,um,99999,99999,ELN,W98,99999,ELN,DFA,AUSGEOID98,GRS80,99999,99999,31-DEC-99,31-DEC-99,Comment is null
196953,1969533928.00,4642390,137.924103,-30.963135,27.980,34.972,6.992,9793786.37,27.980,34.972,0.36,2.67,-106.20,-145.86,-127.89,-159.19,100.000,5.000,5.060,0.06,2.00,5.000,5.060,0.5,1,1,5,5,1,3,5,5,1,3,69E3,?,TR,GDA94,MSL,GRS80,B,DEG,m,m,m,um,m,m,um,m,m,m,m,um,m,m,um,99999,99999,ELN,W98,99999,ELN,DFA,AUSGEOID98,GRS80,99999,99999,31-DEC-99,31-DEC-99,Comment is null
196953,1969533929.00,4642391,137.863103,-30.961436,28.150,34.941,6.791,9793816.68,28.150,34.941,0.29,2.67,-74.62,-114.25,-95.69,-127.19,100.000,5.000,5.060,0.06,2.00,5.000,5.060,0.5,1,0,5,5,1,3,5,5,1,3,69E3,?,TR,GDA94,MSL,GRS80,B,DEG,m,m,m,um,m,m,um,m,m,m,m,um,m,m,um,99999,99999,ELN,W98,99999,ELN,DFA,AUSGEOID98,GRS80,99999,99999,31-DEC-99,31-DEC-99,Comment is null
196953,1969533930.00,5692757,137.802304,-30.959836,27.760,34.364,6.604,9793904.93,27.760,34.364,0.24,2.67,13.12,-25.86,-7.37,-38.44,100.000,5.000,5.060,0.06,2.00,5.000,5.060,0.5,1,0,5,5,1,3,5,5,1,3,69E3,?,TR,GDA94,MSL,GRS80,B,DEG,m,m,m,um,m,m,um,m,m,m,m,um,m,m,um,99999,99999,ELN,W98,99999,ELN,DFA,AUSGEOID98,GRS80,99999,99999,31-DEC-99,31-DEC-99,Comment is null
196953,1969533931.00,5703379,137.741705,-30.958637,27.250,33.658,6.408,9793865.51,27.250,33.658,0.21,2.67,-27.52,-65.70,-47.41,-77.90,100.000,5.000,5.060,0.06,2.00,5.000,5.060,0.5,1,0,5,5,1,3,5,5,1,3,69E3,?,TR,GDA94,MSL,GRS80,B,DEG,m,m,m,um,m,m,um,m,m,m,m,um,m,m,um,99999,99999,ELN,W98,99999,ELN,DFA,AUSGEOID98,GRS80,99999,99999,31-DEC-99,31-DEC-99,Comment is null
196953,1969533932.00,4642392,137.680905,-30.957238,29.530,35.728,6.198,9793788.87,29.530,35.728,0.54,2.67,-96.66,-137.19,-115.90,-148.94,100.000,5.000,5.060,0.06,2.00,5.000,5.060,0.5,1,1,5,5,1,3,5,5,1,3,69E3,?,TR,GDA94,MSL,GRS80,B,DEG,m,m,m,um,m,m,um,m,m,m,m,um,m,m,um,99999,99999,ELN,W98,99999,ELN,DFA,AUSGEOID98,GRS80,99999,99999,31-DEC-99,31-DEC-99,Comment is null
196953,1969533933.00,4642393,137.607306,-30.961738,34.310,40.258,5.948,9793747.25,34.310,40.258,0.81,2.67,-127.89,-173.55,-146.36,-184.75,100.000,5.000,5.060,0.06,2.00,5.000,5.060,0.5,1,1,5,5,1,3,5,5,1,3,69E3,?,TR,GDA94,MSL,GRS80,B,DEG,m,m,m,um,m,m,um,m,m,m,m,um,m,m,um,99999,99999,ELN,W98,99999,ELN,DFA,AUSGEOID98,GRS80,99999,99999,31-DEC-99,31-DEC-99,Comment is null
196953,1969533935.00,4642394,137.546007,-30.960439,70.150,75.922,5.772,9793699.52,70.150,75.922,0.43,2.67,-64.54,-150.65,-82.43,-160.93,100.000,5.000,5.060,0.06,2.00,5.000,5.060,0.5,1,0,5,5,1,3,5,5,1,3,69E3,?,TR,GDA94,MSL,GRS80,B,DEG,m,m,m,um,m,m,um,m,m,m,m,um,m,m,um,99999,99999,ELN,W98,99999,ELN,DFA,AUSGEOID98,GRS80,99999,99999,31-DEC-99,31-DEC-99,Comment is null
196953,1969533936.00,5409493,137.475407,-30.901539,69.340,75.009,5.669,9793652.20,69.340,75.009,0.45,2.67,-67.77,-152.84,-85.34,-162.93,100.000,5.000,5.060,0.06,2.00,5.000,5.060,0.5,1,0,5,5,1,3,5,5,1,3,69E3,?,TR,GDA94,MSL,GRS80,B,DEG,m,m,m,um,m,m,um,m,m,m,m,um,m,m,um,99999,99999,ELN,W98,99999,ELN,DFA,AUSGEOID98,GRS80,99999,99999,31-DEC-99,31-DEC-99,Comment is null
196953,1969533937.00,4642395,137.470906,-30.848439,44.860,50.628,5.768,9793646.29,44.860,50.628,0.70,2.67,-106.65,-164.07,-124.55,-174.75,100.000,5.000,5.060,0.06,2.00,5.000,5.060,0.5,1,0,5,5,1,3,5,5,1,3,69E3,?,TR,GDA94,MSL,GRS80,B,DEG,m,m,m,um,m,m,um,m,m,m,m,um,m,m,um,99999,99999,ELN,W98,99999,ELN,DFA,AUSGEOID98,GRS80,99999,99999,31-DEC-99,31-DEC-99,Comment is null
196953,1969533938.00,5408515,137.473305,-30.800139,42.330,48.210,5.880,9793637.19,42.330,48.210,0.76,2.67,-84.83,-139.51,-103.07,-150.44,100.000,5.000,5.060,0.06,2.00,5.000,5.060,0.5,1,0,5,5,1,3,5,5,1,3,69E3,?,TR,GDA94,MSL,GRS80,B,DEG,m,m,m,um,m,m,um,m,m,m,m,um,m,m,um,99999,99999,ELN,W98,99999,ELN,DFA,AUSGEOID98,GRS80,99999,99999,31-DEC-99,31-DEC-99,Comment is null
196953,1969533939.00,4642396,137.475105,-30.741239,32.460,38.468,6.008,9793622.18,32.460,38.468,0.69,2.67,-83.12,-126.75,-101.77,-138.10,100.000,5.000,5.060,0.06,2.00,5.000,5.060,0.5,1,0,5,5,1,3,5,5,1,3,69E3,?,TR,GDA94,MSL,GRS80,B,DEG,m,m,m,um,m,m,um,m,m,m,m,um,m,m,um,99999,99999,ELN,W98,99999,ELN,DFA,AUSGEOID98,GRS80,99999,99999,31-DEC-99,31-DEC-99,Comment is null
196953,1969533940.00,4642397,137.558503,-30.721338,31.020,37.351,6.331,9793612.17,31.020,37.351,0.19,2.67,-80.78,-123.15,-100.43,-135.14,100.000,5.000,5.060,0.06,2.00,5.000,5.060,0.5,1,0,5,5,1,3,5,5,1,3,69E3,?,TR,GDA94,MSL,GRS80,B,DEG,m,m,m,um,m,m,um,m,m,m,m,um,m,m,um,99999,99999,ELN,W98,99999,ELN,DFA,AUSGEOID98,GRS80,99999,99999,31-DEC-99,31-DEC-99,Comment is null
196953,1969533941.00,4642398,137.548204,-30.791838,67.590,73.747,6.157,9793661.80,67.590,73.747,0.19,2.67,25.17,-58.46,6.10,-69.54,100.000,5.000,5.060,0.06,2.00,5.000,5.060,0.5,1,0,5,5,1,3,5,5,1,3,69E3,?,TR,GDA94,MSL,GRS80,B,DEG,m,m,m,um,m,m,um,m,m,m,m,um,m,m,um,99999,99999,ELN,W98,99999,ELN,DFA,AUSGEOID98,GRS80,99999,99999,31-DEC-99,31-DEC-99,Comment is null
196953,1969533942.00,5409797,137.550005,-30.846738,32.850,38.886,6.036,9793729.74,32.850,38.886,0.51,2.67,-58.09,-102.19,-76.82,-113.58,100.000,5.000,5.060,0.06,2.00,5.000,5.060,0.5,1,0,5,5,1,3,5,5,1,3,69E3,?,TR,GDA94,MSL,GRS80,B,DEG,m,m,m,um,m,m,um,m,m,m,m,um,m,m,um,99999,99999,ELN,W98,99999,ELN,DFA,AUSGEOID98,GRS80,99999,99999,31-DEC-99,31-DEC-99,Comment is null
196953,1969533943.00,5765300,137.553606,-30.906539,70.710,76.613,5.903,9793682.01,70.710,76.613,0.58,2.67,-36.99,-123.87,-55.28,-134.40,100.000,5.000,5.060,0.06,2.00,5.000,5.060,0.5,1,0,5,5,1,3,5,5,1,3,69E3,?,TR,GDA94,MSL,GRS80,B,DEG,m,m,m,um,m,m,um,m,m,m,m,um,m,m,um,99999,99999,ELN,W98,99999,ELN,DFA,AUSGEOID98,GRS80,99999,99999,31-DEC-99,31-DEC-99,Comment is null
196953,1969534001.00,4642399,137.481204,-30.671538,32.980,39.142,6.162,9793523.13,32.980,39.142,0.50,2.67,-124.82,-169.21,-143.94,-180.85,100.000,5.000,5.060,0.06,2.00,5.000,5.060,0.5,1,0,5,5,1,3,5,5,1,3,69E3,?,TR,GDA94,MSL,GRS80,B,DEG,m,m,m,um,m,m,um,m,m,m,m,um,m,m,um,99999,99999,ELN,W98,99999,ELN,DFA,AUSGEOID98,GRS80,99999,99999,31-DEC-99,31-DEC-99,Comment is null
196953,1969534002.00,4642400,137.619803,-30.722837,31.330,37.872,6.542,9793712.53,31.330,37.872,0.13,2.67,19.99,-22.97,-0.31,-35.37,100.000,5.000,5.060,0.06,2.00,5.000,5.060,0.5,1,0,5,5,1,3,5,5,1,3,69E3,?,TR,GDA94,MSL,GRS80,B,DEG,m,m,m,um,m,m,um,m,m,m,m,um,m,m,um,99999,99999,ELN,W98,99999,ELN,DFA,AUSGEOID98,GRS80,99999,99999,31-DEC-99,31-DEC-99,Comment is null
196953,1969534003.00,5262841,137.680002,-30.725537,30.290,37.023,6.733,9793734.84,30.290,37.023,0.13,2.67,37.54,-4.45,16.65,-17.25,100.000,5.000,5.060,0.06,2.00,5.000,5.060,0.5,1,0,5,5,1,3,5,5,1,3,69E3,?,TR,GDA94,MSL,GRS80,B,DEG,m,m,m,um,m,m,um,m,m,m,m,um,m,m,um,99999,99999,ELN,W98,99999,ELN,DFA,AUSGEOID98,GRS80,99999,99999,31-DEC-99,31-DEC-99,Comment is null
196953,1969534004.00,5409000,137.740702,-30.727036,29.960,36.877,6.917,9793700.02,29.960,36.877,0.17,2.67,1.08,-40.75,-20.38,-53.90,100.000,5.000,5.060,0.06,2.00,5.000,5.060,0.5,1,0,5,5,1,3,5,5,1,3,69E3,?,TR,GDA94,MSL,GRS80,B,DEG,m,m,m,um,m,m,um,m,m,m,m,um,m,m,um,99999,99999,ELN,W98,99999,ELN,DFA,AUSGEOID98,GRS80,99999,99999,31-DEC-99,31-DEC-99,Comment is null
196953,1969534006.00,4642402,137.860800,-30.730335,28.990,36.301,7.311,9793667.50,28.990,36.301,0.28,2.67,-35.83,-77.01,-58.51,-90.95,100.000,5.000,5.060,0.06,2.00,5.000,5.060,0.5,1,0,5,5,1,3,5,5,1,3,69E3,?,TR,GDA94,MSL,GRS80,B,DEG,m,m,m,um,m,m,um,m,m,m,m,um,m,m,um,99999,99999,ELN,W98,99999,ELN,DFA,AUSGEOID98,GRS80,99999,99999,31-DEC-99,31-DEC-99,Comment is null
196953,1969534007.00,4642403,137.923300,-30.731434,31.210,38.757,7.547,9793686.61,31.210,38.757,0.39,2.67,-10.02,-53.97,-33.42,-68.34,100.000,5.000,5.060,0.06,2.00,5.000,5.060,0.5,1,0,5,5,1,3,5,5,1,3,69E3,?,TR,GDA94,MSL,GRS80,B,DEG,m,m,m,um,m,m,um,m,m,m,m,um,m,m,um,99999,99999,ELN,W98,99999,ELN,DFA,AUSGEOID98,GRS80,99999,99999,31-DEC-99,31-DEC-99,Comment is null
196953,1969534008.00,5809385,137.942099,-30.719834,32.820,40.462,7.642,9793691.32,32.820,40.462,0.42,2.67,9.15,-36.74,-14.54,-51.27,100.000,5.000,5.060,0.06,2.00,5.000,5.060,0.5,1,0,5,5,1,3,5,5,1,3,69E3,?,TR,GDA94,MSL,GRS80,B,DEG,m,m,m,um,m,m,um,m,m,m,m,um,m,m,um,99999,99999,ELN,W98,99999,ELN,DFA,AUSGEOID98,GRS80,99999,99999,31-DEC-99,31-DEC-99,Comment is null
196953,1969534009.00,4642404,137.876000,-30.713135,33.130,40.524,7.394,9793606.57,33.130,40.524,0.30,2.67,-70.09,-116.05,-93.02,-130.09,100.000,5.000,5.060,0.06,2.00,5.000,5.060,0.5,1,0,5,5,1,3,5,5,1,3,69E3,?,TR,GDA94,MSL,GRS80,B,DEG,m,m,m,um,m,m,um,m,m,m,m,um,m,m,um,99999,99999,ELN,W98,99999,ELN,DFA,AUSGEOID98,GRS80,99999,99999,31-DEC-99,31-DEC-99,Comment is null
196953,1969534011.00,5312281,137.744201,-30.700036,32.000,38.969,6.969,9793574.05,32.000,38.969,0.17,2.67,-97.02,-141.21,-118.63,-154.44,100.000,5.000,5.060,0.06,2.00,5.000,5.060,0.5,1,0,5,5,1,3,5,5,1,3,69E3,?,TR,GDA94,MSL,GRS80,B,DEG,m,m,m,um,m,m,um,m,m,m,m,um,m,m,um,99999,99999,ELN,W98,99999,ELN,DFA,AUSGEOID98,GRS80,99999,99999,31-DEC-99,31-DEC-99,Comment is null
196953,1969534012.00,4642406,137.678202,-30.692736,31.490,38.261,6.771,9793635.19,31.490,38.261,0.13,2.67,-32.28,-75.68,-53.29,-88.52,100.000,5.000,5.060,0.06,2.00,5.000,5.060,0.5,1,0,5,5,1,3,5,5,1,3,69E3,?,TR,GDA94,MSL,GRS80,B,DEG,m,m,m,um,m,m,um,m,m,m,m,um,m,m,um,99999,99999,ELN,W98,99999,ELN,DFA,AUSGEOID98,GRS80,99999,99999,31-DEC-99,31-DEC-99,Comment is null
196953,1969534013.00,5786908,137.612902,-30.686437,32.360,38.937,6.577,9793640.39,32.360,38.937,0.12,2.67,-20.00,-64.16,-40.40,-76.62,100.000,5.000,5.060,0.06,2.00,5.000,5.060,0.5,1,0,5,5,1,3,5,5,1,3,69E3,?,TR,GDA94,MSL,GRS80,B,DEG,m,m,m,um,m,m,um,m,m,m,m,um,m,m,um,99999,99999,ELN,W98,99999,ELN,DFA,AUSGEOID98,GRS80,99999,99999,31-DEC-99,31-DEC-99,Comment is null
196953,1969534014.00,5408646,137.547403,-30.678338,32.510,38.884,6.374,9793557.15,32.510,38.884,0.15,2.67,-96.98,-141.09,-116.77,-153.14,100.000,5.000,5.060,0.06,2.00,5.000,5.060,0.5,1,0,5,5,1,3,5,5,1,3,69E3,?,TR,GDA94,MSL,GRS80,B,DEG,m,m,m,um,m,m,um,m,m,m,m,um,m,m,um,99999,99999,ELN,W98,99999,ELN,DFA,AUSGEOID98,GRS80,99999,99999,31-DEC-99,31-DEC-99,Comment is null
196953,1969534016.00,4642407,137.517702,-30.618938,31.780,38.189,6.409,9793528.33,31.780,38.189,0.13,2.67,-80.89,-124.20,-100.78,-136.34,100.000,5.000,5.060,0.06,2.00,5.000,5.060,0.5,1,0,5,5,1,3,5,5,1,3,69E3,?,TR,GDA94,MSL,GRS80,B,DEG,m,m,m,um,m,m,um,m,m,m,m,um,m,m,um,99999,99999,ELN,W98,99999,ELN,DFA,AUSGEOID98,GRS80,99999,99999,31-DEC-99,31-DEC-99,Comment is null
196953,1969534017.00,4642408,137.585902,-30.619937,32.540,39.187,6.647,9793628.08,32.540,39.187,0.11,2.67,21.15,-23.29,0.53,-35.88,100.000,5.000,5.060,0.06,2.00,5.000,5.060,0.5,1,0,5,5,1,3,5,5,1,3,69E3,?,TR,GDA94,MSL,GRS80,B,DEG,m,m,m,um,m,m,um,m,m,m,m,um,m,m,um,99999,99999,ELN,W98,99999,ELN,DFA,AUSGEOID98,GRS80,99999,99999,31-DEC-99,31-DEC-99,Comment is null
196953,1969534018.00,5844654,137.654201,-30.620636,32.670,39.537,6.867,9793580.86,32.670,39.537,0.12,2.67,-25.54,-70.39,-46.85,-83.40,100.000,5.000,5.060,0.06,2.00,5.000,5.060,0.5,1,0,5,5,1,3,5,5,1,3,69E3,?,TR,GDA94,MSL,GRS80,B,DEG,m,m,m,um,m,m,um,m,m,m,m,um,m,m,um,99999,99999,ELN,W98,99999,ELN,DFA,AUSGEOID98,GRS80,99999,99999,31-DEC-99,31-DEC-99,Comment is null
196953,1969534019.00,4642409,137.720100,-30.620936,32.820,39.883,7.063,9793548.74,32.820,39.883,0.15,2.67,-56.83,-102.07,-78.74,-115.46,100.000,5.000,5.060,0.06,2.00,5.000,5.060,0.5,1,0,5,5,1,3,5,5,1,3,69E3,?,TR,GDA94,MSL,GRS80,B,DEG,m,m,m,um,m,m,um,m,m,m,m,um,m,m,um,99999,99999,ELN,W98,99999,ELN,DFA,AUSGEOID98,GRS80,99999,99999,31-DEC-99,31-DEC-99,Comment is null
196953,1969534020.00,4642410,137.789300,-30.622535,32.920,40.192,7.272,9793559.45,32.920,40.192,0.20,2.67,-46.44,-92.02,-68.99,-105.83,100.000,5.000,5.060,0.06,2.00,5.000,5.060,0.5,1,0,5,5,1,3,5,5,1,3,69E3,?,TR,GDA94,MSL,GRS80,B,DEG,m,m,m,um,m,m,um,m,m,m,m,um,m,m,um,99999,99999,ELN,W98,99999,ELN,DFA,AUSGEOID98,GRS80,99999,99999,31-DEC-99,31-DEC-99,Comment is null
196953,1969534021.00,4642411,137.856699,-30.622934,35.320,42.817,7.497,9793567.45,35.320,42.817,0.30,2.67,-30.65,-79.21,-53.89,-93.42,100.000,5.000,5.060,0.06,2.00,5.000,5.060,0.5,1,0,5,5,1,3,5,5,1,3,69E3,?,TR,GDA94,MSL,GRS80,B,DEG,m,m,m,um,m,m,um,m,m,m,m,um,m,m,um,99999,99999,ELN,W98,99999,ELN,DFA,AUSGEOID98,GRS80,99999,99999,31-DEC-99,31-DEC-99,Comment is null
196953,1969534022.00,5809386,137.851898,-30.560634,34.070,41.676,7.606,9793545.64,34.070,41.676,0.56,2.67,-6.68,-53.95,-30.26,-68.39,100.000,5.000,5.060,0.06,2.00,5.000,5.060,0.5,1,0,5,5,1,3,5,5,1,3,69E3,?,TR,GDA94,MSL,GRS80,B,DEG,m,m,m,um,m,m,um,m,m,m,m,um,m,m,um,99999,99999,ELN,W98,99999,ELN,DFA,AUSGEOID98,GRS80,99999,99999,31-DEC-99,31-DEC-99,Comment is null
196953,1969534023.00,5312282,137.783999,-30.559135,32.250,39.658,7.408,9793577.46,32.250,39.658,0.23,2.67,20.09,-24.89,-2.88,-38.97,100.000,5.000,5.060,0.06,2.00,5.000,5.060,0.5,1,0,5,5,1,3,5,5,1,3,69E3,?,TR,GDA94,MSL,GRS80,B,DEG,m,m,m,um,m,m,um,m,m,m,m,um,m,m,um,99999,99999,ELN,W98,99999,ELN,DFA,AUSGEOID98,GRS80,99999,99999,31-DEC-99,31-DEC-99,Comment is null
196953,1969534024.00,4642412,137.715800,-30.559235,32.670,39.876,7.206,9793647.69,32.670,39.876,0.15,2.67,90.93,45.70,68.58,32.02,100.000,5.000,5.060,0.06,2.00,5.000,5.060,0.5,1,0,5,5,1,3,5,5,1,3,69E3,?,TR,GDA94,MSL,GRS80,B,DEG,m,m,m,um,m,m,um,m,m,m,m,um,m,m,um,99999,99999,ELN,W98,99999,ELN,DFA,AUSGEOID98,GRS80,99999,99999,31-DEC-99,31-DEC-99,Comment is null
196953,1969534025.00,5409494,137.648400,-30.559136,33.950,40.944,6.994,9793632.29,33.950,40.944,0.12,2.67,78.89,32.45,57.20,19.21,100.000,5.000,5.060,0.06,2.00,5.000,5.060,0.5,1,0,5,5,1,3,5,5,1,3,69E3,?,TR,GDA94,MSL,GRS80,B,DEG,m,m,m,um,m,m,um,m,m,m,m,um,m,m,um,99999,99999,ELN,W98,99999,ELN,DFA,AUSGEOID98,GRS80,99999,99999,31-DEC-99,31-DEC-99,Comment is null
196953,1969534026.00,5924041,137.580201,-30.559137,34.720,41.493,6.773,9793604.67,34.720,41.493,0.10,2.67,52.97,5.91,31.96,-6.89,100.000,5.000,5.060,0.06,2.00,5.000,5.060,0.5,1,0,5,5,1,3,5,5,1,3,69E3,?,TR,GDA94,MSL,GRS80,B,DEG,m,m,m,um,m,m,um,m,m,m,m,um,m,m,um,99999,99999,ELN,W98,99999,ELN,DFA,AUSGEOID98,GRS80,99999,99999,31-DEC-99,31-DEC-99,Comment is null
196953,1969534027.00,5733267,137.512302,-30.558637,33.760,40.303,6.543,9793547.64,33.760,40.303,0.10,2.67,-7.34,-53.05,-27.64,-65.42,100.000,5.000,5.060,0.06,2.00,5.000,5.060,0.5,1,0,5,5,1,3,5,5,1,3,69E3,?,TR,GDA94,MSL,GRS80,B,DEG,m,m,m,um,m,m,um,m,m,m,m,um,m,m,um,99999,99999,ELN,W98,99999,ELN,DFA,AUSGEOID98,GRS80,99999,99999,31-DEC-99,31-DEC-99,Comment is null
196953,1969534028.00,4642413,137.444402,-30.557438,34.990,41.308,6.318,9793478.70,34.990,41.308,0.18,2.67,-72.22,-119.08,-91.83,-130.99,100.000,5.000,5.060,0.06,2.00,5.000,5.060,0.5,1,0,5,5,1,3,5,5,1,3,69E3,?,TR,GDA94,MSL,GRS80,B,DEG,m,m,m,um,m,m,um,m,m,m,m,um,m,m,um,99999,99999,ELN,W98,99999,ELN,DFA,AUSGEOID98,GRS80,99999,99999,31-DEC-99,31-DEC-99,Comment is null
196953,1969534029.00,4642414,137.447103,-30.618538,35.560,41.731,6.171,9793466.90,35.560,41.731,0.58,2.67,-131.07,-178.40,-150.23,-190.02,100.000,5.000,5.060,0.06,2.00,5.000,5.060,0.5,1,0,5,5,1,3,5,5,1,3,69E3,?,TR,GDA94,MSL,GRS80,B,DEG,m,m,m,um,m,m,um,m,m,m,m,um,m,m,um,99999,99999,ELN,W98,99999,ELN,DFA,AUSGEOID98,GRS80,99999,99999,31-DEC-99,31-DEC-99,Comment is null
196953,1969534101.00,4642415,137.269503,-30.444939,50.310,56.473,6.163,9793479.20,50.310,56.473,0.23,2.67,63.94,-0.11,44.82,-11.48,100.000,5.000,5.060,0.06,2.00,5.000,5.060,0.5,1,0,5,5,1,3,5,5,1,3,69E3,?,TR,GDA94,MSL,GRS80,B,DEG,m,m,m,um,m,m,um,m,m,m,m,um,m,m,um,99999,99999,ELN,W98,99999,ELN,DFA,AUSGEOID98,GRS80,99999,99999,31-DEC-99,31-DEC-99,Comment is null
196953,1969534102.00,4642416,137.410302,-30.503438,34.230,40.604,6.374,9793516.92,34.230,40.604,0.16,2.67,6.51,-39.55,-13.28,-51.58,100.000,5.000,5.060,0.06,2.00,5.000,5.060,0.5,1,0,5,5,1,3,5,5,1,3,69E3,?,TR,GDA94,MSL,GRS80,B,DEG,m,m,m,um,m,m,um,m,m,m,m,um,m,m,um,99999,99999,ELN,W98,99999,ELN,DFA,AUSGEOID98,GRS80,99999,99999,31-DEC-99,31-DEC-99,Comment is null
196953,1969534103.00,4642417,137.480901,-30.509238,34.010,40.582,6.572,9793532.63,34.010,40.582,0.10,2.67,17.56,-28.46,-2.83,-40.89,100.000,5.000,5.060,0.06,2.00,5.000,5.060,0.5,1,0,5,5,1,3,5,5,1,3,69E3,?,TR,GDA94,MSL,GRS80,B,DEG,m,m,m,um,m,m,um,m,m,m,m,um,m,m,um,99999,99999,ELN,W98,99999,ELN,DFA,AUSGEOID98,GRS80,99999,99999,31-DEC-99,31-DEC-99,Comment is null
196953,1969534104.00,4642418,137.551401,-30.515237,34.720,41.502,6.782,9793544.04,34.720,41.502,0.09,2.67,27.07,-20.00,6.03,-32.82,100.000,5.000,5.060,0.06,2.00,5.000,5.060,0.5,1,0,5,5,1,3,5,5,1,3,69E3,?,TR,GDA94,MSL,GRS80,B,DEG,m,m,m,um,m,m,um,m,m,m,m,um,m,m,um,99999,99999,ELN,W98,99999,ELN,DFA,AUSGEOID98,GRS80,99999,99999,31-DEC-99,31-DEC-99,Comment is null
196953,1969534105.00,5593282,137.622600,-30.520636,35.910,42.914,7.004,9793562.85,35.910,42.914,0.11,2.67,45.97,-2.70,24.25,-15.94,100.000,5.000,5.060,0.06,2.00,5.000,5.060,0.5,1,0,5,5,1,3,5,5,1,3,69E3,?,TR,GDA94,MSL,GRS80,B,DEG,m,m,m,um,m,m,um,m,m,m,m,um,m,m,um,99999,99999,ELN,W98,99999,ELN,DFA,AUSGEOID98,GRS80,99999,99999,31-DEC-99,31-DEC-99,Comment is null
196953,1969534106.00,4642419,137.692699,-30.526536,35.940,43.157,7.217,9793633.09,35.940,43.157,0.15,2.67,112.29,63.35,89.91,49.70,100.000,5.000,5.060,0.06,2.00,5.000,5.060,0.5,1,0,5,5,1,3,5,5,1,3,69E3,?,TR,GDA94,MSL,GRS80,B,DEG,m,m,m,um,m,m,um,m,m,m,m,um,m,m,um,99999,99999,ELN,W98,99999,ELN,DFA,AUSGEOID98,GRS80,99999,99999,31-DEC-99,31-DEC-99,Comment is null
196953,1969534107.00,5408647,137.763299,-30.531635,36.260,43.674,7.414,9793616.78,36.260,43.674,0.23,2.67,93.55,44.02,70.56,29.99,100.000,5.000,5.060,0.06,2.00,5.000,5.060,0.5,1,0,5,5,1,3,5,5,1,3,69E3,?,TR,GDA94,MSL,GRS80,B,DEG,m,m,m,um,m,m,um,m,m,m,m,um,m,m,um,99999,99999,ELN,W98,99999,ELN,DFA,AUSGEOID98,GRS80,99999,99999,31-DEC-99,31-DEC-99,Comment is null
196953,1969534108.00,4642420,137.834698,-30.537534,38.520,46.125,7.605,9793551.54,38.520,46.125,0.54,2.67,31.21,-21.10,7.64,-35.46,100.000,5.000,5.060,0.06,2.00,5.000,5.060,0.5,1,0,5,5,1,3,5,5,1,3,69E3,?,TR,GDA94,MSL,GRS80,B,DEG,m,m,m,um,m,m,um,m,m,m,m,um,m,m,um,99999,99999,ELN,W98,99999,ELN,DFA,AUSGEOID98,GRS80,99999,99999,31-DEC-99,31-DEC-99,Comment is null
196953,1969534109.00,5856289,137.722598,-30.435535,42.330,49.773,7.443,9793477.80,42.330,49.773,0.35,2.67,49.28,-7.17,26.21,-21.16,100.000,5.000,5.060,0.06,2.00,5.000,5.060,0.5,1,0,5,5,1,3,5,5,1,3,69E3,?,TR,GDA94,MSL,GRS80,B,DEG,m,m,m,um,m,m,um,m,m,m,m,um,m,m,um,99999,99999,ELN,W98,99999,ELN,DFA,AUSGEOID98,GRS80,99999,99999,31-DEC-99,31-DEC-99,Comment is null
196953,1969534110.00,4642421,137.657099,-30.455836,36.700,43.918,7.218,9793506.02,36.700,43.918,0.19,2.67,43.41,-6.40,21.03,-20.04,100.000,5.000,5.060,0.06,2.00,5.000,5.060,0.5,1,0,5,5,1,3,5,5,1,3,69E3,?,TR,GDA94,MSL,GRS80,B,DEG,m,m,m,um,m,m,um,m,m,m,m,um,m,m,um,99999,99999,ELN,W98,99999,ELN,DFA,AUSGEOID98,GRS80,99999,99999,31-DEC-99,31-DEC-99,Comment is null
196953,1969534112.00,5746203,137.584700,-30.463636,35.010,41.993,6.983,9793503.02,35.010,41.993,0.12,2.67,28.32,-19.31,6.66,-32.52,100.000,5.000,5.060,0.06,2.00,5.000,5.060,0.5,1,0,5,5,1,3,5,5,1,3,69E3,?,TR,GDA94,MSL,GRS80,B,DEG,m,m,m,um,m,m,um,m,m,m,m,um,m,m,um,99999,99999,ELN,W98,99999,ELN,DFA,AUSGEOID98,GRS80,99999,99999,31-DEC-99,31-DEC-99,Comment is null
196953,1969534113.00,4642422,137.513301,-30.470337,33.220,39.977,6.757,9793510.62,33.220,39.977,0.10,2.67,24.41,-20.93,3.44,-33.73,100.000,5.000,5.060,0.06,2.00,5.000,5.060,0.5,1,0,5,5,1,3,5,5,1,3,69E3,?,TR,GDA94,MSL,GRS80,B,DEG,m,m,m,um,m,m,um,m,m,m,m,um,m,m,um,99999,99999,ELN,W98,99999,ELN,DFA,AUSGEOID98,GRS80,99999,99999,31-DEC-99,31-DEC-99,Comment is null
196953,1969534115.00,4642423,137.441501,-30.477138,33.270,39.800,6.530,9793510.32,33.270,39.800,0.11,2.67,18.19,-26.95,-2.07,-39.30,100.000,5.000,5.060,0.06,2.00,5.000,5.060,0.5,1,0,5,5,1,3,5,5,1,3,69E3,?,TR,GDA94,MSL,GRS80,B,DEG,m,m,m,um,m,m,um,m,m,m,m,um,m,m,um,99999,99999,ELN,W98,99999,ELN,DFA,AUSGEOID98,GRS80,99999,99999,31-DEC-99,31-DEC-99,Comment is null
196953,1969534116.00,5409112,137.370302,-30.482639,33.850,40.168,6.318,9793473.50,33.850,40.168,0.18,2.67,-21.84,-67.39,-41.44,-79.32,100.000,5.000,5.060,0.06,2.00,5.000,5.060,0.5,1,0,5,5,1,3,5,5,1,3,69E3,?,TR,GDA94,MSL,GRS80,B,DEG,m,m,m,um,m,m,um,m,m,m,m,um,m,m,um,99999,99999,ELN,W98,99999,ELN,DFA,AUSGEOID98,GRS80,99999,99999,31-DEC-99,31-DEC-99,Comment is null
196953,1969534117.00,5409946,137.341001,-30.397338,36.110,42.575,6.465,9793502.12,36.110,42.575,0.16,2.67,81.51,33.22,61.45,21.04,100.000,5.000,5.060,0.06,2.00,5.000,5.060,0.5,1,0,5,5,1,3,5,5,1,3,69E3,?,TR,GDA94,MSL,GRS80,B,DEG,m,m,m,um,m,m,um,m,m,m,m,um,m,m,um,99999,99999,ELN,W98,99999,ELN,DFA,AUSGEOID98,GRS80,99999,99999,31-DEC-99,31-DEC-99,Comment is null
196953,1969534118.00,4642424,137.408301,-30.391538,34.170,40.808,6.638,9793444.39,34.170,40.808,0.10,2.67,22.90,-23.38,2.30,-35.93,100.000,5.000,5.060,0.06,2.00,5.000,5.060,0.5,1,0,5,5,1,3,5,5,1,3,69E3,?,TR,GDA94,MSL,GRS80,B,DEG,m,m,m,um,m,m,um,m,m,m,m,um,m,m,um,99999,99999,ELN,W98,99999,ELN,DFA,AUSGEOID98,GRS80,99999,99999,31-DEC-99,31-DEC-99,Comment is null
196953,1969534119.00,4642425,137.497900,-30.391537,35.420,42.287,6.867,9793403.96,35.420,42.287,0.37,2.67,-12.96,-60.92,-34.26,-73.89,100.000,5.000,5.060,0.06,2.00,5.000,5.060,0.5,1,0,5,5,1,3,5,5,1,3,69E3,?,TR,GDA94,MSL,GRS80,B,DEG,m,m,m,um,m,m,um,m,m,m,m,um,m,m,um,99999,99999,ELN,W98,99999,ELN,DFA,AUSGEOID98,GRS80,99999,99999,31-DEC-99,31-DEC-99,Comment is null
196953,1969534120.00,4642426,137.539699,-30.388936,55.750,62.732,6.982,9793354.34,55.750,62.732,0.12,2.67,2.55,-68.60,-19.09,-81.47,100.000,5.000,5.060,0.06,2.00,5.000,5.060,0.5,1,0,5,5,1,3,5,5,1,3,69E3,?,TR,GDA94,MSL,GRS80,B,DEG,m,m,m,um,m,m,um,m,m,m,m,um,m,m,um,99999,99999,ELN,W98,99999,ELN,DFA,AUSGEOID98,GRS80,99999,99999,31-DEC-99,31-DEC-99,Comment is null
196953,1969534121.00,4642427,137.548698,-30.338236,52.210,59.306,7.096,9793338.63,52.210,59.306,0.09,2.67,16.21,-51.05,-5.78,-64.20,100.000,5.000,5.060,0.06,2.00,5.000,5.060,0.5,1,0,5,5,1,3,5,5,1,3,69E3,?,TR,GDA94,MSL,GRS80,B,DEG,m,m,m,um,m,m,um,m,m,m,m,um,m,m,um,99999,99999,ELN,W98,99999,ELN,DFA,AUSGEOID98,GRS80,99999,99999,31-DEC-99,31-DEC-99,Comment is null
196953,1969534122.00,4642428,137.487599,-30.342137,50.070,57.006,6.936,9793356.34,50.070,57.006,0.13,2.67,23.75,-40.90,2.25,-53.78,100.000,5.000,5.060,0.06,2.00,5.000,5.060,0.5,1,0,5,5,1,3,5,5,1,3,69E3,?,TR,GDA94,MSL,GRS80,B,DEG,m,m,m,um,m,m,um,m,m,m,m,um,m,m,um,99999,99999,ELN,W98,99999,ELN,DFA,AUSGEOID98,GRS80,99999,99999,31-DEC-99,31-DEC-99,Comment is null
196953,1969534123.00,4642429,137.441300,-30.346737,36.350,43.162,6.812,9793400.46,36.350,43.162,0.43,2.67,21.54,-27.41,0.41,-40.27,100.000,5.000,5.060,0.06,2.00,5.000,5.060,0.5,1,0,5,5,1,3,5,5,1,3,69E3,?,TR,GDA94,MSL,GRS80,B,DEG,m,m,m,um,m,m,um,m,m,m,m,um,m,m,um,99999,99999,ELN,W98,99999,ELN,DFA,AUSGEOID98,GRS80,99999,99999,31-DEC-99,31-DEC-99,Comment is null
196953,1969534124.00,4642430,137.370600,-30.341738,33.950,40.601,6.651,9793451.19,33.950,40.601,0.11,2.67,68.30,22.25,47.66,9.67,100.000,5.000,5.060,0.06,2.00,5.000,5.060,0.5,1,0,5,5,1,3,5,5,1,3,69E3,?,TR,GDA94,MSL,GRS80,B,DEG,m,m,m,um,m,m,um,m,m,m,m,um,m,m,um,99999,99999,ELN,W98,99999,ELN,DFA,AUSGEOID98,GRS80,99999,99999,31-DEC-99,31-DEC-99,Comment is null
196953,1969534125.00,4642431,137.277601,-30.341939,63.400,69.825,6.425,9793403.66,63.400,69.825,0.15,2.67,110.79,31.60,90.87,19.93,100.000,5.000,5.060,0.06,2.00,5.000,5.060,0.5,1,0,5,5,1,3,5,5,1,3,69E3,?,TR,GDA94,MSL,GRS80,B,DEG,m,m,m,um,m,m,um,m,m,m,m,um,m,m,um,99999,99999,ELN,W98,99999,ELN,DFA,AUSGEOID98,GRS80,99999,99999,31-DEC-99,31-DEC-99,Comment is null
196953,1969534126.00,4642432,137.270002,-30.394439,53.250,59.553,6.303,9793503.52,53.250,59.553,0.16,2.67,137.58,70.04,118.04,58.45,100.000,5.000,5.060,0.06,2.00,5.000,5.060,0.5,1,0,5,5,1,3,5,5,1,3,69E3,?,TR,GDA94,MSL,GRS80,B,DEG,m,m,m,um,m,m,um,m,m,m,m,um,m,m,um,99999,99999,ELN,W98,99999,ELN,DFA,AUSGEOID98,GRS80,99999,99999,31-DEC-99,31-DEC-99,Comment is null
196953,1969534127.00,4642433,137.339703,-30.497939,39.250,45.446,6.196,9793468.90,39.250,45.446,0.45,2.67,-22.24,-73.78,-41.46,-85.38,100.000,5.000,5.060,0.06,2.00,5.000,5.060,0.5,1,0,5,5,1,3,5,5,1,3,69E3,?,TR,GDA94,MSL,GRS80,B,DEG,m,m,m,um,m,m,um,m,m,m,m,um,m,m,um,99999,99999,ELN,W98,99999,ELN,DFA,AUSGEOID98,GRS80,99999,99999,31-DEC-99,31-DEC-99,Comment is null
196953,1969534180.00,5758254,137.321601,-30.340838,32.850,39.386,6.536,9793469.20,32.850,39.386,0.18,2.67,83.27,38.60,62.99,26.23,100.000,5.000,5.060,0.06,2.00,5.000,5.060,0.5,1,0,5,5,1,3,5,5,1,3,69E3,?,TR,GDA94,MSL,GRS80,B,DEG,m,m,m,um,m,m,um,m,m,m,m,um,m,m,um,99999,99999,ELN,W98,99999,ELN,DFA,AUSGEOID98,GRS80,99999,99999,31-DEC-99,31-DEC-99,Comment is null
196953,1969534201.00,4642434,137.833197,-30.433134,65.590,73.349,7.759,9793434.18,65.590,73.349,0.21,2.67,80.30,-2.89,56.27,-17.12,100.000,5.000,5.060,0.06,2.00,5.000,5.060,0.5,1,0,5,5,1,3,5,5,1,3,69E3,?,TR,GDA94,MSL,GRS80,B,DEG,m,m,m,um,m,m,um,m,m,m,m,um,m,m,um,99999,99999,ELN,W98,99999,ELN,DFA,AUSGEOID98,GRS80,99999,99999,31-DEC-99,31-DEC-99,Comment is null
196953,1969534202.00,5981399,137.858197,-30.502034,59.130,66.869,7.739,9793505.32,59.130,66.869,0.26,2.67,77.05,1.21,53.08,-13.09,100.000,5.000,5.060,0.06,2.00,5.000,5.060,0.5,1,0,5,5,1,3,5,5,1,3,69E3,?,TR,GDA94,MSL,GRS80,B,DEG,m,m,m,um,m,m,um,m,m,m,m,um,m,m,um,99999,99999,ELN,W98,99999,ELN,DFA,AUSGEOID98,GRS80,99999,99999,31-DEC-99,31-DEC-99,Comment is null
196953,1969534203.00,5688415,137.907097,-30.548734,53.360,61.162,7.802,9793504.22,53.360,61.162,0.28,2.67,21.43,-47.93,-2.74,-62.45,100.000,5.000,5.060,0.06,2.00,5.000,5.060,0.5,1,0,5,5,1,3,5,5,1,3,69E3,?,TR,GDA94,MSL,GRS80,B,DEG,m,m,m,um,m,m,um,m,m,m,m,um,m,m,um,99999,99999,ELN,W98,99999,ELN,DFA,AUSGEOID98,GRS80,99999,99999,31-DEC-99,31-DEC-99,Comment is null
196953,1969534204.00,5799272,137.908798,-30.613034,33.740,41.440,7.700,9793572.65,33.740,41.440,0.37,2.67,-21.86,-68.86,-45.73,-83.48,100.000,5.000,5.060,0.06,2.00,5.000,5.060,0.5,1,0,5,5,1,3,5,5,1,3,69E3,?,TR,GDA94,MSL,GRS80,B,DEG,m,m,m,um,m,m,um,m,m,m,m,um,m,m,um,99999,99999,ELN,W98,99999,ELN,DFA,AUSGEOID98,GRS80,99999,99999,31-DEC-99,31-DEC-99,Comment is null
196953,1969534205.00,5262842,137.981198,-30.695533,44.710,52.537,7.827,9793675.01,44.710,52.537,0.43,2.67,49.37,-10.21,25.12,-24.91,100.000,5.000,5.060,0.06,2.00,5.000,5.060,0.5,1,0,5,5,1,3,5,5,1,3,69E3,?,TR,GDA94,MSL,GRS80,B,DEG,m,m,m,um,m,m,um,m,m,m,m,um,m,m,um,99999,99999,ELN,W98,99999,ELN,DFA,AUSGEOID98,GRS80,99999,99999,31-DEC-99,31-DEC-99,Comment is null
196953,1969534206.00,4642435,137.993098,-30.657433,49.860,57.795,7.935,9793632.69,49.860,57.795,0.45,2.67,53.47,-12.07,28.89,-26.90,100.000,5.000,5.060,0.06,2.00,5.000,5.060,0.5,1,0,5,5,1,3,5,5,1,3,69E3,?,TR,GDA94,MSL,GRS80,B,DEG,m,m,m,um,m,m,um,m,m,m,m,um,m,m,um,99999,99999,ELN,W98,99999,ELN,DFA,AUSGEOID98,GRS80,99999,99999,31-DEC-99,31-DEC-99,Comment is null
196953,1969534207.00,5809387,137.998697,-30.611233,64.920,72.950,8.030,9793557.25,64.920,72.950,0.41,2.67,61.38,-21.35,36.52,-36.12,100.000,5.000,5.060,0.06,2.00,5.000,5.060,0.5,1,0,5,5,1,3,5,5,1,3,69E3,?,TR,GDA94,MSL,GRS80,B,DEG,m,m,m,um,m,m,um,m,m,m,m,um,m,m,um,99999,99999,ELN,W98,99999,ELN,DFA,AUSGEOID98,GRS80,99999,99999,31-DEC-99,31-DEC-99,Comment is null
196953,1969534208.00,5880234,137.982997,-30.556733,63.700,71.732,8.032,9793507.82,63.700,71.732,0.38,2.67,51.32,-30.03,26.45,-44.83,100.000,5.000,5.060,0.06,2.00,5.000,5.060,0.5,1,0,5,5,1,3,5,5,1,3,69E3,?,TR,GDA94,MSL,GRS80,B,DEG,m,m,m,um,m,m,um,m,m,m,m,um,m,m,um,99999,99999,ELN,W98,99999,ELN,DFA,AUSGEOID98,GRS80,99999,99999,31-DEC-99,31-DEC-99,Comment is null
196953,1969534209.00,4642436,137.996696,-30.503132,64.920,73.040,8.120,9793396.66,64.920,73.040,0.35,2.67,-13.44,-96.27,-38.58,-111.22,100.000,5.000,5.060,0.06,2.00,5.000,5.060,0.5,1,0,5,5,1,3,5,5,1,3,69E3,?,TR,GDA94,MSL,GRS80,B,DEG,m,m,m,um,m,m,um,m,m,m,m,um,m,m,um,99999,99999,ELN,W98,99999,ELN,DFA,AUSGEOID98,GRS80,99999,99999,31-DEC-99,31-DEC-99,Comment is null
196953,1969534210.00,5924042,137.921896,-30.494733,60.960,68.883,7.923,9793446.19,60.960,68.883,0.27,2.67,29.90,-48.22,5.36,-62.85,100.000,5.000,5.060,0.06,2.00,5.000,5.060,0.5,1,0,5,5,1,3,5,5,1,3,69E3,?,TR,GDA94,MSL,GRS80,B,DEG,m,m,m,um,m,m,um,m,m,m,m,um,m,m,um,99999,99999,ELN,W98,99999,ELN,DFA,AUSGEOID98,GRS80,99999,99999,31-DEC-99,31-DEC-99,Comment is null
196953,1969534301.00,5409495,136.653499,-29.695142,108.780,114.569,5.789,9792586.93,108.780,114.569,0.40,2.67,-61.83,-191.74,-79.75,-201.47,100.000,5.000,5.060,0.06,2.00,5.000,5.060,0.5,1,0,5,5,1,3,5,5,1,3,69E3,?,TR,GDA94,MSL,GRS80,B,DEG,m,m,m,um,m,m,um,m,m,m,m,um,m,m,um,99999,99999,ELN,W98,99999,ELN,DFA,AUSGEOID98,GRS80,99999,99999,31-DEC-99,31-DEC-99,Comment is null
196953,1969534303.00,5765301,136.804698,-29.697241,122.610,128.784,6.174,9792568.22,122.610,128.784,0.61,2.67,-38.31,-184.34,-57.41,-194.61,100.000,5.000,5.060,0.06,2.00,5.000,5.060,0.5,1,0,5,5,1,3,5,5,1,3,69E3,?,TR,GDA94,MSL,GRS80,B,DEG,m,m,m,um,m,m,um,m,m,m,m,um,m,m,um,99999,99999,ELN,W98,99999,ELN,DFA,AUSGEOID98,GRS80,99999,99999,31-DEC-99,31-DEC-99,Comment is null
196953,1969534304.00,4642437,136.867896,-29.636340,31.000,37.430,6.430,9792784.94,31.000,37.430,0.27,2.67,-56.16,-98.62,-76.13,-110.82,100.000,5.000,5.060,0.06,2.00,5.000,5.060,0.5,1,0,5,5,1,3,5,5,1,3,69E3,?,TR,GDA94,MSL,GRS80,B,DEG,m,m,m,um,m,m,um,m,m,m,m,um,m,m,um,99999,99999,ELN,W98,99999,ELN,DFA,AUSGEOID98,GRS80,99999,99999,31-DEC-99,31-DEC-99,Comment is null
196953,1969534305.00,5705689,136.817697,-29.640240,43.460,49.755,6.295,9792734.71,43.460,49.755,0.37,2.67,-71.39,-127.82,-90.93,-139.56,100.000,5.000,5.060,0.06,2.00,5.000,5.060,0.5,1,0,5,5,1,3,5,5,1,3,69E3,?,TR,GDA94,MSL,GRS80,B,DEG,m,m,m,um,m,m,um,m,m,m,m,um,m,m,um,99999,99999,ELN,W98,99999,ELN,DFA,AUSGEOID98,GRS80,99999,99999,31-DEC-99,31-DEC-99,Comment is null
196953,1969534306.00,4642438,136.809096,-29.581040,21.660,28.032,6.372,9792765.23,21.660,28.032,0.21,2.67,-61.97,-93.76,-81.77,-106.00,100.000,5.000,5.060,0.06,2.00,5.000,5.060,0.5,1,0,5,5,1,3,5,5,1,3,69E3,?,TR,GDA94,MSL,GRS80,B,DEG,m,m,m,um,m,m,um,m,m,m,m,um,m,m,um,99999,99999,ELN,W98,99999,ELN,DFA,AUSGEOID98,GRS80,99999,99999,31-DEC-99,31-DEC-99,Comment is null
196953,1969534307.00,4642439,136.876595,-29.566740,21.910,28.474,6.564,9792809.95,21.910,28.474,0.15,2.67,-4.79,-37.09,-25.18,-49.70,100.000,5.000,5.060,0.06,2.00,5.000,5.060,0.5,1,0,5,5,1,3,5,5,1,3,69E3,?,TR,GDA94,MSL,GRS80,B,DEG,m,m,m,um,m,m,um,m,m,m,m,um,m,m,um,99999,99999,ELN,W98,99999,ELN,DFA,AUSGEOID98,GRS80,99999,99999,31-DEC-99,31-DEC-99,Comment is null
196953,1969534308.00,4642440,136.854095,-29.535340,11.060,17.612,6.552,9792802.95,11.060,17.612,0.19,2.67,-20.98,-40.96,-41.35,-53.72,100.000,5.000,5.060,0.06,2.00,5.000,5.060,0.5,1,0,5,5,1,3,5,5,1,3,69E3,?,TR,GDA94,MSL,GRS80,B,DEG,m,m,m,um,m,m,um,m,m,m,m,um,m,m,um,99999,99999,ELN,W98,99999,ELN,DFA,AUSGEOID98,GRS80,99999,99999,31-DEC-99,31-DEC-99,Comment is null
196953,1969534309.00,4642441,136.870095,-29.490439,3.290,9.938,6.648,9792772.63,3.290,9.938,0.12,2.67,-40.21,-51.48,-60.88,-64.56,100.000,5.000,5.060,0.06,2.00,5.000,5.060,0.5,1,0,5,5,1,3,5,5,1,3,69E3,?,TR,GDA94,MSL,GRS80,B,DEG,m,m,m,um,m,m,um,m,m,m,m,um,m,m,um,99999,99999,ELN,W98,99999,ELN,DFA,AUSGEOID98,GRS80,99999,99999,31-DEC-99,31-DEC-99,Comment is null
196953,1969534310.00,4642442,136.804196,-29.519740,14.810,21.268,6.458,9792758.82,14.810,21.268,0.16,2.67,-41.74,-65.86,-61.81,-78.38,100.000,5.000,5.060,0.06,2.00,5.000,5.060,0.5,1,0,5,5,1,3,5,5,1,3,69E3,?,TR,GDA94,MSL,GRS80,B,DEG,m,m,m,um,m,m,um,m,m,m,m,um,m,m,um,99999,99999,ELN,W98,99999,ELN,DFA,AUSGEOID98,GRS80,99999,99999,31-DEC-99,31-DEC-99,Comment is null
196953,1969534311.00,5408648,136.735596,-29.523941,32.760,39.044,6.284,9792698.29,32.760,39.044,0.17,2.67,-50.68,-94.96,-70.19,-106.85,100.000,5.000,5.060,0.06,2.00,5.000,5.060,0.5,1,0,5,5,1,3,5,5,1,3,69E3,?,TR,GDA94,MSL,GRS80,B,DEG,m,m,m,um,m,m,um,m,m,m,m,um,m,m,um,99999,99999,ELN,W98,99999,ELN,DFA,AUSGEOID98,GRS80,99999,99999,31-DEC-99,31-DEC-99,Comment is null
196953,1969534312.00,4642443,136.743797,-29.575941,50.230,56.442,6.212,9792644.16,50.230,56.442,0.42,2.67,-91.42,-155.43,-110.70,-166.90,100.000,5.000,5.060,0.06,2.00,5.000,5.060,0.5,1,0,5,5,1,3,5,5,1,3,69E3,?,TR,GDA94,MSL,GRS80,B,DEG,m,m,m,um,m,m,um,m,m,m,m,um,m,m,um,99999,99999,ELN,W98,99999,ELN,DFA,AUSGEOID98,GRS80,99999,99999,31-DEC-99,31-DEC-99,Comment is null
196953,1969534313.00,5981400,136.740798,-29.642041,93.230,99.320,6.090,9792560.72,93.230,99.320,0.82,2.67,-93.84,-206.47,-112.71,-217.03,100.000,5.000,5.060,0.06,2.00,5.000,5.060,0.5,1,0,5,5,1,3,5,5,1,3,69E3,?,TR,GDA94,MSL,GRS80,B,DEG,m,m,m,um,m,m,um,m,m,m,m,um,m,m,um,99999,99999,ELN,W98,99999,ELN,DFA,AUSGEOID98,GRS80,99999,99999,31-DEC-99,31-DEC-99,Comment is null
196953,1969534314.00,5409947,136.665299,-29.647642,81.190,87.076,5.886,9792634.66,81.190,87.076,0.36,2.67,-62.03,-160.78,-80.28,-171.13,100.000,5.000,5.060,0.06,2.00,5.000,5.060,0.5,1,0,5,5,1,3,5,5,1,3,69E3,?,TR,GDA94,MSL,GRS80,B,DEG,m,m,m,um,m,m,um,m,m,m,m,um,m,m,um,99999,99999,ELN,W98,99999,ELN,DFA,AUSGEOID98,GRS80,99999,99999,31-DEC-99,31-DEC-99,Comment is null
196953,1969534315.00,4642444,136.676398,-29.582842,129.530,135.556,6.026,9792452.96,129.530,135.556,1.15,2.67,-43.86,-197.56,-62.50,-207.44,100.000,5.000,5.060,0.06,2.00,5.000,5.060,0.5,1,0,5,5,1,3,5,5,1,3,69E3,?,TR,GDA94,MSL,GRS80,B,DEG,m,m,m,um,m,m,um,m,m,m,m,um,m,m,um,99999,99999,ELN,W98,99999,ELN,DFA,AUSGEOID98,GRS80,99999,99999,31-DEC-99,31-DEC-99,Comment is null
196953,1969534316.00,5746204,136.603198,-29.564642,137.770,143.649,5.879,9792405.24,137.770,143.649,0.47,2.67,-52.51,-215.38,-70.68,-224.85,100.000,5.000,5.060,0.06,2.00,5.000,5.060,0.5,1,0,5,5,1,3,5,5,1,3,69E3,?,TR,GDA94,MSL,GRS80,B,DEG,m,m,m,um,m,m,um,m,m,m,m,um,m,m,um,99999,99999,ELN,W98,99999,ELN,DFA,AUSGEOID98,GRS80,99999,99999,31-DEC-99,31-DEC-99,Comment is null
196953,1969534317.00,4642445,136.586898,-29.509242,111.070,117.014,5.944,9792448.86,111.070,117.014,0.99,2.67,-48.15,-180.83,-66.55,-190.83,100.000,5.000,5.060,0.06,2.00,5.000,5.060,0.5,1,0,5,5,1,3,5,5,1,3,69E3,?,TR,GDA94,MSL,GRS80,B,DEG,m,m,m,um,m,m,um,m,m,m,m,um,m,m,um,99999,99999,ELN,W98,99999,ELN,DFA,AUSGEOID98,GRS80,99999,99999,31-DEC-99,31-DEC-99,Comment is null
196953,1969534318.00,5409113,136.671897,-29.506141,43.760,49.916,6.156,9792629.85,43.760,49.916,0.20,2.67,-71.78,-128.40,-90.90,-139.86,100.000,5.000,5.060,0.06,2.00,5.000,5.060,0.5,1,0,5,5,1,3,5,5,1,3,69E3,?,TR,GDA94,MSL,GRS80,B,DEG,m,m,m,um,m,m,um,m,m,m,m,um,m,m,um,99999,99999,ELN,W98,99999,ELN,DFA,AUSGEOID98,GRS80,99999,99999,31-DEC-99,31-DEC-99,Comment is null
196953,1969534319.00,4642446,136.663396,-29.470441,32.920,39.136,6.216,9792651.97,32.920,39.136,0.19,2.67,-55.31,-99.70,-74.61,-111.45,100.000,5.000,5.060,0.06,2.00,5.000,5.060,0.5,1,0,5,5,1,3,5,5,1,3,69E3,?,TR,GDA94,MSL,GRS80,B,DEG,m,m,m,um,m,m,um,m,m,m,m,um,m,m,um,99999,99999,ELN,W98,99999,ELN,DFA,AUSGEOID98,GRS80,99999,99999,31-DEC-99,31-DEC-99,Comment is null
196953,1969534320.00,4642447,136.601297,-29.468742,60.550,66.618,6.068,9792557.62,60.550,66.618,0.24,2.67,-63.55,-139.10,-82.37,-150.13,100.000,5.000,5.060,0.06,2.00,5.000,5.060,0.5,1,0,5,5,1,3,5,5,1,3,69E3,?,TR,GDA94,MSL,GRS80,B,DEG,m,m,m,um,m,m,um,m,m,m,m,um,m,m,um,99999,99999,ELN,W98,99999,ELN,DFA,AUSGEOID98,GRS80,99999,99999,31-DEC-99,31-DEC-99,Comment is null
196953,1969534321.00,4642448,136.517198,-29.469043,46.390,52.251,5.861,9792566.92,46.390,52.251,0.28,2.67,-98.80,-158.06,-117.00,-168.91,100.000,5.000,5.060,0.06,2.00,5.000,5.060,0.5,1,0,5,5,1,3,5,5,1,3,69E3,?,TR,GDA94,MSL,GRS80,B,DEG,m,m,m,um,m,m,um,m,m,m,m,um,m,m,um,99999,99999,ELN,W98,99999,ELN,DFA,AUSGEOID98,GRS80,99999,99999,31-DEC-99,31-DEC-99,Comment is null
196953,1969534322.00,4642449,136.532199,-29.532943,60.520,66.283,5.763,9792551.21,60.520,66.283,0.50,2.67,-120.68,-195.85,-138.56,-206.29,100.000,5.000,5.060,0.06,2.00,5.000,5.060,0.5,1,0,5,5,1,3,5,5,1,3,69E3,?,TR,GDA94,MSL,GRS80,B,DEG,m,m,m,um,m,m,um,m,m,m,m,um,m,m,um,99999,99999,ELN,W98,99999,ELN,DFA,AUSGEOID98,GRS80,99999,99999,31-DEC-99,31-DEC-99,Comment is null
196953,1969534323.00,4642450,136.530199,-29.573543,75.090,80.771,5.681,9792520.10,75.090,80.771,0.25,2.67,-138.56,-230.15,-156.17,-240.20,100.000,5.000,5.060,0.06,2.00,5.000,5.060,0.5,1,0,5,5,1,3,5,5,1,3,69E3,?,TR,GDA94,MSL,GRS80,B,DEG,m,m,m,um,m,m,um,m,m,m,m,um,m,m,um,99999,99999,ELN,W98,99999,ELN,DFA,AUSGEOID98,GRS80,99999,99999,31-DEC-99,31-DEC-99,Comment is null
196953,1969534324.00,5880235,136.531500,-29.637543,137.820,143.380,5.560,9792450.26,137.820,143.380,0.87,2.67,-64.87,-227.43,-82.06,-236.28,100.000,5.000,5.060,0.06,2.00,5.000,5.060,0.5,1,0,5,5,1,3,5,5,1,3,69E3,?,TR,GDA94,MSL,GRS80,B,DEG,m,m,m,um,m,m,um,m,m,m,m,um,m,m,um,99999,99999,ELN,W98,99999,ELN,DFA,AUSGEOID98,GRS80,99999,99999,31-DEC-99,31-DEC-99,Comment is null
196953,1969534325.00,5828524,136.589499,-29.644343,136.810,142.507,5.697,9792501.59,136.810,142.507,0.49,2.67,-21.51,-183.09,-39.13,-192.22,100.000,5.000,5.060,0.06,2.00,5.000,5.060,0.5,1,0,5,5,1,3,5,5,1,3,69E3,?,TR,GDA94,MSL,GRS80,B,DEG,m,m,m,um,m,m,um,m,m,m,m,um,m,m,um,99999,99999,ELN,W98,99999,ELN,DFA,AUSGEOID98,GRS80,99999,99999,31-DEC-99,31-DEC-99,Comment is null
196953,1969534326.00,4642451,136.600900,-29.705043,102.380,108.016,5.636,9792617.15,102.380,108.016,0.18,2.67,-59.53,-182.01,-76.98,-191.55,100.000,5.000,5.060,0.06,2.00,5.000,5.060,0.5,1,0,5,5,1,3,5,5,1,3,69E3,?,TR,GDA94,MSL,GRS80,B,DEG,m,m,m,um,m,m,um,m,m,m,m,um,m,m,um,99999,99999,ELN,W98,99999,ELN,DFA,AUSGEOID98,GRS80,99999,99999,31-DEC-99,31-DEC-99,Comment is null
196953,1969534327.00,5263260,136.535701,-29.703043,106.150,111.621,5.471,9792548.71,106.150,111.621,0.12,2.67,-115.29,-241.86,-132.23,-251.01,100.000,5.000,5.060,0.06,2.00,5.000,5.060,0.5,1,0,5,5,1,3,5,5,1,3,69E3,?,TR,GDA94,MSL,GRS80,B,DEG,m,m,m,um,m,m,um,m,m,m,m,um,m,m,um,99999,99999,ELN,W98,99999,ELN,DFA,AUSGEOID98,GRS80,99999,99999,31-DEC-99,31-DEC-99,Comment is null
196953,1969534328.00,4642452,136.525801,-29.751944,93.960,99.320,5.360,9792660.57,93.960,99.320,0.07,2.67,-79.42,-192.04,-96.02,-201.17,100.000,5.000,5.060,0.06,2.00,5.000,5.060,0.5,1,0,5,5,1,3,5,5,1,3,69E3,?,TR,GDA94,MSL,GRS80,B,DEG,m,m,m,um,m,m,um,m,m,m,m,um,m,m,um,99999,99999,ELN,W98,99999,ELN,DFA,AUSGEOID98,GRS80,99999,99999,31-DEC-99,31-DEC-99,Comment is null
196953,1969534329.00,4642453,136.536702,-29.823144,122.650,127.919,5.269,9792658.77,122.650,127.919,0.82,2.67,-48.42,-193.47,-64.73,-201.97,100.000,5.000,5.060,0.06,2.00,5.000,5.060,0.5,1,0,5,5,1,3,5,5,1,3,69E3,?,TR,GDA94,MSL,GRS80,B,DEG,m,m,m,um,m,m,um,m,m,m,m,um,m,m,um,99999,99999,ELN,W98,99999,ELN,DFA,AUSGEOID98,GRS80,99999,99999,31-DEC-99,31-DEC-99,Comment is null
196953,1969534330.00,5712917,136.549603,-29.882144,110.420,115.618,5.198,9792731.01,110.420,115.618,0.09,2.67,-60.15,-191.25,-76.24,-199.80,100.000,5.000,5.060,0.06,2.00,5.000,5.060,0.5,1,0,5,5,1,3,5,5,1,3,69E3,?,TR,GDA94,MSL,GRS80,B,DEG,m,m,m,um,m,m,um,m,m,m,m,um,m,m,um,99999,99999,ELN,W98,99999,ELN,DFA,AUSGEOID98,GRS80,99999,99999,31-DEC-99,31-DEC-99,Comment is null
196953,1969534331.00,4642454,136.531904,-29.941445,120.210,125.250,5.040,9792714.00,120.210,125.250,0.06,2.67,-93.73,-235.75,-109.33,-243.85,100.000,5.000,5.060,0.06,2.00,5.000,5.060,0.5,1,0,5,5,1,3,5,5,1,3,69E3,?,TR,GDA94,MSL,GRS80,B,DEG,m,m,m,um,m,m,um,m,m,m,m,um,m,m,um,99999,99999,ELN,W98,99999,ELN,DFA,AUSGEOID98,GRS80,99999,99999,31-DEC-99,31-DEC-99,Comment is null
196953,1969534332.00,5721948,136.605403,-29.941344,114.030,119.313,5.283,9792772.03,114.030,119.313,0.18,2.67,-53.94,-189.23,-70.29,-197.89,100.000,5.000,5.060,0.06,2.00,5.000,5.060,0.5,1,0,5,5,1,3,5,5,1,3,69E3,?,TR,GDA94,MSL,GRS80,B,DEG,m,m,m,um,m,m,um,m,m,m,m,um,m,m,um,99999,99999,ELN,W98,99999,ELN,DFA,AUSGEOID98,GRS80,99999,99999,31-DEC-99,31-DEC-99,Comment is null
196953,1969534333.00,4642455,136.672502,-29.934343,105.610,111.118,5.508,9792828.36,105.610,111.118,0.14,2.67,-17.43,-143.43,-34.48,-152.66,100.000,5.000,5.060,0.06,2.00,5.000,5.060,0.5,1,0,5,5,1,3,5,5,1,3,69E3,?,TR,GDA94,MSL,GRS80,B,DEG,m,m,m,um,m,m,um,m,m,m,m,um,m,m,um,99999,99999,ELN,W98,99999,ELN,DFA,AUSGEOID98,GRS80,99999,99999,31-DEC-99,31-DEC-99,Comment is null
196953,1969534334.00,4642456,136.671102,-29.896043,94.230,99.781,5.551,9792787.94,94.230,99.781,0.08,2.67,-62.93,-176.08,-80.12,-185.56,100.000,5.000,5.060,0.06,2.00,5.000,5.060,0.5,1,0,5,5,1,3,5,5,1,3,69E3,?,TR,GDA94,MSL,GRS80,B,DEG,m,m,m,um,m,m,um,m,m,m,m,um,m,m,um,99999,99999,ELN,W98,99999,ELN,DFA,AUSGEOID98,GRS80,99999,99999,31-DEC-99,31-DEC-99,Comment is null
196953,1969534335.00,4642457,136.605002,-29.886044,96.900,102.258,5.358,9792764.93,96.900,102.258,0.10,2.67,-70.49,-186.45,-87.09,-195.52,100.000,5.000,5.060,0.06,2.00,5.000,5.060,0.5,1,0,5,5,1,3,5,5,1,3,69E3,?,TR,GDA94,MSL,GRS80,B,DEG,m,m,m,um,m,m,um,m,m,m,m,um,m,m,um,99999,99999,ELN,W98,99999,ELN,DFA,AUSGEOID98,GRS80,99999,99999,31-DEC-99,31-DEC-99,Comment is null
196953,1969534336.00,4642458,136.604002,-29.826343,87.050,92.497,5.447,9792739.71,87.050,92.497,0.16,2.67,-79.27,-184.16,-96.15,-193.56,100.000,5.000,5.060,0.06,2.00,5.000,5.060,0.5,1,0,5,5,1,3,5,5,1,3,69E3,?,TR,GDA94,MSL,GRS80,B,DEG,m,m,m,um,m,m,um,m,m,m,m,um,m,m,um,99999,99999,ELN,W98,99999,ELN,DFA,AUSGEOID98,GRS80,99999,99999,31-DEC-99,31-DEC-99,Comment is null
196953,1969534337.00,5765302,136.590201,-29.770643,85.880,91.375,5.495,9792680.78,85.880,91.375,0.08,2.67,-98.27,-201.89,-115.31,-211.40,100.000,5.000,5.060,0.06,2.00,5.000,5.060,0.5,1,0,5,5,1,3,5,5,1,3,69E3,?,TR,GDA94,MSL,GRS80,B,DEG,m,m,m,um,m,m,um,m,m,m,m,um,m,m,um,99999,99999,ELN,W98,99999,ELN,DFA,AUSGEOID98,GRS80,99999,99999,31-DEC-99,31-DEC-99,Comment is null
196953,1969534338.00,5809388,136.667000,-29.762542,105.800,111.518,5.718,9792692.39,105.800,111.518,0.26,2.67,-18.21,-144.67,-35.91,-154.30,100.000,5.000,5.060,0.06,2.00,5.000,5.060,0.5,1,0,5,5,1,3,5,5,1,3,69E3,?,TR,GDA94,MSL,GRS80,B,DEG,m,m,m,um,m,m,um,m,m,m,m,um,m,m,um,99999,99999,ELN,W98,99999,ELN,DFA,AUSGEOID98,GRS80,99999,99999,31-DEC-99,31-DEC-99,Comment is null
196953,1969534339.00,4642459,136.661101,-29.834543,97.050,102.654,5.604,9792734.71,97.050,102.654,0.12,2.67,-59.32,-175.73,-76.68,-185.28,100.000,5.000,5.060,0.06,2.00,5.000,5.060,0.5,1,0,5,5,1,3,5,5,1,3,69E3,?,TR,GDA94,MSL,GRS80,B,DEG,m,m,m,um,m,m,um,m,m,m,m,um,m,m,um,99999,99999,ELN,W98,99999,ELN,DFA,AUSGEOID98,GRS80,99999,99999,31-DEC-99,31-DEC-99,Comment is null
196953,1969534340.00,5924043,136.726700,-29.827142,79.280,85.089,5.809,9792872.08,79.280,85.089,0.14,2.67,29.62,-66.87,11.62,-77.10,100.000,5.000,5.060,0.06,2.00,5.000,5.060,0.5,1,0,5,5,1,3,5,5,1,3,69E3,?,TR,GDA94,MSL,GRS80,B,DEG,m,m,m,um,m,m,um,m,m,m,m,um,m,m,um,99999,99999,ELN,W98,99999,ELN,DFA,AUSGEOID98,GRS80,99999,99999,31-DEC-99,31-DEC-99,Comment is null
196953,1969534341.00,5786909,136.732101,-29.889342,95.210,100.958,5.748,9792868.68,95.210,100.958,0.33,2.67,26.68,-87.81,8.88,-97.66,100.000,5.000,5.060,0.06,2.00,5.000,5.060,0.5,1,0,5,5,1,3,5,5,1,3,69E3,?,TR,GDA94,MSL,GRS80,B,DEG,m,m,m,um,m,m,um,m,m,m,m,um,m,m,um,99999,99999,ELN,W98,99999,ELN,DFA,AUSGEOID98,GRS80,99999,99999,31-DEC-99,31-DEC-99,Comment is null
196953,1969534342.00,5262843,136.770401,-29.937342,122.280,128.078,5.798,9792870.28,122.280,128.078,0.12,2.67,74.48,-70.75,56.55,-80.29,100.000,5.000,5.060,0.06,2.00,5.000,5.060,0.5,1,0,5,5,1,3,5,5,1,3,69E3,?,TR,GDA94,MSL,GRS80,B,DEG,m,m,m,um,m,m,um,m,m,m,m,um,m,m,um,99999,99999,ELN,W98,99999,ELN,DFA,AUSGEOID98,GRS80,99999,99999,31-DEC-99,31-DEC-99,Comment is null
196953,1969534343.00,5696859,136.815901,-29.949742,127.130,133.032,5.902,9792854.07,127.130,133.032,0.12,2.67,63.87,-86.97,45.62,-96.64,100.000,5.000,5.060,0.06,2.00,5.000,5.060,0.5,1,0,5,5,1,3,5,5,1,3,69E3,?,TR,GDA94,MSL,GRS80,B,DEG,m,m,m,um,m,m,um,m,m,m,m,um,m,m,um,99999,99999,ELN,W98,99999,ELN,DFA,AUSGEOID98,GRS80,99999,99999,31-DEC-99,31-DEC-99,Comment is null
196953,1969534344.00,4642460,136.876400,-29.943241,123.650,129.711,6.061,9792834.56,123.650,129.711,0.11,2.67,39.19,-107.88,20.45,-117.92,100.000,5.000,5.060,0.06,2.00,5.000,5.060,0.5,1,0,5,5,1,3,5,5,1,3,69E3,?,TR,GDA94,MSL,GRS80,B,DEG,m,m,m,um,m,m,um,m,m,m,m,um,m,m,um,99999,99999,ELN,W98,99999,ELN,DFA,AUSGEOID98,GRS80,99999,99999,31-DEC-99,31-DEC-99,Comment is null
196953,1969534345.00,5409496,136.799900,-29.881042,123.400,129.347,5.947,9792806.15,123.400,129.347,0.26,2.67,58.21,-88.45,39.82,-98.26,100.000,5.000,5.060,0.06,2.00,5.000,5.060,0.5,1,0,5,5,1,3,5,5,1,3,69E3,?,TR,GDA94,MSL,GRS80,B,DEG,m,m,m,um,m,m,um,m,m,m,m,um,m,m,um,99999,99999,ELN,W98,99999,ELN,DFA,AUSGEOID98,GRS80,99999,99999,31-DEC-99,31-DEC-99,Comment is null
196953,1969534346.00,5681799,136.791900,-29.820041,63.730,69.724,5.994,9792890.89,63.730,69.724,0.21,2.67,6.56,-72.51,-12.03,-83.34,100.000,5.000,5.060,0.06,2.00,5.000,5.060,0.5,1,0,5,5,1,3,5,5,1,3,69E3,?,TR,GDA94,MSL,GRS80,B,DEG,m,m,m,um,m,m,um,m,m,m,m,um,m,m,um,99999,99999,ELN,W98,99999,ELN,DFA,AUSGEOID98,GRS80,99999,99999,31-DEC-99,31-DEC-99,Comment is null
196953,1969534347.00,5908265,136.798199,-29.761641,82.900,88.964,6.064,9792739.51,82.900,88.964,0.20,2.67,-39.97,-140.86,-58.76,-151.53,100.000,5.000,5.060,0.06,2.00,5.000,5.060,0.5,1,0,5,5,1,3,5,5,1,3,69E3,?,TR,GDA94,MSL,GRS80,B,DEG,m,m,m,um,m,m,um,m,m,m,m,um,m,m,um,99999,99999,ELN,W98,99999,ELN,DFA,AUSGEOID98,GRS80,99999,99999,31-DEC-99,31-DEC-99,Comment is null
196953,1969534348.00,4642461,136.742499,-29.769342,83.550,89.464,5.914,9792758.52,83.550,89.464,0.25,2.67,-25.42,-126.87,-43.74,-137.23,100.000,5.000,5.060,0.06,2.00,5.000,5.060,0.5,1,0,5,5,1,3,5,5,1,3,69E3,?,TR,GDA94,MSL,GRS80,B,DEG,m,m,m,um,m,m,um,m,m,m,m,um,m,m,um,99999,99999,ELN,W98,99999,ELN,DFA,AUSGEOID98,GRS80,99999,99999,31-DEC-99,31-DEC-99,Comment is null
196953,1969534401.00,4642462,136.988296,-29.707739,20.570,27.175,6.605,9792898.60,20.570,27.175,0.16,2.67,-29.61,-60.44,-50.13,-73.15,100.000,5.000,5.060,0.06,2.00,5.000,5.060,0.5,1,0,5,5,1,3,5,5,1,3,69E3,?,TR,GDA94,MSL,GRS80,B,DEG,m,m,m,um,m,m,um,m,m,m,m,um,m,m,um,99999,99999,ELN,W98,99999,ELN,DFA,AUSGEOID98,GRS80,99999,99999,31-DEC-99,31-DEC-99,Comment is null
196953,1969534402.00,5409331,137.075294,-29.638838,32.890,39.767,6.877,9792823.66,32.890,39.767,0.14,2.67,-12.17,-57.27,-33.52,-70.32,100.000,5.000,5.060,0.06,2.00,5.000,5.060,0.5,1,0,5,5,1,3,5,5,1,3,69E3,?,TR,GDA94,MSL,GRS80,B,DEG,m,m,m,um,m,m,um,m,m,m,m,um,m,m,um,99999,99999,ELN,W98,99999,ELN,DFA,AUSGEOID98,GRS80,99999,99999,31-DEC-99,31-DEC-99,Comment is null
196953,1969534403.00,5848263,137.067994,-29.589838,11.370,18.293,6.923,9792842.67,11.370,18.293,0.13,2.67,-21.40,-42.15,-42.91,-55.63,100.000,5.000,5.060,0.06,2.00,5.000,5.060,0.5,1,0,5,5,1,3,5,5,1,3,69E3,?,TR,GDA94,MSL,GRS80,B,DEG,m,m,m,um,m,m,um,m,m,m,m,um,m,m,um,99999,99999,ELN,W98,99999,ELN,DFA,AUSGEOID98,GRS80,99999,99999,31-DEC-99,31-DEC-99,Comment is null
196953,1969534404.00,4642463,137.068793,-29.521737,-5.430,1.561,6.991,9792816.35,-5.430,1.561,0.09,2.67,-46.57,-48.34,-68.30,-62.22,100.000,5.000,5.060,0.06,2.00,5.000,5.060,0.5,1,0,5,5,1,3,5,5,1,3,69E3,?,TR,GDA94,MSL,GRS80,B,DEG,m,m,m,um,m,m,um,m,m,m,m,um,m,m,um,99999,99999,ELN,W98,99999,ELN,DFA,AUSGEOID98,GRS80,99999,99999,31-DEC-99,31-DEC-99,Comment is null
196953,1969534405.00,5837536,137.149692,-29.527037,0.730,7.841,7.111,9792785.24,0.730,7.841,0.09,2.67,-62.41,-71.30,-84.51,-85.33,100.000,5.000,5.060,0.06,2.00,5.000,5.060,0.5,1,0,5,5,1,3,5,5,1,3,69E3,?,TR,GDA94,MSL,GRS80,B,DEG,m,m,m,um,m,m,um,m,m,m,m,um,m,m,um,99999,99999,ELN,W98,99999,ELN,DFA,AUSGEOID98,GRS80,99999,99999,31-DEC-99,31-DEC-99,Comment is null
196953,1969534406.00,4642464,137.147093,-29.567037,-1.820,5.258,7.078,9792806.75,-1.820,5.258,0.16,2.67,-79.86,-85.83,-101.86,-99.82,100.000,5.000,5.060,0.06,2.00,5.000,5.060,0.5,1,0,5,5,1,3,5,5,1,3,69E3,?,TR,GDA94,MSL,GRS80,B,DEG,m,m,m,um,m,m,um,m,m,m,m,um,m,m,um,99999,99999,ELN,W98,99999,ELN,DFA,AUSGEOID98,GRS80,99999,99999,31-DEC-99,31-DEC-99,Comment is null
196953,1969534407.00,5408825,137.132694,-29.642537,8.990,15.970,6.980,9792870.28,8.990,15.970,0.18,2.67,-41.85,-59.96,-63.53,-73.59,100.000,5.000,5.060,0.06,2.00,5.000,5.060,0.5,1,0,5,5,1,3,5,5,1,3,69E3,?,TR,GDA94,MSL,GRS80,B,DEG,m,m,m,um,m,m,um,m,m,m,m,um,m,m,um,99999,99999,ELN,W98,99999,ELN,DFA,AUSGEOID98,GRS80,99999,99999,31-DEC-99,31-DEC-99,Comment is null
196953,1969534408.00,5679620,137.208193,-29.647037,31.090,38.204,7.114,9792812.95,31.090,38.204,0.10,2.67,-34.07,-77.40,-56.14,-90.93,100.000,5.000,5.060,0.06,2.00,5.000,5.060,0.5,1,0,5,5,1,3,5,5,1,3,69E3,?,TR,GDA94,MSL,GRS80,B,DEG,m,m,m,um,m,m,um,m,m,m,m,um,m,m,um,99999,99999,ELN,W98,99999,ELN,DFA,AUSGEOID98,GRS80,99999,99999,31-DEC-99,31-DEC-99,Comment is null
196953,1969534409.00,4642465,137.143094,-29.686337,20.500,27.457,6.957,9792875.28,20.500,27.457,0.13,2.67,-35.42,-66.56,-57.02,-79.96,100.000,5.000,5.060,0.06,2.00,5.000,5.060,0.5,1,0,5,5,1,3,5,5,1,3,69E3,?,TR,GDA94,MSL,GRS80,B,DEG,m,m,m,um,m,m,um,m,m,m,m,um,m,m,um,99999,99999,ELN,W98,99999,ELN,DFA,AUSGEOID98,GRS80,99999,99999,31-DEC-99,31-DEC-99,Comment is null
196953,1969534410.00,5924044,137.076395,-29.712738,23.740,30.520,6.780,9792884.99,23.740,30.520,0.12,2.67,-36.79,-71.40,-57.84,-84.40,100.000,5.000,5.060,0.06,2.00,5.000,5.060,0.5,1,0,5,5,1,3,5,5,1,3,69E3,?,TR,GDA94,MSL,GRS80,B,DEG,m,m,m,um,m,m,um,m,m,m,m,um,m,m,um,99999,99999,ELN,W98,99999,ELN,DFA,AUSGEOID98,GRS80,99999,99999,31-DEC-99,31-DEC-99,Comment is null
196953,1969534411.00,5746205,137.001995,-29.636139,23.890,30.631,6.741,9792861.58,23.890,30.631,0.13,2.67,-0.35,-35.09,-21.28,-48.01,100.000,5.000,5.060,0.06,2.00,5.000,5.060,0.5,1,0,5,5,1,3,5,5,1,3,69E3,?,TR,GDA94,MSL,GRS80,B,DEG,m,m,m,um,m,m,um,m,m,m,m,um,m,m,um,99999,99999,ELN,W98,99999,ELN,DFA,AUSGEOID98,GRS80,99999,99999,31-DEC-99,31-DEC-99,Comment is null
196953,1969534412.00,5856290,136.997394,-29.580038,11.080,17.884,6.804,9792849.37,11.080,17.884,0.18,2.67,-8.36,-28.64,-29.50,-41.90,100.000,5.000,5.060,0.06,2.00,5.000,5.060,0.5,1,0,5,5,1,3,5,5,1,3,69E3,?,TR,GDA94,MSL,GRS80,B,DEG,m,m,m,um,m,m,um,m,m,m,m,um,m,m,um,99999,99999,ELN,W98,99999,ELN,DFA,AUSGEOID98,GRS80,99999,99999,31-DEC-99,31-DEC-99,Comment is null
196953,1969534413.00,4642466,137.001894,-29.519338,-2.930,3.944,6.874,9792812.05,-2.930,3.944,0.10,2.67,-41.66,-46.13,-63.03,-59.75,100.000,5.000,5.060,0.06,2.00,5.000,5.060,0.5,1,0,5,5,1,3,5,5,1,3,69E3,?,TR,GDA94,MSL,GRS80,B,DEG,m,m,m,um,m,m,um,m,m,m,m,um,m,m,um,99999,99999,ELN,W98,99999,ELN,DFA,AUSGEOID98,GRS80,99999,99999,31-DEC-99,31-DEC-99,Comment is null
196953,1969534414.00,5988384,137.006293,-29.462738,-3.400,3.548,6.948,9792747.72,-3.400,3.548,0.07,2.67,-63.41,-67.43,-85.01,-81.21,100.000,5.000,5.060,0.06,2.00,5.000,5.060,0.5,1,0,5,5,1,3,5,5,1,3,BM1725 69E3,?,TR,GDA94,MSL,GRS80,B,DEG,m,m,m,um,m,m,um,m,m,m,m,um,m,m,um,99999,99999,ELN,W98,99999,ELN,DFA,AUSGEOID98,GRS80,99999,99999,31-DEC-99,31-DEC-99,Comment is null
196953,1969534416.00,4642467,136.922794,-29.512239,5.330,12.058,6.728,9792789.74,5.330,12.058,0.15,2.67,-33.44,-47.11,-54.35,-60.31,100.000,5.000,5.060,0.06,2.00,5.000,5.060,0.5,1,0,5,5,1,3,5,5,1,3,69E3,?,TR,GDA94,MSL,GRS80,B,DEG,m,m,m,um,m,m,um,m,m,m,m,um,m,m,um,99999,99999,ELN,W98,99999,ELN,DFA,AUSGEOID98,GRS80,99999,99999,31-DEC-99,31-DEC-99,Comment is null
196953,1969534417.00,4642468,136.937095,-29.582239,17.640,24.319,6.679,9792844.57,17.640,24.319,0.20,2.67,4.99,-22.60,-15.76,-35.50,100.000,5.000,5.060,0.06,2.00,5.000,5.060,0.5,1,0,5,5,1,3,5,5,1,3,69E3,?,TR,GDA94,MSL,GRS80,B,DEG,m,m,m,um,m,m,um,m,m,m,m,um,m,m,um,99999,99999,ELN,W98,99999,ELN,DFA,AUSGEOID98,GRS80,99999,99999,31-DEC-99,31-DEC-99,Comment is null
196953,1969534418.00,4642469,136.938496,-29.650339,38.740,45.322,6.582,9792824.56,38.740,45.322,0.15,2.67,-3.06,-54.46,-23.49,-66.84,100.000,5.000,5.060,0.06,2.00,5.000,5.060,0.5,1,0,5,5,1,3,5,5,1,3,69E3,?,TR,GDA94,MSL,GRS80,B,DEG,m,m,m,um,m,m,um,m,m,m,m,um,m,m,um,99999,99999,ELN,W98,99999,ELN,DFA,AUSGEOID98,GRS80,99999,99999,31-DEC-99,31-DEC-99,Comment is null
196953,1969534419.00,5719703,136.939997,-29.707440,27.030,33.524,6.494,9792869.78,27.030,33.524,0.17,2.67,-38.61,-76.63,-58.77,-89.02,100.000,5.000,5.060,0.06,2.00,5.000,5.060,0.5,1,0,5,5,1,3,5,5,1,3,69E3,?,TR,GDA94,MSL,GRS80,B,DEG,m,m,m,um,m,m,um,m,m,m,m,um,m,m,um,99999,99999,ELN,W98,99999,ELN,DFA,AUSGEOID98,GRS80,99999,99999,31-DEC-99,31-DEC-99,Comment is null
196953,1969534420.00,4642470,136.867897,-29.709440,46.080,52.393,6.313,9792794.54,46.080,52.393,0.46,2.67,-57.18,-116.60,-76.77,-128.33,100.000,5.000,5.060,0.06,2.00,5.000,5.060,0.5,1,0,5,5,1,3,5,5,1,3,69E3,?,TR,GDA94,MSL,GRS80,B,DEG,m,m,m,um,m,m,um,m,m,m,m,um,m,m,um,99999,99999,ELN,W98,99999,ELN,DFA,AUSGEOID98,GRS80,99999,99999,31-DEC-99,31-DEC-99,Comment is null
196953,1969534421.00,4642471,136.873798,-29.768340,43.890,50.130,6.240,9792826.16,43.890,50.130,0.71,2.67,-78.37,-135.22,-97.73,-146.85,100.000,5.000,5.060,0.06,2.00,5.000,5.060,0.5,1,0,5,5,1,3,5,5,1,3,69E3,?,TR,GDA94,MSL,GRS80,B,DEG,m,m,m,um,m,m,um,m,m,m,m,um,m,m,um,99999,99999,ELN,W98,99999,ELN,DFA,AUSGEOID98,GRS80,99999,99999,31-DEC-99,31-DEC-99,Comment is null
196953,1969534422.00,4642472,136.872399,-29.825941,62.320,68.504,6.184,9792876.79,62.320,68.504,0.33,2.67,-15.91,-93.60,-35.09,-104.82,100.000,5.000,5.060,0.06,2.00,5.000,5.060,0.5,1,0,5,5,1,3,5,5,1,3,69E3,?,TR,GDA94,MSL,GRS80,B,DEG,m,m,m,um,m,m,um,m,m,m,m,um,m,m,um,99999,99999,ELN,W98,99999,ELN,DFA,AUSGEOID98,GRS80,99999,99999,31-DEC-99,31-DEC-99,Comment is null
196953,1969534423.00,4642473,136.874200,-29.885241,123.750,129.880,6.130,9792800.24,123.750,129.880,0.23,2.67,50.68,-96.59,31.72,-106.75,100.000,5.000,5.060,0.06,2.00,5.000,5.060,0.5,1,0,5,5,1,3,5,5,1,3,69E3,?,TR,GDA94,MSL,GRS80,B,DEG,m,m,m,um,m,m,um,m,m,m,m,um,m,m,um,99999,99999,ELN,W98,99999,ELN,DFA,AUSGEOID98,GRS80,99999,99999,31-DEC-99,31-DEC-99,Comment is null
196953,1969534424.00,5409320,136.951900,-29.958540,126.300,132.526,6.226,9792832.96,126.300,132.526,0.13,2.67,34.32,-115.94,15.07,-126.26,100.000,5.000,5.060,0.06,2.00,5.000,5.060,0.5,1,0,5,5,1,3,5,5,1,3,69E3,?,TR,GDA94,MSL,GRS80,B,DEG,m,m,m,um,m,m,um,m,m,m,m,um,m,m,um,99999,99999,ELN,W98,99999,ELN,DFA,AUSGEOID98,GRS80,99999,99999,31-DEC-99,31-DEC-99,Comment is null
196953,1969534425.00,5410148,136.996099,-29.942940,123.920,130.277,6.357,9792858.18,123.920,130.277,0.21,2.67,64.79,-82.93,45.13,-93.54,100.000,5.000,5.060,0.06,2.00,5.000,5.060,0.5,1,0,5,5,1,3,5,5,1,3,69E3,?,TR,GDA94,MSL,GRS80,B,DEG,m,m,m,um,m,m,um,m,m,m,m,um,m,m,um,99999,99999,ELN,W98,99999,ELN,DFA,AUSGEOID98,GRS80,99999,99999,31-DEC-99,31-DEC-99,Comment is null
196953,1969534426.00,4642474,136.993798,-29.875640,123.320,129.743,6.423,9792787.74,123.320,129.743,0.99,2.67,45.24,-101.87,25.38,-112.62,100.000,5.000,5.060,0.06,2.00,5.000,5.060,0.5,1,0,5,5,1,3,5,5,1,3,69E3,?,TR,GDA94,MSL,GRS80,B,DEG,m,m,m,um,m,m,um,m,m,m,m,um,m,m,um,99999,99999,ELN,W98,99999,ELN,DFA,AUSGEOID98,GRS80,99999,99999,31-DEC-99,31-DEC-99,Comment is null
196953,1969534427.00,4642475,136.929699,-29.872740,124.320,130.596,6.276,9792768.53,124.320,130.596,0.32,2.67,30.93,-117.15,11.52,-127.60,100.000,5.000,5.060,0.06,2.00,5.000,5.060,0.5,1,0,5,5,1,3,5,5,1,3,69E3,?,TR,GDA94,MSL,GRS80,B,DEG,m,m,m,um,m,m,um,m,m,m,m,um,m,m,um,99999,99999,ELN,W98,99999,ELN,DFA,AUSGEOID98,GRS80,99999,99999,31-DEC-99,31-DEC-99,Comment is null
196953,1969534428.00,4642476,136.935898,-29.829440,71.190,77.521,6.331,9792841.37,71.190,77.521,0.37,2.67,-26.23,-114.15,-45.86,-125.52,100.000,5.000,5.060,0.06,2.00,5.000,5.060,0.5,1,0,5,5,1,3,5,5,1,3,69E3,?,TR,GDA94,MSL,GRS80,B,DEG,m,m,m,um,m,m,um,m,m,m,m,um,m,m,um,99999,99999,ELN,W98,99999,ELN,DFA,AUSGEOID98,GRS80,99999,99999,31-DEC-99,31-DEC-99,Comment is null
196953,1969534429.00,4642477,136.932298,-29.777340,56.940,63.310,6.370,9792824.26,56.940,63.310,0.23,2.67,-46.61,-118.41,-66.36,-130.08,100.000,5.000,5.060,0.06,2.00,5.000,5.060,0.5,1,0,5,5,1,3,5,5,1,3,69E3,?,TR,GDA94,MSL,GRS80,B,DEG,m,m,m,um,m,m,um,m,m,m,m,um,m,m,um,99999,99999,ELN,W98,99999,ELN,DFA,AUSGEOID98,GRS80,99999,99999,31-DEC-99,31-DEC-99,Comment is null
196953,1969534430.00,4642478,137.000097,-29.768139,30.480,37.016,6.536,9792900.70,30.480,37.016,0.26,2.67,-44.13,-86.12,-64.43,-98.53,100.000,5.000,5.060,0.06,2.00,5.000,5.060,0.5,1,0,5,5,1,3,5,5,1,3,69E3,?,TR,GDA94,MSL,GRS80,B,DEG,m,m,m,um,m,m,um,m,m,m,m,um,m,m,um,99999,99999,ELN,W98,99999,ELN,DFA,AUSGEOID98,GRS80,99999,99999,31-DEC-99,31-DEC-99,Comment is null
196953,1969534431.00,4642479,137.001997,-29.823539,71.260,77.749,6.489,9792825.46,71.260,77.749,0.55,2.67,-36.84,-125.01,-56.95,-136.69,100.000,5.000,5.060,0.06,2.00,5.000,5.060,0.5,1,0,5,5,1,3,5,5,1,3,69E3,?,TR,GDA94,MSL,GRS80,B,DEG,m,m,m,um,m,m,um,m,m,m,m,um,m,m,um,99999,99999,ELN,W98,99999,ELN,DFA,AUSGEOID98,GRS80,99999,99999,31-DEC-99,31-DEC-99,Comment is null
196953,1969534432.00,4642480,137.065897,-29.834839,44.440,51.061,6.621,9792909.30,44.440,51.061,0.19,2.67,-44.15,-102.06,-64.69,-114.42,100.000,5.000,5.060,0.06,2.00,5.000,5.060,0.5,1,0,5,5,1,3,5,5,1,3,69E3,?,TR,GDA94,MSL,GRS80,B,DEG,m,m,m,um,m,m,um,m,m,m,m,um,m,m,um,99999,99999,ELN,W98,99999,ELN,DFA,AUSGEOID98,GRS80,99999,99999,31-DEC-99,31-DEC-99,Comment is null
196953,1969534433.00,4642481,137.069497,-29.877639,49.030,55.621,6.591,9792947.82,49.030,55.621,0.24,2.67,-24.94,-88.02,-45.38,-100.24,100.000,5.000,5.060,0.06,2.00,5.000,5.060,0.5,1,0,5,5,1,3,5,5,1,3,69E3,?,TR,GDA94,MSL,GRS80,B,DEG,m,m,m,um,m,m,um,m,m,m,m,um,m,m,um,99999,99999,ELN,W98,99999,ELN,DFA,AUSGEOID98,GRS80,99999,99999,31-DEC-99,31-DEC-99,Comment is null
196953,1969534434.00,5409479,137.062198,-29.946939,80.880,87.394,6.514,9792979.44,80.880,87.394,0.31,2.67,50.61,-48.50,30.43,-60.07,100.000,5.000,5.060,0.06,2.00,5.000,5.060,0.5,1,0,5,5,1,3,5,5,1,3,69E3,?,TR,GDA94,MSL,GRS80,B,DEG,m,m,m,um,m,m,um,m,m,m,m,um,m,m,um,99999,99999,ELN,W98,99999,ELN,DFA,AUSGEOID98,GRS80,99999,99999,31-DEC-99,31-DEC-99,Comment is null
196953,1969534435.00,4642482,137.140998,-29.950939,92.710,99.409,6.699,9792949.82,92.710,99.409,0.10,2.67,54.94,-57.79,34.20,-69.54,100.000,5.000,5.060,0.06,2.00,5.000,5.060,0.5,1,0,5,5,1,3,5,5,1,3,69E3,?,TR,GDA94,MSL,GRS80,B,DEG,m,m,m,um,m,m,um,m,m,m,m,um,m,m,um,99999,99999,ELN,W98,99999,ELN,DFA,AUSGEOID98,GRS80,99999,99999,31-DEC-99,31-DEC-99,Comment is null
196953,1969534436.00,5765303,137.212697,-29.947638,90.530,97.395,6.865,9792911.20,90.530,97.395,0.13,2.67,12.69,-97.76,-8.56,-109.87,100.000,5.000,5.060,0.06,2.00,5.000,5.060,0.5,1,0,5,5,1,3,5,5,1,3,69E3,?,TR,GDA94,MSL,GRS80,B,DEG,m,m,m,um,m,m,um,m,m,m,m,um,m,m,um,99999,99999,ELN,W98,99999,ELN,DFA,AUSGEOID98,GRS80,99999,99999,31-DEC-99,31-DEC-99,Comment is null
196953,1969534437.00,4642483,137.144097,-29.894038,70.010,76.769,6.759,9792911.90,70.010,76.769,0.52,2.67,-8.40,-95.46,-29.34,-107.68,100.000,5.000,5.060,0.06,2.00,5.000,5.060,0.5,1,0,5,5,1,3,5,5,1,3,69E3,?,TR,GDA94,MSL,GRS80,B,DEG,m,m,m,um,m,m,um,m,m,m,m,um,m,m,um,99999,99999,ELN,W98,99999,ELN,DFA,AUSGEOID98,GRS80,99999,99999,31-DEC-99,31-DEC-99,Comment is null
196953,1969534438.00,5880236,137.134396,-29.825338,36.420,43.217,6.797,9792945.72,36.420,43.217,0.28,2.67,-24.53,-73.54,-45.62,-86.37,100.000,5.000,5.060,0.06,2.00,5.000,5.060,0.5,1,0,5,5,1,3,5,5,1,3,69E3,?,TR,GDA94,MSL,GRS80,B,DEG,m,m,m,um,m,m,um,m,m,m,m,um,m,m,um,99999,99999,ELN,W98,99999,ELN,DFA,AUSGEOID98,GRS80,99999,99999,31-DEC-99,31-DEC-99,Comment is null
196953,1969534439.00,5703380,137.134095,-29.765738,39.030,45.854,6.824,9792879.59,39.030,45.854,0.12,2.67,-36.11,-88.11,-57.28,-100.95,100.000,5.000,5.060,0.06,2.00,5.000,5.060,0.5,1,0,5,5,1,3,5,5,1,3,69E3,?,TR,GDA94,MSL,GRS80,B,DEG,m,m,m,um,m,m,um,m,m,m,m,um,m,m,um,99999,99999,ELN,W98,99999,ELN,DFA,AUSGEOID98,GRS80,99999,99999,31-DEC-99,31-DEC-99,Comment is null
196953,1969534440.00,5408506,137.078896,-29.774338,25.570,32.269,6.699,9792926.81,25.570,32.269,0.17,2.67,-37.49,-74.09,-58.29,-86.91,100.000,5.000,5.060,0.06,2.00,5.000,5.060,0.5,1,0,5,5,1,3,5,5,1,3,69E3,?,TR,GDA94,MSL,GRS80,B,DEG,m,m,m,um,m,m,um,m,m,m,m,um,m,m,um,99999,99999,ELN,W98,99999,ELN,DFA,AUSGEOID98,GRS80,99999,99999,31-DEC-99,31-DEC-99,Comment is null
196953,1969534501.00,5809389,137.323893,-29.714636,34.830,42.088,7.258,9792818.55,34.830,42.088,0.18,2.67,-69.00,-116.74,-91.52,-130.50,100.000,5.000,5.060,0.06,2.00,5.000,5.060,0.5,1,0,5,5,1,3,5,5,1,3,69E3,?,TR,GDA94,MSL,GRS80,B,DEG,m,m,m,um,m,m,um,m,m,m,m,um,m,m,um,99999,99999,ELN,W98,99999,ELN,DFA,AUSGEOID98,GRS80,99999,99999,31-DEC-99,31-DEC-99,Comment is null
196953,1969534502.00,5943820,137.417991,-29.649735,40.480,47.937,7.457,9792620.95,40.480,47.937,0.20,2.67,-198.13,-252.50,-221.26,-266.55,100.000,5.000,5.060,0.06,2.00,5.000,5.060,0.5,1,1,5,5,1,3,5,5,1,3,69E3,?,TR,GDA94,MSL,GRS80,B,DEG,m,m,m,um,m,m,um,m,m,m,m,um,m,m,um,99999,99999,ELN,W98,99999,ELN,DFA,AUSGEOID98,GRS80,99999,99999,31-DEC-99,31-DEC-99,Comment is null
196953,1969534503.00,4642484,137.399690,-29.596335,-4.750,2.708,7.458,9792720.60,-4.750,2.708,0.25,2.67,-196.59,-199.66,-219.77,-214.45,100.000,5.000,5.060,0.06,2.00,5.000,5.060,0.5,1,1,5,5,1,3,5,5,1,3,69E3,?,TR,GDA94,MSL,GRS80,B,DEG,m,m,m,um,m,m,um,m,m,m,m,um,m,m,um,99999,99999,ELN,W98,99999,ELN,DFA,AUSGEOID98,GRS80,99999,99999,31-DEC-99,31-DEC-99,Comment is null
196953,1969534504.00,4642485,137.416889,-29.539834,39.520,47.072,7.552,9792469.17,39.520,47.072,0.59,2.67,-267.34,-320.73,-290.76,-334.98,100.000,5.000,5.060,0.06,2.00,5.000,5.060,0.5,1,1,5,5,1,3,5,5,1,3,69E3,?,TR,GDA94,MSL,GRS80,B,DEG,m,m,m,um,m,m,um,m,m,m,m,um,m,m,um,99999,99999,ELN,W98,99999,ELN,DFA,AUSGEOID98,GRS80,99999,99999,31-DEC-99,31-DEC-99,Comment is null
196953,1969534505.00,5786910,137.491088,-29.517933,18.960,26.754,7.794,9792592.33,18.960,26.754,0.33,2.67,-189.90,-220.25,-214.09,-235.31,100.000,5.000,5.060,0.06,2.00,5.000,5.060,0.5,1,1,5,5,1,3,5,5,1,3,69E3,?,TR,GDA94,MSL,GRS80,B,DEG,m,m,m,um,m,m,um,m,m,m,m,um,m,m,um,99999,99999,ELN,W98,99999,ELN,DFA,AUSGEOID98,GRS80,99999,99999,31-DEC-99,31-DEC-99,Comment is null
196953,1969534506.00,4642486,137.470890,-29.590434,3.870,11.505,7.635,9792591.23,3.870,11.505,0.26,2.67,-294.24,-307.29,-317.95,-322.28,100.000,5.000,5.060,0.06,2.00,5.000,5.060,0.5,1,1,5,5,1,3,5,5,1,3,69E3,?,TR,GDA94,MSL,GRS80,B,DEG,m,m,m,um,m,m,um,m,m,m,m,um,m,m,um,99999,99999,ELN,W98,99999,ELN,DFA,AUSGEOID98,GRS80,99999,99999,31-DEC-99,31-DEC-99,Comment is null
196953,1969534507.00,4642487,137.469990,-29.643734,14.480,22.059,7.579,9792667.17,14.480,22.059,0.22,2.67,-227.09,-252.12,-250.62,-266.83,100.000,5.000,5.060,0.06,2.00,5.000,5.060,0.5,1,1,5,5,1,3,5,5,1,3,69E3,?,TR,GDA94,MSL,GRS80,B,DEG,m,m,m,um,m,m,um,m,m,m,m,um,m,m,um,99999,99999,ELN,W98,99999,ELN,DFA,AUSGEOID98,GRS80,99999,99999,31-DEC-99,31-DEC-99,Comment is null
196953,1969534508.00,4642488,137.484391,-29.701534,46.290,53.874,7.584,9792617.85,46.290,53.874,0.24,2.67,-223.16,-284.26,-246.67,-298.47,100.000,5.000,5.060,0.06,2.00,5.000,5.060,0.5,1,1,5,5,1,3,5,5,1,3,69E3,?,TR,GDA94,MSL,GRS80,B,DEG,m,m,m,um,m,m,um,m,m,m,m,um,m,m,um,99999,99999,ELN,W98,99999,ELN,DFA,AUSGEOID98,GRS80,99999,99999,31-DEC-99,31-DEC-99,Comment is null
196953,1969534509.00,5914218,137.403392,-29.707735,15.730,23.136,7.406,9792797.74,15.730,23.136,0.18,2.67,-142.93,-169.17,-165.92,-183.52,100.000,5.000,5.060,0.06,2.00,5.000,5.060,0.5,1,1,5,5,1,3,5,5,1,3,69E3,?,TR,GDA94,MSL,GRS80,B,DEG,m,m,m,um,m,m,um,m,m,m,m,um,m,m,um,99999,99999,ELN,W98,99999,ELN,DFA,AUSGEOID98,GRS80,99999,99999,31-DEC-99,31-DEC-99,Comment is null
196953,1969534510.00,4642489,137.344192,-29.645635,6.520,13.852,7.332,9792777.23,6.520,13.852,0.14,2.67,-143.84,-159.55,-166.61,-173.91,100.000,5.000,5.060,0.06,2.00,5.000,5.060,0.5,1,0,5,5,1,3,5,5,1,3,69E3,?,TR,GDA94,MSL,GRS80,B,DEG,m,m,m,um,m,m,um,m,m,m,m,um,m,m,um,99999,99999,ELN,W98,99999,ELN,DFA,AUSGEOID98,GRS80,99999,99999,31-DEC-99,31-DEC-99,Comment is null
196953,1969534511.00,5924045,137.368291,-29.580635,3.980,11.390,7.410,9792685.58,3.980,11.390,0.14,2.67,-192.65,-205.57,-215.66,-220.12,100.000,5.000,5.060,0.06,2.00,5.000,5.060,0.5,1,1,5,5,1,3,5,5,1,3,BM1716 69E3,?,TR,GDA94,MSL,GRS80,B,DEG,m,m,m,um,m,m,um,m,m,m,m,um,m,m,um,99999,99999,ELN,W98,99999,ELN,DFA,AUSGEOID98,GRS80,99999,99999,31-DEC-99,31-DEC-99,Comment is null
196953,1969534512.00,5312283,137.362390,-29.531135,-3.540,3.892,7.432,9792559.82,-3.540,3.892,0.12,2.67,-303.19,-307.60,-326.28,-322.32,100.000,5.000,5.060,0.06,2.00,5.000,5.060,0.5,1,1,5,5,1,3,5,5,1,3,69E3,?,TR,GDA94,MSL,GRS80,B,DEG,m,m,m,um,m,m,um,m,m,m,m,um,m,m,um,99999,99999,ELN,W98,99999,ELN,DFA,AUSGEOID98,GRS80,99999,99999,31-DEC-99,31-DEC-99,Comment is null
196953,1969534513.00,5262825,137.290991,-29.533635,-0.760,6.538,7.298,9792599.44,-0.760,6.538,0.14,2.67,-257.34,-264.75,-280.02,-279.17,100.000,5.000,5.060,0.06,2.00,5.000,5.060,0.5,1,0,5,5,1,3,5,5,1,3,BM1718 69E3,?,TR,GDA94,MSL,GRS80,B,DEG,m,m,m,um,m,m,um,m,m,m,m,um,m,m,um,99999,99999,ELN,W98,99999,ELN,DFA,AUSGEOID98,GRS80,99999,99999,31-DEC-99,31-DEC-99,Comment is null
196953,1969534514.00,5183864,137.201492,-29.542536,8.660,15.834,7.174,9792750.42,8.660,15.834,0.13,2.67,-84.57,-102.53,-106.86,-116.55,100.000,5.000,5.060,0.06,2.00,5.000,5.060,0.5,1,0,5,5,1,3,5,5,1,3,69E3,?,TR,GDA94,MSL,GRS80,B,DEG,m,m,m,um,m,m,um,m,m,m,m,um,m,m,um,99999,99999,ELN,W98,99999,ELN,DFA,AUSGEOID98,GRS80,99999,99999,31-DEC-99,31-DEC-99,Comment is null
196953,1969534515.00,4642490,137.209992,-29.582836,19.620,26.783,7.163,9792757.02,19.620,26.783,0.10,2.67,-75.42,-105.80,-97.66,-119.61,100.000,5.000,5.060,0.06,2.00,5.000,5.060,0.5,1,0,5,5,1,3,5,5,1,3,69E3,?,TR,GDA94,MSL,GRS80,B,DEG,m,m,m,um,m,m,um,m,m,m,m,um,m,m,um,99999,99999,ELN,W98,99999,ELN,DFA,AUSGEOID98,GRS80,99999,99999,31-DEC-99,31-DEC-99,Comment is null
196953,1969534517.00,4642492,137.271992,-29.649736,8.750,15.968,7.218,9792829.96,8.750,15.968,0.12,2.67,-87.76,-105.88,-110.18,-119.97,100.000,5.000,5.060,0.06,2.00,5.000,5.060,0.5,1,0,5,5,1,3,5,5,1,3,69E3,?,TR,GDA94,MSL,GRS80,B,DEG,m,m,m,um,m,m,um,m,m,m,m,um,m,m,um,99999,99999,ELN,W98,99999,ELN,DFA,AUSGEOID98,GRS80,99999,99999,31-DEC-99,31-DEC-99,Comment is null
196953,1969534518.00,5856291,137.273093,-29.706836,18.000,25.183,7.183,9792868.38,18.000,25.183,0.11,2.67,-65.27,-93.84,-87.58,-107.72,100.000,5.000,5.060,0.06,2.00,5.000,5.060,0.5,1,0,5,5,1,3,5,5,1,3,69E3,?,TR,GDA94,MSL,GRS80,B,DEG,m,m,m,um,m,m,um,m,m,m,m,um,m,m,um,99999,99999,ELN,W98,99999,ELN,DFA,AUSGEOID98,GRS80,99999,99999,31-DEC-99,31-DEC-99,Comment is null
196953,1969534519.00,4642493,137.206494,-29.702737,33.090,40.158,7.068,9792840.67,33.090,40.158,0.16,2.67,-43.60,-89.14,-65.53,-102.56,100.000,5.000,5.060,0.06,2.00,5.000,5.060,0.5,1,0,5,5,1,3,5,5,1,3,69E3,?,TR,GDA94,MSL,GRS80,B,DEG,m,m,m,um,m,m,um,m,m,m,m,um,m,m,um,99999,99999,ELN,W98,99999,ELN,DFA,AUSGEOID98,GRS80,99999,99999,31-DEC-99,31-DEC-99,Comment is null
196953,1969534520.00,5593283,137.203395,-29.772037,28.250,35.220,6.970,9792920.01,28.250,35.220,0.17,2.67,-33.40,-73.35,-55.03,-86.65,100.000,5.000,5.060,0.06,2.00,5.000,5.060,0.5,1,0,5,5,1,3,5,5,1,3,69E3,?,TR,GDA94,MSL,GRS80,B,DEG,m,m,m,um,m,m,um,m,m,m,m,um,m,m,um,99999,99999,ELN,W98,99999,ELN,DFA,AUSGEOID98,GRS80,99999,99999,31-DEC-99,31-DEC-99,Comment is null
196953,1969534521.00,4642494,137.205095,-29.822837,74.940,81.910,6.970,9792870.28,74.940,81.910,0.32,2.67,21.37,-71.52,-0.22,-84.08,100.000,5.000,5.060,0.06,2.00,5.000,5.060,0.5,1,0,5,5,1,3,5,5,1,3,69E3,?,TR,GDA94,MSL,GRS80,B,DEG,m,m,m,um,m,m,um,m,m,m,m,um,m,m,um,99999,99999,ELN,W98,99999,ELN,DFA,AUSGEOID98,GRS80,99999,99999,31-DEC-99,31-DEC-99,Comment is null
196953,1969534522.00,4642495,137.212296,-29.878138,89.420,96.357,6.937,9792885.29,89.420,96.357,0.16,2.67,37.83,-71.44,16.36,-83.70,100.000,5.000,5.060,0.06,2.00,5.000,5.060,0.5,1,0,5,5,1,3,5,5,1,3,69E3,?,TR,GDA94,MSL,GRS80,B,DEG,m,m,m,um,m,m,um,m,m,m,m,um,m,m,um,99999,99999,ELN,W98,99999,ELN,DFA,AUSGEOID98,GRS80,99999,99999,31-DEC-99,31-DEC-99,Comment is null
196953,1969534523.00,4642496,137.277996,-29.943737,74.650,81.661,7.011,9792969.33,74.650,81.661,0.10,2.67,25.32,-67.29,3.60,-79.93,100.000,5.000,5.060,0.06,2.00,5.000,5.060,0.5,1,0,5,5,1,3,5,5,1,3,69E3,?,TR,GDA94,MSL,GRS80,B,DEG,m,m,m,um,m,m,um,m,m,m,m,um,m,m,um,99999,99999,ELN,W98,99999,ELN,DFA,AUSGEOID98,GRS80,99999,99999,31-DEC-99,31-DEC-99,Comment is null
196953,1969534524.00,4642497,137.338295,-29.941937,81.050,88.187,7.137,9792952.53,81.050,88.187,0.10,2.67,30.05,-69.95,7.95,-82.74,100.000,5.000,5.060,0.06,2.00,5.000,5.060,0.5,1,0,5,5,1,3,5,5,1,3,69E3,?,TR,GDA94,MSL,GRS80,B,DEG,m,m,m,um,m,m,um,m,m,m,m,um,m,m,um,99999,99999,ELN,W98,99999,ELN,DFA,AUSGEOID98,GRS80,99999,99999,31-DEC-99,31-DEC-99,Comment is null
196953,1969534525.00,5852976,137.343495,-29.885636,53.760,60.966,7.206,9792957.33,53.760,60.966,0.26,2.67,-5.18,-74.32,-27.52,-87.67,100.000,5.000,5.060,0.06,2.00,5.000,5.060,0.5,1,0,5,5,1,3,5,5,1,3,69E3,?,TR,GDA94,MSL,GRS80,B,DEG,m,m,m,um,m,m,um,m,m,m,m,um,m,m,um,99999,99999,ELN,W98,99999,ELN,DFA,AUSGEOID98,GRS80,99999,99999,31-DEC-99,31-DEC-99,Comment is null
196953,1969534526.00,4642498,137.271595,-29.887437,87.750,94.808,7.058,9792900.50,87.750,94.808,0.22,2.67,41.01,-66.51,19.15,-79.04,100.000,5.000,5.060,0.06,2.00,5.000,5.060,0.5,1,0,5,5,1,3,5,5,1,3,69E3,?,TR,GDA94,MSL,GRS80,B,DEG,m,m,m,um,m,m,um,m,m,m,m,um,m,m,um,99999,99999,ELN,W98,99999,ELN,DFA,AUSGEOID98,GRS80,99999,99999,31-DEC-99,31-DEC-99,Comment is null
196953,1969534527.00,4642499,137.275795,-29.824537,54.270,61.387,7.117,9792916.41,54.270,61.387,0.17,2.67,2.84,-66.78,-19.22,-79.95,100.000,5.000,5.060,0.06,2.00,5.000,5.060,0.5,1,0,5,5,1,3,5,5,1,3,69E3,?,TR,GDA94,MSL,GRS80,B,DEG,m,m,m,um,m,m,um,m,m,m,m,um,m,m,um,99999,99999,ELN,W98,99999,ELN,DFA,AUSGEOID98,GRS80,99999,99999,31-DEC-99,31-DEC-99,Comment is null
196953,1969534528.00,4642500,137.274994,-29.771436,35.590,42.703,7.113,9792889.59,35.590,42.703,0.13,2.67,-40.26,-88.69,-62.33,-102.15,100.000,5.000,5.060,0.06,2.00,5.000,5.060,0.5,1,0,5,5,1,3,5,5,1,3,69E3,?,TR,GDA94,MSL,GRS80,B,DEG,m,m,m,um,m,m,um,m,m,m,m,um,m,m,um,99999,99999,ELN,W98,99999,ELN,DFA,AUSGEOID98,GRS80,99999,99999,31-DEC-99,31-DEC-99,Comment is null
196953,1969534529.00,5874715,137.340493,-29.770236,24.720,31.959,7.239,9792913.20,24.720,31.959,0.14,2.67,-48.86,-85.11,-71.33,-98.99,100.000,5.000,5.060,0.06,2.00,5.000,5.060,0.5,1,0,5,5,1,3,5,5,1,3,69E3,?,TR,GDA94,MSL,GRS80,B,DEG,m,m,m,um,m,m,um,m,m,m,m,um,m,m,um,99999,99999,ELN,W98,99999,ELN,DFA,AUSGEOID98,GRS80,99999,99999,31-DEC-99,31-DEC-99,Comment is null
196953,1969534530.00,5746206,137.345394,-29.829436,36.540,43.794,7.254,9792947.82,36.540,43.794,0.18,2.67,-23.84,-73.51,-46.34,-87.23,100.000,5.000,5.060,0.06,2.00,5.000,5.060,0.5,1,0,5,5,1,3,5,5,1,3,69E3,?,TR,GDA94,MSL,GRS80,B,DEG,m,m,m,um,m,m,um,m,m,m,m,um,m,m,um,99999,99999,ELN,W98,99999,ELN,DFA,AUSGEOID98,GRS80,99999,99999,31-DEC-99,31-DEC-99,Comment is null
196953,1969534531.00,4642501,137.414993,-29.834835,49.520,56.915,7.395,9792920.01,49.520,56.915,0.27,2.67,-15.38,-79.93,-38.30,-93.72,100.000,5.000,5.060,0.06,2.00,5.000,5.060,0.5,1,0,5,5,1,3,5,5,1,3,69E3,?,TR,GDA94,MSL,GRS80,B,DEG,m,m,m,um,m,m,um,m,m,m,m,um,m,m,um,99999,99999,ELN,W98,99999,ELN,DFA,AUSGEOID98,GRS80,99999,99999,31-DEC-99,31-DEC-99,Comment is null
196953,1969534532.00,5409103,137.414694,-29.871136,58.270,65.636,7.366,9792930.71,58.270,65.636,0.24,2.67,-6.07,-80.51,-28.90,-94.10,100.000,5.000,5.060,0.06,2.00,5.000,5.060,0.5,1,0,5,5,1,3,5,5,1,3,69E3,?,TR,GDA94,MSL,GRS80,B,DEG,m,m,m,um,m,m,um,m,m,m,m,um,m,m,um,99999,99999,ELN,W98,99999,ELN,DFA,AUSGEOID98,GRS80,99999,99999,31-DEC-99,31-DEC-99,Comment is null
196953,1969534533.00,4642502,137.410195,-29.940836,98.780,106.059,7.279,9792881.79,98.780,106.059,0.16,2.67,15.32,-104.95,-7.20,-117.74,100.000,5.000,5.060,0.06,2.00,5.000,5.060,0.5,1,0,5,5,1,3,5,5,1,3,69E3,?,TR,GDA94,MSL,GRS80,B,DEG,m,m,m,um,m,m,um,m,m,m,m,um,m,m,um,99999,99999,ELN,W98,99999,ELN,DFA,AUSGEOID98,GRS80,99999,99999,31-DEC-99,31-DEC-99,Comment is null
196953,1969534534.00,5981401,137.480194,-29.945335,120.670,128.083,7.413,9792815.25,120.670,128.083,0.49,2.67,13.22,-132.01,-9.70,-144.73,100.000,5.000,5.060,0.06,2.00,5.000,5.060,0.5,1,0,5,5,1,3,5,5,1,3,69E3,?,TR,GDA94,MSL,GRS80,B,DEG,m,m,m,um,m,m,um,m,m,m,m,um,m,m,um,99999,99999,ELN,W98,99999,ELN,DFA,AUSGEOID98,GRS80,99999,99999,31-DEC-99,31-DEC-99,Comment is null
196953,1969534535.00,4642503,137.478493,-29.882135,87.320,94.807,7.487,9792864.98,87.320,94.807,0.56,2.67,9.62,-97.89,-13.55,-111.27,100.000,5.000,5.060,0.06,2.00,5.000,5.060,0.5,1,0,5,5,1,3,5,5,1,3,69E3,?,TR,GDA94,MSL,GRS80,B,DEG,m,m,m,um,m,m,um,m,m,m,m,um,m,m,um,99999,99999,ELN,W98,99999,ELN,DFA,AUSGEOID98,GRS80,99999,99999,31-DEC-99,31-DEC-99,Comment is null
196953,1969534536.00,4642504,137.477192,-29.823235,47.640,55.170,7.530,9792894.59,47.640,55.170,0.32,2.67,-37.13,-99.71,-60.48,-113.79,100.000,5.000,5.060,0.06,2.00,5.000,5.060,0.5,1,1,5,5,1,3,5,5,1,3,69E3,?,TR,GDA94,MSL,GRS80,B,DEG,m,m,m,um,m,m,um,m,m,m,m,um,m,m,um,99999,99999,ELN,W98,99999,ELN,DFA,AUSGEOID98,GRS80,99999,99999,31-DEC-99,31-DEC-99,Comment is null
196953,1969534537.00,4642505,137.470792,-29.773935,36.810,44.308,7.498,9792848.17,36.810,44.308,0.27,2.67,-78.67,-128.93,-101.93,-143.12,100.000,5.000,5.060,0.06,2.00,5.000,5.060,0.5,1,1,5,5,1,3,5,5,1,3,69E3,?,TR,GDA94,MSL,GRS80,B,DEG,m,m,m,um,m,m,um,m,m,m,m,um,m,m,um,99999,99999,ELN,W98,99999,ELN,DFA,AUSGEOID98,GRS80,99999,99999,31-DEC-99,31-DEC-99,Comment is null
196953,1969534538.00,4642506,137.407493,-29.772835,33.090,40.461,7.371,9792886.79,33.090,40.461,0.23,2.67,-51.07,-96.96,-73.93,-110.96,100.000,5.000,5.060,0.06,2.00,5.000,5.060,0.5,1,0,5,5,1,3,5,5,1,3,69E3,?,TR,GDA94,MSL,GRS80,B,DEG,m,m,m,um,m,m,um,m,m,m,m,um,m,m,um,99999,99999,ELN,W98,99999,ELN,DFA,AUSGEOID98,GRS80,99999,99999,31-DEC-99,31-DEC-99,Comment is null
196953,1969534601.00,4642507,137.706888,-29.689432,63.020,71.202,8.182,9792603.74,63.020,71.202,0.20,2.67,-174.39,-255.14,-199.74,-270.25,100.000,5.000,5.060,0.06,2.00,5.000,5.060,0.5,1,1,5,5,1,3,5,5,1,3,69E3,?,TR,GDA94,MSL,GRS80,B,DEG,m,m,m,um,m,m,um,m,m,m,m,um,m,m,um,99999,99999,ELN,W98,99999,ELN,DFA,AUSGEOID98,GRS80,99999,99999,31-DEC-99,31-DEC-99,Comment is null
196953,1969534603.00,5880237,137.742387,-29.586331,42.110,50.553,8.443,9792607.64,42.110,50.553,0.14,2.67,-154.16,-211.50,-180.33,-227.45,100.000,5.000,5.060,0.06,2.00,5.000,5.060,0.5,1,1,5,5,1,3,5,5,1,3,69E3,?,TR,GDA94,MSL,GRS80,B,DEG,m,m,m,um,m,m,um,m,m,m,m,um,m,m,um,99999,99999,ELN,W98,99999,ELN,DFA,AUSGEOID98,GRS80,99999,99999,31-DEC-99,31-DEC-99,Comment is null
196953,1969534604.00,5710496,137.737086,-29.535931,35.420,43.964,8.544,9792603.44,35.420,43.964,0.25,2.67,-139.63,-189.50,-166.12,-205.76,100.000,5.000,5.060,0.06,2.00,5.000,5.060,0.5,1,1,5,5,1,3,5,5,1,3,69E3,?,TR,GDA94,MSL,GRS80,B,DEG,m,m,m,um,m,m,um,m,m,m,m,um,m,m,um,99999,99999,ELN,W98,99999,ELN,DFA,AUSGEOID98,GRS80,99999,99999,31-DEC-99,31-DEC-99,Comment is null
196953,1969534605.00,5408339,137.804685,-29.533330,34.660,43.450,8.790,9792643.76,34.660,43.450,0.10,2.67,-98.88,-148.16,-126.13,-164.91,100.000,5.000,5.060,0.06,2.00,5.000,5.060,0.5,1,1,5,5,1,3,5,5,1,3,69E3,?,TR,GDA94,MSL,GRS80,B,DEG,m,m,m,um,m,m,um,m,m,m,m,um,m,m,um,99999,99999,ELN,W98,99999,ELN,DFA,AUSGEOID98,GRS80,99999,99999,31-DEC-99,31-DEC-99,Comment is null
196953,1969534606.00,4642508,137.868784,-29.509830,38.520,47.616,9.096,9792721.10,38.520,47.616,0.13,2.67,9.51,-44.49,-18.68,-61.78,100.000,5.000,5.060,0.06,2.00,5.000,5.060,0.5,1,1,5,5,1,3,5,5,1,3,69E3,?,TR,GDA94,MSL,GRS80,B,DEG,m,m,m,um,m,m,um,m,m,m,m,um,m,m,um,99999,99999,ELN,W98,99999,ELN,DFA,AUSGEOID98,GRS80,99999,99999,31-DEC-99,31-DEC-99,Comment is null
196953,1969534607.00,4642509,137.878685,-29.536430,38.710,47.771,9.061,9792719.70,38.710,47.771,0.16,2.67,-12.01,-66.19,-40.09,-83.41,100.000,5.000,5.060,0.06,2.00,5.000,5.060,0.5,1,1,5,5,1,3,5,5,1,3,69E3,?,TR,GDA94,MSL,GRS80,B,DEG,m,m,m,um,m,m,um,m,m,m,m,um,m,m,um,99999,99999,ELN,W98,99999,ELN,DFA,AUSGEOID98,GRS80,99999,99999,31-DEC-99,31-DEC-99,Comment is null
196953,1969534608.00,4642510,137.876485,-29.583530,44.930,53.847,8.917,9792721.70,44.930,53.847,0.12,2.67,-27.77,-88.84,-55.40,-105.67,100.000,5.000,5.060,0.06,2.00,5.000,5.060,0.5,1,1,5,5,1,3,5,5,1,3,69E3,?,TR,GDA94,MSL,GRS80,B,DEG,m,m,m,um,m,m,um,m,m,m,m,um,m,m,um,99999,99999,ELN,W98,99999,ELN,DFA,AUSGEOID98,GRS80,99999,99999,31-DEC-99,31-DEC-99,Comment is null
196953,1969534609.00,5408826,137.802386,-29.584431,36.880,45.524,8.644,9792617.15,36.880,45.524,0.12,2.67,-158.70,-210.33,-185.50,-226.77,100.000,5.000,5.060,0.06,2.00,5.000,5.060,0.5,1,1,5,5,1,3,5,5,1,3,69E3,?,TR,GDA94,MSL,GRS80,B,DEG,m,m,m,um,m,m,um,m,m,m,m,um,m,m,um,99999,99999,ELN,W98,99999,ELN,DFA,AUSGEOID98,GRS80,99999,99999,31-DEC-99,31-DEC-99,Comment is null
196953,1969534610.00,4642511,137.784287,-29.642131,39.610,48.064,8.454,9792602.84,39.610,48.064,0.15,2.67,-209.94,-264.46,-236.15,-280.47,100.000,5.000,5.060,0.06,2.00,5.000,5.060,0.5,1,1,5,5,1,3,5,5,1,3,BM1706 69E3,?,TR,GDA94,MSL,GRS80,B,DEG,m,m,m,um,m,m,um,m,m,m,m,um,m,m,um,99999,99999,ELN,W98,99999,ELN,DFA,AUSGEOID98,GRS80,99999,99999,31-DEC-99,31-DEC-99,Comment is null
196953,1969534611.00,4642512,137.802287,-29.703031,58.360,66.766,8.406,9792633.56,58.360,66.766,0.24,2.67,-168.83,-244.55,-194.87,-260.18,100.000,5.000,5.060,0.06,2.00,5.000,5.060,0.5,1,1,5,5,1,3,5,5,1,3,69E3,?,TR,GDA94,MSL,GRS80,B,DEG,m,m,m,um,m,m,um,m,m,m,m,um,m,m,um,99999,99999,ELN,W98,99999,ELN,DFA,AUSGEOID98,GRS80,99999,99999,31-DEC-99,31-DEC-99,Comment is null
196953,1969534612.00,5809390,137.735288,-29.710032,62.080,70.304,8.224,9792628.25,62.080,70.304,0.20,2.67,-168.66,-248.39,-194.14,-263.60,100.000,5.000,5.060,0.06,2.00,5.000,5.060,0.5,1,1,5,5,1,3,5,5,1,3,69E3,?,TR,GDA94,MSL,GRS80,B,DEG,m,m,m,um,m,m,um,m,m,m,m,um,m,m,um,99999,99999,ELN,W98,99999,ELN,DFA,AUSGEOID98,GRS80,99999,99999,31-DEC-99,31-DEC-99,Comment is null
196953,1969534614.00,4642513,137.599888,-29.590533,30.720,38.750,8.030,9792694.19,30.720,38.750,0.19,2.67,-107.30,-151.25,-132.20,-166.58,100.000,5.000,5.060,0.06,2.00,5.000,5.060,0.5,1,1,5,5,1,3,5,5,1,3,69E3,?,TR,GDA94,MSL,GRS80,B,DEG,m,m,m,um,m,m,um,m,m,m,m,um,m,m,um,99999,99999,ELN,W98,99999,ELN,DFA,AUSGEOID98,GRS80,99999,99999,31-DEC-99,31-DEC-99,Comment is null
196953,1969534615.00,5683990,137.679087,-29.588532,59.270,67.523,8.253,9792548.91,59.270,67.523,0.20,2.67,-162.24,-238.82,-187.81,-254.13,100.000,5.000,5.060,0.06,2.00,5.000,5.060,0.5,1,1,5,5,1,3,5,5,1,3,69E3,?,TR,GDA94,MSL,GRS80,B,DEG,m,m,m,um,m,m,um,m,m,m,m,um,m,m,um,99999,99999,ELN,W98,99999,ELN,DFA,AUSGEOID98,GRS80,99999,99999,31-DEC-99,31-DEC-99,Comment is null
196953,1969534616.00,4642514,137.676287,-29.532132,65.780,74.132,8.352,9792521.20,65.780,74.132,0.18,2.67,-125.85,-209.92,-151.72,-225.32,100.000,5.000,5.060,0.06,2.00,5.000,5.060,0.5,1,1,5,5,1,3,5,5,1,3,69E3,?,TR,GDA94,MSL,GRS80,B,DEG,m,m,m,um,m,m,um,m,m,m,m,um,m,m,um,99999,99999,ELN,W98,99999,ELN,DFA,AUSGEOID98,GRS80,99999,99999,31-DEC-99,31-DEC-99,Comment is null
196953,1969534617.00,5263257,137.605487,-29.535732,30.260,38.388,8.128,9792614.25,30.260,38.388,0.15,2.67,-145.88,-189.42,-171.09,-204.95,100.000,5.000,5.060,0.06,2.00,5.000,5.060,0.5,1,1,5,5,1,3,5,5,1,3,69E3,?,TR,GDA94,MSL,GRS80,B,DEG,m,m,m,um,m,m,um,m,m,m,m,um,m,m,um,99999,99999,ELN,W98,99999,ELN,DFA,AUSGEOID98,GRS80,99999,99999,31-DEC-99,31-DEC-99,Comment is null
196953,1969534618.00,5765304,137.547288,-29.535933,16.540,24.487,7.947,9792651.27,16.540,24.487,0.16,2.67,-151.91,-179.68,-176.57,-195.08,100.000,5.000,5.060,0.06,2.00,5.000,5.060,0.5,1,1,5,5,1,3,5,5,1,3,69E3,?,TR,GDA94,MSL,GRS80,B,DEG,m,m,m,um,m,m,um,m,m,m,m,um,m,m,um,99999,99999,ELN,W98,99999,ELN,DFA,AUSGEOID98,GRS80,99999,99999,31-DEC-99,31-DEC-99,Comment is null
196953,1969534619.00,5262826,137.546489,-29.606833,17.670,25.517,7.847,9792695.99,17.670,25.517,0.17,2.67,-158.97,-187.91,-183.32,-203.10,100.000,5.000,5.060,0.06,2.00,5.000,5.060,0.5,1,1,5,5,1,3,5,5,1,3,69E3,?,TR,GDA94,MSL,GRS80,B,DEG,m,m,m,um,m,m,um,m,m,m,m,um,m,m,um,99999,99999,ELN,W98,99999,ELN,DFA,AUSGEOID98,GRS80,99999,99999,31-DEC-99,31-DEC-99,Comment is null
196953,1969534620.00,5924046,137.539690,-29.647533,39.770,47.552,7.782,9792757.92,39.770,47.552,0.21,2.67,-60.64,-114.57,-84.77,-129.27,100.000,5.000,5.060,0.06,2.00,5.000,5.060,0.5,1,1,5,5,1,3,5,5,1,3,69E3,?,TR,GDA94,MSL,GRS80,B,DEG,m,m,m,um,m,m,um,m,m,m,m,um,m,m,um,99999,99999,ELN,W98,99999,ELN,DFA,AUSGEOID98,GRS80,99999,99999,31-DEC-99,31-DEC-99,Comment is null
196953,1969534622.00,4642515,137.611590,-29.714133,127.300,135.215,7.915,9792613.05,127.300,135.215,0.51,2.67,13.22,-140.09,-11.24,-153.69,100.000,5.000,5.060,0.06,2.00,5.000,5.060,0.5,1,1,5,5,1,3,5,5,1,3,69E3,?,TR,GDA94,MSL,GRS80,B,DEG,m,m,m,um,m,m,um,m,m,m,m,um,m,m,um,99999,99999,ELN,W98,99999,ELN,DFA,AUSGEOID98,GRS80,99999,99999,31-DEC-99,31-DEC-99,Comment is null
196953,1969534623.00,5726372,137.545690,-29.704134,91.010,98.758,7.748,9792602.14,91.010,98.758,0.68,2.67,-102.40,-214.39,-126.38,-228.22,100.000,5.000,5.060,0.06,2.00,5.000,5.060,0.5,1,1,5,5,1,3,5,5,1,3,69E3,?,TR,GDA94,MSL,GRS80,B,DEG,m,m,m,um,m,m,um,m,m,m,m,um,m,m,um,99999,99999,ELN,W98,99999,ELN,DFA,AUSGEOID98,GRS80,99999,99999,31-DEC-99,31-DEC-99,Comment is null
196953,1969534624.00,4642516,137.537091,-29.756634,68.670,76.326,7.656,9792632.56,68.670,76.326,0.38,2.67,-182.03,-268.59,-205.74,-282.59,100.000,5.000,5.060,0.06,2.00,5.000,5.060,0.5,1,1,5,5,1,3,5,5,1,3,69E3,?,TR,GDA94,MSL,GRS80,B,DEG,m,m,m,um,m,m,um,m,m,m,m,um,m,m,um,99999,99999,ELN,W98,99999,ELN,DFA,AUSGEOID98,GRS80,99999,99999,31-DEC-99,31-DEC-99,Comment is null
196953,1969534625.00,5786911,137.538792,-29.817434,72.380,80.040,7.660,9792787.24,72.380,80.040,0.42,2.67,-63.23,-154.00,-86.96,-167.95,100.000,5.000,5.060,0.06,2.00,5.000,5.060,0.5,1,1,5,5,1,3,5,5,1,3,69E3,?,TR,GDA94,MSL,GRS80,B,DEG,m,m,m,um,m,m,um,m,m,m,m,um,m,m,um,99999,99999,ELN,W98,99999,ELN,DFA,AUSGEOID98,GRS80,99999,99999,31-DEC-99,31-DEC-99,Comment is null
196953,1969534626.00,5721949,137.541892,-29.876234,69.150,76.772,7.622,9792858.38,69.150,76.772,0.29,2.67,-48.03,-135.09,-71.63,-149.01,100.000,5.000,5.060,0.06,2.00,5.000,5.060,0.5,1,1,5,5,1,3,5,5,1,3,69E3,?,TR,GDA94,MSL,GRS80,B,DEG,m,m,m,um,m,m,um,m,m,m,m,um,m,m,um,99999,99999,ELN,W98,99999,ELN,DFA,AUSGEOID98,GRS80,99999,99999,31-DEC-99,31-DEC-99,Comment is null
196953,1969534627.00,5908266,137.535594,-29.951335,107.010,114.532,7.522,9792849.77,107.010,114.532,0.32,2.67,1.24,-128.63,-22.02,-141.77,100.000,5.000,5.060,0.06,2.00,5.000,5.060,0.5,1,0,5,5,1,3,5,5,1,3,69E3,?,TR,GDA94,MSL,GRS80,B,DEG,m,m,m,um,m,m,um,m,m,m,m,um,m,m,um,99999,99999,ELN,W98,99999,ELN,DFA,AUSGEOID98,GRS80,99999,99999,31-DEC-99,31-DEC-99,Comment is null
196953,1969534628.00,4642517,137.611193,-29.943634,104.090,111.784,7.694,9792808.35,104.090,111.784,0.35,2.67,-42.64,-169.40,-66.44,-182.92,100.000,5.000,5.060,0.06,2.00,5.000,5.060,0.5,1,1,5,5,1,3,5,5,1,3,69E3,?,TR,GDA94,MSL,GRS80,B,DEG,m,m,m,um,m,m,um,m,m,m,m,um,m,m,um,99999,99999,ELN,W98,99999,ELN,DFA,AUSGEOID98,GRS80,99999,99999,31-DEC-99,31-DEC-99,Comment is null
196953,1969534629.00,4642518,137.674592,-29.942733,150.680,158.520,7.840,9792691.09,150.680,158.520,1.81,2.67,-15.00,-194.73,-39.21,-207.82,100.000,5.000,5.060,0.06,2.00,5.000,5.060,0.5,1,1,5,5,1,3,5,5,1,3,69E3,?,TR,GDA94,MSL,GRS80,B,DEG,m,m,m,um,m,m,um,m,m,m,m,um,m,m,um,99999,99999,ELN,W98,99999,ELN,DFA,AUSGEOID98,GRS80,99999,99999,31-DEC-99,31-DEC-99,Comment is null
196953,1969534630.00,5409321,137.666591,-29.890733,167.230,175.119,7.889,9792544.41,167.230,175.119,1.74,2.67,-69.86,-268.40,-94.21,-281.34,100.000,5.000,5.060,0.06,2.00,5.000,5.060,0.5,1,1,5,5,1,3,5,5,1,3,69E3,?,TR,GDA94,MSL,GRS80,B,DEG,m,m,m,um,m,m,um,m,m,m,m,um,m,m,um,99999,99999,ELN,W98,99999,ELN,DFA,AUSGEOID98,GRS80,99999,99999,31-DEC-99,31-DEC-99,Comment is null
196953,1969534631.00,4642519,137.612592,-29.889334,103.840,111.605,7.765,9792739.21,103.840,111.605,0.71,2.67,-69.93,-196.49,-93.95,-210.15,100.000,5.000,5.060,0.06,2.00,5.000,5.060,0.5,1,1,5,5,1,3,5,5,1,3,69E3,?,TR,GDA94,MSL,GRS80,B,DEG,m,m,m,um,m,m,um,m,m,m,m,um,m,m,um,99999,99999,ELN,W98,99999,ELN,DFA,AUSGEOID98,GRS80,99999,99999,31-DEC-99,31-DEC-99,Comment is null
196953,1969534632.00,4642520,137.629191,-29.831933,128.890,136.750,7.860,9792572.82,128.890,136.750,0.49,2.67,-113.97,-269.02,-138.26,-282.49,100.000,5.000,5.060,0.06,2.00,5.000,5.060,0.5,1,1,5,5,1,3,5,5,1,3,69E3,?,TR,GDA94,MSL,GRS80,B,DEG,m,m,m,um,m,m,um,m,m,m,m,um,m,m,um,99999,99999,ELN,W98,99999,ELN,DFA,AUSGEOID98,GRS80,99999,99999,31-DEC-99,31-DEC-99,Comment is null
196953,1969534633.00,5409104,137.611790,-29.773733,103.780,111.622,7.842,9792651.77,103.780,111.622,0.55,2.67,-67.22,-193.80,-91.48,-207.61,100.000,5.000,5.060,0.06,2.00,5.000,5.060,0.5,1,1,5,5,1,3,5,5,1,3,69E3,?,TR,GDA94,MSL,GRS80,B,DEG,m,m,m,um,m,m,um,m,m,m,m,um,m,m,um,99999,99999,ELN,W98,99999,ELN,DFA,AUSGEOID98,GRS80,99999,99999,31-DEC-99,31-DEC-99,Comment is null
196953,1969534634.00,5880238,137.675490,-29.776133,88.570,96.576,8.006,9792717.40,88.570,96.576,0.32,2.67,-49.88,-159.40,-74.66,-173.77,100.000,5.000,5.060,0.06,2.00,5.000,5.060,0.5,1,1,5,5,1,3,5,5,1,3,69E3,?,TR,GDA94,MSL,GRS80,B,DEG,m,m,m,um,m,m,um,m,m,m,m,um,m,m,um,99999,99999,ELN,W98,99999,ELN,DFA,AUSGEOID98,GRS80,99999,99999,31-DEC-99,31-DEC-99,Comment is null
196953,1969534635.00,5719704,137.684490,-29.826833,114.420,122.420,8.000,9792675.38,114.420,122.420,0.43,2.67,-51.66,-190.47,-76.39,-204.43,100.000,5.000,5.060,0.06,2.00,5.000,5.060,0.5,1,1,5,5,1,3,5,5,1,3,69E3,?,TR,GDA94,MSL,GRS80,B,DEG,m,m,m,um,m,m,um,m,m,m,m,um,m,m,um,99999,99999,ELN,W98,99999,ELN,DFA,AUSGEOID98,GRS80,99999,99999,31-DEC-99,31-DEC-99,Comment is null
196953,1969534636.00,5746207,137.748689,-29.811532,116.710,124.882,8.172,9792631.46,116.710,124.882,0.56,2.67,-76.06,-217.66,-101.32,-231.92,100.000,5.000,5.060,0.06,2.00,5.000,5.060,0.5,1,1,5,5,1,3,5,5,1,3,69E3,?,TR,GDA94,MSL,GRS80,B,DEG,m,m,m,um,m,m,um,m,m,m,m,um,m,m,um,99999,99999,ELN,W98,99999,ELN,DFA,AUSGEOID98,GRS80,99999,99999,31-DEC-99,31-DEC-99,Comment is null
196953,1969534637.00,4642521,137.729390,-29.873832,148.060,156.116,8.056,9792584.43,148.060,156.116,0.68,2.67,-75.28,-252.29,-100.17,-265.85,100.000,5.000,5.060,0.06,2.00,5.000,5.060,0.5,1,1,5,5,1,3,5,5,1,3,69E3,?,TR,GDA94,MSL,GRS80,B,DEG,m,m,m,um,m,m,um,m,m,m,m,um,m,m,um,99999,99999,ELN,W98,99999,ELN,DFA,AUSGEOID98,GRS80,99999,99999,31-DEC-99,31-DEC-99,Comment is null
196953,1969534638.00,4642522,137.739791,-29.949533,186.020,193.993,7.973,9792459.56,186.020,193.993,0.91,2.67,-142.39,-362.31,-166.99,-375.14,100.000,5.000,5.060,0.06,2.00,5.000,5.060,0.5,1,1,5,5,1,3,5,5,1,3,69E3,?,TR,GDA94,MSL,GRS80,B,DEG,m,m,m,um,m,m,um,m,m,m,m,um,m,m,um,99999,99999,ELN,W98,99999,ELN,DFA,AUSGEOID98,GRS80,99999,99999,31-DEC-99,31-DEC-99,Comment is null
196953,1969534639.00,5408827,137.809891,-29.951832,154.470,162.605,8.135,9792664.27,154.470,162.605,0.28,2.67,-36.32,-220.67,-61.44,-234.29,100.000,5.000,5.060,0.06,2.00,5.000,5.060,0.5,1,1,5,5,1,3,5,5,1,3,69E3,?,TR,GDA94,MSL,GRS80,B,DEG,m,m,m,um,m,m,um,m,m,m,m,um,m,m,um,99999,99999,ELN,W98,99999,ELN,DFA,AUSGEOID98,GRS80,99999,99999,31-DEC-99,31-DEC-99,Comment is null
196953,1969534640.00,4642523,137.877689,-29.922731,146.390,154.731,8.341,9792624.15,146.390,154.731,0.64,2.67,-78.00,-253.44,-103.77,-267.57,100.000,5.000,5.060,0.06,2.00,5.000,5.060,0.5,1,1,5,5,1,3,5,5,1,3,69E3,?,TR,GDA94,MSL,GRS80,B,DEG,m,m,m,um,m,m,um,m,m,m,m,um,m,m,um,99999,99999,ELN,W98,99999,ELN,DFA,AUSGEOID98,GRS80,99999,99999,31-DEC-99,31-DEC-99,Comment is null
196953,1969534641.00,4642524,137.807390,-29.878932,191.140,199.379,8.239,9792521.60,191.140,199.379,0.63,2.67,-8.61,-234.64,-34.03,-247.91,100.000,5.000,5.060,0.06,2.00,5.000,5.060,0.5,1,1,5,5,1,3,5,5,1,3,69E3,?,TR,GDA94,MSL,GRS80,B,DEG,m,m,m,um,m,m,um,m,m,m,m,um,m,m,um,99999,99999,ELN,W98,99999,ELN,DFA,AUSGEOID98,GRS80,99999,99999,31-DEC-99,31-DEC-99,Comment is null
196953,1969534642.00,4642525,137.807789,-29.818631,157.090,165.394,8.304,9792547.31,157.090,165.394,1.15,2.67,-40.74,-228.25,-66.38,-242.16,100.000,5.000,5.060,0.06,2.00,5.000,5.060,0.5,1,1,5,5,1,3,5,5,1,3,69E3,?,TR,GDA94,MSL,GRS80,B,DEG,m,m,m,um,m,m,um,m,m,m,m,um,m,m,um,99999,99999,ELN,W98,99999,ELN,DFA,AUSGEOID98,GRS80,99999,99999,31-DEC-99,31-DEC-99,Comment is null
196953,1969534643.00,4642526,137.799488,-29.767431,104.670,112.994,8.324,9792600.94,104.670,112.994,0.89,2.67,-108.91,-237.04,-134.66,-251.78,100.000,5.000,5.060,0.06,2.00,5.000,5.060,0.5,1,1,5,5,1,3,5,5,1,3,69E3,?,TR,GDA94,MSL,GRS80,B,DEG,m,m,m,um,m,m,um,m,m,m,m,um,m,m,um,99999,99999,ELN,W98,99999,ELN,DFA,AUSGEOID98,GRS80,99999,99999,31-DEC-99,31-DEC-99,Comment is null
196953,1969534644.00,5970320,137.746089,-29.763532,87.780,95.968,8.188,9792668.57,87.780,95.968,0.37,2.67,-90.77,-199.60,-116.11,-214.34,100.000,5.000,5.060,0.06,2.00,5.000,5.060,0.5,1,1,5,5,1,3,5,5,1,3,69E3,?,TR,GDA94,MSL,GRS80,B,DEG,m,m,m,um,m,m,um,m,m,m,m,um,m,m,um,99999,99999,ELN,W98,99999,ELN,DFA,AUSGEOID98,GRS80,99999,99999,31-DEC-99,31-DEC-99,Comment is null
196953,1969534645.00,4642527,137.655189,-29.703633,70.440,78.485,8.045,9792679.68,70.440,78.485,0.37,2.67,-87.02,-176.02,-111.93,-190.75,100.000,5.000,5.060,0.06,2.00,5.000,5.060,0.5,1,1,5,5,1,3,5,5,1,3,69E3,?,TR,GDA94,MSL,GRS80,B,DEG,m,m,m,um,m,m,um,m,m,m,m,um,m,m,um,99999,99999,ELN,W98,99999,ELN,DFA,AUSGEOID98,GRS80,99999,99999,31-DEC-99,31-DEC-99,Comment is null
196953,1969534701.00,4642528,137.950985,-29.639829,51.880,60.906,9.026,9792716.50,51.880,60.906,0.18,2.67,-54.87,-123.95,-82.83,-140.88,100.000,5.000,5.060,0.06,2.00,5.000,5.060,0.5,1,1,5,5,1,3,5,5,1,3,BM1703 69E3,?,TR,GDA94,MSL,GRS80,B,DEG,m,m,m,um,m,m,um,m,m,m,m,um,m,m,um,99999,99999,ELN,W98,99999,ELN,DFA,AUSGEOID98,GRS80,99999,99999,31-DEC-99,31-DEC-99,Comment is null
196953,1969534702.00,5848264,137.876087,-29.718130,83.110,91.699,8.589,9792543.41,83.110,91.699,0.25,2.67,-193.79,-297.78,-220.37,-313.37,100.000,5.000,5.060,0.06,2.00,5.000,5.060,0.5,1,1,5,5,1,3,5,5,1,3,69E3,?,TR,GDA94,MSL,GRS80,B,DEG,m,m,m,um,m,m,um,m,m,m,m,um,m,m,um,99999,99999,ELN,W98,99999,ELN,DFA,AUSGEOID98,GRS80,99999,99999,31-DEC-99,31-DEC-99,Comment is null
196953,1969534707.00,4642531,137.951983,-29.471729,27.420,36.903,9.483,9792784.54,27.420,36.903,0.10,2.67,69.38,27.52,39.98,9.30,100.000,5.000,5.060,0.06,2.00,5.000,5.060,0.5,1,1,5,5,1,3,5,5,1,3,69E3,?,TR,GDA94,MSL,GRS80,B,DEG,m,m,m,um,m,m,um,m,m,m,m,um,m,m,um,99999,99999,ELN,W98,99999,ELN,DFA,AUSGEOID98,GRS80,99999,99999,31-DEC-99,31-DEC-99,Comment is null
196953,1969534708.00,4642532,137.946984,-29.533929,60.610,69.921,9.311,9792735.81,60.610,69.921,0.15,2.67,74.38,-4.92,45.55,-22.27,100.000,5.000,5.060,0.06,2.00,5.000,5.060,0.5,1,1,5,5,1,3,5,5,1,3,69E3,?,TR,GDA94,MSL,GRS80,B,DEG,m,m,m,um,m,m,um,m,m,m,m,um,m,m,um,99999,99999,ELN,W98,99999,ELN,DFA,AUSGEOID98,GRS80,99999,99999,31-DEC-99,31-DEC-99,Comment is null
196953,1969534709.00,4642533,137.954784,-29.593129,42.950,52.121,9.171,9792774.03,42.950,52.121,0.11,2.67,11.79,-47.32,-16.62,-64.69,100.000,5.000,5.060,0.06,2.00,5.000,5.060,0.5,1,1,5,5,1,3,5,5,1,3,69E3,?,TR,GDA94,MSL,GRS80,B,DEG,m,m,m,um,m,m,um,m,m,m,m,um,m,m,um,99999,99999,ELN,W98,99999,ELN,DFA,AUSGEOID98,GRS80,99999,99999,31-DEC-99,31-DEC-99,Comment is null
196953,1969534710.00,4642534,137.881086,-29.639230,57.000,65.782,8.782,9792643.46,57.000,65.782,0.13,2.67,-112.40,-187.00,-139.60,-203.38,100.000,5.000,5.060,0.06,2.00,5.000,5.060,0.5,1,1,5,5,1,3,5,5,1,3,BM1705 69E3,?,TR,GDA94,MSL,GRS80,B,DEG,m,m,m,um,m,m,um,m,m,m,m,um,m,m,um,99999,99999,ELN,W98,99999,ELN,DFA,AUSGEOID98,GRS80,99999,99999,31-DEC-99,31-DEC-99,Comment is null
196953,1969534711.00,5786912,137.946486,-29.713930,95.730,104.553,8.823,9792573.52,95.730,104.553,0.26,2.67,-120.75,-239.31,-148.04,-255.16,100.000,5.000,5.060,0.06,2.00,5.000,5.060,0.5,1,1,5,5,1,3,5,5,1,3,69E3,?,TR,GDA94,MSL,GRS80,B,DEG,m,m,m,um,m,m,um,m,m,m,m,um,m,m,um,99999,99999,ELN,W98,99999,ELN,DFA,AUSGEOID98,GRS80,99999,99999,31-DEC-99,31-DEC-99,Comment is null
196953,1969534713.00,5943814,137.941087,-29.777630,126.800,135.482,8.682,9792512.59,126.800,135.482,0.78,2.67,-135.81,-289.43,-162.64,-304.53,100.000,5.000,5.060,0.06,2.00,5.000,5.060,0.5,1,1,5,5,1,3,5,5,1,3,69E3,?,TR,GDA94,MSL,GRS80,B,DEG,m,m,m,um,m,m,um,m,m,m,m,um,m,m,um,99999,99999,ELN,W98,99999,ELN,DFA,AUSGEOID98,GRS80,99999,99999,31-DEC-99,31-DEC-99,Comment is null
196953,1969534716.00,4642536,137.952087,-29.819230,146.230,154.897,8.667,9792480.28,146.230,154.897,0.90,2.67,-140.63,-316.25,-167.40,-331.03,100.000,5.000,5.060,0.06,2.00,5.000,5.060,0.5,1,1,5,5,1,3,5,5,1,3,69E3,?,TR,GDA94,MSL,GRS80,B,DEG,m,m,m,um,m,m,um,m,m,m,m,um,m,m,um,99999,99999,ELN,W98,99999,ELN,DFA,AUSGEOID98,GRS80,99999,99999,31-DEC-99,31-DEC-99,Comment is null
196953,1969534717.00,5410149,137.943488,-29.879830,148.960,157.519,8.559,9792556.62,148.960,157.519,0.91,2.67,-103.45,-282.04,-129.88,-296.57,100.000,5.000,5.060,0.06,2.00,5.000,5.060,0.5,1,1,5,5,1,3,5,5,1,3,69E3,?,TR,GDA94,MSL,GRS80,B,DEG,m,m,m,um,m,m,um,m,m,m,m,um,m,m,um,99999,99999,ELN,W98,99999,ELN,DFA,AUSGEOID98,GRS80,99999,99999,31-DEC-99,31-DEC-99,Comment is null
196953,1969534720.00,4642537,137.951889,-29.939131,163.100,171.593,8.493,9792553.51,163.100,171.593,0.45,2.67,-109.42,-303.96,-135.64,-318.15,100.000,5.000,5.060,0.06,2.00,5.000,5.060,0.5,1,1,5,5,1,3,5,5,1,3,69E3,?,TR,GDA94,MSL,GRS80,B,DEG,m,m,m,um,m,m,um,m,m,m,m,um,m,m,um,99999,99999,ELN,W98,99999,ELN,DFA,AUSGEOID98,GRS80,99999,99999,31-DEC-99,31-DEC-99,Comment is null
196953,1969534721.00,4642538,137.883089,-29.884931,148.060,156.466,8.406,9792603.94,148.060,156.466,0.83,2.67,-63.35,-240.75,-89.32,-254.99,100.000,5.000,5.060,0.06,2.00,5.000,5.060,0.5,1,1,5,5,1,3,5,5,1,3,69E3,?,TR,GDA94,MSL,GRS80,B,DEG,m,m,m,um,m,m,um,m,m,m,m,um,m,m,um,99999,99999,ELN,W98,99999,ELN,DFA,AUSGEOID98,GRS80,99999,99999,31-DEC-99,31-DEC-99,Comment is null
196953,1969534722.00,5719705,137.891788,-29.827731,109.610,118.103,8.493,9792610.34,109.610,118.103,0.48,2.67,-130.71,-264.63,-156.97,-279.62,100.000,5.000,5.060,0.06,2.00,5.000,5.060,0.5,1,1,5,5,1,3,5,5,1,3,69E3,?,TR,GDA94,MSL,GRS80,B,DEG,m,m,m,um,m,m,um,m,m,m,m,um,m,m,um,99999,99999,ELN,W98,99999,ELN,DFA,AUSGEOID98,GRS80,99999,99999,31-DEC-99,31-DEC-99,Comment is null
196953,1969534723.00,4642539,137.872888,-29.774631,93.630,102.127,8.497,9792572.62,93.630,102.127,0.56,2.67,-176.36,-292.17,-202.65,-307.42,100.000,5.000,5.060,0.06,2.00,5.000,5.060,0.5,1,1,5,5,1,3,5,5,1,3,69E3,?,TR,GDA94,MSL,GRS80,B,DEG,m,m,m,um,m,m,um,m,m,m,m,um,m,m,um,99999,99999,ELN,W98,99999,ELN,DFA,AUSGEOID98,GRS80,99999,99999,31-DEC-99,31-DEC-99,Comment is null
196953,1969534801.00,4642540,137.910180,-29.240628,13.250,23.070,9.820,9792673.98,13.250,23.070,0.05,2.67,94.48,68.31,64.03,49.20,100.000,5.000,5.060,0.06,2.00,5.000,5.060,0.5,1,1,5,5,1,3,5,5,1,3,69E3,?,TR,GDA94,MSL,GRS80,B,DEG,m,m,m,um,m,m,um,m,m,m,m,um,m,m,um,99999,99999,ELN,W98,99999,ELN,DFA,AUSGEOID98,GRS80,99999,99999,31-DEC-99,31-DEC-99,Comment is null
196953,1969534802.00,4642541,137.947079,-29.167028,10.060,20.077,10.017,9792631.96,10.060,20.077,0.04,2.67,99.83,77.06,68.77,57.51,100.000,5.000,5.060,0.06,2.00,5.000,5.060,0.5,1,1,5,5,1,3,5,5,1,3,69E3,?,TR,GDA94,MSL,GRS80,B,DEG,m,m,m,um,m,m,um,m,m,m,m,um,m,m,um,99999,99999,ELN,W98,99999,ELN,DFA,AUSGEOID98,GRS80,99999,99999,31-DEC-99,31-DEC-99,Comment is null
196953,1969534804.00,5688416,137.997878,-29.111827,-5.780,4.415,10.195,9792600.94,-5.780,4.415,0.07,2.67,62.89,57.88,31.26,37.73,100.000,5.000,5.060,0.06,2.00,5.000,5.060,0.5,1,1,5,5,1,3,5,5,1,3,69E3,?,TR,GDA94,MSL,GRS80,B,DEG,m,m,m,um,m,m,um,m,m,m,m,um,m,m,um,99999,99999,ELN,W98,99999,ELN,DFA,AUSGEOID98,GRS80,99999,99999,31-DEC-99,31-DEC-99,Comment is null
196953,1969534805.00,4642542,137.944478,-29.105827,-7.120,2.968,10.088,9792617.35,-7.120,2.968,0.06,2.67,79.44,76.07,48.14,56.11,100.000,5.000,5.060,0.06,2.00,5.000,5.060,0.5,1,1,5,5,1,3,5,5,1,3,69E3,?,TR,GDA94,MSL,GRS80,B,DEG,m,m,m,um,m,m,um,m,m,m,m,um,m,m,um,99999,99999,ELN,W98,99999,ELN,DFA,AUSGEOID98,GRS80,99999,99999,31-DEC-99,31-DEC-99,Comment is null
196953,1969534806.00,5852979,137.932178,-29.072327,-8.810,1.290,10.100,9792603.04,-8.810,1.290,0.08,2.67,85.66,84.19,54.32,64.18,100.000,5.000,5.060,0.06,2.00,5.000,5.060,0.5,1,1,5,5,1,3,5,5,1,3,69E3,?,TR,GDA94,MSL,GRS80,B,DEG,m,m,m,um,m,m,um,m,m,m,m,um,m,m,um,99999,99999,ELN,W98,99999,ELN,DFA,AUSGEOID98,GRS80,99999,99999,31-DEC-99,31-DEC-99,Comment is null
196953,1969534808.00,4642544,137.979877,-29.020227,-6.970,3.274,10.244,9792537.51,-6.970,3.274,0.10,2.67,66.18,62.47,34.40,42.20,100.000,5.000,5.060,0.06,2.00,5.000,5.060,0.5,1,1,5,5,1,3,5,5,1,3,69E3,?,TR,GDA94,MSL,GRS80,B,DEG,m,m,m,um,m,m,um,m,m,m,m,um,m,m,um,99999,99999,ELN,W98,99999,ELN,DFA,AUSGEOID98,GRS80,99999,99999,31-DEC-99,31-DEC-99,Comment is null
196953,1969534809.00,4642545,137.924978,-29.013527,-8.310,1.822,10.132,9792546.21,-8.310,1.822,0.30,2.67,75.54,73.47,44.10,53.40,100.000,5.000,5.060,0.06,2.00,5.000,5.060,0.5,1,1,5,5,1,3,5,5,1,3,69E3,?,TR,GDA94,MSL,GRS80,B,DEG,m,m,m,um,m,m,um,m,m,m,m,um,m,m,um,99999,99999,ELN,W98,99999,ELN,DFA,AUSGEOID98,GRS80,99999,99999,31-DEC-99,31-DEC-99,Comment is null
196953,1969534810.00,5262827,137.866578,-29.007128,-9.480,0.528,10.008,9792554.61,-9.480,0.528,0.14,2.67,84.85,84.25,53.80,64.41,100.000,5.000,5.060,0.06,2.00,5.000,5.060,0.5,1,1,5,5,1,3,5,5,1,3,69E3,?,TR,GDA94,MSL,GRS80,B,DEG,m,m,m,um,m,m,um,m,m,m,m,um,m,m,um,99999,99999,ELN,W98,99999,ELN,DFA,AUSGEOID98,GRS80,99999,99999,31-DEC-99,31-DEC-99,Comment is null
196953,1969534811.00,4642546,137.795479,-29.022529,-11.000,-1.167,9.833,9792571.92,-11.000,-1.167,0.07,2.67,85.13,86.46,54.62,66.93,100.000,5.000,5.060,0.06,2.00,5.000,5.060,0.5,1,1,5,5,1,3,5,5,1,3,69E3,?,TR,GDA94,MSL,GRS80,B,DEG,m,m,m,um,m,m,um,m,m,m,m,um,m,m,um,99999,99999,ELN,W98,99999,ELN,DFA,AUSGEOID98,GRS80,99999,99999,31-DEC-99,31-DEC-99,Comment is null
196953,1969534812.00,4642547,137.870579,-29.066328,-9.810,0.157,9.967,9792593.24,-9.810,0.157,0.09,2.67,76.96,76.78,46.03,57.01,100.000,5.000,5.060,0.06,2.00,5.000,5.060,0.5,1,1,5,5,1,3,5,5,1,3,69E3,?,TR,GDA94,MSL,GRS80,B,DEG,m,m,m,um,m,m,um,m,m,m,m,um,m,m,um,99999,99999,ELN,W98,99999,ELN,DFA,AUSGEOID98,GRS80,99999,99999,31-DEC-99,31-DEC-99,Comment is null
196953,1969534813.00,4642548,137.893379,-29.119828,-7.560,2.394,9.954,9792629.65,-7.560,2.394,0.05,2.67,79.23,76.51,48.34,56.80,100.000,5.000,5.060,0.06,2.00,5.000,5.060,0.5,1,1,5,5,1,3,5,5,1,3,69E3,?,TR,GDA94,MSL,GRS80,B,DEG,m,m,m,um,m,m,um,m,m,m,m,um,m,m,um,99999,99999,ELN,W98,99999,ELN,DFA,AUSGEOID98,GRS80,99999,99999,31-DEC-99,31-DEC-99,Comment is null
196953,1969534814.00,4642549,137.886280,-29.177228,-4.750,5.107,9.857,9792664.67,-4.750,5.107,0.06,2.67,78.52,72.72,47.94,53.25,100.000,5.000,5.060,0.06,2.00,5.000,5.060,0.5,1,1,5,5,1,3,5,5,1,3,69E3,?,TR,GDA94,MSL,GRS80,B,DEG,m,m,m,um,m,m,um,m,m,m,m,um,m,m,um,99999,99999,ELN,W98,99999,ELN,DFA,AUSGEOID98,GRS80,99999,99999,31-DEC-99,31-DEC-99,Comment is null
196953,1969534818.00,5740406,137.932681,-29.293928,14.250,24.040,9.790,9792719.00,14.250,24.040,0.05,2.67,101.44,74.17,71.09,55.14,100.000,5.000,5.060,0.06,2.00,5.000,5.060,0.5,1,1,5,5,1,3,5,5,1,3,69E3,?,TR,GDA94,MSL,GRS80,B,DEG,m,m,m,um,m,m,um,m,m,m,m,um,m,m,um,99999,99999,ELN,W98,99999,ELN,DFA,AUSGEOID98,GRS80,99999,99999,31-DEC-99,31-DEC-99,Comment is null
196953,1969534819.00,5746208,137.936282,-29.357128,24.160,33.851,9.691,9792739.01,24.160,33.851,0.05,2.67,102.98,64.59,72.94,45.91,100.000,5.000,5.060,0.06,2.00,5.000,5.060,0.5,1,1,5,5,1,3,5,5,1,3,69E3,?,TR,GDA94,MSL,GRS80,B,DEG,m,m,m,um,m,m,um,m,m,m,m,um,m,m,um,99999,99999,ELN,W98,99999,ELN,DFA,AUSGEOID98,GRS80,99999,99999,31-DEC-99,31-DEC-99,Comment is null
196953,1969534822.00,4642552,137.938882,-29.419129,46.180,55.752,9.572,9792733.81,46.180,55.752,0.15,2.67,117.48,54.25,87.83,36.15,100.000,5.000,5.060,0.06,2.00,5.000,5.060,0.5,1,1,5,5,1,3,5,5,1,3,69E3,?,TR,GDA94,MSL,GRS80,B,DEG,m,m,m,um,m,m,um,m,m,m,m,um,m,m,um,99999,99999,ELN,W98,99999,ELN,DFA,AUSGEOID98,GRS80,99999,99999,31-DEC-99,31-DEC-99,Comment is null
196953,1969534823.00,5408340,137.866483,-29.429229,21.460,30.768,9.308,9792768.83,21.460,30.768,0.11,2.67,67.60,32.70,38.74,14.73,100.000,5.000,5.060,0.06,2.00,5.000,5.060,0.5,1,1,5,5,1,3,5,5,1,3,69E3,?,TR,GDA94,MSL,GRS80,B,DEG,m,m,m,um,m,m,um,m,m,m,m,um,m,m,um,99999,99999,ELN,W98,99999,ELN,DFA,AUSGEOID98,GRS80,99999,99999,31-DEC-99,31-DEC-99,Comment is null
196953,1969534824.00,4642553,137.861582,-29.346229,17.760,27.247,9.487,9792743.31,17.760,27.247,0.05,2.67,95.32,64.41,65.90,46.03,100.000,5.000,5.060,0.06,2.00,5.000,5.060,0.5,1,1,5,5,1,3,5,5,1,3,69E3,?,TR,GDA94,MSL,GRS80,B,DEG,m,m,m,um,m,m,um,m,m,m,m,um,m,m,um,99999,99999,ELN,W98,99999,ELN,DFA,AUSGEOID98,GRS80,99999,99999,31-DEC-99,31-DEC-99,Comment is null
196953,1969534825.00,4642554,137.867881,-29.284129,11.860,21.487,9.627,9792711.30,11.860,21.487,0.06,2.67,93.41,69.04,63.56,50.28,100.000,5.000,5.060,0.06,2.00,5.000,5.060,0.5,1,1,5,5,1,3,5,5,1,3,69E3,?,TR,GDA94,MSL,GRS80,B,DEG,m,m,m,um,m,m,um,m,m,m,m,um,m,m,um,99999,99999,ELN,W98,99999,ELN,DFA,AUSGEOID98,GRS80,99999,99999,31-DEC-99,31-DEC-99,Comment is null
196953,1969534826.00,5408828,137.857681,-29.247429,7.770,17.438,9.668,9792689.49,7.770,17.438,0.03,2.67,87.37,67.59,57.39,48.69,100.000,5.000,5.060,0.06,2.00,5.000,5.060,0.5,1,1,5,5,1,3,5,5,1,3,69E3,?,TR,GDA94,MSL,GRS80,B,DEG,m,m,m,um,m,m,um,m,m,m,m,um,m,m,um,99999,99999,ELN,W98,99999,ELN,DFA,AUSGEOID98,GRS80,99999,99999,31-DEC-99,31-DEC-99,Comment is null
196953,1969534901.00,4642555,137.690381,-29.108530,-3.900,5.563,9.463,9792616.25,-3.900,5.563,0.15,2.67,84.27,77.96,54.90,59.27,100.000,5.000,5.060,0.06,2.00,5.000,5.060,0.5,1,1,5,5,1,3,5,5,1,3,69E3,?,TR,GDA94,MSL,GRS80,B,DEG,m,m,m,um,m,m,um,m,m,m,m,um,m,m,um,99999,99999,ELN,W98,99999,ELN,DFA,AUSGEOID98,GRS80,99999,99999,31-DEC-99,31-DEC-99,Comment is null
196953,1969534902.00,5880239,137.727981,-29.127030,-10.730,-1.203,9.527,9792618.95,-10.730,-1.203,0.07,2.67,51.89,53.26,22.32,34.33,100.000,5.000,5.060,0.06,2.00,5.000,5.060,0.5,1,1,5,5,1,3,5,5,1,3,69E3,?,TR,GDA94,MSL,GRS80,B,DEG,m,m,m,um,m,m,um,m,m,m,m,um,m,m,um,99999,99999,ELN,W98,99999,ELN,DFA,AUSGEOID98,GRS80,99999,99999,31-DEC-99,31-DEC-99,Comment is null
196953,1969534903.00,4642556,137.797880,-29.123829,-3.040,6.671,9.711,9792611.24,-3.040,6.671,0.03,2.67,70.94,63.38,40.81,44.21,100.000,5.000,5.060,0.06,2.00,5.000,5.060,0.5,1,1,5,5,1,3,5,5,1,3,69E3,?,TR,GDA94,MSL,GRS80,B,DEG,m,m,m,um,m,m,um,m,m,m,m,um,m,m,um,99999,99999,ELN,W98,99999,ELN,DFA,AUSGEOID98,GRS80,99999,99999,31-DEC-99,31-DEC-99,Comment is null
196953,1969534904.00,4642557,137.803181,-29.173829,-1.490,8.156,9.646,9792625.55,-1.490,8.156,0.03,2.67,51.42,42.17,21.49,23.16,100.000,5.000,5.060,0.06,2.00,5.000,5.060,0.5,1,1,5,5,1,3,5,5,1,3,69E3,?,TR,GDA94,MSL,GRS80,B,DEG,m,m,m,um,m,m,um,m,m,m,m,um,m,m,um,99999,99999,ELN,W98,99999,ELN,DFA,AUSGEOID98,GRS80,99999,99999,31-DEC-99,31-DEC-99,Comment is null
196953,1969534905.00,4642558,137.803582,-29.239429,-0.510,9.019,9.529,9792722.00,-0.510,9.019,0.04,2.67,100.07,89.84,70.50,71.08,100.000,5.000,5.060,0.06,2.00,5.000,5.060,0.5,1,1,5,5,1,3,5,5,1,3,69E3,?,TR,GDA94,MSL,GRS80,B,DEG,m,m,m,um,m,m,um,m,m,m,m,um,m,m,um,99999,99999,ELN,W98,99999,ELN,DFA,AUSGEOID98,GRS80,99999,99999,31-DEC-99,31-DEC-99,Comment is null
196953,1969534906.00,5710497,137.803682,-29.291829,-2.260,7.149,9.409,9792742.71,-2.260,7.149,0.07,2.67,74.65,66.54,45.46,47.98,100.000,5.000,5.060,0.06,2.00,5.000,5.060,0.5,1,1,5,5,1,3,5,5,1,3,69E3,?,TR,GDA94,MSL,GRS80,B,DEG,m,m,m,um,m,m,um,m,m,m,m,um,m,m,um,99999,99999,ELN,W98,99999,ELN,DFA,AUSGEOID98,GRS80,99999,99999,31-DEC-99,31-DEC-99,Comment is null
196953,1969534907.00,4642559,137.801083,-29.357630,3.340,12.594,9.254,9792762.42,3.340,12.594,0.07,2.67,60.42,46.13,31.71,27.97,100.000,5.000,5.060,0.06,2.00,5.000,5.060,0.5,1,1,5,5,1,3,5,5,1,3,69E3,?,TR,GDA94,MSL,GRS80,B,DEG,m,m,m,um,m,m,um,m,m,m,m,um,m,m,um,99999,99999,ELN,W98,99999,ELN,DFA,AUSGEOID98,GRS80,99999,99999,31-DEC-99,31-DEC-99,Comment is null
196953,1969534908.00,4642560,137.809484,-29.412930,8.230,17.375,9.145,9792760.42,8.230,17.375,0.12,2.67,30.47,10.76,2.10,-7.11,100.000,5.000,5.060,0.06,2.00,5.000,5.060,0.5,1,1,5,5,1,3,5,5,1,3,69E3,?,TR,GDA94,MSL,GRS80,B,DEG,m,m,m,um,m,m,um,m,m,m,m,um,m,m,um,99999,99999,ELN,W98,99999,ELN,DFA,AUSGEOID98,GRS80,99999,99999,31-DEC-99,31-DEC-99,Comment is null
196953,1969534909.00,4642561,137.792784,-29.456430,18.160,27.119,8.959,9792726.01,18.160,27.119,0.08,2.67,-7.51,-38.27,-35.30,-55.62,100.000,5.000,5.060,0.06,2.00,5.000,5.060,0.5,1,1,5,5,1,3,5,5,1,3,69E3,?,TR,GDA94,MSL,GRS80,B,DEG,m,m,m,um,m,m,um,m,m,m,m,um,m,m,um,99999,99999,ELN,W98,99999,ELN,DFA,AUSGEOID98,GRS80,99999,99999,31-DEC-99,31-DEC-99,Comment is null
196953,1969534910.00,4642562,137.742485,-29.472331,12.880,21.600,8.720,9792707.70,12.880,21.600,0.12,2.67,-55.15,-79.65,-82.20,-96.61,100.000,5.000,5.060,0.06,2.00,5.000,5.060,0.5,1,1,5,5,1,3,5,5,1,3,69E3,?,TR,GDA94,MSL,GRS80,B,DEG,m,m,m,um,m,m,um,m,m,m,m,um,m,m,um,99999,99999,ELN,W98,99999,ELN,DFA,AUSGEOID98,GRS80,99999,99999,31-DEC-99,31-DEC-99,Comment is null
196953,1969534911.00,5681800,137.743485,-29.425031,9.170,18.028,8.858,9792717.20,9.170,18.028,0.07,2.67,-20.09,-40.54,-47.57,-57.84,100.000,5.000,5.060,0.06,2.00,5.000,5.060,0.5,1,1,5,5,1,3,5,5,1,3,69E3,?,TR,GDA94,MSL,GRS80,B,DEG,m,m,m,um,m,m,um,m,m,m,m,um,m,m,um,99999,99999,ELN,W98,99999,ELN,DFA,AUSGEOID98,GRS80,99999,99999,31-DEC-99,31-DEC-99,Comment is null
196953,1969534912.00,4642563,137.733584,-29.371230,3.540,12.504,8.964,9792690.19,3.540,12.504,0.07,2.67,-22.60,-36.78,-50.41,-54.37,100.000,5.000,5.060,0.06,2.00,5.000,5.060,0.5,1,1,5,5,1,3,5,5,1,3,69E3,?,TR,GDA94,MSL,GRS80,B,DEG,m,m,m,um,m,m,um,m,m,m,m,um,m,m,um,99999,99999,ELN,W98,99999,ELN,DFA,AUSGEOID98,GRS80,99999,99999,31-DEC-99,31-DEC-99,Comment is null
196953,1969534913.00,4642564,137.744283,-29.282330,-8.870,0.364,9.234,9792717.20,-8.870,0.364,0.06,2.67,35.52,35.11,6.86,16.78,100.000,5.000,5.060,0.06,2.00,5.000,5.060,0.5,1,1,5,5,1,3,5,5,1,3,69E3,?,TR,GDA94,MSL,GRS80,B,DEG,m,m,m,um,m,m,um,m,m,m,m,um,m,m,um,99999,99999,ELN,W98,99999,ELN,DFA,AUSGEOID98,GRS80,99999,99999,31-DEC-99,31-DEC-99,Comment is null
196953,1969534914.00,4642565,137.732482,-29.237630,-5.690,3.622,9.312,9792699.19,-5.690,3.622,0.05,2.67,61.99,57.88,33.09,39.46,100.000,5.000,5.060,0.06,2.00,5.000,5.060,0.5,1,1,5,5,1,3,5,5,1,3,69E3,?,TR,GDA94,MSL,GRS80,B,DEG,m,m,m,um,m,m,um,m,m,m,m,um,m,m,um,99999,99999,ELN,W98,99999,ELN,DFA,AUSGEOID98,GRS80,99999,99999,31-DEC-99,31-DEC-99,Comment is null
196953,1969534915.00,5971369,137.734082,-29.175530,-4.110,5.343,9.453,9792670.78,-4.110,5.343,0.04,2.67,86.65,80.59,57.32,61.92,100.000,5.000,5.060,0.06,2.00,5.000,5.060,0.5,1,1,5,5,1,3,5,5,1,3,69E3,?,TR,GDA94,MSL,GRS80,B,DEG,m,m,m,um,m,m,um,m,m,m,m,um,m,m,um,99999,99999,ELN,W98,99999,ELN,DFA,AUSGEOID98,GRS80,99999,99999,31-DEC-99,31-DEC-99,Comment is null
196953,1969534916.00,5809392,137.668581,-29.064630,0.330,9.814,9.484,9792568.72,0.330,9.814,0.03,2.67,83.55,72.41,54.12,53.75,100.000,5.000,5.060,0.06,2.00,5.000,5.060,0.5,1,1,5,5,1,3,5,5,1,3,69E3,?,TR,GDA94,MSL,GRS80,B,DEG,m,m,m,um,m,m,um,m,m,m,m,um,m,m,um,99999,99999,ELN,W98,99999,ELN,DFA,AUSGEOID98,GRS80,99999,99999,31-DEC-99,31-DEC-99,Comment is null
196953,1969534917.00,4642566,137.727180,-29.062229,-7.770,1.859,9.629,9792562.52,-7.770,1.859,0.13,2.67,54.64,52.53,24.75,33.45,100.000,5.000,5.060,0.06,2.00,5.000,5.060,0.5,1,1,5,5,1,3,5,5,1,3,69E3,?,TR,GDA94,MSL,GRS80,B,DEG,m,m,m,um,m,m,um,m,m,m,m,um,m,m,um,99999,99999,ELN,W98,99999,ELN,DFA,AUSGEOID98,GRS80,99999,99999,31-DEC-99,31-DEC-99,Comment is null
196953,1969534918.00,5409322,137.805079,-29.062729,-6.770,3.048,9.818,9792588.23,-6.770,3.048,0.07,2.67,83.64,80.18,53.17,60.75,100.000,5.000,5.060,0.06,2.00,5.000,5.060,0.5,1,1,5,5,1,3,5,5,1,3,69E3,?,TR,GDA94,MSL,GRS80,B,DEG,m,m,m,um,m,m,um,m,m,m,m,um,m,m,um,99999,99999,ELN,W98,99999,ELN,DFA,AUSGEOID98,GRS80,99999,99999,31-DEC-99,31-DEC-99,Comment is null
196953,1969534919.00,4642567,137.727780,-29.011929,-11.760,-2.072,9.688,9792566.42,-11.760,-2.072,0.11,2.67,84.96,87.31,54.89,68.05,100.000,5.000,5.060,0.06,2.00,5.000,5.060,0.5,1,1,5,5,1,3,5,5,1,3,69E3,?,TR,GDA94,MSL,GRS80,B,DEG,m,m,m,um,m,m,um,m,m,m,m,um,m,m,um,99999,99999,ELN,W98,99999,ELN,DFA,AUSGEOID98,GRS80,99999,99999,31-DEC-99,31-DEC-99,Comment is null
196953,1969534920.00,5914220,137.667680,-29.011130,-14.190,-4.642,9.548,9792618.25,-14.190,-4.642,0.04,2.67,129.47,134.73,99.83,115.71,100.000,5.000,5.060,0.06,2.00,5.000,5.060,0.5,1,1,5,5,1,3,5,5,1,3,69E3,?,TR,GDA94,MSL,GRS80,B,DEG,m,m,m,um,m,m,um,m,m,m,m,um,m,m,um,99999,99999,ELN,W98,99999,ELN,DFA,AUSGEOID98,GRS80,99999,99999,31-DEC-99,31-DEC-99,Comment is null
196953,1969534921.00,5786913,137.595281,-29.013130,-6.310,3.063,9.373,9792550.01,-6.310,3.063,0.03,2.67,83.48,80.00,54.38,61.44,100.000,5.000,5.060,0.06,2.00,5.000,5.060,0.5,1,1,5,5,1,3,5,5,1,3,69E3,?,TR,GDA94,MSL,GRS80,B,DEG,m,m,m,um,m,m,um,m,m,m,m,um,m,m,um,99999,99999,ELN,W98,99999,ELN,DFA,AUSGEOID98,GRS80,99999,99999,31-DEC-99,31-DEC-99,Comment is null
196953,1969534922.00,5410150,137.543281,-29.003931,-13.470,-4.204,9.266,9792555.52,-13.470,-4.204,0.09,2.67,73.60,78.37,44.83,59.90,100.000,5.000,5.060,0.06,2.00,5.000,5.060,0.5,1,1,5,5,1,3,5,5,1,3,69E3,?,TR,GDA94,MSL,GRS80,B,DEG,m,m,m,um,m,m,um,m,m,m,m,um,m,m,um,99999,99999,ELN,W98,99999,ELN,DFA,AUSGEOID98,GRS80,99999,99999,31-DEC-99,31-DEC-99,Comment is null
196953,1969534923.00,5908268,137.528882,-29.065931,10.420,19.549,9.129,9792514.39,10.420,19.549,0.08,2.67,58.26,36.08,29.94,18.28,100.000,5.000,5.060,0.06,2.00,5.000,5.060,0.5,1,1,5,5,1,3,5,5,1,3,69E3,?,TR,GDA94,MSL,GRS80,B,DEG,m,m,m,um,m,m,um,m,m,m,m,um,m,m,um,99999,99999,ELN,W98,99999,ELN,DFA,AUSGEOID98,GRS80,99999,99999,31-DEC-99,31-DEC-99,Comment is null
196953,1969534924.00,5848265,137.610381,-29.063231,-6.860,2.480,9.340,9792569.22,-6.860,2.480,0.19,2.67,62.49,59.67,33.50,41.17,100.000,5.000,5.060,0.06,2.00,5.000,5.060,0.5,1,1,5,5,1,3,5,5,1,3,69E3,?,TR,GDA94,MSL,GRS80,B,DEG,m,m,m,um,m,m,um,m,m,m,m,um,m,m,um,99999,99999,ELN,W98,99999,ELN,DFA,AUSGEOID98,GRS80,99999,99999,31-DEC-99,31-DEC-99,Comment is null
196953,1969534929.00,5924048,137.596782,-29.123531,-14.320,-5.134,9.186,9792638.96,-14.320,-5.134,0.08,2.67,62.46,68.28,33.94,49.96,100.000,5.000,5.060,0.06,2.00,5.000,5.060,0.5,1,1,5,5,1,3,5,5,1,3,69E3,?,TR,GDA94,MSL,GRS80,B,DEG,m,m,m,um,m,m,um,m,m,m,m,um,m,m,um,99999,99999,ELN,W98,99999,ELN,DFA,AUSGEOID98,GRS80,99999,99999,31-DEC-99,31-DEC-99,Comment is null
196953,1969534930.00,5724207,137.523883,-29.120732,-4.050,4.942,8.992,9792647.16,-4.050,4.942,0.40,2.67,103.90,98.30,75.99,80.52,100.000,5.000,5.060,0.06,2.00,5.000,5.060,0.5,1,1,5,5,1,3,5,5,1,3,69E3,?,TR,GDA94,MSL,GRS80,B,DEG,m,m,m,um,m,m,um,m,m,m,m,um,m,m,um,99999,99999,ELN,W98,99999,ELN,DFA,AUSGEOID98,GRS80,99999,99999,31-DEC-99,31-DEC-99,Comment is null
196953,1969534931.00,4642568,137.482684,-29.182032,-9.010,-0.327,8.683,9792598.94,-9.010,-0.327,0.10,2.67,-7.68,-7.31,-34.64,-24.56,100.000,5.000,5.060,0.06,2.00,5.000,5.060,0.5,1,1,5,5,1,3,5,5,1,3,69E3,?,TR,GDA94,MSL,GRS80,B,DEG,m,m,m,um,m,m,um,m,m,m,m,um,m,m,um,99999,99999,ELN,W98,99999,ELN,DFA,AUSGEOID98,GRS80,99999,99999,31-DEC-99,31-DEC-99,Comment is null
196953,1969534932.00,4642569,137.477585,-29.216332,-9.010,-0.461,8.549,9792540.01,-9.010,-0.461,0.30,2.67,-93.40,-92.88,-119.95,-109.87,100.000,5.000,5.060,0.06,2.00,5.000,5.060,0.5,1,1,5,5,1,3,5,5,1,3,69E3,?,TR,GDA94,MSL,GRS80,B,DEG,m,m,m,um,m,m,um,m,m,m,m,um,m,m,um,99999,99999,ELN,W98,99999,ELN,DFA,AUSGEOID98,GRS80,99999,99999,31-DEC-99,31-DEC-99,Comment is null
196953,1969534933.00,4642570,137.482486,-29.281233,-12.310,-3.996,8.314,9792497.78,-12.310,-3.996,0.05,2.67,-196.50,-191.97,-222.33,-208.56,100.000,5.000,5.060,0.06,2.00,5.000,5.060,0.5,1,1,5,5,1,3,5,5,1,3,69E3,?,TR,GDA94,MSL,GRS80,B,DEG,m,m,m,um,m,m,um,m,m,m,m,um,m,m,um,99999,99999,ELN,W98,99999,ELN,DFA,AUSGEOID98,GRS80,99999,99999,31-DEC-99,31-DEC-99,Comment is null
196953,1969534934.00,4642571,137.480286,-29.335533,-9.540,-1.371,8.169,9792548.91,-9.540,-1.371,0.07,2.67,-179.14,-177.58,-204.51,-193.84,100.000,5.000,5.060,0.06,2.00,5.000,5.060,0.5,1,1,5,5,1,3,5,5,1,3,69E3,?,TR,GDA94,MSL,GRS80,B,DEG,m,m,m,um,m,m,um,m,m,m,m,um,m,m,um,99999,99999,ELN,W98,99999,ELN,DFA,AUSGEOID98,GRS80,99999,99999,31-DEC-99,31-DEC-99,Comment is null
196953,1969534935.00,5408508,137.474987,-29.405633,-1.890,6.078,7.968,9792547.31,-1.890,6.078,0.12,2.67,-211.87,-218.76,-236.61,-234.50,100.000,5.000,5.060,0.06,2.00,5.000,5.060,0.5,1,1,5,5,1,3,5,5,1,3,69E3,?,TR,GDA94,MSL,GRS80,B,DEG,m,m,m,um,m,m,um,m,m,m,m,um,m,m,um,99999,99999,ELN,W98,99999,ELN,DFA,AUSGEOID98,GRS80,99999,99999,31-DEC-99,31-DEC-99,Comment is null
196953,1969534936.00,5409784,137.487188,-29.475233,-3.310,4.545,7.855,9792632.86,-3.310,4.545,0.17,2.67,-184.86,-190.01,-209.26,-205.55,100.000,5.000,5.060,0.06,2.00,5.000,5.060,0.5,1,1,5,5,1,3,5,5,1,3,69E3,?,TR,GDA94,MSL,GRS80,B,DEG,m,m,m,um,m,m,um,m,m,m,m,um,m,m,um,99999,99999,ELN,W98,99999,ELN,DFA,AUSGEOID98,GRS80,99999,99999,31-DEC-99,31-DEC-99,Comment is null
196953,1969534937.00,4642572,137.540886,-29.405632,0.510,8.681,8.171,9792540.31,0.510,8.681,0.13,2.67,-210.84,-220.68,-236.21,-236.78,100.000,5.000,5.060,0.06,2.00,5.000,5.060,0.5,1,1,5,5,1,3,5,5,1,3,69E3,?,TR,GDA94,MSL,GRS80,B,DEG,m,m,m,um,m,m,um,m,m,m,m,um,m,m,um,99999,99999,ELN,W98,99999,ELN,DFA,AUSGEOID98,GRS80,99999,99999,31-DEC-99,31-DEC-99,Comment is null
196953,1969534938.00,5733268,137.544186,-29.362232,-10.610,-2.317,8.293,9792539.21,-10.610,-2.317,0.09,2.67,-212.36,-209.73,-238.12,-226.25,100.000,5.000,5.060,0.06,2.00,5.000,5.060,0.5,1,1,5,5,1,3,5,5,1,3,69E3,?,TR,GDA94,MSL,GRS80,B,DEG,m,m,m,um,m,m,um,m,m,m,m,um,m,m,um,99999,99999,ELN,W98,99999,ELN,DFA,AUSGEOID98,GRS80,99999,99999,31-DEC-99,31-DEC-99,Comment is null
196953,1969534939.00,4642573,137.546085,-29.292032,-11.510,-3.005,8.505,9792599.44,-11.510,-3.005,0.05,2.67,-100.11,-96.70,-126.53,-113.65,100.000,5.000,5.060,0.06,2.00,5.000,5.060,0.5,1,1,5,5,1,3,5,5,1,3,69E3,?,TR,GDA94,MSL,GRS80,B,DEG,m,m,m,um,m,m,um,m,m,m,m,um,m,m,um,99999,99999,ELN,W98,99999,ELN,DFA,AUSGEOID98,GRS80,99999,99999,31-DEC-99,31-DEC-99,Comment is null
196953,1969534940.00,4642574,137.546084,-29.234432,-10.670,-1.959,8.711,9792642.66,-10.670,-1.959,0.04,2.67,-9.30,-7.08,-36.35,-24.41,100.000,5.000,5.060,0.06,2.00,5.000,5.060,0.5,1,1,5,5,1,3,5,5,1,3,69E3,?,TR,GDA94,MSL,GRS80,B,DEG,m,m,m,um,m,m,um,m,m,m,m,um,m,m,um,99999,99999,ELN,W98,99999,ELN,DFA,AUSGEOID98,GRS80,99999,99999,31-DEC-99,31-DEC-99,Comment is null
196953,1969534941.00,4642575,137.545984,-29.176332,-8.770,0.131,8.901,9792643.96,-8.770,0.131,0.21,2.67,43.14,42.99,15.51,25.32,100.000,5.000,5.060,0.06,2.00,5.000,5.060,0.5,1,1,5,5,1,3,5,5,1,3,69E3,?,TR,GDA94,MSL,GRS80,B,DEG,m,m,m,um,m,m,um,m,m,m,m,um,m,m,um,99999,99999,ELN,W98,99999,ELN,DFA,AUSGEOID98,GRS80,99999,99999,31-DEC-99,31-DEC-99,Comment is null
196953,1969534942.00,4642576,137.612483,-29.173631,-13.230,-4.121,9.109,9792664.67,-13.230,-4.121,0.12,2.67,52.81,57.48,24.53,39.33,100.000,5.000,5.060,0.06,2.00,5.000,5.060,0.5,1,1,5,5,1,3,5,5,1,3,69E3,?,TR,GDA94,MSL,GRS80,B,DEG,m,m,m,um,m,m,um,m,m,m,m,um,m,m,um,99999,99999,ELN,W98,99999,ELN,DFA,AUSGEOID98,GRS80,99999,99999,31-DEC-99,31-DEC-99,Comment is null
196953,1969534943.00,4642577,137.599884,-29.232131,-12.760,-3.859,8.901,9792676.48,-12.760,-3.859,0.04,2.67,20.43,24.80,-7.21,7.07,100.000,5.000,5.060,0.06,2.00,5.000,5.060,0.5,1,1,5,5,1,3,5,5,1,3,69E3,?,TR,GDA94,MSL,GRS80,B,DEG,m,m,m,um,m,m,um,m,m,m,m,um,m,m,um,99999,99999,ELN,W98,99999,ELN,DFA,AUSGEOID98,GRS80,99999,99999,31-DEC-99,31-DEC-99,Comment is null
196953,1969534944.00,5735753,137.601285,-29.308132,-12.430,-3.795,8.635,9792622.55,-12.430,-3.795,0.06,2.67,-91.85,-87.54,-118.67,-104.76,100.000,5.000,5.060,0.06,2.00,5.000,5.060,0.5,1,1,5,5,1,3,5,5,1,3,69E3,?,TR,GDA94,MSL,GRS80,B,DEG,m,m,m,um,m,m,um,m,m,m,m,um,m,m,um,99999,99999,ELN,W98,99999,ELN,DFA,AUSGEOID98,GRS80,99999,99999,31-DEC-99,31-DEC-99,Comment is null
196953,1969534945.00,4642578,137.594685,-29.349432,-8.720,-0.217,8.503,9792570.12,-8.720,-0.217,0.06,2.67,-165.09,-164.84,-191.49,-181.74,100.000,5.000,5.060,0.06,2.00,5.000,5.060,0.5,1,1,5,5,1,3,5,5,1,3,69E3,?,TR,GDA94,MSL,GRS80,B,DEG,m,m,m,um,m,m,um,m,m,m,m,um,m,m,um,99999,99999,ELN,W98,99999,ELN,DFA,AUSGEOID98,GRS80,99999,99999,31-DEC-99,31-DEC-99,Comment is null
196953,1969534946.00,4642579,137.615386,-29.405632,4.710,13.128,8.418,9792525.70,4.710,13.128,0.09,2.67,-211.72,-226.61,-237.85,-243.12,100.000,5.000,5.060,0.06,2.00,5.000,5.060,0.5,1,1,5,5,1,3,5,5,1,3,69E3,?,TR,GDA94,MSL,GRS80,B,DEG,m,m,m,um,m,m,um,m,m,m,m,um,m,m,um,99999,99999,ELN,W98,99999,ELN,DFA,AUSGEOID98,GRS80,99999,99999,31-DEC-99,31-DEC-99,Comment is null
196953,1969534947.00,5409323,137.553987,-29.473133,23.990,32.058,8.068,9792573.92,23.990,32.058,0.12,2.67,-157.27,-193.63,-182.30,-209.15,100.000,5.000,5.060,0.06,2.00,5.000,5.060,0.5,1,1,5,5,1,3,5,5,1,3,69E3,?,TR,GDA94,MSL,GRS80,B,DEG,m,m,m,um,m,m,um,m,m,m,m,um,m,m,um,99999,99999,ELN,W98,99999,ELN,DFA,AUSGEOID98,GRS80,99999,99999,31-DEC-99,31-DEC-99,Comment is null
196953,1969534948.00,5914223,137.611786,-29.464832,22.490,30.757,8.267,9792568.42,22.490,30.757,0.11,2.67,-160.37,-195.25,-186.01,-211.18,100.000,5.000,5.060,0.06,2.00,5.000,5.060,0.5,1,1,5,5,1,3,5,5,1,3,69E3,?,TR,GDA94,MSL,GRS80,B,DEG,m,m,m,um,m,m,um,m,m,m,m,um,m,m,um,99999,99999,ELN,W98,99999,ELN,DFA,AUSGEOID98,GRS80,99999,99999,31-DEC-99,31-DEC-99,Comment is null
196953,1969534949.00,4642580,137.676886,-29.466831,3.540,12.026,8.486,9792577.63,3.540,12.026,0.10,2.67,-210.50,-224.15,-236.84,-240.81,100.000,5.000,5.060,0.06,2.00,5.000,5.060,0.5,1,1,5,5,1,3,5,5,1,3,69E3,?,TR,GDA94,MSL,GRS80,B,DEG,m,m,m,um,m,m,um,m,m,m,m,um,m,m,um,99999,99999,ELN,W98,99999,ELN,DFA,AUSGEOID98,GRS80,99999,99999,31-DEC-99,31-DEC-99,Comment is null
196953,1969534950.00,4642581,137.668385,-29.417131,-6.830,1.752,8.582,9792594.24,-6.830,1.752,0.09,2.67,-187.17,-189.16,-213.82,-206.18,100.000,5.000,5.060,0.06,2.00,5.000,5.060,0.5,1,1,5,5,1,3,5,5,1,3,69E3,?,TR,GDA94,MSL,GRS80,B,DEG,m,m,m,um,m,m,um,m,m,m,m,um,m,m,um,99999,99999,ELN,W98,99999,ELN,DFA,AUSGEOID98,GRS80,99999,99999,31-DEC-99,31-DEC-99,Comment is null
196953,1969534951.00,4642582,137.667284,-29.352731,-8.990,-0.233,8.757,9792634.66,-8.990,-0.233,0.06,2.67,-103.15,-102.88,-130.34,-120.28,100.000,5.000,5.060,0.06,2.00,5.000,5.060,0.5,1,1,5,5,1,3,5,5,1,3,69E3,?,TR,GDA94,MSL,GRS80,B,DEG,m,m,m,um,m,m,um,m,m,m,m,um,m,m,um,99999,99999,ELN,W98,99999,ELN,DFA,AUSGEOID98,GRS80,99999,99999,31-DEC-99,31-DEC-99,Comment is null
196953,1969534952.00,5880240,137.651084,-29.308231,-16.000,-7.174,8.826,9792654.67,-16.000,-7.174,0.06,2.67,-70.23,-62.10,-97.64,-79.74,100.000,5.000,5.060,0.06,2.00,5.000,5.060,0.5,1,1,5,5,1,3,5,5,1,3,69E3,?,TR,GDA94,MSL,GRS80,B,DEG,m,m,m,um,m,m,um,m,m,m,m,um,m,m,um,99999,99999,ELN,W98,99999,ELN,DFA,AUSGEOID98,GRS80,99999,99999,31-DEC-99,31-DEC-99,Comment is null
196953,1969534953.00,4642583,137.681283,-29.232530,-16.510,-7.351,9.159,9792690.59,-16.510,-7.351,0.05,2.67,23.45,31.79,-4.99,13.49,100.000,5.000,5.060,0.06,2.00,5.000,5.060,0.5,1,1,5,5,1,3,5,5,1,3,69E3,?,TR,GDA94,MSL,GRS80,B,DEG,m,m,m,um,m,m,um,m,m,m,m,um,m,m,um,99999,99999,ELN,W98,99999,ELN,DFA,AUSGEOID98,GRS80,99999,99999,31-DEC-99,31-DEC-99,Comment is null
196953,1969534954.00,4642584,137.674582,-29.181030,-13.410,-4.140,9.270,9792678.78,-13.410,-4.140,0.04,2.67,61.17,65.87,32.39,47.40,100.000,5.000,5.060,0.06,2.00,5.000,5.060,0.5,1,1,5,5,1,3,5,5,1,3,69E3,?,TR,GDA94,MSL,GRS80,B,DEG,m,m,m,um,m,m,um,m,m,m,m,um,m,m,um,99999,99999,ELN,W98,99999,ELN,DFA,AUSGEOID98,GRS80,99999,99999,31-DEC-99,31-DEC-99,Comment is null
196953,1969535002.00,5765306,137.394884,-29.113833,5.930,14.571,8.641,9792487.98,5.930,14.571,0.05,2.67,-20.27,-36.80,-47.09,-53.73,100.000,5.000,5.060,0.06,2.00,5.000,5.060,0.5,1,1,5,5,1,3,5,5,1,3,69E3,?,TR,GDA94,MSL,GRS80,B,DEG,m,m,m,um,m,m,um,m,m,m,m,um,m,m,um,99999,99999,ELN,W98,99999,ELN,DFA,AUSGEOID98,GRS80,99999,99999,31-DEC-99,31-DEC-99,Comment is null
196953,1969535003.00,4642586,137.416383,-29.056032,6.400,15.257,8.857,9792523.20,6.400,15.257,0.05,2.67,61.41,44.10,33.92,26.76,100.000,5.000,5.060,0.06,2.00,5.000,5.060,0.5,1,1,5,5,1,3,5,5,1,3,69E3,?,TR,GDA94,MSL,GRS80,B,DEG,m,m,m,um,m,m,um,m,m,m,m,um,m,m,um,99999,99999,ELN,W98,99999,ELN,DFA,AUSGEOID98,GRS80,99999,99999,31-DEC-99,31-DEC-99,Comment is null
196953,1969535004.00,4642587,137.415983,-29.004832,11.800,20.765,8.965,9792494.78,11.800,20.765,0.06,2.67,89.22,65.67,61.41,48.20,100.000,5.000,5.060,0.06,2.00,5.000,5.060,0.5,1,1,5,5,1,3,5,5,1,3,69E3,?,TR,GDA94,MSL,GRS80,B,DEG,m,m,m,um,m,m,um,m,m,m,m,um,m,m,um,99999,99999,ELN,W98,99999,ELN,DFA,AUSGEOID98,GRS80,99999,99999,31-DEC-99,31-DEC-99,Comment is null
196953,1969535005.00,4642588,137.489282,-29.001231,-13.000,-3.854,9.146,9792556.42,-13.000,-3.854,0.26,2.67,77.65,82.02,49.25,63.80,100.000,5.000,5.060,0.06,2.00,5.000,5.060,0.5,1,1,5,5,1,3,5,5,1,3,69E3,?,TR,GDA94,MSL,GRS80,B,DEG,m,m,m,um,m,m,um,m,m,m,m,um,m,m,um,99999,99999,ELN,W98,99999,ELN,DFA,AUSGEOID98,GRS80,99999,99999,31-DEC-99,31-DEC-99,Comment is null
196953,1969535006.00,4642589,137.472183,-29.057432,14.870,23.872,9.002,9792527.60,14.870,23.872,0.08,2.67,91.32,64.24,63.39,46.76,100.000,5.000,5.060,0.06,2.00,5.000,5.060,0.5,1,1,5,5,1,3,5,5,1,3,69E3,?,TR,GDA94,MSL,GRS80,B,DEG,m,m,m,um,m,m,um,m,m,m,m,um,m,m,um,99999,99999,ELN,W98,99999,ELN,DFA,AUSGEOID98,GRS80,99999,99999,31-DEC-99,31-DEC-99,Comment is null
196953,1969535007.00,5409481,137.478084,-29.118332,14.320,23.186,8.866,9792558.02,14.320,23.186,0.09,2.67,72.89,46.60,45.39,29.36,100.000,5.000,5.060,0.06,2.00,5.000,5.060,0.5,1,1,5,5,1,3,5,5,1,3,69E3,?,TR,GDA94,MSL,GRS80,B,DEG,m,m,m,um,m,m,um,m,m,m,m,um,m,m,um,99999,99999,ELN,W98,99999,ELN,DFA,AUSGEOID98,GRS80,99999,99999,31-DEC-99,31-DEC-99,Comment is null
196953,1969535008.00,5991241,137.413785,-29.180133,18.960,27.443,8.483,9792464.77,18.960,27.443,0.16,2.67,-54.70,-85.83,-81.02,-102.24,100.000,5.000,5.060,0.06,2.00,5.000,5.060,0.5,1,1,5,5,1,3,5,5,1,3,69E3,?,TR,GDA94,MSL,GRS80,B,DEG,m,m,m,um,m,m,um,m,m,m,m,um,m,m,um,99999,99999,ELN,W98,99999,ELN,DFA,AUSGEOID98,GRS80,99999,99999,31-DEC-99,31-DEC-99,Comment is null
196953,1969535009.00,5701243,137.340785,-29.118033,19.600,28.081,8.481,9792460.26,19.600,28.081,0.10,2.67,-9.52,-41.37,-35.84,-57.77,100.000,5.000,5.060,0.06,2.00,5.000,5.060,0.5,1,1,5,5,1,3,5,5,1,3,69E3,?,TR,GDA94,MSL,GRS80,B,DEG,m,m,m,um,m,m,um,m,m,m,m,um,m,m,um,99999,99999,ELN,W98,99999,ELN,DFA,AUSGEOID98,GRS80,99999,99999,31-DEC-99,31-DEC-99,Comment is null
196953,1969535010.00,4642590,137.336984,-29.066833,-7.370,1.250,8.620,9792539.11,-7.370,1.250,0.16,2.67,25.81,24.40,-0.95,7.29,100.000,5.000,5.060,0.06,2.00,5.000,5.060,0.5,1,1,5,5,1,3,5,5,1,3,69E3,?,TR,GDA94,MSL,GRS80,B,DEG,m,m,m,um,m,m,um,m,m,m,m,um,m,m,um,99999,99999,ELN,W98,99999,ELN,DFA,AUSGEOID98,GRS80,99999,99999,31-DEC-99,31-DEC-99,Comment is null
196953,1969535011.00,4642591,137.289185,-29.059634,-9.110,-0.593,8.517,9792537.31,-9.110,-0.593,0.36,2.67,23.85,24.52,-2.61,7.59,100.000,5.000,5.060,0.06,2.00,5.000,5.060,0.5,1,1,5,5,1,3,5,5,1,3,69E3,?,TR,GDA94,MSL,GRS80,B,DEG,m,m,m,um,m,m,um,m,m,m,m,um,m,m,um,99999,99999,ELN,W98,99999,ELN,DFA,AUSGEOID98,GRS80,99999,99999,31-DEC-99,31-DEC-99,Comment is null
196953,1969535012.00,5717480,137.337384,-29.008933,-11.610,-2.852,8.758,9792535.70,-11.610,-2.852,0.05,2.67,54.13,57.37,26.93,39.92,100.000,5.000,5.060,0.06,2.00,5.000,5.060,0.5,1,1,5,5,1,3,5,5,1,3,69E3,?,TR,GDA94,MSL,GRS80,B,DEG,m,m,m,um,m,m,um,m,m,m,m,um,m,m,um,99999,99999,ELN,W98,99999,ELN,DFA,AUSGEOID98,GRS80,99999,99999,31-DEC-99,31-DEC-99,Comment is null
196953,1969535013.00,5758265,137.277584,-29.005233,14.930,23.547,8.617,9792450.96,14.930,23.547,0.09,2.67,53.68,26.97,26.94,10.23,100.000,5.000,5.060,0.06,2.00,5.000,5.060,0.5,1,1,5,5,1,3,5,5,1,3,69E3,?,TR,GDA94,MSL,GRS80,B,DEG,m,m,m,um,m,m,um,m,m,m,m,um,m,m,um,99999,99999,ELN,W98,99999,ELN,DFA,AUSGEOID98,GRS80,99999,99999,31-DEC-99,31-DEC-99,Comment is null
196953,1969535014.00,5809393,137.197785,-29.000234,15.180,23.614,8.434,9792430.95,15.180,23.614,0.09,2.67,37.70,10.92,11.53,-5.46,100.000,5.000,5.060,0.06,2.00,5.000,5.060,0.5,1,1,5,5,1,3,5,5,1,3,69E3,?,TR,GDA94,MSL,GRS80,B,DEG,m,m,m,um,m,m,um,m,m,m,m,um,m,m,um,99999,99999,ELN,W98,99999,ELN,DFA,AUSGEOID98,GRS80,99999,99999,31-DEC-99,31-DEC-99,Comment is null
196953,1969535015.00,5786914,137.200086,-29.069134,12.640,20.913,8.273,9792495.48,12.640,20.913,0.12,2.67,41.10,17.38,15.42,1.28,100.000,5.000,5.060,0.06,2.00,5.000,5.060,0.5,1,1,5,5,1,3,5,5,1,3,69E3,?,TR,GDA94,MSL,GRS80,B,DEG,m,m,m,um,m,m,um,m,m,m,m,um,m,m,um,99999,99999,ELN,W98,99999,ELN,DFA,AUSGEOID98,GRS80,99999,99999,31-DEC-99,31-DEC-99,Comment is null
196953,1969535016.00,5848266,137.198887,-29.125835,18.030,26.124,8.094,9792492.28,18.030,26.124,0.06,2.67,10.46,-19.17,-14.66,-34.83,100.000,5.000,5.060,0.06,2.00,5.000,5.060,0.5,1,1,5,5,1,3,5,5,1,3,69E3,?,TR,GDA94,MSL,GRS80,B,DEG,m,m,m,um,m,m,um,m,m,m,m,um,m,m,um,99999,99999,ELN,W98,99999,ELN,DFA,AUSGEOID98,GRS80,99999,99999,31-DEC-99,31-DEC-99,Comment is null
196953,1969535017.00,5699082,137.278486,-29.110334,-5.750,2.594,8.344,9792499.09,-5.750,2.594,0.20,2.67,-43.44,-46.38,-69.35,-62.92,100.000,5.000,5.060,0.06,2.00,5.000,5.060,0.5,1,1,5,5,1,3,5,5,1,3,69E3,?,TR,GDA94,MSL,GRS80,B,DEG,m,m,m,um,m,m,um,m,m,m,m,um,m,m,um,99999,99999,ELN,W98,99999,ELN,DFA,AUSGEOID98,GRS80,99999,99999,31-DEC-99,31-DEC-99,Comment is null
196953,1969535018.00,4642592,137.273087,-29.193834,-1.970,6.081,8.051,9792505.89,-1.970,6.081,0.16,2.67,-90.03,-96.93,-115.04,-112.83,100.000,5.000,5.060,0.06,2.00,5.000,5.060,0.5,1,1,5,5,1,3,5,5,1,3,69E3,?,TR,GDA94,MSL,GRS80,B,DEG,m,m,m,um,m,m,um,m,m,m,m,um,m,m,um,99999,99999,ELN,W98,99999,ELN,DFA,AUSGEOID98,GRS80,99999,99999,31-DEC-99,31-DEC-99,Comment is null
196953,1969535019.00,5981403,137.206487,-29.204635,-3.290,4.544,7.834,9792508.69,-3.290,4.544,0.20,2.67,-100.28,-105.43,-124.62,-120.93,100.000,5.000,5.060,0.06,2.00,5.000,5.060,0.5,1,1,5,5,1,3,5,5,1,3,69E3,?,TR,GDA94,MSL,GRS80,B,DEG,m,m,m,um,m,m,um,m,m,m,m,um,m,m,um,99999,99999,ELN,W98,99999,ELN,DFA,AUSGEOID98,GRS80,99999,99999,31-DEC-99,31-DEC-99,Comment is null
196953,1969535020.00,5312284,137.227588,-29.249935,-3.370,4.345,7.715,9792439.05,-3.370,4.345,0.10,2.67,-205.39,-210.32,-229.36,-225.59,100.000,5.000,5.060,0.06,2.00,5.000,5.060,0.5,1,1,5,5,1,3,5,5,1,3,69E3,?,TR,GDA94,MSL,GRS80,B,DEG,m,m,m,um,m,m,um,m,m,m,m,um,m,m,um,99999,99999,ELN,W98,99999,ELN,DFA,AUSGEOID98,GRS80,99999,99999,31-DEC-99,31-DEC-99,Comment is null
196953,1969535021.00,4642593,137.223589,-29.302235,-6.770,0.754,7.524,9792433.35,-6.770,0.754,0.05,2.67,-262.47,-263.32,-285.85,-278.27,100.000,5.000,5.060,0.06,2.00,5.000,5.060,0.5,1,1,5,5,1,3,5,5,1,3,69E3,?,TR,GDA94,MSL,GRS80,B,DEG,m,m,m,um,m,m,um,m,m,m,m,um,m,m,um,99999,99999,ELN,W98,99999,ELN,DFA,AUSGEOID98,GRS80,99999,99999,31-DEC-99,31-DEC-99,Comment is null
196953,1969535022.00,4642594,137.218489,-29.356735,-7.120,0.277,7.397,9792443.86,-7.120,0.277,0.05,2.67,-295.47,-295.78,-318.46,-310.49,100.000,5.000,5.060,0.06,2.00,5.000,5.060,0.5,1,1,5,5,1,3,5,5,1,3,69E3,?,TR,GDA94,MSL,GRS80,B,DEG,m,m,m,um,m,m,um,m,m,m,m,um,m,m,um,99999,99999,ELN,W98,99999,ELN,DFA,AUSGEOID98,GRS80,99999,99999,31-DEC-99,31-DEC-99,Comment is null
196953,1969535023.00,4642595,137.214990,-29.410136,-9.750,-2.457,7.293,9792450.86,-9.750,-2.457,0.06,2.67,-338.13,-335.35,-360.81,-349.89,100.000,5.000,5.060,0.06,2.00,5.000,5.060,0.5,1,1,5,5,1,3,5,5,1,3,69E3,?,TR,GDA94,MSL,GRS80,B,DEG,m,m,m,um,m,m,um,m,m,m,m,um,m,m,um,99999,99999,ELN,W98,99999,ELN,DFA,AUSGEOID98,GRS80,99999,99999,31-DEC-99,31-DEC-99,Comment is null
196953,1969535024.00,5924049,137.178791,-29.480836,-9.500,-2.327,7.173,9792686.28,-9.500,-2.327,0.17,2.67,-156.97,-154.33,-179.27,-168.64,100.000,5.000,5.060,0.06,2.00,5.000,5.060,0.5,1,0,5,5,1,3,5,5,1,3,BM1721 69E3,?,TR,GDA94,MSL,GRS80,B,DEG,m,m,m,um,m,m,um,m,m,m,m,um,m,m,um,99999,99999,ELN,W98,99999,ELN,DFA,AUSGEOID98,GRS80,99999,99999,31-DEC-99,31-DEC-99,Comment is null
196953,1969535025.00,5908269,137.264790,-29.457835,-7.150,0.162,7.312,9792509.59,-7.150,0.162,0.09,2.67,-308.19,-308.37,-330.92,-322.92,100.000,5.000,5.060,0.06,2.00,5.000,5.060,0.5,1,1,5,5,1,3,5,5,1,3,69E3,?,TR,GDA94,MSL,GRS80,B,DEG,m,m,m,um,m,m,um,m,m,m,m,um,m,m,um,99999,99999,ELN,W98,99999,ELN,DFA,AUSGEOID98,GRS80,99999,99999,31-DEC-99,31-DEC-99,Comment is null
196953,1969535026.00,5408640,137.270489,-29.400235,-6.800,0.621,7.421,9792479.77,-6.800,0.621,0.06,2.67,-292.07,-292.78,-315.14,-307.53,100.000,5.000,5.060,0.06,2.00,5.000,5.060,0.5,1,1,5,5,1,3,5,5,1,3,69E3,?,TR,GDA94,MSL,GRS80,B,DEG,m,m,m,um,m,m,um,m,m,m,m,um,m,m,um,99999,99999,ELN,W98,99999,ELN,DFA,AUSGEOID98,GRS80,99999,99999,31-DEC-99,31-DEC-99,Comment is null
196953,1969535027.00,4642596,137.279689,-29.355335,-7.860,-0.309,7.551,9792487.78,-7.860,-0.309,0.07,2.67,-252.27,-251.92,-275.74,-266.94,100.000,5.000,5.060,0.06,2.00,5.000,5.060,0.5,1,1,5,5,1,3,5,5,1,3,69E3,?,TR,GDA94,MSL,GRS80,B,DEG,m,m,m,um,m,m,um,m,m,m,m,um,m,m,um,99999,99999,ELN,W98,99999,ELN,DFA,AUSGEOID98,GRS80,99999,99999,31-DEC-99,31-DEC-99,Comment is null
196953,1969535028.00,4642597,137.283288,-29.284734,-9.260,-1.508,7.752,9792502.09,-9.260,-1.508,0.05,2.67,-187.22,-185.51,-211.31,-200.95,100.000,5.000,5.060,0.06,2.00,5.000,5.060,0.5,1,1,5,5,1,3,5,5,1,3,69E3,?,TR,GDA94,MSL,GRS80,B,DEG,m,m,m,um,m,m,um,m,m,m,m,um,m,m,um,99999,99999,ELN,W98,99999,ELN,DFA,AUSGEOID98,GRS80,99999,99999,31-DEC-99,31-DEC-99,Comment is null
196953,1969535029.00,5262828,137.289587,-29.228534,-8.190,-0.216,7.974,9792510.49,-8.190,-0.216,0.10,2.67,-131.55,-131.31,-156.33,-147.16,100.000,5.000,5.060,0.06,2.00,5.000,5.060,0.5,1,1,5,5,1,3,5,5,1,3,69E3,?,TR,GDA94,MSL,GRS80,B,DEG,m,m,m,um,m,m,um,m,m,m,m,um,m,m,um,99999,99999,ELN,W98,99999,ELN,DFA,AUSGEOID98,GRS80,99999,99999,31-DEC-99,31-DEC-99,Comment is null
196953,1969535030.00,4642598,137.358987,-29.255234,-6.520,1.547,8.067,9792568.92,-6.520,1.547,0.05,2.67,-88.24,-89.99,-113.30,-106.00,100.000,5.000,5.060,0.06,2.00,5.000,5.060,0.5,1,1,5,5,1,3,5,5,1,3,69E3,?,TR,GDA94,MSL,GRS80,B,DEG,m,m,m,um,m,m,um,m,m,m,m,um,m,m,um,99999,99999,ELN,W98,99999,ELN,DFA,AUSGEOID98,GRS80,99999,99999,31-DEC-99,31-DEC-99,Comment is null
196953,1969535031.00,5675250,137.355387,-29.307334,-7.770,0.118,7.888,9792572.62,-7.770,0.118,0.05,2.67,-129.08,-129.22,-153.59,-144.90,100.000,5.000,5.060,0.06,2.00,5.000,5.060,0.5,1,1,5,5,1,3,5,5,1,3,69E3,?,TR,GDA94,MSL,GRS80,B,DEG,m,m,m,um,m,m,um,m,m,m,m,um,m,m,um,99999,99999,ELN,W98,99999,ELN,DFA,AUSGEOID98,GRS80,99999,99999,31-DEC-99,31-DEC-99,Comment is null
196953,1969535032.00,4642599,137.351688,-29.359434,-11.060,-3.321,7.739,9792552.51,-11.060,-3.321,0.05,2.67,-199.99,-196.23,-224.04,-211.67,100.000,5.000,5.060,0.06,2.00,5.000,5.060,0.5,1,1,5,5,1,3,5,5,1,3,69E3,?,TR,GDA94,MSL,GRS80,B,DEG,m,m,m,um,m,m,um,m,m,m,m,um,m,m,um,99999,99999,ELN,W98,99999,ELN,DFA,AUSGEOID98,GRS80,99999,99999,31-DEC-99,31-DEC-99,Comment is null
196953,1969535033.00,4642600,137.347789,-29.412934,-10.610,-3.020,7.590,9792531.70,-10.610,-3.020,0.07,2.67,-261.19,-257.76,-284.78,-272.91,100.000,5.000,5.060,0.06,2.00,5.000,5.060,0.5,1,1,5,5,1,3,5,5,1,3,69E3,?,TR,GDA94,MSL,GRS80,B,DEG,m,m,m,um,m,m,um,m,m,m,m,um,m,m,um,99999,99999,ELN,W98,99999,ELN,DFA,AUSGEOID98,GRS80,99999,99999,31-DEC-99,31-DEC-99,Comment is null
196953,1969535034.00,5409944,137.344389,-29.464535,-3.400,4.072,7.472,9792524.60,-3.400,4.072,0.08,2.67,-286.30,-290.92,-309.52,-305.71,100.000,5.000,5.060,0.06,2.00,5.000,5.060,0.5,1,1,5,5,1,3,5,5,1,3,69E3,?,TR,GDA94,MSL,GRS80,B,DEG,m,m,m,um,m,m,um,m,m,m,m,um,m,m,um,99999,99999,ELN,W98,99999,ELN,DFA,AUSGEOID98,GRS80,99999,99999,31-DEC-99,31-DEC-99,Comment is null
196953,1969535035.00,5408641,137.410589,-29.472634,-10.140,-2.508,7.632,9792579.13,-10.140,-2.508,0.16,2.67,-258.34,-255.49,-282.06,-270.71,100.000,5.000,5.060,0.06,2.00,5.000,5.060,0.5,1,1,5,5,1,3,5,5,1,3,69E3,?,TR,GDA94,MSL,GRS80,B,DEG,m,m,m,um,m,m,um,m,m,m,m,um,m,m,um,99999,99999,ELN,W98,99999,ELN,DFA,AUSGEOID98,GRS80,99999,99999,31-DEC-99,31-DEC-99,Comment is null
196953,1969535036.00,4642601,137.419488,-29.414334,-12.040,-4.254,7.786,9792588.73,-12.040,-4.254,0.09,2.67,-209.05,-204.22,-233.24,-219.77,100.000,5.000,5.060,0.06,2.00,5.000,5.060,0.5,1,1,5,5,1,3,5,5,1,3,69E3,?,TR,GDA94,MSL,GRS80,B,DEG,m,m,m,um,m,m,um,m,m,m,m,um,m,m,um,99999,99999,ELN,W98,99999,ELN,DFA,AUSGEOID98,GRS80,99999,99999,31-DEC-99,31-DEC-99,Comment is null
196953,1969535037.00,4642602,137.422687,-29.350833,-11.120,-3.159,7.961,9792496.58,-11.120,-3.159,0.06,2.67,-248.79,-245.20,-273.52,-261.08,100.000,5.000,5.060,0.06,2.00,5.000,5.060,0.5,1,1,5,5,1,3,5,5,1,3,69E3,?,TR,GDA94,MSL,GRS80,B,DEG,m,m,m,um,m,m,um,m,m,m,m,um,m,m,um,99999,99999,ELN,W98,99999,ELN,DFA,AUSGEOID98,GRS80,99999,99999,31-DEC-99,31-DEC-99,Comment is null
196953,1969535038.00,4642603,137.425786,-29.286233,-9.360,-1.218,8.142,9792549.21,-9.360,-1.218,0.05,2.67,-140.36,-138.97,-165.65,-155.18,100.000,5.000,5.060,0.06,2.00,5.000,5.060,0.5,1,1,5,5,1,3,5,5,1,3,69E3,?,TR,GDA94,MSL,GRS80,B,DEG,m,m,m,um,m,m,um,m,m,m,m,um,m,m,um,99999,99999,ELN,W98,99999,ELN,DFA,AUSGEOID98,GRS80,99999,99999,31-DEC-99,31-DEC-99,Comment is null
196953,1969535039.00,5981404,137.424585,-29.222233,-8.600,-0.230,8.370,9792505.29,-8.600,-0.230,0.15,2.67,-131.95,-131.69,-157.95,-148.32,100.000,5.000,5.060,0.06,2.00,5.000,5.060,0.5,1,1,5,5,1,3,5,5,1,3,69E3,?,TR,GDA94,MSL,GRS80,B,DEG,m,m,m,um,m,m,um,m,m,m,m,um,m,m,um,99999,99999,ELN,W98,99999,ELN,DFA,AUSGEOID98,GRS80,99999,99999,31-DEC-99,31-DEC-99,Comment is null
196953,1969535080.00,5746209,137.212691,-29.503036,-4.380,2.819,7.199,9792684.68,-4.380,2.819,0.15,2.67,-159.87,-163.07,-182.25,-177.35,100.000,5.000,5.060,0.06,2.00,5.000,5.060,0.5,1,0,5,5,1,3,5,5,1,3,BM1720TIE 69E3,?,TR,GDA94,MSL,GRS80,B,DEG,m,m,m,um,m,m,um,m,m,m,m,um,m,m,um,99999,99999,ELN,W98,99999,ELN,DFA,AUSGEOID98,GRS80,99999,99999,31-DEC-99,31-DEC-99,Comment is null
196953,1969535081.00,4642604,137.210891,-29.463536,-9.110,-1.886,7.224,9792561.72,-9.110,-1.886,0.09,2.67,-266.79,-264.65,-289.25,-279.06,100.000,5.000,5.060,0.06,2.00,5.000,5.060,0.5,1,0,5,5,1,3,5,5,1,3,69E3,?,TR,GDA94,MSL,GRS80,B,DEG,m,m,m,um,m,m,um,m,m,m,m,um,m,m,um,99999,99999,ELN,W98,99999,ELN,DFA,AUSGEOID98,GRS80,99999,99999,31-DEC-99,31-DEC-99,Comment is null
196953,1969535101.00,5892680,137.005190,-29.235437,8.130,15.419,7.289,9792401.83,8.130,15.419,0.05,2.67,-197.28,-214.77,-219.92,-229.02,100.000,5.000,5.060,0.06,2.00,5.000,5.060,0.5,1,0,5,5,1,3,5,5,1,3,69E3,?,TR,GDA94,MSL,GRS80,B,DEG,m,m,m,um,m,m,um,m,m,m,m,um,m,m,um,99999,99999,ELN,W98,99999,ELN,DFA,AUSGEOID98,GRS80,99999,99999,31-DEC-99,31-DEC-99,Comment is null
196953,1969535102.00,5719706,137.072989,-29.175736,16.660,24.258,7.598,9792368.12,16.660,24.258,0.05,2.67,-157.80,-185.31,-181.39,-200.03,100.000,5.000,5.060,0.06,2.00,5.000,5.060,0.5,1,1,5,5,1,3,5,5,1,3,69E3,?,TR,GDA94,MSL,GRS80,B,DEG,m,m,m,um,m,m,um,m,m,m,m,um,m,m,um,99999,99999,ELN,W98,99999,ELN,DFA,AUSGEOID98,GRS80,99999,99999,31-DEC-99,31-DEC-99,Comment is null
196953,1969535103.00,4642605,137.066188,-29.113936,29.840,37.625,7.785,9792374.12,29.840,37.625,0.07,2.67,-63.08,-105.75,-87.23,-120.62,100.000,5.000,5.060,0.06,2.00,5.000,5.060,0.5,1,1,5,5,1,3,5,5,1,3,69E3,?,TR,GDA94,MSL,GRS80,B,DEG,m,m,m,um,m,m,um,m,m,m,m,um,m,m,um,99999,99999,ELN,W98,99999,ELN,DFA,AUSGEOID98,GRS80,99999,99999,31-DEC-99,31-DEC-99,Comment is null
196953,1969535104.00,4642606,137.064987,-29.063236,1.280,9.215,7.935,9792420.44,1.280,9.215,0.12,2.67,-65.51,-75.97,-90.16,-91.59,100.000,5.000,5.060,0.06,2.00,5.000,5.060,0.5,1,1,5,5,1,3,5,5,1,3,69E3,?,TR,GDA94,MSL,GRS80,B,DEG,m,m,m,um,m,m,um,m,m,m,m,um,m,m,um,99999,99999,ELN,W98,99999,ELN,DFA,AUSGEOID98,GRS80,99999,99999,31-DEC-99,31-DEC-99,Comment is null
196953,1969535105.00,4642607,137.064886,-28.999835,-14.190,-6.096,8.094,9792489.98,-14.190,-6.096,0.09,2.67,5.36,12.28,-19.79,-3.91,100.000,5.000,5.060,0.06,2.00,5.000,5.060,0.5,1,1,5,5,1,3,5,5,1,3,69E3,?,TR,GDA94,MSL,GRS80,B,DEG,m,m,m,um,m,m,um,m,m,m,m,um,m,m,um,99999,99999,ELN,W98,99999,ELN,DFA,AUSGEOID98,GRS80,99999,99999,31-DEC-99,31-DEC-99,Comment is null
196953,1969535106.00,4642608,137.130886,-29.006135,1.070,9.322,8.252,9792469.97,1.070,9.322,0.13,2.67,28.10,17.53,2.48,1.28,100.000,5.000,5.060,0.06,2.00,5.000,5.060,0.5,1,1,5,5,1,3,5,5,1,3,69E3,?,TR,GDA94,MSL,GRS80,B,DEG,m,m,m,um,m,m,um,m,m,m,m,um,m,m,um,99999,99999,ELN,W98,99999,ELN,DFA,AUSGEOID98,GRS80,99999,99999,31-DEC-99,31-DEC-99,Comment is null
196953,1969535107.00,5408341,137.131887,-29.068635,37.670,45.769,8.099,9792423.65,37.670,45.769,0.19,2.67,46.34,-5.57,21.22,-20.93,100.000,5.000,5.060,0.06,2.00,5.000,5.060,0.5,1,1,5,5,1,3,5,5,1,3,69E3,?,TR,GDA94,MSL,GRS80,B,DEG,m,m,m,um,m,m,um,m,m,m,m,um,m,m,um,99999,99999,ELN,W98,99999,ELN,DFA,AUSGEOID98,GRS80,99999,99999,31-DEC-99,31-DEC-99,Comment is null
196953,1969535108.00,5263259,137.137687,-29.127235,11.330,19.256,7.926,9792439.55,11.330,19.256,0.07,2.67,-64.53,-86.37,-89.14,-101.82,100.000,5.000,5.060,0.06,2.00,5.000,5.060,0.5,1,1,5,5,1,3,5,5,1,3,69E3,?,TR,GDA94,MSL,GRS80,B,DEG,m,m,m,um,m,m,um,m,m,m,m,um,m,m,um,99999,99999,ELN,W98,99999,ELN,DFA,AUSGEOID98,GRS80,99999,99999,31-DEC-99,31-DEC-99,Comment is null
196953,1969535109.00,4642609,137.134888,-29.174835,7.370,15.123,7.753,9792409.34,7.370,15.123,0.08,2.67,-144.07,-161.23,-168.15,-176.40,100.000,5.000,5.060,0.06,2.00,5.000,5.060,0.5,1,1,5,5,1,3,5,5,1,3,69E3,?,TR,GDA94,MSL,GRS80,B,DEG,m,m,m,um,m,m,um,m,m,m,m,um,m,m,um,99999,99999,ELN,W98,99999,ELN,DFA,AUSGEOID98,GRS80,99999,99999,31-DEC-99,31-DEC-99,Comment is null
196953,1969535110.00,5701244,137.124589,-29.232536,0.550,8.083,7.533,9792405.24,0.550,8.083,0.09,2.67,-214.28,-223.45,-237.69,-238.30,100.000,5.000,5.060,0.06,2.00,5.000,5.060,0.5,1,1,5,5,1,3,5,5,1,3,69E3,?,TR,GDA94,MSL,GRS80,B,DEG,m,m,m,um,m,m,um,m,m,m,m,um,m,m,um,99999,99999,ELN,W98,99999,ELN,DFA,AUSGEOID98,GRS80,99999,99999,31-DEC-99,31-DEC-99,Comment is null
196953,1969535111.00,4642610,137.061889,-29.235936,5.690,13.083,7.393,9792424.75,5.690,13.083,0.07,2.67,-181.96,-196.80,-204.93,-211.29,100.000,5.000,5.060,0.06,2.00,5.000,5.060,0.5,1,0,5,5,1,3,5,5,1,3,69E3,?,TR,GDA94,MSL,GRS80,B,DEG,m,m,m,um,m,m,um,m,m,m,m,um,m,m,um,99999,99999,ELN,W98,99999,ELN,DFA,AUSGEOID98,GRS80,99999,99999,31-DEC-99,31-DEC-99,Comment is null
196953,1969535112.00,4642611,136.993289,-29.173337,28.760,36.192,7.432,9792329.30,28.760,36.192,0.04,2.67,-157.95,-199.00,-181.02,-213.20,100.000,5.000,5.060,0.06,2.00,5.000,5.060,0.5,1,0,5,5,1,3,5,5,1,3,69E3,?,TR,GDA94,MSL,GRS80,B,DEG,m,m,m,um,m,m,um,m,m,m,m,um,m,m,um,99999,99999,ELN,W98,99999,ELN,DFA,AUSGEOID98,GRS80,99999,99999,31-DEC-99,31-DEC-99,Comment is null
196953,1969535113.00,5914217,137.030388,-29.077336,23.230,31.040,7.810,9792365.91,23.230,31.040,0.12,2.67,-63.51,-98.72,-87.75,-113.75,100.000,5.000,5.060,0.06,2.00,5.000,5.060,0.5,1,1,5,5,1,3,5,5,1,3,69E3,?,TR,GDA94,MSL,GRS80,B,DEG,m,m,m,um,m,m,um,m,m,m,m,um,m,m,um,99999,99999,ELN,W98,99999,ELN,DFA,AUSGEOID98,GRS80,99999,99999,31-DEC-99,31-DEC-99,Comment is null
196953,1969535114.00,5681801,136.923789,-29.124437,36.110,43.555,7.445,9792305.88,36.110,43.555,0.06,2.67,-121.08,-170.48,-144.18,-184.58,100.000,5.000,5.060,0.06,2.00,5.000,5.060,0.5,1,0,5,5,1,3,5,5,1,3,69E3,?,TR,GDA94,MSL,GRS80,B,DEG,m,m,m,um,m,m,um,m,m,m,m,um,m,m,um,99999,99999,ELN,W98,99999,ELN,DFA,AUSGEOID98,GRS80,99999,99999,31-DEC-99,31-DEC-99,Comment is null
196953,1969535116.00,4642612,136.998688,-29.034836,15.610,23.451,7.841,9792368.12,15.610,23.451,0.23,2.67,-52.14,-78.74,-76.48,-93.95,100.000,5.000,5.060,0.06,2.00,5.000,5.060,0.5,1,1,5,5,1,3,5,5,1,3,69E3,?,TR,GDA94,MSL,GRS80,B,DEG,m,m,m,um,m,m,um,m,m,m,m,um,m,m,um,99999,99999,ELN,W98,99999,ELN,DFA,AUSGEOID98,GRS80,99999,99999,31-DEC-99,31-DEC-99,Comment is null
196953,1969535117.00,4642613,137.002487,-29.006536,-6.090,1.828,7.918,9792298.28,-6.090,1.828,0.16,2.67,-167.02,-169.09,-191.62,-184.81,100.000,5.000,5.060,0.06,2.00,5.000,5.060,0.5,1,1,5,5,1,3,5,5,1,3,69E3,?,TR,GDA94,MSL,GRS80,B,DEG,m,m,m,um,m,m,um,m,m,m,m,um,m,m,um,99999,99999,ELN,W98,99999,ELN,DFA,AUSGEOID98,GRS80,99999,99999,31-DEC-99,31-DEC-99,Comment is null
196953,1969535118.00,5880241,136.923388,-28.995837,26.330,34.130,7.800,9792297.88,26.330,34.130,0.31,2.67,-59.55,-98.26,-83.76,-113.22,100.000,5.000,5.060,0.06,2.00,5.000,5.060,0.5,1,0,5,5,1,3,5,5,1,3,69E3,?,TR,GDA94,MSL,GRS80,B,DEG,m,m,m,um,m,m,um,m,m,m,m,um,m,m,um,99999,99999,ELN,W98,99999,ELN,DFA,AUSGEOID98,GRS80,99999,99999,31-DEC-99,31-DEC-99,Comment is null
196953,1969535119.00,4642614,136.843589,-29.014738,25.120,32.741,7.621,9792341.50,25.120,32.741,0.21,2.67,-34.69,-71.83,-58.35,-86.46,100.000,5.000,5.060,0.06,2.00,5.000,5.060,0.5,1,0,5,5,1,3,5,5,1,3,69E3,?,TR,GDA94,MSL,GRS80,B,DEG,m,m,m,um,m,m,um,m,m,m,m,um,m,m,um,99999,99999,ELN,W98,99999,ELN,DFA,AUSGEOID98,GRS80,99999,99999,31-DEC-99,31-DEC-99,Comment is null
196953,1969535120.00,4642615,136.866989,-29.073638,34.200,41.696,7.496,9792328.29,34.200,41.696,0.09,2.67,-65.41,-112.71,-88.68,-126.95,100.000,5.000,5.060,0.06,2.00,5.000,5.060,0.5,1,0,5,5,1,3,5,5,1,3,69E3,?,TR,GDA94,MSL,GRS80,B,DEG,m,m,m,um,m,m,um,m,m,m,m,um,m,m,um,99999,99999,ELN,W98,99999,ELN,DFA,AUSGEOID98,GRS80,99999,99999,31-DEC-99,31-DEC-99,Comment is null
196953,1969535121.00,4642616,136.868890,-29.118038,29.890,37.257,7.367,9792383.82,29.890,37.257,0.05,2.67,-57.65,-99.91,-80.52,-113.97,100.000,5.000,5.060,0.06,2.00,5.000,5.060,0.5,1,0,5,5,1,3,5,5,1,3,69E3,?,TR,GDA94,MSL,GRS80,B,DEG,m,m,m,um,m,m,um,m,m,m,m,um,m,m,um,99999,99999,ELN,W98,99999,ELN,DFA,AUSGEOID98,GRS80,99999,99999,31-DEC-99,31-DEC-99,Comment is null
196953,1969535122.00,4642617,136.863391,-29.165638,24.920,32.138,7.218,9792372.92,24.920,32.138,0.04,2.67,-120.92,-157.37,-143.33,-171.22,100.000,5.000,5.060,0.06,2.00,5.000,5.060,0.5,1,0,5,5,1,3,5,5,1,3,69E3,?,TR,GDA94,MSL,GRS80,B,DEG,m,m,m,um,m,m,um,m,m,m,m,um,m,m,um,99999,99999,ELN,W98,99999,ELN,DFA,AUSGEOID98,GRS80,99999,99999,31-DEC-99,31-DEC-99,Comment is null
196953,1969535123.00,4642618,136.923390,-29.174538,17.100,24.396,7.296,9792361.51,17.100,24.396,0.05,2.67,-163.06,-190.73,-185.71,-204.85,100.000,5.000,5.060,0.06,2.00,5.000,5.060,0.5,1,0,5,5,1,3,5,5,1,3,69E3,?,TR,GDA94,MSL,GRS80,B,DEG,m,m,m,um,m,m,um,m,m,m,m,um,m,m,um,99999,99999,ELN,W98,99999,ELN,DFA,AUSGEOID98,GRS80,99999,99999,31-DEC-99,31-DEC-99,Comment is null
196953,1969535124.00,4642619,136.927691,-29.231738,12.160,19.324,7.164,9792415.64,12.160,19.324,0.05,2.67,-168.57,-190.49,-190.83,-204.44,100.000,5.000,5.060,0.06,2.00,5.000,5.060,0.5,1,0,5,5,1,3,5,5,1,3,69E3,?,TR,GDA94,MSL,GRS80,B,DEG,m,m,m,um,m,m,um,m,m,m,m,um,m,m,um,99999,99999,ELN,W98,99999,ELN,DFA,AUSGEOID98,GRS80,99999,99999,31-DEC-99,31-DEC-99,Comment is null
196953,1969535125.00,4642620,136.869691,-29.227938,13.680,20.758,7.078,9792429.55,13.680,20.758,0.06,2.67,-147.32,-170.86,-169.31,-184.61,100.000,5.000,5.060,0.06,2.00,5.000,5.060,0.5,1,0,5,5,1,3,5,5,1,3,69E3,?,TR,GDA94,MSL,GRS80,B,DEG,m,m,m,um,m,m,um,m,m,m,m,um,m,m,um,99999,99999,ELN,W98,99999,ELN,DFA,AUSGEOID98,GRS80,99999,99999,31-DEC-99,31-DEC-99,Comment is null
196953,1969535126.00,5809394,136.859392,-29.277939,18.640,25.555,6.915,9792486.88,18.640,25.555,0.05,2.67,-113.69,-142.67,-135.17,-156.03,100.000,5.000,5.060,0.06,2.00,5.000,5.060,0.5,1,0,5,5,1,3,5,5,1,3,69E3,?,TR,GDA94,MSL,GRS80,B,DEG,m,m,m,um,m,m,um,m,m,m,m,um,m,m,um,99999,99999,ELN,W98,99999,ELN,DFA,AUSGEOID98,GRS80,99999,99999,31-DEC-99,31-DEC-99,Comment is null
196953,1969535127.00,5765307,136.865693,-29.327339,12.760,19.644,6.884,9792543.21,12.760,19.644,0.05,2.67,-113.68,-135.96,-135.06,-149.34,100.000,5.000,5.060,0.06,2.00,5.000,5.060,0.5,1,0,5,5,1,3,5,5,1,3,69E3,?,TR,GDA94,MSL,GRS80,B,DEG,m,m,m,um,m,m,um,m,m,m,m,um,m,m,um,99999,99999,ELN,W98,99999,ELN,DFA,AUSGEOID98,GRS80,99999,99999,31-DEC-99,31-DEC-99,Comment is null
196953,1969535128.00,4642621,136.863493,-29.364739,12.310,19.137,6.827,9792597.84,12.310,19.137,0.05,2.67,-89.47,-111.17,-110.68,-124.46,100.000,5.000,5.060,0.06,2.00,5.000,5.060,0.5,1,0,5,5,1,3,5,5,1,3,69E3,?,TR,GDA94,MSL,GRS80,B,DEG,m,m,m,um,m,m,um,m,m,m,m,um,m,m,um,99999,99999,ELN,W98,99999,ELN,DFA,AUSGEOID98,GRS80,99999,99999,31-DEC-99,31-DEC-99,Comment is null
196953,1969535129.00,5825368,136.934493,-29.412338,5.120,12.007,6.887,9792653.77,5.120,12.007,0.06,2.67,-92.30,-105.91,-113.70,-119.43,100.000,5.000,5.060,0.06,2.00,5.000,5.060,0.5,1,0,5,5,1,3,5,5,1,3,69E3,?,TR,GDA94,MSL,GRS80,B,DEG,m,m,m,um,m,m,um,m,m,m,m,um,m,m,um,99999,99999,ELN,W98,99999,ELN,DFA,AUSGEOID98,GRS80,99999,99999,31-DEC-99,31-DEC-99,Comment is null
196953,1969535130.00,5409482,136.947992,-29.338638,9.660,16.675,7.015,9792556.22,9.660,16.675,0.06,2.67,-118.54,-137.46,-140.34,-151.15,100.000,5.000,5.060,0.06,2.00,5.000,5.060,0.5,1,0,5,5,1,3,5,5,1,3,69E3,?,TR,GDA94,MSL,GRS80,B,DEG,m,m,m,um,m,m,um,m,m,m,m,um,m,m,um,99999,99999,ELN,W98,99999,ELN,DFA,AUSGEOID98,GRS80,99999,99999,31-DEC-99,31-DEC-99,Comment is null
196953,1969535131.00,5924050,136.948091,-29.308738,6.490,13.517,7.027,9792526.00,6.490,13.517,0.05,2.67,-135.45,-150.78,-157.28,-164.55,100.000,5.000,5.060,0.06,2.00,5.000,5.060,0.5,1,0,5,5,1,3,5,5,1,3,69E3,?,TR,GDA94,MSL,GRS80,B,DEG,m,m,m,um,m,m,um,m,m,m,m,um,m,m,um,99999,99999,ELN,W98,99999,ELN,DFA,AUSGEOID98,GRS80,99999,99999,31-DEC-99,31-DEC-99,Comment is null
196953,1969535132.00,5409324,137.009390,-29.275637,6.030,13.205,7.175,9792451.56,6.030,13.205,0.05,2.67,-185.34,-200.32,-207.63,-214.38,100.000,5.000,5.060,0.06,2.00,5.000,5.060,0.5,1,0,5,5,1,3,5,5,1,3,69E3,?,TR,GDA94,MSL,GRS80,B,DEG,m,m,m,um,m,m,um,m,m,m,m,um,m,m,um,99999,99999,ELN,W98,99999,ELN,DFA,AUSGEOID98,GRS80,99999,99999,31-DEC-99,31-DEC-99,Comment is null
196953,1969535133.00,5908270,136.979392,-29.345838,4.110,11.166,7.056,9792575.93,4.110,11.166,0.05,2.67,-121.39,-134.05,-143.32,-147.92,100.000,5.000,5.060,0.06,2.00,5.000,5.060,0.5,1,0,5,5,1,3,5,5,1,3,69E3,?,TR,GDA94,MSL,GRS80,B,DEG,m,m,m,um,m,m,um,m,m,m,m,um,m,m,um,99999,99999,ELN,W98,99999,ELN,DFA,AUSGEOID98,GRS80,99999,99999,31-DEC-99,31-DEC-99,Comment is null
196953,1969535134.00,5786915,136.992492,-29.392538,5.150,12.161,7.011,9792649.26,5.150,12.161,0.06,2.67,-81.03,-94.82,-102.82,-108.58,100.000,5.000,5.060,0.06,2.00,5.000,5.060,0.5,1,0,5,5,1,3,5,5,1,3,69E3,?,TR,GDA94,MSL,GRS80,B,DEG,m,m,m,um,m,m,um,m,m,m,m,um,m,m,um,99999,99999,ELN,W98,99999,ELN,DFA,AUSGEOID98,GRS80,99999,99999,31-DEC-99,31-DEC-99,Comment is null
196953,1969535135.00,4642622,137.066692,-29.468637,-1.150,5.889,7.039,9792755.42,-1.150,5.889,0.08,2.67,-53.04,-59.72,-74.92,-73.64,100.000,5.000,5.060,0.06,2.00,5.000,5.060,0.5,1,0,5,5,1,3,5,5,1,3,69E3,?,TR,GDA94,MSL,GRS80,B,DEG,m,m,m,um,m,m,um,m,m,m,m,um,m,m,um,99999,99999,ELN,W98,99999,ELN,DFA,AUSGEOID98,GRS80,99999,99999,31-DEC-99,31-DEC-99,Comment is null
196953,1969535137.00,5410151,137.121091,-29.410937,-3.430,3.737,7.167,9792603.44,-3.430,3.737,0.11,2.67,-167.06,-171.30,-189.34,-185.50,100.000,5.000,5.060,0.06,2.00,5.000,5.060,0.5,1,0,5,5,1,3,5,5,1,3,69E3,?,TR,GDA94,MSL,GRS80,B,DEG,m,m,m,um,m,m,um,m,m,m,m,um,m,m,um,99999,99999,ELN,W98,99999,ELN,DFA,AUSGEOID98,GRS80,99999,99999,31-DEC-99,31-DEC-99,Comment is null
196953,1969535138.00,4642623,137.061192,-29.404437,3.780,10.879,7.099,9792645.76,3.780,10.879,0.06,2.67,-97.68,-110.02,-119.74,-123.97,100.000,5.000,5.060,0.06,2.00,5.000,5.060,0.5,1,0,5,5,1,3,5,5,1,3,69E3,?,TR,GDA94,MSL,GRS80,B,DEG,m,m,m,um,m,m,um,m,m,m,m,um,m,m,um,99999,99999,ELN,W98,99999,ELN,DFA,AUSGEOID98,GRS80,99999,99999,31-DEC-99,31-DEC-99,Comment is null
196953,1969535140.00,4642624,137.134690,-29.348136,-8.110,-0.843,7.267,9792441.55,-8.110,-0.843,0.13,2.67,-294.59,-293.63,-317.18,-308.10,100.000,5.000,5.060,0.06,2.00,5.000,5.060,0.5,1,0,5,5,1,3,5,5,1,3,69E3,?,TR,GDA94,MSL,GRS80,B,DEG,m,m,m,um,m,m,um,m,m,m,m,um,m,m,um,99999,99999,ELN,W98,99999,ELN,DFA,AUSGEOID98,GRS80,99999,99999,31-DEC-99,31-DEC-99,Comment is null
196953,1969535141.00,4642625,137.134889,-29.283336,-5.360,2.016,7.376,9792401.63,-5.360,2.016,0.12,2.67,-275.72,-278.01,-298.65,-292.65,100.000,5.000,5.060,0.06,2.00,5.000,5.060,0.5,1,1,5,5,1,3,5,5,1,3,69E3,?,TR,GDA94,MSL,GRS80,B,DEG,m,m,m,um,m,m,um,m,m,m,m,um,m,m,um,99999,99999,ELN,W98,99999,ELN,DFA,AUSGEOID98,GRS80,99999,99999,31-DEC-99,31-DEC-99,Comment is null
196953,1969535142.00,5848267,137.075490,-29.271636,-0.820,6.479,7.299,9792410.44,-0.820,6.479,0.07,2.67,-244.13,-251.48,-266.82,-265.90,100.000,5.000,5.060,0.06,2.00,5.000,5.060,0.5,1,0,5,5,1,3,5,5,1,3,69E3,?,TR,GDA94,MSL,GRS80,B,DEG,m,m,m,um,m,m,um,m,m,m,m,um,m,m,um,99999,99999,ELN,W98,99999,ELN,DFA,AUSGEOID98,GRS80,99999,99999,31-DEC-99,31-DEC-99,Comment is null
196953,1969535202.00,4642626,136.729092,-29.183139,28.670,35.598,6.928,9792402.23,28.670,35.598,0.05,2.67,-94.38,-134.76,-115.89,-147.98,100.000,5.000,5.060,0.06,2.00,5.000,5.060,0.5,1,0,5,5,1,3,5,5,1,3,69E3,?,TR,GDA94,MSL,GRS80,B,DEG,m,m,m,um,m,m,um,m,m,m,m,um,m,m,um,99999,99999,ELN,W98,99999,ELN,DFA,AUSGEOID98,GRS80,99999,99999,31-DEC-99,31-DEC-99,Comment is null
196953,1969535203.00,5924051,136.730791,-29.110339,31.410,38.540,7.130,9792373.32,31.410,38.540,0.04,2.67,-58.29,-102.00,-80.42,-115.57,100.000,5.000,5.060,0.06,2.00,5.000,5.060,0.5,1,0,5,5,1,3,5,5,1,3,69E3,?,TR,GDA94,MSL,GRS80,B,DEG,m,m,m,um,m,m,um,m,m,m,m,um,m,m,um,99999,99999,ELN,W98,99999,ELN,DFA,AUSGEOID98,GRS80,99999,99999,31-DEC-99,31-DEC-99,Comment is null
196953,1969535204.00,5941772,136.739490,-29.058239,28.590,35.881,7.291,9792350.01,28.590,35.881,0.09,2.67,-49.84,-90.53,-72.47,-104.46,100.000,5.000,5.060,0.06,2.00,5.000,5.060,0.5,1,0,5,5,1,3,5,5,1,3,69E3,?,TR,GDA94,MSL,GRS80,B,DEG,m,m,m,um,m,m,um,m,m,m,m,um,m,m,um,99999,99999,ELN,W98,99999,ELN,DFA,AUSGEOID98,GRS80,99999,99999,31-DEC-99,31-DEC-99,Comment is null
196953,1969535205.00,4642627,136.738890,-29.005839,20.380,27.815,7.435,9792337.20,20.380,27.815,0.07,2.67,-47.38,-78.93,-70.46,-93.27,100.000,5.000,5.060,0.06,2.00,5.000,5.060,0.5,1,0,5,5,1,3,5,5,1,3,69E3,?,TR,GDA94,MSL,GRS80,B,DEG,m,m,m,um,m,m,um,m,m,m,m,um,m,m,um,99999,99999,ELN,W98,99999,ELN,DFA,AUSGEOID98,GRS80,99999,99999,31-DEC-99,31-DEC-99,Comment is null
196953,1969535206.00,5874712,136.791489,-29.002538,37.430,44.991,7.561,9792319.89,37.430,44.991,0.07,2.67,-9.16,-60.19,-32.62,-74.50,100.000,5.000,5.060,0.06,2.00,5.000,5.060,0.5,1,0,5,5,1,3,5,5,1,3,69E3,?,TR,GDA94,MSL,GRS80,B,DEG,m,m,m,um,m,m,um,m,m,m,m,um,m,m,um,99999,99999,ELN,W98,99999,ELN,DFA,AUSGEOID98,GRS80,99999,99999,31-DEC-99,31-DEC-99,Comment is null
196953,1969535207.00,4642628,136.796590,-29.064038,33.580,40.975,7.395,9792375.62,33.580,40.975,0.09,2.67,-12.95,-59.43,-35.90,-73.48,100.000,5.000,5.060,0.06,2.00,5.000,5.060,0.5,1,0,5,5,1,3,5,5,1,3,69E3,?,TR,GDA94,MSL,GRS80,B,DEG,m,m,m,um,m,m,um,m,m,m,m,um,m,m,um,99999,99999,ELN,W98,99999,ELN,DFA,AUSGEOID98,GRS80,99999,99999,31-DEC-99,31-DEC-99,Comment is null
196953,1969535208.00,4642629,136.796391,-29.125339,28.370,35.588,7.218,9792382.52,28.370,35.588,0.09,2.67,-69.71,-110.08,-92.12,-123.86,100.000,5.000,5.060,0.06,2.00,5.000,5.060,0.5,1,0,5,5,1,3,5,5,1,3,69E3,?,TR,GDA94,MSL,GRS80,B,DEG,m,m,m,um,m,m,um,m,m,m,m,um,m,m,um,99999,99999,ELN,W98,99999,ELN,DFA,AUSGEOID98,GRS80,99999,99999,31-DEC-99,31-DEC-99,Comment is null
196953,1969535209.00,4642630,136.799991,-29.169639,26.870,33.969,7.099,9792381.32,26.870,33.969,0.05,2.67,-109.94,-148.47,-131.98,-162.05,100.000,5.000,5.060,0.06,2.00,5.000,5.060,0.5,1,0,5,5,1,3,5,5,1,3,69E3,?,TR,GDA94,MSL,GRS80,B,DEG,m,m,m,um,m,m,um,m,m,m,m,um,m,m,um,99999,99999,ELN,W98,99999,ELN,DFA,AUSGEOID98,GRS80,99999,99999,31-DEC-99,31-DEC-99,Comment is null
196953,1969535210.00,5856292,136.796292,-29.220239,24.620,31.588,6.968,9792424.15,24.620,31.588,0.06,2.67,-113.38,-149.21,-135.02,-162.57,100.000,5.000,5.060,0.06,2.00,5.000,5.060,0.5,1,0,5,5,1,3,5,5,1,3,69E3,?,TR,GDA94,MSL,GRS80,B,DEG,m,m,m,um,m,m,um,m,m,m,m,um,m,m,um,99999,99999,ELN,W98,99999,ELN,DFA,AUSGEOID98,GRS80,99999,99999,31-DEC-99,31-DEC-99,Comment is null
196953,1969535211.00,4642631,136.729793,-29.228640,32.160,38.984,6.824,9792423.65,32.160,38.984,0.05,2.67,-97.52,-141.74,-118.71,-154.70,100.000,5.000,5.060,0.06,2.00,5.000,5.060,0.5,1,0,5,5,1,3,5,5,1,3,69E3,?,TR,GDA94,MSL,GRS80,B,DEG,m,m,m,um,m,m,um,m,m,m,m,um,m,m,um,99999,99999,ELN,W98,99999,ELN,DFA,AUSGEOID98,GRS80,99999,99999,31-DEC-99,31-DEC-99,Comment is null
196953,1969535212.00,4642632,136.665193,-29.166340,33.680,40.515,6.835,9792377.72,33.680,40.515,0.06,2.67,-90.81,-136.76,-112.03,-149.72,100.000,5.000,5.060,0.06,2.00,5.000,5.060,0.5,1,0,5,5,1,3,5,5,1,3,69E3,?,TR,GDA94,MSL,GRS80,B,DEG,m,m,m,um,m,m,um,m,m,m,m,um,m,m,um,99999,99999,ELN,W98,99999,ELN,DFA,AUSGEOID98,GRS80,99999,99999,31-DEC-99,31-DEC-99,Comment is null
196953,1969535213.00,5985265,136.651292,-29.116540,38.470,45.407,6.937,9792310.39,38.470,45.407,0.06,2.67,-104.80,-156.30,-126.33,-169.38,100.000,5.000,5.060,0.06,2.00,5.000,5.060,0.5,1,0,5,5,1,3,5,5,1,3,69E3,?,TR,GDA94,MSL,GRS80,B,DEG,m,m,m,um,m,m,um,m,m,m,m,um,m,m,um,99999,99999,ELN,W98,99999,ELN,DFA,AUSGEOID98,GRS80,99999,99999,31-DEC-99,31-DEC-99,Comment is null
196953,1969535214.00,4642633,136.586893,-29.113641,40.040,46.842,6.802,9792308.58,40.040,46.842,0.06,2.67,-99.94,-153.07,-121.06,-165.86,100.000,5.000,5.060,0.06,2.00,5.000,5.060,0.5,1,0,5,5,1,3,5,5,1,3,69E3,?,TR,GDA94,MSL,GRS80,B,DEG,m,m,m,um,m,m,um,m,m,m,m,um,m,m,um,99999,99999,ELN,W98,99999,ELN,DFA,AUSGEOID98,GRS80,99999,99999,31-DEC-99,31-DEC-99,Comment is null
196953,1969535215.00,5724208,136.600392,-29.060840,54.220,61.194,6.974,9792265.56,54.220,61.194,0.10,2.67,-58.17,-127.57,-79.80,-140.47,100.000,5.000,5.060,0.06,2.00,5.000,5.060,0.5,1,0,5,5,1,3,5,5,1,3,69E3,?,TR,GDA94,MSL,GRS80,B,DEG,m,m,m,um,m,m,um,m,m,m,m,um,m,m,um,99999,99999,ELN,W98,99999,ELN,DFA,AUSGEOID98,GRS80,99999,99999,31-DEC-99,31-DEC-99,Comment is null
196953,1969535216.00,4642634,136.660191,-29.057040,40.390,47.507,7.117,9792311.49,40.390,47.507,0.08,2.67,-51.56,-105.45,-73.65,-118.85,100.000,5.000,5.060,0.06,2.00,5.000,5.060,0.5,1,0,5,5,1,3,5,5,1,3,69E3,?,TR,GDA94,MSL,GRS80,B,DEG,m,m,m,um,m,m,um,m,m,m,m,um,m,m,um,99999,99999,ELN,W98,99999,ELN,DFA,AUSGEOID98,GRS80,99999,99999,31-DEC-99,31-DEC-99,Comment is null
196953,1969535217.00,5408642,136.671091,-29.008539,32.330,39.603,7.273,9792283.37,32.330,39.603,0.09,2.67,-66.90,-111.82,-89.48,-125.65,100.000,5.000,5.060,0.06,2.00,5.000,5.060,0.5,1,0,5,5,1,3,5,5,1,3,69E3,?,TR,GDA94,MSL,GRS80,B,DEG,m,m,m,um,m,m,um,m,m,m,m,um,m,m,um,99999,99999,ELN,W98,99999,ELN,DFA,AUSGEOID98,GRS80,99999,99999,31-DEC-99,31-DEC-99,Comment is null
196953,1969535218.00,4642635,136.594091,-28.993940,45.960,53.104,7.144,9792203.43,45.960,53.104,0.14,2.67,-94.00,-154.23,-116.17,-167.60,100.000,5.000,5.060,0.06,2.00,5.000,5.060,0.5,1,0,5,5,1,3,5,5,1,3,69E3,?,TR,GDA94,MSL,GRS80,B,DEG,m,m,m,um,m,m,um,m,m,m,m,um,m,m,um,99999,99999,ELN,W98,99999,ELN,DFA,AUSGEOID98,GRS80,99999,99999,31-DEC-99,31-DEC-99,Comment is null
196953,1969535219.00,5971039,136.522293,-29.066841,57.670,64.452,6.782,9792253.56,57.670,64.452,0.12,2.67,-64.73,-137.82,-85.76,-150.29,100.000,5.000,5.060,0.06,2.00,5.000,5.060,0.5,1,0,5,5,1,3,5,5,1,3,69E3,?,TR,GDA94,MSL,GRS80,B,DEG,m,m,m,um,m,m,um,m,m,m,m,um,m,m,um,99999,99999,ELN,W98,99999,ELN,DFA,AUSGEOID98,GRS80,99999,99999,31-DEC-99,31-DEC-99,Comment is null
196953,1969535220.00,5705690,136.523193,-29.116141,44.280,50.933,6.653,9792299.68,44.280,50.933,0.08,2.67,-98.14,-155.91,-118.79,-168.34,100.000,5.000,5.060,0.06,2.00,5.000,5.060,0.5,1,0,5,5,1,3,5,5,1,3,69E3,?,TR,GDA94,MSL,GRS80,B,DEG,m,m,m,um,m,m,um,m,m,m,m,um,m,m,um,99999,99999,ELN,W98,99999,ELN,DFA,AUSGEOID98,GRS80,99999,99999,31-DEC-99,31-DEC-99,Comment is null
196953,1969535221.00,4642636,136.522294,-29.166341,40.170,46.688,6.518,9792317.19,40.170,46.688,0.11,2.67,-132.29,-185.25,-152.53,-197.48,100.000,5.000,5.060,0.06,2.00,5.000,5.060,0.5,1,0,5,5,1,3,5,5,1,3,69E3,?,TR,GDA94,MSL,GRS80,B,DEG,m,m,m,um,m,m,um,m,m,m,m,um,m,m,um,99999,99999,ELN,W98,99999,ELN,DFA,AUSGEOID98,GRS80,99999,99999,31-DEC-99,31-DEC-99,Comment is null
196953,1969535222.00,5914222,136.596493,-29.178341,37.400,44.054,6.654,9792367.02,37.400,44.054,0.06,2.67,-99.82,-149.78,-120.48,-162.33,100.000,5.000,5.060,0.06,2.00,5.000,5.060,0.5,1,0,5,5,1,3,5,5,1,3,69E3,?,TR,GDA94,MSL,GRS80,B,DEG,m,m,m,um,m,m,um,m,m,m,m,um,m,m,um,99999,99999,ELN,W98,99999,ELN,DFA,AUSGEOID98,GRS80,99999,99999,31-DEC-99,31-DEC-99,Comment is null
196953,1969535223.00,4642637,136.602594,-29.224941,39.770,46.336,6.566,9792369.32,39.770,46.336,0.10,2.67,-126.32,-178.87,-146.70,-191.21,100.000,5.000,5.060,0.06,2.00,5.000,5.060,0.5,1,0,5,5,1,3,5,5,1,3,69E3,?,TR,GDA94,MSL,GRS80,B,DEG,m,m,m,um,m,m,um,m,m,m,m,um,m,m,um,99999,99999,ELN,W98,99999,ELN,DFA,AUSGEOID98,GRS80,99999,99999,31-DEC-99,31-DEC-99,Comment is null
196953,1969535224.00,5409105,136.526995,-29.226642,59.710,66.105,6.395,9792334.30,59.710,66.105,0.10,2.67,-101.65,-176.62,-121.49,-188.30,100.000,5.000,5.060,0.06,2.00,5.000,5.060,0.5,1,0,5,5,1,3,5,5,1,3,69E3,?,TR,GDA94,MSL,GRS80,B,DEG,m,m,m,um,m,m,um,m,m,m,m,um,m,m,um,99999,99999,ELN,W98,99999,ELN,DFA,AUSGEOID98,GRS80,99999,99999,31-DEC-99,31-DEC-99,Comment is null
196953,1969535225.00,4642638,136.539395,-29.293042,44.500,50.771,6.271,9792472.97,44.500,50.771,0.09,2.67,-61.43,-119.01,-80.89,-130.69,100.000,5.000,5.060,0.06,2.00,5.000,5.060,0.5,1,0,5,5,1,3,5,5,1,3,69E3,?,TR,GDA94,MSL,GRS80,B,DEG,m,m,m,um,m,m,um,m,m,m,m,um,m,m,um,99999,99999,ELN,W98,99999,ELN,DFA,AUSGEOID98,GRS80,99999,99999,31-DEC-99,31-DEC-99,Comment is null
196953,1969535226.00,4642639,136.522596,-29.337242,42.670,48.837,6.167,9792513.39,42.670,48.837,0.10,2.67,-61.05,-116.44,-80.20,-127.95,100.000,5.000,5.060,0.06,2.00,5.000,5.060,0.5,1,0,5,5,1,3,5,5,1,3,69E3,?,TR,GDA94,MSL,GRS80,B,DEG,m,m,m,um,m,m,um,m,m,m,m,um,m,m,um,99999,99999,ELN,W98,99999,ELN,DFA,AUSGEOID98,GRS80,99999,99999,31-DEC-99,31-DEC-99,Comment is null
196953,1969535227.00,4642640,136.526597,-29.401442,34.070,40.097,6.027,9792491.88,34.070,40.097,0.13,2.67,-159.09,-204.57,-177.81,-215.94,100.000,5.000,5.060,0.06,2.00,5.000,5.060,0.5,1,0,5,5,1,3,5,5,1,3,69E3,?,TR,GDA94,MSL,GRS80,B,DEG,m,m,m,um,m,m,um,m,m,m,m,um,m,m,um,99999,99999,ELN,W98,99999,ELN,DFA,AUSGEOID98,GRS80,99999,99999,31-DEC-99,31-DEC-99,Comment is null
196953,1969535228.00,4642641,136.591396,-29.393742,30.720,36.923,6.203,9792578.23,30.720,36.923,0.11,2.67,-76.59,-118.47,-95.86,-130.24,100.000,5.000,5.060,0.06,2.00,5.000,5.060,0.5,1,0,5,5,1,3,5,5,1,3,69E3,?,TR,GDA94,MSL,GRS80,B,DEG,m,m,m,um,m,m,um,m,m,m,m,um,m,m,um,99999,99999,ELN,W98,99999,ELN,DFA,AUSGEOID98,GRS80,99999,99999,31-DEC-99,31-DEC-99,Comment is null
196953,1969535229.00,5981405,136.652596,-29.403341,32.050,38.381,6.331,9792596.94,32.050,38.381,0.13,2.67,-60.80,-104.33,-80.46,-116.32,100.000,5.000,5.060,0.06,2.00,5.000,5.060,0.5,1,0,5,5,1,3,5,5,1,3,69E3,?,TR,GDA94,MSL,GRS80,B,DEG,m,m,m,um,m,m,um,m,m,m,m,um,m,m,um,99999,99999,ELN,W98,99999,ELN,DFA,AUSGEOID98,GRS80,99999,99999,31-DEC-99,31-DEC-99,Comment is null
196953,1969535230.00,4642642,136.586995,-29.326341,60.200,66.537,6.337,9792475.87,60.200,66.537,0.26,2.67,-35.55,-111.01,-55.21,-122.57,100.000,5.000,5.060,0.06,2.00,5.000,5.060,0.5,1,0,5,5,1,3,5,5,1,3,69E3,?,TR,GDA94,MSL,GRS80,B,DEG,m,m,m,um,m,m,um,m,m,m,m,um,m,m,um,99999,99999,ELN,W98,99999,ELN,DFA,AUSGEOID98,GRS80,99999,99999,31-DEC-99,31-DEC-99,Comment is null
196953,1969535231.00,4642643,136.601395,-29.281441,38.160,44.588,6.428,9792487.78,38.160,44.588,0.11,2.67,-56.76,-107.33,-76.72,-119.42,100.000,5.000,5.060,0.06,2.00,5.000,5.060,0.5,1,0,5,5,1,3,5,5,1,3,69E3,?,TR,GDA94,MSL,GRS80,B,DEG,m,m,m,um,m,m,um,m,m,m,m,um,m,m,um,99999,99999,ELN,W98,99999,ELN,DFA,AUSGEOID98,GRS80,99999,99999,31-DEC-99,31-DEC-99,Comment is null
196953,1969535232.00,4642644,136.671094,-29.290940,23.370,29.929,6.559,9792535.90,23.370,29.929,0.11,2.67,-61.18,-95.13,-81.56,-107.71,100.000,5.000,5.060,0.06,2.00,5.000,5.060,0.5,1,0,5,5,1,3,5,5,1,3,69E3,?,TR,GDA94,MSL,GRS80,B,DEG,m,m,m,um,m,m,um,m,m,m,m,um,m,m,um,99999,99999,ELN,W98,99999,ELN,DFA,AUSGEOID98,GRS80,99999,99999,31-DEC-99,31-DEC-99,Comment is null
196953,1969535234.00,4642645,136.717294,-29.340940,25.690,32.292,6.602,9792609.84,25.690,32.292,0.06,2.67,-18.50,-55.13,-39.01,-67.76,100.000,5.000,5.060,0.06,2.00,5.000,5.060,0.5,1,0,5,5,1,3,5,5,1,3,69E3,?,TR,GDA94,MSL,GRS80,B,DEG,m,m,m,um,m,m,um,m,m,m,m,um,m,m,um,99999,99999,ELN,W98,99999,ELN,DFA,AUSGEOID98,GRS80,99999,99999,31-DEC-99,31-DEC-99,Comment is null
196953,1969535235.00,4642646,136.729395,-29.396740,20.090,26.611,6.521,9792649.16,20.090,26.611,0.11,2.67,-39.79,-69.97,-60.05,-82.53,100.000,5.000,5.060,0.06,2.00,5.000,5.060,0.5,1,0,5,5,1,3,5,5,1,3,69E3,?,TR,GDA94,MSL,GRS80,B,DEG,m,m,m,um,m,m,um,m,m,m,m,um,m,m,um,99999,99999,ELN,W98,99999,ELN,DFA,AUSGEOID98,GRS80,99999,99999,31-DEC-99,31-DEC-99,Comment is null
196953,1969535236.00,5880242,136.729896,-29.457641,21.340,27.743,6.403,9792702.19,21.340,27.743,0.15,2.67,-30.33,-61.80,-50.23,-74.11,100.000,5.000,5.060,0.06,2.00,5.000,5.060,0.5,1,0,5,5,1,3,5,5,1,3,69E3,?,TR,GDA94,MSL,GRS80,B,DEG,m,m,m,um,m,m,um,m,m,m,m,um,m,m,um,99999,99999,ELN,W98,99999,ELN,DFA,AUSGEOID98,GRS80,99999,99999,31-DEC-99,31-DEC-99,Comment is null
196953,1969535237.00,5408342,136.788795,-29.462340,12.520,19.046,6.526,9792720.40,12.520,19.046,0.13,2.67,-42.59,-64.20,-62.88,-76.89,100.000,5.000,5.060,0.06,2.00,5.000,5.060,0.5,1,0,5,5,1,3,5,5,1,3,69E3,?,TR,GDA94,MSL,GRS80,B,DEG,m,m,m,um,m,m,um,m,m,m,m,um,m,m,um,99999,99999,ELN,W98,99999,ELN,DFA,AUSGEOID98,GRS80,99999,99999,31-DEC-99,31-DEC-99,Comment is null
196953,1969535239.00,4642647,136.814894,-29.399339,16.510,23.197,6.687,9792653.57,16.510,23.197,0.06,2.67,-47.93,-74.24,-68.70,-87.18,100.000,5.000,5.060,0.06,2.00,5.000,5.060,0.5,1,0,5,5,1,3,5,5,1,3,BM1728 69E3,?,TR,GDA94,MSL,GRS80,B,DEG,m,m,m,um,m,m,um,m,m,m,m,um,m,m,um,99999,99999,ELN,W98,99999,ELN,DFA,AUSGEOID98,GRS80,99999,99999,31-DEC-99,31-DEC-99,Comment is null
196953,1969535240.00,4642648,136.795593,-29.317039,16.730,23.496,6.766,9792540.31,16.730,23.496,0.05,2.67,-96.75,-123.40,-117.77,-136.49,100.000,5.000,5.060,0.06,2.00,5.000,5.060,0.5,1,0,5,5,1,3,5,5,1,3,69E3,?,TR,GDA94,MSL,GRS80,B,DEG,m,m,m,um,m,m,um,m,m,m,m,um,m,m,um,99999,99999,ELN,W98,99999,ELN,DFA,AUSGEOID98,GRS80,99999,99999,31-DEC-99,31-DEC-99,Comment is null
196953,1969535241.00,5408829,136.796593,-29.285239,16.050,22.848,6.798,9792492.08,16.050,22.848,0.06,2.67,-122.46,-148.38,-143.58,-161.54,100.000,5.000,5.060,0.06,2.00,5.000,5.060,0.5,1,0,5,5,1,3,5,5,1,3,69E3,?,TR,GDA94,MSL,GRS80,B,DEG,m,m,m,um,m,m,um,m,m,m,m,um,m,m,um,99999,99999,ELN,W98,99999,ELN,DFA,AUSGEOID98,GRS80,99999,99999,31-DEC-99,31-DEC-99,Comment is null
196953,1969535242.00,5809395,136.736593,-29.285640,21.270,27.964,6.694,9792508.39,21.270,27.964,0.07,2.67,-90.68,-122.39,-111.47,-135.27,100.000,5.000,5.060,0.06,2.00,5.000,5.060,0.5,1,0,5,5,1,3,5,5,1,3,69E3,?,TR,GDA94,MSL,GRS80,B,DEG,m,m,m,um,m,m,um,m,m,m,m,um,m,m,um,99999,99999,ELN,W98,99999,ELN,DFA,AUSGEOID98,GRS80,99999,99999,31-DEC-99,31-DEC-99,Comment is null
196953,1969535301.00,4642649,136.715688,-28.828338,34.930,42.853,7.923,9792313.89,34.930,42.853,0.11,2.67,111.39,62.79,86.81,47.73,100.000,5.000,5.060,0.06,2.00,5.000,5.060,0.5,1,0,5,5,1,3,5,5,1,3,69E3,?,TR,GDA94,MSL,GRS80,B,DEG,m,m,m,um,m,m,um,m,m,m,m,um,m,m,um,99999,99999,ELN,W98,99999,ELN,DFA,AUSGEOID98,GRS80,99999,99999,31-DEC-99,31-DEC-99,Comment is null
196953,1969535302.00,5262829,136.749885,-28.636637,12.190,20.578,8.388,9792149.20,12.190,20.578,0.07,2.67,23.91,0.57,-2.13,-15.77,100.000,5.000,5.060,0.06,2.00,5.000,5.060,0.5,1,0,5,5,1,3,5,5,1,3,69E3,?,TR,GDA94,MSL,GRS80,B,DEG,m,m,m,um,m,m,um,m,m,m,m,um,m,m,um,99999,99999,ELN,W98,99999,ELN,DFA,AUSGEOID98,GRS80,99999,99999,31-DEC-99,31-DEC-99,Comment is null
196953,1969535303.00,4642650,136.823084,-28.641436,4.570,13.031,8.461,9792147.20,4.570,13.031,0.07,2.67,-5.03,-19.81,-31.30,-36.41,100.000,5.000,5.060,0.06,2.00,5.000,5.060,0.5,1,0,5,5,1,3,5,5,1,3,69E3,?,TR,GDA94,MSL,GRS80,B,DEG,m,m,m,um,m,m,um,m,m,m,m,um,m,m,um,99999,99999,ELN,W98,99999,ELN,DFA,AUSGEOID98,GRS80,99999,99999,31-DEC-99,31-DEC-99,Comment is null
196953,1969535304.00,5681802,136.811284,-28.585336,5.180,13.686,8.506,9792108.18,5.180,13.686,0.06,2.67,0.56,-14.96,-25.85,-31.64,100.000,5.000,5.060,0.06,2.00,5.000,5.060,0.5,1,1,5,5,1,3,5,5,1,3,69E3,?,TR,GDA94,MSL,GRS80,B,DEG,m,m,m,um,m,m,um,m,m,m,m,um,m,m,um,99999,99999,ELN,W98,99999,ELN,DFA,AUSGEOID98,GRS80,99999,99999,31-DEC-99,31-DEC-99,Comment is null
196953,1969535305.00,5765308,136.745685,-28.586237,12.190,20.607,8.417,9792105.98,12.190,20.607,0.07,2.67,19.04,-4.34,-7.09,-20.73,100.000,5.000,5.060,0.06,2.00,5.000,5.060,0.5,1,0,5,5,1,3,5,5,1,3,69E3,?,TR,GDA94,MSL,GRS80,B,DEG,m,m,m,um,m,m,um,m,m,m,m,um,m,m,um,99999,99999,ELN,W98,99999,ELN,DFA,AUSGEOID98,GRS80,99999,99999,31-DEC-99,31-DEC-99,Comment is null
196953,1969535306.00,5924052,136.741184,-28.521337,14.630,23.103,8.473,9792020.83,14.630,23.103,0.06,2.67,-9.20,-35.40,-35.50,-51.87,100.000,5.000,5.060,0.06,2.00,5.000,5.060,0.5,1,1,5,5,1,3,5,5,1,3,69E3,?,TR,GDA94,MSL,GRS80,B,DEG,m,m,m,um,m,m,um,m,m,m,m,um,m,m,um,99999,99999,ELN,W98,99999,ELN,DFA,AUSGEOID98,GRS80,99999,99999,31-DEC-99,31-DEC-99,Comment is null
196953,1969535307.00,5409483,136.811283,-28.523636,2.620,11.202,8.582,9792096.57,2.620,11.202,0.06,2.67,28.08,15.37,1.43,-1.51,100.000,5.000,5.060,0.06,2.00,5.000,5.060,0.5,1,1,5,5,1,3,5,5,1,3,69E3,?,TR,GDA94,MSL,GRS80,B,DEG,m,m,m,um,m,m,um,m,m,m,m,um,m,m,um,99999,99999,ELN,W98,99999,ELN,DFA,AUSGEOID98,GRS80,99999,99999,31-DEC-99,31-DEC-99,Comment is null
196953,1969535309.00,4642651,136.878583,-28.590936,-6.710,1.883,8.593,9792135.59,-6.710,1.883,0.06,2.67,-12.69,-14.83,-39.38,-31.87,100.000,5.000,5.060,0.06,2.00,5.000,5.060,0.5,1,1,5,5,1,3,5,5,1,3,69E3,?,TR,GDA94,MSL,GRS80,B,DEG,m,m,m,um,m,m,um,m,m,m,m,um,m,m,um,99999,99999,ELN,W98,99999,ELN,DFA,AUSGEOID98,GRS80,99999,99999,31-DEC-99,31-DEC-99,Comment is null
196953,1969535310.00,5786916,136.871784,-28.644436,-9.450,-0.935,8.515,9792198.03,-9.450,-0.935,0.08,2.67,0.43,1.49,-26.03,-15.45,100.000,5.000,5.060,0.06,2.00,5.000,5.060,0.5,1,1,5,5,1,3,5,5,1,3,69E3,?,TR,GDA94,MSL,GRS80,B,DEG,m,m,m,um,m,m,um,m,m,m,m,um,m,m,um,99999,99999,ELN,W98,99999,ELN,DFA,AUSGEOID98,GRS80,99999,99999,31-DEC-99,31-DEC-99,Comment is null
196953,1969535311.00,4642652,136.853185,-28.711236,0.000,8.406,8.406,9792224.84,0.000,8.406,0.08,2.67,5.27,-4.26,-20.83,-20.83,100.000,5.000,5.060,0.06,2.00,5.000,5.060,0.5,1,0,5,5,1,3,5,5,1,3,69E3,?,TR,GDA94,MSL,GRS80,B,DEG,m,m,m,um,m,m,um,m,m,m,m,um,m,m,um,99999,99999,ELN,W98,99999,ELN,DFA,AUSGEOID98,GRS80,99999,99999,31-DEC-99,31-DEC-99,Comment is null
196953,1969535312.00,4642653,136.801685,-28.704137,25.300,33.675,8.375,9792210.43,25.300,33.675,0.17,2.67,74.24,36.04,48.25,19.94,100.000,5.000,5.060,0.06,2.00,5.000,5.060,0.5,1,0,5,5,1,3,5,5,1,3,69E3,?,TR,GDA94,MSL,GRS80,B,DEG,m,m,m,um,m,m,um,m,m,m,m,um,m,m,um,99999,99999,ELN,W98,99999,ELN,DFA,AUSGEOID98,GRS80,99999,99999,31-DEC-99,31-DEC-99,Comment is null
196953,1969535313.00,4642654,136.724086,-28.702438,30.270,38.580,8.310,9792359.51,30.270,38.580,0.08,2.67,239.74,195.99,213.96,180.09,100.000,5.000,5.060,0.06,2.00,5.000,5.060,0.5,1,0,5,5,1,3,5,5,1,3,69E3,?,TR,GDA94,MSL,GRS80,B,DEG,m,m,m,um,m,m,um,m,m,m,m,um,m,m,um,99999,99999,ELN,W98,99999,ELN,DFA,AUSGEOID98,GRS80,99999,99999,31-DEC-99,31-DEC-99,Comment is null
196953,1969535314.00,5924053,136.674386,-28.641438,30.660,38.951,8.291,9792198.13,30.660,38.951,0.13,2.67,125.88,81.70,100.16,65.85,100.000,5.000,5.060,0.06,2.00,5.000,5.060,0.5,1,0,5,5,1,3,5,5,1,3,69E3,?,TR,GDA94,MSL,GRS80,B,DEG,m,m,m,um,m,m,um,m,m,m,m,um,m,m,um,99999,99999,ELN,W98,99999,ELN,DFA,AUSGEOID98,GRS80,99999,99999,31-DEC-99,31-DEC-99,Comment is null
196953,1969535315.00,5409484,136.610986,-28.588138,44.780,52.984,8.204,9791996.52,44.780,52.984,0.08,2.67,8.04,-52.05,-17.40,-67.51,100.000,5.000,5.060,0.06,2.00,5.000,5.060,0.5,1,0,5,5,1,3,5,5,1,3,69E3,?,TR,GDA94,MSL,GRS80,B,DEG,m,m,m,um,m,m,um,m,m,m,m,um,m,m,um,99999,99999,ELN,W98,99999,ELN,DFA,AUSGEOID98,GRS80,99999,99999,31-DEC-99,31-DEC-99,Comment is null
196953,1969535316.00,4642655,136.683985,-28.580338,28.930,37.261,8.331,9792061.95,28.930,37.261,0.07,2.67,30.88,-11.38,5.03,-27.34,100.000,5.000,5.060,0.06,2.00,5.000,5.060,0.5,1,0,5,5,1,3,5,5,1,3,69E3,?,TR,GDA94,MSL,GRS80,B,DEG,m,m,m,um,m,m,um,m,m,m,m,um,m,m,um,99999,99999,ELN,W98,99999,ELN,DFA,AUSGEOID98,GRS80,99999,99999,31-DEC-99,31-DEC-99,Comment is null
196953,1969535317.00,4642656,136.668785,-28.525637,26.760,35.108,8.348,9791986.01,26.760,35.108,0.11,2.67,-10.23,-50.05,-36.14,-66.08,100.000,5.000,5.060,0.06,2.00,5.000,5.060,0.5,1,1,5,5,1,3,5,5,1,3,69E3,?,TR,GDA94,MSL,GRS80,B,DEG,m,m,m,um,m,m,um,m,m,m,m,um,m,m,um,99999,99999,ELN,W98,99999,ELN,DFA,AUSGEOID98,GRS80,99999,99999,31-DEC-99,31-DEC-99,Comment is null
196953,1969535318.00,4642657,136.600485,-28.521038,32.920,41.153,8.233,9791953.60,32.920,41.153,0.26,2.67,-20.51,-67.19,-46.06,-82.89,100.000,5.000,5.060,0.06,2.00,5.000,5.060,0.5,1,0,5,5,1,3,5,5,1,3,69E3,?,TR,GDA94,MSL,GRS80,B,DEG,m,m,m,um,m,m,um,m,m,m,m,um,m,m,um,99999,99999,ELN,W98,99999,ELN,DFA,AUSGEOID98,GRS80,99999,99999,31-DEC-99,31-DEC-99,Comment is null
196953,1969535319.00,4642658,136.547086,-28.511139,44.320,52.467,8.147,9791872.25,44.320,52.467,0.11,2.67,-59.45,-118.95,-84.71,-134.31,100.000,5.000,5.060,0.06,2.00,5.000,5.060,0.5,1,0,5,5,1,3,5,5,1,3,69E3,?,TR,GDA94,MSL,GRS80,B,DEG,m,m,m,um,m,m,um,m,m,m,m,um,m,m,um,99999,99999,ELN,W98,99999,ELN,DFA,AUSGEOID98,GRS80,99999,99999,31-DEC-99,31-DEC-99,Comment is null
196953,1969535320.00,4642659,136.547787,-28.590039,47.400,55.484,8.084,9791982.31,47.400,55.484,0.12,2.67,0.10,-62.82,-24.97,-78.01,100.000,5.000,5.060,0.06,2.00,5.000,5.060,0.5,1,0,5,5,1,3,5,5,1,3,69E3,?,TR,GDA94,MSL,GRS80,B,DEG,m,m,m,um,m,m,um,m,m,m,m,um,m,m,um,99999,99999,ELN,W98,99999,ELN,DFA,AUSGEOID98,GRS80,99999,99999,31-DEC-99,31-DEC-99,Comment is null
196953,1969535321.00,5832631,136.538787,-28.636939,57.490,65.522,8.032,9792103.98,57.490,65.522,0.09,2.67,117.13,42.83,92.24,27.90,100.000,5.000,5.060,0.06,2.00,5.000,5.060,0.5,1,0,5,5,1,3,5,5,1,3,69E3,?,TR,GDA94,MSL,GRS80,B,DEG,m,m,m,um,m,m,um,m,m,m,m,um,m,m,um,99999,99999,ELN,W98,99999,ELN,DFA,AUSGEOID98,GRS80,99999,99999,31-DEC-99,31-DEC-99,Comment is null
196953,1969535322.00,4642660,136.595887,-28.647139,38.860,47.009,8.149,9792226.24,38.860,47.009,0.09,2.67,174.53,121.21,149.25,105.76,100.000,5.000,5.060,0.06,2.00,5.000,5.060,0.5,1,0,5,5,1,3,5,5,1,3,69E3,?,TR,GDA94,MSL,GRS80,B,DEG,m,m,m,um,m,m,um,m,m,m,m,um,m,m,um,99999,99999,ELN,W98,99999,ELN,DFA,AUSGEOID98,GRS80,99999,99999,31-DEC-99,31-DEC-99,Comment is null
196953,1969535323.00,5856293,136.598488,-28.699939,44.320,52.416,8.096,9792318.89,44.320,52.416,0.08,2.67,243.72,184.27,218.61,169.02,100.000,5.000,5.060,0.06,2.00,5.000,5.060,0.5,1,0,5,5,1,3,5,5,1,3,69E3,?,TR,GDA94,MSL,GRS80,B,DEG,m,m,m,um,m,m,um,m,m,m,m,um,m,m,um,99999,99999,ELN,W98,99999,ELN,DFA,AUSGEOID98,GRS80,99999,99999,31-DEC-99,31-DEC-99,Comment is null
196953,1969535324.00,5914215,136.534288,-28.703639,53.280,61.206,7.926,9792209.03,53.280,61.206,0.10,2.67,158.17,88.75,133.59,73.97,100.000,5.000,5.060,0.06,2.00,5.000,5.060,0.5,1,0,5,5,1,3,5,5,1,3,69E3,?,TR,GDA94,MSL,GRS80,B,DEG,m,m,m,um,m,m,um,m,m,m,m,um,m,m,um,99999,99999,ELN,W98,99999,ELN,DFA,AUSGEOID98,GRS80,99999,99999,31-DEC-99,31-DEC-99,Comment is null
196953,1969535325.00,4642661,136.533989,-28.773640,61.970,69.700,7.730,9792198.43,61.970,69.700,0.09,2.67,120.47,41.43,96.51,27.17,100.000,5.000,5.060,0.06,2.00,5.000,5.060,0.5,1,0,5,5,1,3,5,5,1,3,69E3,?,TR,GDA94,MSL,GRS80,B,DEG,m,m,m,um,m,m,um,m,m,m,m,um,m,m,um,99999,99999,ELN,W98,99999,ELN,DFA,AUSGEOID98,GRS80,99999,99999,31-DEC-99,31-DEC-99,Comment is null
196953,1969535326.00,4642662,136.537190,-28.820240,54.990,62.507,7.517,9792129.49,54.990,62.507,0.10,2.67,-6.18,-77.07,-29.49,-91.03,100.000,5.000,5.060,0.06,2.00,5.000,5.060,0.5,1,0,5,5,1,3,5,5,1,3,69E3,?,TR,GDA94,MSL,GRS80,B,DEG,m,m,m,um,m,m,um,m,m,m,m,um,m,m,um,99999,99999,ELN,W98,99999,ELN,DFA,AUSGEOID98,GRS80,99999,99999,31-DEC-99,31-DEC-99,Comment is null
196953,1969535327.00,4642663,136.534890,-28.876040,55.440,62.832,7.392,9792139.59,55.440,62.832,0.08,2.67,-37.66,-108.92,-60.59,-122.62,100.000,5.000,5.060,0.06,2.00,5.000,5.060,0.5,1,0,5,5,1,3,5,5,1,3,69E3,?,TR,GDA94,MSL,GRS80,B,DEG,m,m,m,um,m,m,um,m,m,m,m,um,m,m,um,99999,99999,ELN,W98,99999,ELN,DFA,AUSGEOID98,GRS80,99999,99999,31-DEC-99,31-DEC-99,Comment is null
196953,1969535328.00,4642664,136.538991,-28.940740,66.510,73.699,7.189,9792143.20,66.510,73.699,0.09,2.67,-49.98,-133.56,-72.26,-146.69,100.000,5.000,5.060,0.06,2.00,5.000,5.060,0.5,1,0,5,5,1,3,5,5,1,3,69E3,?,TR,GDA94,MSL,GRS80,B,DEG,m,m,m,um,m,m,um,m,m,m,m,um,m,m,um,99999,99999,ELN,W98,99999,ELN,DFA,AUSGEOID98,GRS80,99999,99999,31-DEC-99,31-DEC-99,Comment is null
196953,1969535329.00,5746210,136.606190,-28.939840,52.090,59.429,7.339,9792161.41,52.090,59.429,0.09,2.67,-75.11,-142.51,-97.87,-156.16,100.000,5.000,5.060,0.06,2.00,5.000,5.060,0.5,1,0,5,5,1,3,5,5,1,3,69E3,?,TR,GDA94,MSL,GRS80,B,DEG,m,m,m,um,m,m,um,m,m,m,m,um,m,m,um,99999,99999,ELN,W98,99999,ELN,DFA,AUSGEOID98,GRS80,99999,99999,31-DEC-99,31-DEC-99,Comment is null
196953,1969535330.00,4642665,136.666090,-28.935039,32.860,40.354,7.494,9792237.95,32.860,40.354,0.08,2.67,-53.76,-99.53,-77.01,-113.78,100.000,5.000,5.060,0.06,2.00,5.000,5.060,0.5,1,0,5,5,1,3,5,5,1,3,69E3,?,TR,GDA94,MSL,GRS80,B,DEG,m,m,m,um,m,m,um,m,m,m,m,um,m,m,um,99999,99999,ELN,W98,99999,ELN,DFA,AUSGEOID98,GRS80,99999,99999,31-DEC-99,31-DEC-99,Comment is null
196953,1969535331.00,5409945,136.667989,-28.877039,49.620,57.328,7.708,9792230.14,49.620,57.328,0.09,2.67,35.14,-29.88,11.24,-44.29,100.000,5.000,5.060,0.06,2.00,5.000,5.060,0.5,1,0,5,5,1,3,5,5,1,3,69E3,?,TR,GDA94,MSL,GRS80,B,DEG,m,m,m,um,m,m,um,m,m,m,m,um,m,m,um,99999,99999,ELN,W98,99999,ELN,DFA,AUSGEOID98,GRS80,99999,99999,31-DEC-99,31-DEC-99,Comment is null
196953,1969535332.00,5409106,136.603390,-28.881639,42.700,50.234,7.534,9792178.02,42.700,50.234,0.07,2.67,-42.39,-99.36,-65.76,-113.55,100.000,5.000,5.060,0.06,2.00,5.000,5.060,0.5,1,0,5,5,1,3,5,5,1,3,69E3,?,TR,GDA94,MSL,GRS80,B,DEG,m,m,m,um,m,m,um,m,m,m,m,um,m,m,um,99999,99999,ELN,W98,99999,ELN,DFA,AUSGEOID98,GRS80,99999,99999,31-DEC-99,31-DEC-99,Comment is null
196953,1969535333.00,4642666,136.600889,-28.829439,45.200,52.848,7.648,9792210.03,45.200,52.848,0.07,2.67,37.54,-22.40,13.82,-36.76,100.000,5.000,5.060,0.06,2.00,5.000,5.060,0.5,1,0,5,5,1,3,5,5,1,3,69E3,?,TR,GDA94,MSL,GRS80,B,DEG,m,m,m,um,m,m,um,m,m,m,m,um,m,m,um,99999,99999,ELN,W98,99999,ELN,DFA,AUSGEOID98,GRS80,99999,99999,31-DEC-99,31-DEC-99,Comment is null
196953,1969535334.00,4642667,136.602888,-28.765539,49.470,57.421,7.951,9792300.88,49.470,57.421,0.07,2.67,191.21,126.09,166.56,111.20,100.000,5.000,5.060,0.06,2.00,5.000,5.060,0.5,1,0,5,5,1,3,5,5,1,3,69E3,?,TR,GDA94,MSL,GRS80,B,DEG,m,m,m,um,m,m,um,m,m,m,m,um,m,m,um,99999,99999,ELN,W98,99999,ELN,DFA,AUSGEOID98,GRS80,99999,99999,31-DEC-99,31-DEC-99,Comment is null
196953,1969535335.00,4642668,136.668088,-28.769238,36.090,44.172,8.082,9792337.30,36.090,44.172,0.08,2.67,183.93,133.83,158.86,118.48,100.000,5.000,5.060,0.06,2.00,5.000,5.060,0.5,1,0,5,5,1,3,5,5,1,3,69E3,?,TR,GDA94,MSL,GRS80,B,DEG,m,m,m,um,m,m,um,m,m,m,m,um,m,m,um,99999,99999,ELN,W98,99999,ELN,DFA,AUSGEOID98,GRS80,99999,99999,31-DEC-99,31-DEC-99,Comment is null
196953,1969535336.00,4642669,136.657088,-28.824339,46.390,54.193,7.803,9792255.86,46.390,54.193,0.08,2.67,91.40,29.94,67.20,15.29,100.000,5.000,5.060,0.06,2.00,5.000,5.060,0.5,1,0,5,5,1,3,5,5,1,3,69E3,?,TR,GDA94,MSL,GRS80,B,DEG,m,m,m,um,m,m,um,m,m,m,m,um,m,m,um,99999,99999,ELN,W98,99999,ELN,DFA,AUSGEOID98,GRS80,99999,99999,31-DEC-99,31-DEC-99,Comment is null
196953,1969535337.00,4642670,136.673487,-28.692938,37.700,45.952,8.252,9792349.81,37.700,45.952,0.08,2.67,260.01,207.90,234.42,192.23,100.000,5.000,5.060,0.06,2.00,5.000,5.060,0.5,1,0,5,5,1,3,5,5,1,3,69E3,?,TR,GDA94,MSL,GRS80,B,DEG,m,m,m,um,m,m,um,m,m,m,m,um,m,m,um,99999,99999,ELN,W98,99999,ELN,DFA,AUSGEOID98,GRS80,99999,99999,31-DEC-99,31-DEC-99,Comment is null
196953,1969535338.00,4642671,136.722988,-28.883538,20.760,28.567,7.807,9792305.68,20.760,28.567,0.14,2.67,16.97,-15.43,-7.27,-30.50,100.000,5.000,5.060,0.06,2.00,5.000,5.060,0.5,1,0,5,5,1,3,5,5,1,3,69E3,?,TR,GDA94,MSL,GRS80,B,DEG,m,m,m,um,m,m,um,m,m,m,m,um,m,m,um,99999,99999,ELN,W98,99999,ELN,DFA,AUSGEOID98,GRS80,99999,99999,31-DEC-99,31-DEC-99,Comment is null
196953,1969535339.00,4642672,136.729489,-28.937138,34.630,42.265,7.635,9792275.47,34.630,42.265,0.33,2.67,-11.94,-59.88,-35.64,-74.39,100.000,5.000,5.060,0.06,2.00,5.000,5.060,0.5,1,0,5,5,1,3,5,5,1,3,69E3,?,TR,GDA94,MSL,GRS80,B,DEG,m,m,m,um,m,m,um,m,m,m,m,um,m,m,um,99999,99999,ELN,W98,99999,ELN,DFA,AUSGEOID98,GRS80,99999,99999,31-DEC-99,31-DEC-99,Comment is null
196953,1969535340.00,5699083,136.814188,-28.922338,30.270,38.122,7.852,9792281.37,30.270,38.122,0.09,2.67,-7.51,-50.75,-31.87,-65.75,100.000,5.000,5.060,0.06,2.00,5.000,5.060,0.5,1,0,5,5,1,3,5,5,1,3,69E3,?,TR,GDA94,MSL,GRS80,B,DEG,m,m,m,um,m,m,um,m,m,m,m,um,m,m,um,99999,99999,ELN,W98,99999,ELN,DFA,AUSGEOID98,GRS80,99999,99999,31-DEC-99,31-DEC-99,Comment is null
196953,1969535341.00,4642673,136.879988,-28.947637,43.310,51.183,7.873,9792244.85,43.310,51.183,0.48,2.67,-23.07,-81.12,-47.49,-95.95,100.000,5.000,5.060,0.06,2.00,5.000,5.060,0.5,1,0,5,5,1,3,5,5,1,3,69E3,?,TR,GDA94,MSL,GRS80,B,DEG,m,m,m,um,m,m,um,m,m,m,m,um,m,m,um,99999,99999,ELN,W98,99999,ELN,DFA,AUSGEOID98,GRS80,99999,99999,31-DEC-99,31-DEC-99,Comment is null
196953,1969535342.00,4642674,136.867287,-28.885937,6.100,14.141,8.041,9792382.72,6.100,14.141,0.24,2.67,47.66,31.62,22.69,15.87,100.000,5.000,5.060,0.06,2.00,5.000,5.060,0.5,1,0,5,5,1,3,5,5,1,3,69E3,?,TR,GDA94,MSL,GRS80,B,DEG,m,m,m,um,m,m,um,m,m,m,m,um,m,m,um,99999,99999,ELN,W98,99999,ELN,DFA,AUSGEOID98,GRS80,99999,99999,31-DEC-99,31-DEC-99,Comment is null
196953,1969535343.00,5991239,136.805188,-28.878537,38.620,46.602,7.982,9792301.78,38.620,46.602,0.15,2.67,72.54,19.68,47.78,4.56,100.000,5.000,5.060,0.06,2.00,5.000,5.060,0.5,1,0,5,5,1,3,5,5,1,3,69E3,?,TR,GDA94,MSL,GRS80,B,DEG,m,m,m,um,m,m,um,m,m,m,m,um,m,m,um,99999,99999,ELN,W98,99999,ELN,DFA,AUSGEOID98,GRS80,99999,99999,31-DEC-99,31-DEC-99,Comment is null
196953,1969535344.00,4642675,136.801787,-28.821937,23.470,31.559,8.089,9792358.31,23.470,31.559,0.18,2.67,125.85,90.05,100.75,74.48,100.000,5.000,5.060,0.06,2.00,5.000,5.060,0.5,1,0,5,5,1,3,5,5,1,3,69E3,?,TR,GDA94,MSL,GRS80,B,DEG,m,m,m,um,m,m,um,m,m,m,m,um,m,m,um,99999,99999,ELN,W98,99999,ELN,DFA,AUSGEOID98,GRS80,99999,99999,31-DEC-99,31-DEC-99,Comment is null
196953,1969535345.00,5981406,136.871586,-28.817537,-3.960,4.226,8.186,9792390.33,-3.960,4.226,0.14,2.67,76.88,72.09,51.45,55.88,100.000,5.000,5.060,0.06,2.00,5.000,5.060,0.5,1,0,5,5,1,3,5,5,1,3,69E3,?,TR,GDA94,MSL,GRS80,B,DEG,m,m,m,um,m,m,um,m,m,m,m,um,m,m,um,99999,99999,ELN,W98,99999,ELN,DFA,AUSGEOID98,GRS80,99999,99999,31-DEC-99,31-DEC-99,Comment is null
196953,1969535346.00,5408830,136.861086,-28.763937,-7.010,1.325,8.335,9792320.69,-7.010,1.325,0.15,2.67,39.15,37.65,13.26,21.10,100.000,5.000,5.060,0.06,2.00,5.000,5.060,0.5,1,0,5,5,1,3,5,5,1,3,69E3,?,TR,GDA94,MSL,GRS80,B,DEG,m,m,m,um,m,m,um,m,m,m,m,um,m,m,um,99999,99999,ELN,W98,99999,ELN,DFA,AUSGEOID98,GRS80,99999,99999,31-DEC-99,31-DEC-99,Comment is null
196953,1969535347.00,5686194,136.799586,-28.763537,10.670,18.957,8.287,9792361.61,10.670,18.957,0.10,2.67,134.78,113.28,109.06,97.12,100.000,5.000,5.060,0.06,2.00,5.000,5.060,0.5,1,0,5,5,1,3,5,5,1,3,69E3,?,TR,GDA94,MSL,GRS80,B,DEG,m,m,m,um,m,m,um,m,m,m,m,um,m,m,um,99999,99999,ELN,W98,99999,ELN,DFA,AUSGEOID98,GRS80,99999,99999,31-DEC-99,31-DEC-99,Comment is null
196953,1969535348.00,5880243,136.736387,-28.765738,17.680,25.893,8.213,9792422.34,17.680,25.893,0.10,2.67,215.24,185.87,189.75,169.96,100.000,5.000,5.060,0.06,2.00,5.000,5.060,0.5,1,0,5,5,1,3,5,5,1,3,69E3,?,TR,GDA94,MSL,GRS80,B,DEG,m,m,m,um,m,m,um,m,m,m,m,um,m,m,um,99999,99999,ELN,W98,99999,ELN,DFA,AUSGEOID98,GRS80,99999,99999,31-DEC-99,31-DEC-99,Comment is null
196953,1969535350.00,4642676,136.543685,-28.448938,41.730,49.940,8.210,9791857.75,41.730,49.940,0.12,2.67,-34.67,-91.31,-60.13,-106.83,100.000,5.000,5.060,0.06,2.00,5.000,5.060,0.5,1,0,5,5,1,3,5,5,1,3,69E3,?,TR,GDA94,MSL,GRS80,B,DEG,m,m,m,um,m,m,um,m,m,m,m,um,m,m,um,99999,99999,ELN,W98,99999,ELN,DFA,AUSGEOID98,GRS80,99999,99999,31-DEC-99,31-DEC-99,Comment is null
196953,1969535351.00,5809396,136.603884,-28.451338,19.630,27.945,8.315,9791932.28,19.630,27.945,0.11,2.67,-29.81,-61.51,-55.62,-77.59,100.000,5.000,5.060,0.06,2.00,5.000,5.060,0.5,1,1,5,5,1,3,5,5,1,3,69E3,?,TR,GDA94,MSL,GRS80,B,DEG,m,m,m,um,m,m,um,m,m,m,m,um,m,m,um,99999,99999,ELN,W98,99999,ELN,DFA,AUSGEOID98,GRS80,99999,99999,31-DEC-99,31-DEC-99,Comment is null
196953,1969535352.00,4642677,136.673084,-28.450437,10.970,19.406,8.436,9791965.00,10.970,19.406,0.11,2.67,-22.76,-44.78,-48.96,-61.23,100.000,5.000,5.060,0.06,2.00,5.000,5.060,0.5,1,1,5,5,1,3,5,5,1,3,69E3,?,TR,GDA94,MSL,GRS80,B,DEG,m,m,m,um,m,m,um,m,m,m,m,um,m,m,um,99999,99999,ELN,W98,99999,ELN,DFA,AUSGEOID98,GRS80,99999,99999,31-DEC-99,31-DEC-99,Comment is null
196953,1969535353.00,5262830,136.736783,-28.457737,5.490,14.027,8.537,9792007.93,5.490,14.027,0.08,2.67,-1.96,-17.87,-28.47,-34.61,100.000,5.000,5.060,0.06,2.00,5.000,5.060,0.5,1,1,5,5,1,3,5,5,1,3,69E3,?,TR,GDA94,MSL,GRS80,B,DEG,m,m,m,um,m,m,um,m,m,m,m,um,m,m,um,99999,99999,ELN,W98,99999,ELN,DFA,AUSGEOID98,GRS80,99999,99999,31-DEC-99,31-DEC-99,Comment is null
196953,1969535354.00,4642678,136.813582,-28.458436,3.350,12.008,8.658,9792040.64,3.350,12.008,0.05,2.67,24.00,10.38,-2.89,-6.64,100.000,5.000,5.060,0.06,2.00,5.000,5.060,0.5,1,1,5,5,1,3,5,5,1,3,69E3,?,TR,GDA94,MSL,GRS80,B,DEG,m,m,m,um,m,m,um,m,m,m,m,um,m,m,um,99999,99999,ELN,W98,99999,ELN,DFA,AUSGEOID98,GRS80,99999,99999,31-DEC-99,31-DEC-99,Comment is null
196953,1969535355.00,5765309,136.892981,-28.445835,-6.710,2.062,8.772,9792016.53,-6.710,2.062,0.05,2.67,-21.27,-23.61,-48.52,-41.01,100.000,5.000,5.060,0.06,2.00,5.000,5.060,0.5,1,1,5,5,1,3,5,5,1,3,69E3,?,TR,GDA94,MSL,GRS80,B,DEG,m,m,m,um,m,m,um,m,m,m,m,um,m,m,um,99999,99999,ELN,W98,99999,ELN,DFA,AUSGEOID98,GRS80,99999,99999,31-DEC-99,31-DEC-99,Comment is null
196953,1969535501.00,5924054,136.251905,-29.782947,115.820,120.392,4.572,9792547.31,115.820,120.392,0.13,2.67,-151.79,-288.31,-165.95,-295.55,100.000,5.000,5.060,0.06,2.00,5.000,5.060,0.5,1,0,5,5,1,3,5,5,1,3,69E3,?,TR,GDA94,MSL,GRS80,B,DEG,m,m,m,um,m,m,um,m,m,m,m,um,m,m,um,99999,99999,ELN,W98,99999,ELN,DFA,AUSGEOID98,GRS80,99999,99999,31-DEC-99,31-DEC-99,Comment is null
196953,1969535502.00,5409485,136.401102,-29.708645,87.010,92.147,5.137,9792656.47,87.010,92.147,0.15,2.67,-71.97,-176.47,-87.90,-185.26,100.000,5.000,5.060,0.06,2.00,5.000,5.060,0.5,1,0,5,5,1,3,5,5,1,3,69E3,?,TR,GDA94,MSL,GRS80,B,DEG,m,m,m,um,m,m,um,m,m,m,m,um,m,m,um,99999,99999,ELN,W98,99999,ELN,DFA,AUSGEOID98,GRS80,99999,99999,31-DEC-99,31-DEC-99,Comment is null
196953,1969535503.00,4642679,136.408001,-29.648444,74.980,80.225,5.245,9792640.56,74.980,80.225,0.10,2.67,-77.89,-168.87,-94.16,-178.06,100.000,5.000,5.060,0.06,2.00,5.000,5.060,0.5,1,0,5,5,1,3,5,5,1,3,69E3,?,TR,GDA94,MSL,GRS80,B,DEG,m,m,m,um,m,m,um,m,m,m,m,um,m,m,um,99999,99999,ELN,W98,99999,ELN,DFA,AUSGEOID98,GRS80,99999,99999,31-DEC-99,31-DEC-99,Comment is null
196953,1969535504.00,5719707,136.400801,-29.592744,61.170,66.519,5.349,9792585.93,61.170,66.519,0.14,2.67,-131.58,-207.02,-148.19,-216.64,100.000,5.000,5.060,0.06,2.00,5.000,5.060,0.5,1,0,5,5,1,3,5,5,1,3,69E3,?,TR,GDA94,MSL,GRS80,B,DEG,m,m,m,um,m,m,um,m,m,m,m,um,m,m,um,99999,99999,ELN,W98,99999,ELN,DFA,AUSGEOID98,GRS80,99999,99999,31-DEC-99,31-DEC-99,Comment is null
196953,1969535505.00,4642680,136.403900,-29.536844,52.110,57.574,5.464,9792535.50,52.110,57.574,0.13,2.67,-166.28,-231.58,-183.25,-241.56,100.000,5.000,5.060,0.06,2.00,5.000,5.060,0.5,1,0,5,5,1,3,5,5,1,3,69E3,?,TR,GDA94,MSL,GRS80,B,DEG,m,m,m,um,m,m,um,m,m,m,m,um,m,m,um,99999,99999,ELN,W98,99999,ELN,DFA,AUSGEOID98,GRS80,99999,99999,31-DEC-99,31-DEC-99,Comment is null
196953,1969535506.00,5828543,136.469599,-29.549543,55.800,61.379,5.579,9792550.01,55.800,61.379,0.15,2.67,-149.87,-219.48,-167.19,-229.63,100.000,5.000,5.060,0.06,2.00,5.000,5.060,0.5,1,0,5,5,1,3,5,5,1,3,69E3,?,TR,GDA94,MSL,GRS80,B,DEG,m,m,m,um,m,m,um,m,m,m,m,um,m,m,um,99999,99999,ELN,W98,99999,ELN,DFA,AUSGEOID98,GRS80,99999,99999,31-DEC-99,31-DEC-99,Comment is null
196953,1969535507.00,5786917,136.469600,-29.596744,74.210,79.701,5.491,9792552.81,74.210,79.701,0.16,2.67,-127.13,-217.52,-144.16,-227.20,100.000,5.000,5.060,0.06,2.00,5.000,5.060,0.5,1,0,5,5,1,3,5,5,1,3,69E3,?,TR,GDA94,MSL,GRS80,B,DEG,m,m,m,um,m,m,um,m,m,m,m,um,m,m,um,99999,99999,ELN,W98,99999,ELN,DFA,AUSGEOID98,GRS80,99999,99999,31-DEC-99,31-DEC-99,Comment is null
196953,1969535508.00,4642681,136.462401,-29.648844,79.190,84.562,5.372,9792591.43,79.190,84.562,0.15,2.67,-113.95,-209.84,-130.61,-219.22,100.000,5.000,5.060,0.06,2.00,5.000,5.060,0.5,1,0,5,5,1,3,5,5,1,3,69E3,?,TR,GDA94,MSL,GRS80,B,DEG,m,m,m,um,m,m,um,m,m,m,m,um,m,m,um,99999,99999,ELN,W98,99999,ELN,DFA,AUSGEOID98,GRS80,99999,99999,31-DEC-99,31-DEC-99,Comment is null
196953,1969535509.00,5409107,136.466901,-29.704244,97.570,102.874,5.304,9792634.16,97.570,102.874,0.11,2.67,-57.76,-174.42,-74.20,-183.38,100.000,5.000,5.060,0.06,2.00,5.000,5.060,0.5,1,0,5,5,1,3,5,5,1,3,69E3,?,TR,GDA94,MSL,GRS80,B,DEG,m,m,m,um,m,m,um,m,m,m,m,um,m,m,um,99999,99999,ELN,W98,99999,ELN,DFA,AUSGEOID98,GRS80,99999,99999,31-DEC-99,31-DEC-99,Comment is null
196953,1969535510.00,5880244,136.460502,-29.769744,93.760,98.932,5.172,9792702.39,93.760,98.932,0.07,2.67,-52.65,-164.83,-68.67,-173.59,100.000,5.000,5.060,0.06,2.00,5.000,5.060,0.5,1,0,5,5,1,3,5,5,1,3,69E3,?,TR,GDA94,MSL,GRS80,B,DEG,m,m,m,um,m,m,um,m,m,m,m,um,m,m,um,99999,99999,ELN,W98,99999,ELN,DFA,AUSGEOID98,GRS80,99999,99999,31-DEC-99,31-DEC-99,Comment is null
196953,1969535511.00,4642682,136.405403,-29.769945,115.030,120.060,5.030,9792682.88,115.030,120.060,0.15,2.67,-7.12,-143.26,-22.70,-151.41,100.000,5.000,5.060,0.06,2.00,5.000,5.060,0.5,1,0,5,5,1,3,5,5,1,3,69E3,?,TR,GDA94,MSL,GRS80,B,DEG,m,m,m,um,m,m,um,m,m,m,m,um,m,m,um,99999,99999,ELN,W98,99999,ELN,DFA,AUSGEOID98,GRS80,99999,99999,31-DEC-99,31-DEC-99,Comment is null
196953,1969535512.00,5746211,136.327503,-29.707246,89.420,94.371,4.951,9792623.55,89.420,94.371,0.08,2.67,-96.94,-203.96,-112.29,-212.35,100.000,5.000,5.060,0.06,2.00,5.000,5.060,0.5,1,0,5,5,1,3,5,5,1,3,69E3,?,TR,GDA94,MSL,GRS80,B,DEG,m,m,m,um,m,m,um,m,m,m,m,um,m,m,um,99999,99999,ELN,W98,99999,ELN,DFA,AUSGEOID98,GRS80,99999,99999,31-DEC-99,31-DEC-99,Comment is null
196953,1969535513.00,5408343,136.332402,-29.656545,76.900,81.954,5.054,9792578.23,76.900,81.954,0.09,2.67,-141.18,-234.12,-156.86,-242.91,100.000,5.000,5.060,0.06,2.00,5.000,5.060,0.5,1,0,5,5,1,3,5,5,1,3,69E3,?,TR,GDA94,MSL,GRS80,B,DEG,m,m,m,um,m,m,um,m,m,m,m,um,m,m,um,99999,99999,ELN,W98,99999,ELN,DFA,AUSGEOID98,GRS80,99999,99999,31-DEC-99,31-DEC-99,Comment is null
196953,1969535514.00,4642683,136.272203,-29.658246,81.690,86.606,4.916,9792587.33,81.690,86.606,0.13,2.67,-119.04,-217.26,-134.29,-225.70,100.000,5.000,5.060,0.06,2.00,5.000,5.060,0.5,1,0,5,5,1,3,5,5,1,3,69E3,?,TR,GDA94,MSL,GRS80,B,DEG,m,m,m,um,m,m,um,m,m,m,m,um,m,m,um,99999,99999,ELN,W98,99999,ELN,DFA,AUSGEOID98,GRS80,99999,99999,31-DEC-99,31-DEC-99,Comment is null
196953,1969535515.00,4642684,136.278002,-29.599146,82.070,87.170,5.100,9792574.12,82.070,87.170,0.11,2.67,-84.64,-183.49,-100.46,-192.29,100.000,5.000,5.060,0.06,2.00,5.000,5.060,0.5,1,0,5,5,1,3,5,5,1,3,69E3,?,TR,GDA94,MSL,GRS80,B,DEG,m,m,m,um,m,m,um,m,m,m,m,um,m,m,um,99999,99999,ELN,W98,99999,ELN,DFA,AUSGEOID98,GRS80,99999,99999,31-DEC-99,31-DEC-99,Comment is null
196953,1969535516.00,5874707,136.334201,-29.586045,59.130,64.364,5.234,9792595.14,59.130,64.364,0.12,2.67,-123.83,-196.83,-140.09,-206.25,100.000,5.000,5.060,0.06,2.00,5.000,5.060,0.5,1,0,5,5,1,3,5,5,1,3,69E3,?,TR,GDA94,MSL,GRS80,B,DEG,m,m,m,um,m,m,um,m,m,m,m,um,m,m,um,99999,99999,ELN,W98,99999,ELN,DFA,AUSGEOID98,GRS80,99999,99999,31-DEC-99,31-DEC-99,Comment is null
196953,1969535517.00,4642685,136.340501,-29.538645,69.860,75.209,5.349,9792531.90,69.860,75.209,0.10,2.67,-116.87,-202.16,-133.46,-211.64,100.000,5.000,5.060,0.06,2.00,5.000,5.060,0.5,1,0,5,5,1,3,5,5,1,3,69E3,?,TR,GDA94,MSL,GRS80,B,DEG,m,m,m,um,m,m,um,m,m,m,m,um,m,m,um,99999,99999,ELN,W98,99999,ELN,DFA,AUSGEOID98,GRS80,99999,99999,31-DEC-99,31-DEC-99,Comment is null
196953,1969535518.00,4642686,136.278301,-29.546845,69.030,74.262,5.232,9792606.94,69.030,74.262,0.14,2.67,-51.10,-135.32,-67.34,-144.58,100.000,5.000,5.060,0.06,2.00,5.000,5.060,0.5,1,0,5,5,1,3,5,5,1,3,69E3,?,TR,GDA94,MSL,GRS80,B,DEG,m,m,m,um,m,m,um,m,m,m,m,um,m,m,um,99999,99999,ELN,W98,99999,ELN,DFA,AUSGEOID98,GRS80,99999,99999,31-DEC-99,31-DEC-99,Comment is null
196953,1969535519.00,4642687,136.228902,-29.527946,74.030,79.233,5.203,9792574.12,74.030,79.233,0.18,2.67,-53.94,-143.79,-70.08,-152.92,100.000,5.000,5.060,0.06,2.00,5.000,5.060,0.5,1,0,5,5,1,3,5,5,1,3,69E3,?,TR,GDA94,MSL,GRS80,B,DEG,m,m,m,um,m,m,um,m,m,m,m,um,m,m,um,99999,99999,ELN,W98,99999,ELN,DFA,AUSGEOID98,GRS80,99999,99999,31-DEC-99,31-DEC-99,Comment is null
196953,1969535520.00,4642688,136.199703,-29.606346,98.010,102.962,4.952,9792507.79,98.010,102.962,0.14,2.67,-107.83,-224.59,-123.18,-232.85,100.000,5.000,5.060,0.06,2.00,5.000,5.060,0.5,1,0,5,5,1,3,5,5,1,3,69E3,?,TR,GDA94,MSL,GRS80,B,DEG,m,m,m,um,m,m,um,m,m,m,m,um,m,m,um,99999,99999,ELN,W98,99999,ELN,DFA,AUSGEOID98,GRS80,99999,99999,31-DEC-99,31-DEC-99,Comment is null
196953,1969535521.00,5728551,136.202904,-29.655947,108.960,113.761,4.801,9792487.08,108.960,113.761,0.25,2.67,-133.72,-262.72,-148.60,-270.52,100.000,5.000,5.060,0.06,2.00,5.000,5.060,0.5,1,0,5,5,1,3,5,5,1,3,69E3,?,TR,GDA94,MSL,GRS80,B,DEG,m,m,m,um,m,m,um,m,m,m,m,um,m,m,um,99999,99999,ELN,W98,99999,ELN,DFA,AUSGEOID98,GRS80,99999,99999,31-DEC-99,31-DEC-99,Comment is null
196953,1969535522.00,5848268,136.201704,-29.698247,84.510,89.194,4.684,9792548.91,84.510,89.194,0.18,2.67,-180.56,-281.71,-195.09,-289.66,100.000,5.000,5.060,0.06,2.00,5.000,5.060,0.5,1,0,5,5,1,3,5,5,1,3,69E3,?,TR,GDA94,MSL,GRS80,B,DEG,m,m,m,um,m,m,um,m,m,m,m,um,m,m,um,99999,99999,ELN,W98,99999,ELN,DFA,AUSGEOID98,GRS80,99999,99999,31-DEC-99,31-DEC-99,Comment is null
196953,1969535523.00,4642689,136.272703,-29.690246,88.690,93.541,4.851,9792598.44,88.690,93.541,0.11,2.67,-111.40,-217.48,-126.44,-225.69,100.000,5.000,5.060,0.06,2.00,5.000,5.060,0.5,1,0,5,5,1,3,5,5,1,3,69E3,?,TR,GDA94,MSL,GRS80,B,DEG,m,m,m,um,m,m,um,m,m,m,m,um,m,m,um,99999,99999,ELN,W98,99999,ELN,DFA,AUSGEOID98,GRS80,99999,99999,31-DEC-99,31-DEC-99,Comment is null
196953,1969535524.00,4642690,136.330104,-29.773046,98.360,103.168,4.808,9792656.97,98.360,103.168,0.15,2.67,-87.57,-204.56,-102.47,-212.54,100.000,5.000,5.060,0.06,2.00,5.000,5.060,0.5,1,0,5,5,1,3,5,5,1,3,69E3,?,TR,GDA94,MSL,GRS80,B,DEG,m,m,m,um,m,m,um,m,m,m,m,um,m,m,um,99999,99999,ELN,W98,99999,ELN,DFA,AUSGEOID98,GRS80,99999,99999,31-DEC-99,31-DEC-99,Comment is null
196953,1969535525.00,4642691,136.192905,-29.773947,106.880,111.340,4.460,9792523.50,106.880,111.340,0.12,2.67,-196.53,-322.78,-210.35,-329.95,100.000,5.000,5.060,0.06,2.00,5.000,5.060,0.5,1,0,5,5,1,3,5,5,1,3,69E3,?,TR,GDA94,MSL,GRS80,B,DEG,m,m,m,um,m,m,um,m,m,m,m,um,m,m,um,99999,99999,ELN,W98,99999,ELN,DFA,AUSGEOID98,GRS80,99999,99999,31-DEC-99,31-DEC-99,Comment is null
196953,1969535526.00,5908271,136.206106,-29.834847,112.500,116.836,4.336,9792557.12,112.500,116.836,0.06,2.67,-193.39,-325.88,-206.83,-332.71,100.000,5.000,5.060,0.06,2.00,5.000,5.060,0.5,1,0,5,5,1,3,5,5,1,3,69E3,?,TR,GDA94,MSL,GRS80,B,DEG,m,m,m,um,m,m,um,m,m,m,m,um,m,m,um,99999,99999,ELN,W98,99999,ELN,DFA,AUSGEOID98,GRS80,99999,99999,31-DEC-99,31-DEC-99,Comment is null
196953,1969535527.00,4642692,136.203407,-29.901548,114.000,118.176,4.176,9792654.27,114.000,118.176,0.13,2.67,-144.14,-278.14,-157.07,-284.64,100.000,5.000,5.060,0.06,2.00,5.000,5.060,0.5,1,0,5,5,1,3,5,5,1,3,69E3,?,TR,GDA94,MSL,GRS80,B,DEG,m,m,m,um,m,m,um,m,m,m,m,um,m,m,um,99999,99999,ELN,W98,99999,ELN,DFA,AUSGEOID98,GRS80,99999,99999,31-DEC-99,31-DEC-99,Comment is null
196953,1969535528.00,5765310,136.195707,-29.943848,131.690,135.753,4.063,9792623.45,131.690,135.753,0.20,2.67,-153.75,-307.68,-166.33,-313.69,100.000,5.000,5.060,0.06,2.00,5.000,5.060,0.5,1,0,5,5,1,3,5,5,1,3,69E3,?,TR,GDA94,MSL,GRS80,B,DEG,m,m,m,um,m,m,um,m,m,m,m,um,m,m,um,99999,99999,ELN,W98,99999,ELN,DFA,AUSGEOID98,GRS80,99999,99999,31-DEC-99,31-DEC-99,Comment is null
196953,1969535529.00,4642693,136.230508,-30.010548,117.650,121.639,3.989,9792730.21,117.650,121.639,0.22,2.67,-142.69,-280.61,-155.04,-286.69,100.000,5.000,5.060,0.06,2.00,5.000,5.060,0.5,1,0,5,5,1,3,5,5,1,3,69E3,?,TR,GDA94,MSL,GRS80,B,DEG,m,m,m,um,m,m,um,m,m,m,m,um,m,m,um,99999,99999,ELN,W98,99999,ELN,DFA,AUSGEOID98,GRS80,99999,99999,31-DEC-99,31-DEC-99,Comment is null
196953,1969535530.00,4642694,136.285207,-30.003147,100.400,104.535,4.135,9792716.80,100.400,104.535,0.10,2.67,-203.08,-321.62,-215.90,-328.25,100.000,5.000,5.060,0.06,2.00,5.000,5.060,0.5,1,0,5,5,1,3,5,5,1,3,69E3,?,TR,GDA94,MSL,GRS80,B,DEG,m,m,m,um,m,m,um,m,m,m,m,um,m,m,um,99999,99999,ELN,W98,99999,ELN,DFA,AUSGEOID98,GRS80,99999,99999,31-DEC-99,31-DEC-99,Comment is null
196953,1969535531.00,5786918,136.330007,-30.000247,118.480,122.743,4.263,9792667.17,118.480,122.743,0.05,2.67,-194.26,-333.44,-207.46,-340.04,100.000,5.000,5.060,0.06,2.00,5.000,5.060,0.5,1,0,5,5,1,3,5,5,1,3,69E3,?,TR,GDA94,MSL,GRS80,B,DEG,m,m,m,um,m,m,um,m,m,m,m,um,m,m,um,99999,99999,ELN,W98,99999,ELN,DFA,AUSGEOID98,GRS80,99999,99999,31-DEC-99,31-DEC-99,Comment is null
196953,1969535532.00,4642695,136.336006,-29.946446,112.260,116.656,4.396,9792628.55,112.260,116.656,0.03,2.67,-209.60,-341.88,-223.22,-348.84,100.000,5.000,5.060,0.06,2.00,5.000,5.060,0.5,1,0,5,5,1,3,5,5,1,3,69E3,?,TR,GDA94,MSL,GRS80,B,DEG,m,m,m,um,m,m,um,m,m,m,m,um,m,m,um,99999,99999,ELN,W98,99999,ELN,DFA,AUSGEOID98,GRS80,99999,99999,31-DEC-99,31-DEC-99,Comment is null
196953,1969535533.00,5699084,136.268107,-29.944147,100.800,105.020,4.220,9792683.58,100.800,105.020,0.11,2.67,-188.68,-307.77,-201.76,-314.56,100.000,5.000,5.060,0.06,2.00,5.000,5.060,0.5,1,0,5,5,1,3,5,5,1,3,69E3,?,TR,GDA94,MSL,GRS80,B,DEG,m,m,m,um,m,m,um,m,m,m,m,um,m,m,um,99999,99999,ELN,W98,99999,ELN,DFA,AUSGEOID98,GRS80,99999,99999,31-DEC-99,31-DEC-99,Comment is null
196953,1969535534.00,5886624,136.266406,-29.890747,101.010,105.354,4.344,9792639.26,101.010,105.354,0.06,2.67,-190.28,-309.74,-203.74,-316.77,100.000,5.000,5.060,0.06,2.00,5.000,5.060,0.5,1,0,5,5,1,3,5,5,1,3,69E3,?,TR,GDA94,MSL,GRS80,B,DEG,m,m,m,um,m,m,um,m,m,m,m,um,m,m,um,99999,99999,ELN,W98,99999,ELN,DFA,AUSGEOID98,GRS80,99999,99999,31-DEC-99,31-DEC-99,Comment is null
196953,1969535535.00,5809397,136.266305,-29.828747,108.900,113.396,4.496,9792578.73,108.900,113.396,0.05,2.67,-177.64,-306.23,-191.57,-313.43,100.000,5.000,5.060,0.06,2.00,5.000,5.060,0.5,1,0,5,5,1,3,5,5,1,3,69E3,?,TR,GDA94,MSL,GRS80,B,DEG,m,m,m,um,m,m,um,m,m,m,m,um,m,m,um,99999,99999,ELN,W98,99999,ELN,DFA,AUSGEOID98,GRS80,99999,99999,31-DEC-99,31-DEC-99,Comment is null
196953,1969535536.00,4642696,136.341804,-29.829946,118.920,123.630,4.710,9792646.76,118.920,123.630,0.10,2.67,-78.96,-219.15,-93.54,-226.62,100.000,5.000,5.060,0.06,2.00,5.000,5.060,0.5,1,0,5,5,1,3,5,5,1,3,69E3,?,TR,GDA94,MSL,GRS80,B,DEG,m,m,m,um,m,m,um,m,m,m,m,um,m,m,um,99999,99999,ELN,W98,99999,ELN,DFA,AUSGEOID98,GRS80,99999,99999,31-DEC-99,31-DEC-99,Comment is null
196953,1969535537.00,5410152,136.335605,-29.885246,101.760,106.309,4.549,9792682.58,101.760,106.309,0.05,2.67,-139.71,-260.26,-153.81,-267.68,100.000,5.000,5.060,0.06,2.00,5.000,5.060,0.5,1,0,5,5,1,3,5,5,1,3,69E3,?,TR,GDA94,MSL,GRS80,B,DEG,m,m,m,um,m,m,um,m,m,m,m,um,m,m,um,99999,99999,ELN,W98,99999,ELN,DFA,AUSGEOID98,GRS80,99999,99999,31-DEC-99,31-DEC-99,Comment is null
196953,1969535538.00,4642697,136.402405,-29.888346,109.690,114.434,4.744,9792691.49,109.690,114.434,0.09,2.67,-108.16,-237.92,-122.85,-245.59,100.000,5.000,5.060,0.06,2.00,5.000,5.060,0.5,1,0,5,5,1,3,5,5,1,3,69E3,?,TR,GDA94,MSL,GRS80,B,DEG,m,m,m,um,m,m,um,m,m,m,m,um,m,m,um,99999,99999,ELN,W98,99999,ELN,DFA,AUSGEOID98,GRS80,99999,99999,31-DEC-99,31-DEC-99,Comment is null
196953,1969535539.00,5409486,136.399305,-29.947746,107.230,111.817,4.587,9792678.48,107.230,111.817,0.05,2.67,-175.62,-302.42,-189.83,-309.82,100.000,5.000,5.060,0.06,2.00,5.000,5.060,0.5,1,0,5,5,1,3,5,5,1,3,69E3,?,TR,GDA94,MSL,GRS80,B,DEG,m,m,m,um,m,m,um,m,m,m,m,um,m,m,um,99999,99999,ELN,W98,99999,ELN,DFA,AUSGEOID98,GRS80,99999,99999,31-DEC-99,31-DEC-99,Comment is null
196953,1969535540.00,5973657,136.395906,-30.012846,95.090,99.535,4.445,9792800.44,95.090,99.535,0.08,2.67,-142.45,-255.32,-156.23,-262.64,100.000,5.000,5.060,0.06,2.00,5.000,5.060,0.5,1,0,5,5,1,3,5,5,1,3,69E3,?,TR,GDA94,MSL,GRS80,B,DEG,m,m,m,um,m,m,um,m,m,m,m,um,m,m,um,99999,99999,ELN,W98,99999,ELN,DFA,AUSGEOID98,GRS80,99999,99999,31-DEC-99,31-DEC-99,Comment is null
196953,1969535541.00,4642698,136.474905,-30.002545,107.840,112.578,4.738,9792778.13,107.840,112.578,0.07,2.67,-116.46,-244.12,-131.13,-251.81,100.000,5.000,5.060,0.06,2.00,5.000,5.060,0.5,1,0,5,5,1,3,5,5,1,3,69E3,?,TR,GDA94,MSL,GRS80,B,DEG,m,m,m,um,m,m,um,m,m,m,m,um,m,m,um,99999,99999,ELN,W98,99999,ELN,DFA,AUSGEOID98,GRS80,99999,99999,31-DEC-99,31-DEC-99,Comment is null
196953,1969535542.00,4642699,136.461105,-29.940545,108.050,112.856,4.806,9792707.70,108.050,112.856,0.05,2.67,-137.57,-265.55,-152.46,-273.37,100.000,5.000,5.060,0.06,2.00,5.000,5.060,0.5,1,0,5,5,1,3,5,5,1,3,69E3,?,TR,GDA94,MSL,GRS80,B,DEG,m,m,m,um,m,m,um,m,m,m,m,um,m,m,um,99999,99999,ELN,W98,99999,ELN,DFA,AUSGEOID98,GRS80,99999,99999,31-DEC-99,31-DEC-99,Comment is null
196953,1969535543.00,5924055,136.467904,-29.875745,121.860,126.835,4.975,9792705.79,121.860,126.835,0.07,2.67,-45.76,-189.57,-61.15,-197.51,100.000,5.000,5.060,0.06,2.00,5.000,5.060,0.5,1,0,5,5,1,3,5,5,1,3,69E3,?,TR,GDA94,MSL,GRS80,B,DEG,m,m,m,um,m,m,um,m,m,m,m,um,m,m,um,99999,99999,ELN,W98,99999,ELN,DFA,AUSGEOID98,GRS80,99999,99999,31-DEC-99,31-DEC-99,Comment is null
196953,1969535544.00,4642700,136.466903,-29.820445,112.920,118.013,5.093,9792714.50,112.920,118.013,0.19,2.67,-21.15,-154.97,-36.92,-163.28,100.000,5.000,5.060,0.06,2.00,5.000,5.060,0.5,1,0,5,5,1,3,5,5,1,3,69E3,?,TR,GDA94,MSL,GRS80,B,DEG,m,m,m,um,m,m,um,m,m,m,m,um,m,m,um,99999,99999,ELN,W98,99999,ELN,DFA,AUSGEOID98,GRS80,99999,99999,31-DEC-99,31-DEC-99,Comment is null
196953,1969535545.00,4642701,136.405304,-29.828645,119.210,124.114,4.904,9792698.79,119.210,124.114,0.16,2.67,-24.43,-165.16,-39.61,-173.00,100.000,5.000,5.060,0.06,2.00,5.000,5.060,0.5,1,0,5,5,1,3,5,5,1,3,69E3,?,TR,GDA94,MSL,GRS80,B,DEG,m,m,m,um,m,m,um,m,m,m,m,um,m,m,um,99999,99999,ELN,W98,99999,ELN,DFA,AUSGEOID98,GRS80,99999,99999,31-DEC-99,31-DEC-99,Comment is null
196953,1969535601.00,4642702,135.992107,-29.779849,135.900,140.118,4.218,9792636.26,135.900,140.118,0.23,2.67,0.43,-158.44,-12.62,-164.69,100.000,5.000,5.060,0.06,2.00,5.000,5.060,0.5,1,0,5,5,1,3,5,5,1,3,69E3,?,TR,GDA94,MSL,GRS80,B,DEG,m,m,m,um,m,m,um,m,m,m,m,um,m,m,um,99999,99999,ELN,W98,99999,ELN,DFA,AUSGEOID98,GRS80,99999,99999,31-DEC-99,31-DEC-99,Comment is null
196953,1969535602.00,5799270,136.072605,-29.706348,131.270,135.768,4.498,9792477.07,131.270,135.768,0.27,2.67,-114.99,-268.93,-128.91,-275.80,100.000,5.000,5.060,0.06,2.00,5.000,5.060,0.5,1,0,5,5,1,3,5,5,1,3,69E3,?,TR,GDA94,MSL,GRS80,B,DEG,m,m,m,um,m,m,um,m,m,m,m,um,m,m,um,99999,99999,ELN,W98,99999,ELN,DFA,AUSGEOID98,GRS80,99999,99999,31-DEC-99,31-DEC-99,Comment is null
196953,1969535603.00,4642703,136.068505,-29.662948,117.010,121.647,4.637,9792524.10,117.010,121.647,0.18,2.67,-77.81,-215.75,-92.17,-223.10,100.000,5.000,5.060,0.06,2.00,5.000,5.060,0.5,1,0,5,5,1,3,5,5,1,3,69E3,?,TR,GDA94,MSL,GRS80,B,DEG,m,m,m,um,m,m,um,m,m,m,m,um,m,m,um,99999,99999,ELN,W98,99999,ELN,DFA,AUSGEOID98,GRS80,99999,99999,31-DEC-99,31-DEC-99,Comment is null
196953,1969535604.00,5681803,136.071504,-29.597848,124.530,129.386,4.856,9792527.10,124.530,129.386,0.26,2.67,-0.40,-147.11,-15.43,-154.78,100.000,5.000,5.060,0.06,2.00,5.000,5.060,0.5,1,0,5,5,1,3,5,5,1,3,69E3,?,TR,GDA94,MSL,GRS80,B,DEG,m,m,m,um,m,m,um,m,m,m,m,um,m,m,um,99999,99999,ELN,W98,99999,ELN,DFA,AUSGEOID98,GRS80,99999,99999,31-DEC-99,31-DEC-99,Comment is null
196953,1969535605.00,5409785,136.073003,-29.538247,112.070,117.088,5.018,9792571.42,112.070,117.088,0.18,2.67,52.18,-80.59,36.64,-88.77,100.000,5.000,5.060,0.06,2.00,5.000,5.060,0.5,1,0,5,5,1,3,5,5,1,3,69E3,?,TR,GDA94,MSL,GRS80,B,DEG,m,m,m,um,m,m,um,m,m,m,m,um,m,m,um,99999,99999,ELN,W98,99999,ELN,DFA,AUSGEOID98,GRS80,99999,99999,31-DEC-99,31-DEC-99,Comment is null
196953,1969535606.00,4642704,136.144003,-29.537947,97.650,102.721,5.071,9792510.29,97.650,102.721,0.15,2.67,-53.05,-169.53,-68.76,-178.03,100.000,5.000,5.060,0.06,2.00,5.000,5.060,0.5,1,0,5,5,1,3,5,5,1,3,69E3,?,TR,GDA94,MSL,GRS80,B,DEG,m,m,m,um,m,m,um,m,m,m,m,um,m,m,um,99999,99999,ELN,W98,99999,ELN,DFA,AUSGEOID98,GRS80,99999,99999,31-DEC-99,31-DEC-99,Comment is null
196953,1969535607.00,4642705,136.136803,-29.589447,112.900,117.830,4.930,9792529.10,112.900,117.830,0.15,2.67,-27.54,-161.15,-42.81,-169.14,100.000,5.000,5.060,0.06,2.00,5.000,5.060,0.5,1,0,5,5,1,3,5,5,1,3,69E3,?,TR,GDA94,MSL,GRS80,B,DEG,m,m,m,um,m,m,um,m,m,m,m,um,m,m,um,99999,99999,ELN,W98,99999,ELN,DFA,AUSGEOID98,GRS80,99999,99999,31-DEC-99,31-DEC-99,Comment is null
196953,1969535608.00,4642706,136.124704,-29.653847,113.070,117.782,4.712,9792519.80,113.070,117.782,0.22,2.67,-86.97,-220.52,-101.56,-228.09,100.000,5.000,5.060,0.06,2.00,5.000,5.060,0.5,1,0,5,5,1,3,5,5,1,3,69E3,?,TR,GDA94,MSL,GRS80,B,DEG,m,m,m,um,m,m,um,m,m,m,m,um,m,m,um,99999,99999,ELN,W98,99999,ELN,DFA,AUSGEOID98,GRS80,99999,99999,31-DEC-99,31-DEC-99,Comment is null
196953,1969535609.00,4642707,136.126605,-29.699247,114.590,119.159,4.569,9792477.57,114.590,119.159,0.23,2.67,-160.22,-295.33,-174.37,-302.59,100.000,5.000,5.060,0.06,2.00,5.000,5.060,0.5,1,0,5,5,1,3,5,5,1,3,69E3,?,TR,GDA94,MSL,GRS80,B,DEG,m,m,m,um,m,m,um,m,m,m,m,um,m,m,um,99999,99999,ELN,W98,99999,ELN,DFA,AUSGEOID98,GRS80,99999,99999,31-DEC-99,31-DEC-99,Comment is null
196953,1969535610.00,5885281,136.134006,-29.772348,108.010,112.372,4.362,9792499.09,108.010,112.372,0.22,2.67,-216.51,-343.93,-230.03,-350.89,100.000,5.000,5.060,0.06,2.00,5.000,5.060,0.5,1,0,5,5,1,3,5,5,1,3,69E3,?,TR,GDA94,MSL,GRS80,B,DEG,m,m,m,um,m,m,um,m,m,m,m,um,m,m,um,99999,99999,ELN,W98,99999,ELN,DFA,AUSGEOID98,GRS80,99999,99999,31-DEC-99,31-DEC-99,Comment is null
196953,1969535611.00,5262831,136.063506,-29.775248,114.730,119.010,4.280,9792580.73,114.730,119.010,0.17,2.67,-116.64,-251.59,-129.90,-258.29,100.000,5.000,5.060,0.06,2.00,5.000,5.060,0.5,1,0,5,5,1,3,5,5,1,3,69E3,?,TR,GDA94,MSL,GRS80,B,DEG,m,m,m,um,m,m,um,m,m,m,m,um,m,m,um,99999,99999,ELN,W98,99999,ELN,DFA,AUSGEOID98,GRS80,99999,99999,31-DEC-99,31-DEC-99,Comment is null
196953,1969535612.00,4642708,136.001906,-29.715849,158.730,163.152,4.422,9792437.25,158.730,163.152,0.33,2.67,-77.71,-262.68,-91.37,-268.99,100.000,5.000,5.060,0.06,2.00,5.000,5.060,0.5,1,0,5,5,1,3,5,5,1,3,69E3,?,TR,GDA94,MSL,GRS80,B,DEG,m,m,m,um,m,m,um,m,m,m,m,um,m,m,um,99999,99999,ELN,W98,99999,ELN,DFA,AUSGEOID98,GRS80,99999,99999,31-DEC-99,31-DEC-99,Comment is null
196953,1969535613.00,4642709,135.999106,-29.655349,127.670,132.290,4.620,9792557.12,127.670,132.290,0.11,2.67,-6.05,-156.05,-20.35,-163.21,100.000,5.000,5.060,0.06,2.00,5.000,5.060,0.5,1,0,5,5,1,3,5,5,1,3,69E3,?,TR,GDA94,MSL,GRS80,B,DEG,m,m,m,um,m,m,um,m,m,m,m,um,m,m,um,99999,99999,ELN,W98,99999,ELN,DFA,AUSGEOID98,GRS80,99999,99999,31-DEC-99,31-DEC-99,Comment is null
196953,1969535614.00,5724209,135.938106,-29.652949,131.020,135.621,4.601,9792599.84,131.020,135.621,0.11,2.67,48.81,-104.96,34.57,-112.04,100.000,5.000,5.060,0.06,2.00,5.000,5.060,0.5,1,0,5,5,1,3,5,5,1,3,69E3,?,TR,GDA94,MSL,GRS80,B,DEG,m,m,m,um,m,m,um,m,m,m,m,um,m,m,um,99999,99999,ELN,W98,99999,ELN,DFA,AUSGEOID98,GRS80,99999,99999,31-DEC-99,31-DEC-99,Comment is null
196953,1969535615.00,4642710,135.938505,-29.594549,120.460,125.246,4.786,9792625.75,120.460,125.246,0.11,2.67,88.04,-53.98,73.22,-61.57,100.000,5.000,5.060,0.06,2.00,5.000,5.060,0.5,1,0,5,5,1,3,5,5,1,3,69E3,?,TR,GDA94,MSL,GRS80,B,DEG,m,m,m,um,m,m,um,m,m,m,m,um,m,m,um,99999,99999,ELN,W98,99999,ELN,DFA,AUSGEOID98,GRS80,99999,99999,31-DEC-99,31-DEC-99,Comment is null
196953,1969535616.00,4642711,136.010605,-29.597748,143.150,147.969,4.819,9792528.20,143.150,147.969,0.24,2.67,58.12,-109.65,43.21,-116.97,100.000,5.000,5.060,0.06,2.00,5.000,5.060,0.5,1,0,5,5,1,3,5,5,1,3,69E3,?,TR,GDA94,MSL,GRS80,B,DEG,m,m,m,um,m,m,um,m,m,m,m,um,m,m,um,99999,99999,ELN,W98,99999,ELN,DFA,AUSGEOID98,GRS80,99999,99999,31-DEC-99,31-DEC-99,Comment is null
196953,1969535617.00,4642712,136.005504,-29.543248,132.560,137.527,4.967,9792553.01,132.560,137.527,0.56,2.67,92.96,-62.97,77.59,-70.74,100.000,5.000,5.060,0.06,2.00,5.000,5.060,0.5,1,0,5,5,1,3,5,5,1,3,69E3,?,TR,GDA94,MSL,GRS80,B,DEG,m,m,m,um,m,m,um,m,m,m,m,um,m,m,um,99999,99999,ELN,W98,99999,ELN,DFA,AUSGEOID98,GRS80,99999,99999,31-DEC-99,31-DEC-99,Comment is null
196953,1969535618.00,5765311,135.940705,-29.540749,115.690,120.622,4.932,9792643.06,115.690,120.622,0.15,2.67,132.78,-3.99,117.51,-11.94,100.000,5.000,5.060,0.06,2.00,5.000,5.060,0.5,1,0,5,5,1,3,5,5,1,3,69E3,?,TR,GDA94,MSL,GRS80,B,DEG,m,m,m,um,m,m,um,m,m,m,m,um,m,m,um,99999,99999,ELN,W98,99999,ELN,DFA,AUSGEOID98,GRS80,99999,99999,31-DEC-99,31-DEC-99,Comment is null
196953,1969535620.00,5408509,135.869706,-29.605050,149.470,154.190,4.720,9792574.12,149.470,154.190,0.18,2.67,117.57,-57.25,102.98,-64.28,100.000,5.000,5.060,0.06,2.00,5.000,5.060,0.5,1,0,5,5,1,3,5,5,1,3,69E3,?,TR,GDA94,MSL,GRS80,B,DEG,m,m,m,um,m,m,um,m,m,m,m,um,m,m,um,99999,99999,ELN,W98,99999,ELN,DFA,AUSGEOID98,GRS80,99999,99999,31-DEC-99,31-DEC-99,Comment is null
196953,1969535621.00,4642714,135.866507,-29.656950,146.430,150.988,4.558,9792634.16,146.430,150.988,0.14,2.67,127.44,-43.75,113.34,-50.51,100.000,5.000,5.060,0.06,2.00,5.000,5.060,0.5,1,0,5,5,1,3,5,5,1,3,69E3,?,TR,GDA94,MSL,GRS80,B,DEG,m,m,m,um,m,m,um,m,m,m,m,um,m,m,um,99999,99999,ELN,W98,99999,ELN,DFA,AUSGEOID98,GRS80,99999,99999,31-DEC-99,31-DEC-99,Comment is null
196953,1969535622.00,4642715,135.870208,-29.714550,159.030,163.389,4.359,9792591.43,159.030,163.389,0.13,2.67,78.22,-107.03,64.75,-113.21,100.000,5.000,5.060,0.06,2.00,5.000,5.060,0.5,1,0,5,5,1,3,5,5,1,3,69E3,?,TR,GDA94,MSL,GRS80,B,DEG,m,m,m,um,m,m,um,m,m,m,m,um,m,m,um,99999,99999,ELN,W98,99999,ELN,DFA,AUSGEOID98,GRS80,99999,99999,31-DEC-99,31-DEC-99,Comment is null
196953,1969535623.00,4642716,135.933607,-29.718149,152.460,156.840,4.380,9792540.01,152.460,156.840,0.19,2.67,3.78,-174.04,-9.76,-180.36,100.000,5.000,5.060,0.06,2.00,5.000,5.060,0.5,1,0,5,5,1,3,5,5,1,3,69E3,?,TR,GDA94,MSL,GRS80,B,DEG,m,m,m,um,m,m,um,m,m,m,m,um,m,m,um,99999,99999,ELN,W98,99999,ELN,DFA,AUSGEOID98,GRS80,99999,99999,31-DEC-99,31-DEC-99,Comment is null
196953,1969535624.00,4642717,135.942108,-29.767850,169.640,173.858,4.218,9792621.95,169.640,173.858,0.20,2.67,99.57,-97.54,86.54,-103.29,100.000,5.000,5.060,0.06,2.00,5.000,5.060,0.5,1,0,5,5,1,3,5,5,1,3,69E3,?,TR,GDA94,MSL,GRS80,B,DEG,m,m,m,um,m,m,um,m,m,m,m,um,m,m,um,99999,99999,ELN,W98,99999,ELN,DFA,AUSGEOID98,GRS80,99999,99999,31-DEC-99,31-DEC-99,Comment is null
196953,1969535625.00,4642718,135.867908,-29.766750,189.460,193.606,4.146,9792595.04,189.460,193.606,0.30,2.67,134.44,-85.04,121.65,-90.36,100.000,5.000,5.060,0.06,2.00,5.000,5.060,0.5,1,0,5,5,1,3,5,5,1,3,69E3,?,TR,GDA94,MSL,GRS80,B,DEG,m,m,m,um,m,m,um,m,m,m,m,um,m,m,um,99999,99999,ELN,W98,99999,ELN,DFA,AUSGEOID98,GRS80,99999,99999,31-DEC-99,31-DEC-99,Comment is null
196953,1969535626.00,5786919,135.872809,-29.833651,157.220,161.090,3.870,9792514.39,157.220,161.090,0.08,2.67,-98.64,-281.28,-110.60,-286.53,100.000,5.000,5.060,0.06,2.00,5.000,5.060,0.5,1,0,5,5,1,3,5,5,1,3,69E3,?,TR,GDA94,MSL,GRS80,B,DEG,m,m,m,um,m,m,um,m,m,m,m,um,m,m,um,99999,99999,ELN,W98,99999,ELN,DFA,AUSGEOID98,GRS80,99999,99999,31-DEC-99,31-DEC-99,Comment is null
196953,1969535627.00,5908272,135.879210,-29.883751,143.590,147.288,3.698,9792540.71,143.590,147.288,0.08,2.67,-153.98,-320.98,-165.42,-326.10,100.000,5.000,5.060,0.06,2.00,5.000,5.060,0.5,1,0,5,5,1,3,5,5,1,3,69E3,?,TR,GDA94,MSL,GRS80,B,DEG,m,m,m,um,m,m,um,m,m,m,m,um,m,m,um,99999,99999,ELN,W98,99999,ELN,DFA,AUSGEOID98,GRS80,99999,99999,31-DEC-99,31-DEC-99,Comment is null
196953,1969535628.00,4642719,135.872011,-29.947151,132.520,136.033,3.513,9792690.59,132.520,136.033,0.06,2.67,-88.33,-242.57,-99.21,-247.50,100.000,5.000,5.060,0.06,2.00,5.000,5.060,0.5,1,0,5,5,1,3,5,5,1,3,69E3,?,TR,GDA94,MSL,GRS80,B,DEG,m,m,m,um,m,m,um,m,m,m,m,um,m,m,um,99999,99999,ELN,W98,99999,ELN,DFA,AUSGEOID98,GRS80,99999,99999,31-DEC-99,31-DEC-99,Comment is null
196953,1969535629.00,5409487,135.859012,-30.004851,152.690,156.051,3.361,9792839.57,152.690,156.051,0.09,2.67,77.30,-99.63,66.91,-103.95,100.000,5.000,5.060,0.06,2.00,5.000,5.060,0.5,1,0,5,5,1,3,5,5,1,3,69E3,?,TR,GDA94,MSL,GRS80,B,DEG,m,m,m,um,m,m,um,m,m,m,m,um,m,m,um,99999,99999,ELN,W98,99999,ELN,DFA,AUSGEOID98,GRS80,99999,99999,31-DEC-99,31-DEC-99,Comment is null
196953,1969535630.00,5874709,135.951911,-30.001951,133.500,137.027,3.527,9792835.66,133.500,137.027,0.07,2.67,16.97,-138.40,6.05,-143.33,100.000,5.000,5.060,0.06,2.00,5.000,5.060,0.5,1,0,5,5,1,3,5,5,1,3,69E3,?,TR,GDA94,MSL,GRS80,B,DEG,m,m,m,um,m,m,um,m,m,m,m,um,m,m,um,99999,99999,ELN,W98,99999,ELN,DFA,AUSGEOID98,GRS80,99999,99999,31-DEC-99,31-DEC-99,Comment is null
196953,1969535631.00,4642720,136.003910,-29.999650,122.130,125.739,3.609,9792805.85,122.130,125.739,0.08,2.67,-45.87,-188.45,-57.05,-193.72,100.000,5.000,5.060,0.06,2.00,5.000,5.060,0.5,1,0,5,5,1,3,5,5,1,3,69E3,?,TR,GDA94,MSL,GRS80,B,DEG,m,m,m,um,m,m,um,m,m,m,m,um,m,m,um,99999,99999,ELN,W98,99999,ELN,DFA,AUSGEOID98,GRS80,99999,99999,31-DEC-99,31-DEC-99,Comment is null
196953,1969535632.00,5409786,136.006909,-29.934750,136.180,139.960,3.780,9792707.90,136.180,139.960,0.08,2.67,-49.22,-207.91,-60.92,-213.30,100.000,5.000,5.060,0.06,2.00,5.000,5.060,0.5,1,0,5,5,1,3,5,5,1,3,69E3,?,TR,GDA94,MSL,GRS80,B,DEG,m,m,m,um,m,m,um,m,m,m,m,um,m,m,um,99999,99999,ELN,W98,99999,ELN,DFA,AUSGEOID98,GRS80,99999,99999,31-DEC-99,31-DEC-99,Comment is null
196953,1969535633.00,5312285,135.944710,-29.951550,129.020,132.656,3.636,9792741.31,129.020,132.656,0.08,2.67,-51.46,-201.88,-62.72,-207.09,100.000,5.000,5.060,0.06,2.00,5.000,5.060,0.5,1,0,5,5,1,3,5,5,1,3,69E3,?,TR,GDA94,MSL,GRS80,B,DEG,m,m,m,um,m,m,um,m,m,m,m,um,m,m,um,99999,99999,ELN,W98,99999,ELN,DFA,AUSGEOID98,GRS80,99999,99999,31-DEC-99,31-DEC-99,Comment is null
196953,1969535634.00,5673104,135.936709,-29.885450,155.900,159.702,3.802,9792561.22,155.900,159.702,0.13,2.67,-96.50,-277.56,-108.25,-282.70,100.000,5.000,5.060,0.06,2.00,5.000,5.060,0.5,1,0,5,5,1,3,5,5,1,3,69E3,?,TR,GDA94,MSL,GRS80,B,DEG,m,m,m,um,m,m,um,m,m,m,m,um,m,m,um,99999,99999,ELN,W98,99999,ELN,DFA,AUSGEOID98,GRS80,99999,99999,31-DEC-99,31-DEC-99,Comment is null
196953,1969535635.00,5735754,135.935508,-29.828650,175.100,179.094,3.994,9792547.31,175.100,179.094,0.16,2.67,-6.28,-209.32,-18.61,-214.54,100.000,5.000,5.060,0.06,2.00,5.000,5.060,0.5,1,0,5,5,1,3,5,5,1,3,69E3,?,TR,GDA94,MSL,GRS80,B,DEG,m,m,m,um,m,m,um,m,m,m,m,um,m,m,um,99999,99999,ELN,W98,99999,ELN,DFA,AUSGEOID98,GRS80,99999,99999,31-DEC-99,31-DEC-99,Comment is null
196953,1969535636.00,5809398,136.000108,-29.827349,166.110,170.184,4.074,9792551.91,166.110,170.184,0.16,2.67,-28.15,-221.09,-40.73,-226.61,100.000,5.000,5.060,0.06,2.00,5.000,5.060,0.5,1,0,5,5,1,3,5,5,1,3,69E3,?,TR,GDA94,MSL,GRS80,B,DEG,m,m,m,um,m,m,um,m,m,m,m,um,m,m,um,99999,99999,ELN,W98,99999,ELN,DFA,AUSGEOID98,GRS80,99999,99999,31-DEC-99,31-DEC-99,Comment is null
196953,1969535637.00,5701245,135.995509,-29.889450,143.280,147.162,3.882,9792600.94,143.280,147.162,0.08,2.67,-98.59,-265.44,-110.60,-270.93,100.000,5.000,5.060,0.06,2.00,5.000,5.060,0.5,1,0,5,5,1,3,5,5,1,3,69E3,?,TR,GDA94,MSL,GRS80,B,DEG,m,m,m,um,m,m,um,m,m,m,m,um,m,m,um,99999,99999,ELN,W98,99999,ELN,DFA,AUSGEOID98,GRS80,99999,99999,31-DEC-99,31-DEC-99,Comment is null
196953,1969535638.00,4642721,136.067408,-29.887449,140.180,144.161,3.981,9792564.12,140.180,144.161,0.06,2.67,-143.11,-306.56,-155.42,-312.28,100.000,5.000,5.060,0.06,2.00,5.000,5.060,0.5,1,0,5,5,1,3,5,5,1,3,69E3,?,TR,GDA94,MSL,GRS80,B,DEG,m,m,m,um,m,m,um,m,m,m,m,um,m,m,um,99999,99999,ELN,W98,99999,ELN,DFA,AUSGEOID98,GRS80,99999,99999,31-DEC-99,31-DEC-99,Comment is null
196953,1969535639.00,4642722,136.071608,-29.931949,134.020,137.900,3.880,9792641.06,134.020,137.900,0.04,2.67,-120.22,-276.58,-132.23,-282.20,100.000,5.000,5.060,0.06,2.00,5.000,5.060,0.5,1,0,5,5,1,3,5,5,1,3,69E3,?,TR,GDA94,MSL,GRS80,B,DEG,m,m,m,um,m,m,um,m,m,m,m,um,m,m,um,99999,99999,ELN,W98,99999,ELN,DFA,AUSGEOID98,GRS80,99999,99999,31-DEC-99,31-DEC-99,Comment is null
196953,1969535640.00,4642723,136.080409,-30.001949,126.820,130.538,3.718,9792742.41,126.820,130.538,0.04,2.67,-96.30,-244.31,-107.81,-249.72,100.000,5.000,5.060,0.06,2.00,5.000,5.060,0.5,1,0,5,5,1,3,5,5,1,3,69E3,?,TR,GDA94,MSL,GRS80,B,DEG,m,m,m,um,m,m,um,m,m,m,m,um,m,m,um,99999,99999,ELN,W98,99999,ELN,DFA,AUSGEOID98,GRS80,99999,99999,31-DEC-99,31-DEC-99,Comment is null
196953,1969535641.00,4642724,136.143008,-29.988049,130.600,134.460,3.860,9792679.48,130.600,134.460,0.04,2.67,-136.26,-288.72,-148.21,-294.35,100.000,5.000,5.060,0.06,2.00,5.000,5.060,0.5,1,0,5,5,1,3,5,5,1,3,69E3,?,TR,GDA94,MSL,GRS80,B,DEG,m,m,m,um,m,m,um,m,m,m,m,um,m,m,um,99999,99999,ELN,W98,99999,ELN,DFA,AUSGEOID98,GRS80,99999,99999,31-DEC-99,31-DEC-99,Comment is null
196953,1969535642.00,4642725,136.145508,-29.944948,132.220,136.185,3.965,9792628.95,132.220,136.185,0.05,2.67,-147.78,-302.19,-160.05,-308.00,100.000,5.000,5.060,0.06,2.00,5.000,5.060,0.5,1,0,5,5,1,3,5,5,1,3,69E3,?,TR,GDA94,MSL,GRS80,B,DEG,m,m,m,um,m,m,um,m,m,m,m,um,m,m,um,99999,99999,ELN,W98,99999,ELN,DFA,AUSGEOID98,GRS80,99999,99999,31-DEC-99,31-DEC-99,Comment is null
196953,1969535643.00,4642726,136.139107,-29.880148,119.230,123.333,4.103,9792597.64,119.230,123.333,0.09,2.67,-168.15,-308.00,-180.86,-314.28,100.000,5.000,5.060,0.06,2.00,5.000,5.060,0.5,1,0,5,5,1,3,5,5,1,3,69E3,?,TR,GDA94,MSL,GRS80,B,DEG,m,m,m,um,m,m,um,m,m,m,m,um,m,m,um,99999,99999,ELN,W98,99999,ELN,DFA,AUSGEOID98,GRS80,99999,99999,31-DEC-99,31-DEC-99,Comment is null
196953,1969535644.00,5874706,136.127707,-29.832148,127.460,131.658,4.198,9792515.29,127.460,131.658,0.13,2.67,-187.38,-336.66,-200.37,-343.00,100.000,5.000,5.060,0.06,2.00,5.000,5.060,0.5,1,0,5,5,1,3,5,5,1,3,69E3,?,TR,GDA94,MSL,GRS80,B,DEG,m,m,m,um,m,m,um,m,m,m,m,um,m,m,um,99999,99999,ELN,W98,99999,ELN,DFA,AUSGEOID98,GRS80,99999,99999,31-DEC-99,31-DEC-99,Comment is null
196953,1969535645.00,4642727,136.060407,-29.829149,142.820,146.942,4.122,9792499.09,142.820,146.942,0.13,2.67,-154.09,-320.70,-166.84,-326.66,100.000,5.000,5.060,0.06,2.00,5.000,5.060,0.5,1,0,5,5,1,3,5,5,1,3,69E3,?,TR,GDA94,MSL,GRS80,B,DEG,m,m,m,um,m,m,um,m,m,m,m,um,m,m,um,99999,99999,ELN,W98,99999,ELN,DFA,AUSGEOID98,GRS80,99999,99999,31-DEC-99,31-DEC-99,Comment is null
196953,1969535701.00,4642728,135.639910,-29.758353,207.750,211.664,3.914,9792602.34,207.750,211.664,0.13,2.67,203.99,-35.95,191.93,-40.54,100.000,5.000,5.060,0.06,2.00,5.000,5.060,0.5,1,0,5,5,1,3,5,5,1,3,69E3,?,TR,GDA94,MSL,GRS80,B,DEG,m,m,m,um,m,m,um,m,m,m,m,um,m,m,um,99999,99999,ELN,W98,99999,ELN,DFA,AUSGEOID98,GRS80,99999,99999,31-DEC-99,31-DEC-99,Comment is null
196953,1969535702.00,5924056,135.740109,-29.710351,207.390,211.654,4.264,9792608.24,207.390,211.654,0.20,2.67,247.20,7.28,234.06,1.99,100.000,5.000,5.060,0.06,2.00,5.000,5.060,0.5,1,0,5,5,1,3,5,5,1,3,69E3,?,TR,GDA94,MSL,GRS80,B,DEG,m,m,m,um,m,m,um,m,m,m,m,um,m,m,um,99999,99999,ELN,W98,99999,ELN,DFA,AUSGEOID98,GRS80,99999,99999,31-DEC-99,31-DEC-99,Comment is null
196953,1969535703.00,4642729,135.740108,-29.650751,183.940,188.438,4.498,9792620.15,183.940,188.438,0.15,2.67,233.79,20.16,219.91,14.08,100.000,5.000,5.060,0.06,2.00,5.000,5.060,0.5,1,0,5,5,1,3,5,5,1,3,69E3,?,TR,GDA94,MSL,GRS80,B,DEG,m,m,m,um,m,m,um,m,m,m,m,um,m,m,um,99999,99999,ELN,W98,99999,ELN,DFA,AUSGEOID98,GRS80,99999,99999,31-DEC-99,31-DEC-99,Comment is null
196953,1969535704.00,4642730,135.739807,-29.604451,180.960,185.599,4.639,9792599.14,180.960,185.599,0.15,2.67,239.96,29.55,225.64,23.15,100.000,5.000,5.060,0.06,2.00,5.000,5.060,0.5,1,0,5,5,1,3,5,5,1,3,69E3,?,TR,GDA94,MSL,GRS80,B,DEG,m,m,m,um,m,m,um,m,m,m,m,um,m,m,um,99999,99999,ELN,W98,99999,ELN,DFA,AUSGEOID98,GRS80,99999,99999,31-DEC-99,31-DEC-99,Comment is null
196953,1969535705.00,4642731,135.747607,-29.546051,169.800,174.580,4.780,9792545.91,169.800,174.580,0.22,2.67,198.01,0.08,183.25,-6.76,100.000,5.000,5.060,0.06,2.00,5.000,5.060,0.5,1,0,5,5,1,3,5,5,1,3,69E3,?,TR,GDA94,MSL,GRS80,B,DEG,m,m,m,um,m,m,um,m,m,m,m,um,m,m,um,99999,99999,ELN,W98,99999,ELN,DFA,AUSGEOID98,GRS80,99999,99999,31-DEC-99,31-DEC-99,Comment is null
196953,1969535706.00,4642732,135.804106,-29.543950,179.400,184.227,4.827,9792495.48,179.400,184.227,0.25,2.67,178.97,-29.88,164.07,-36.67,100.000,5.000,5.060,0.06,2.00,5.000,5.060,0.5,1,0,5,5,1,3,5,5,1,3,69E3,?,TR,GDA94,MSL,GRS80,B,DEG,m,m,m,um,m,m,um,m,m,m,m,um,m,m,um,99999,99999,ELN,W98,99999,ELN,DFA,AUSGEOID98,GRS80,99999,99999,31-DEC-99,31-DEC-99,Comment is null
196953,1969535707.00,5867892,135.811607,-29.599950,172.880,177.583,4.703,9792550.71,172.880,177.583,0.30,2.67,170.29,-31.04,155.77,-37.68,100.000,5.000,5.060,0.06,2.00,5.000,5.060,0.5,1,0,5,5,1,3,5,5,1,3,69E3,?,TR,GDA94,MSL,GRS80,B,DEG,m,m,m,um,m,m,um,m,m,m,m,um,m,m,um,99999,99999,ELN,W98,99999,ELN,DFA,AUSGEOID98,GRS80,99999,99999,31-DEC-99,31-DEC-99,Comment is null
196953,1969535708.00,5724210,135.800508,-29.657050,162.060,166.585,4.525,9792656.67,162.060,166.585,0.18,2.67,197.99,9.13,184.01,2.67,100.000,5.000,5.060,0.06,2.00,5.000,5.060,0.5,1,0,5,5,1,3,5,5,1,3,69E3,?,TR,GDA94,MSL,GRS80,B,DEG,m,m,m,um,m,m,um,m,m,m,m,um,m,m,um,99999,99999,ELN,W98,99999,ELN,DFA,AUSGEOID98,GRS80,99999,99999,31-DEC-99,31-DEC-99,Comment is null
196953,1969535709.00,5410082,135.803508,-29.707451,191.600,195.939,4.339,9792616.45,191.600,195.939,0.18,2.67,209.18,-12.95,195.79,-18.61,100.000,5.000,5.060,0.06,2.00,5.000,5.060,0.5,1,0,5,5,1,3,5,5,1,3,69E3,?,TR,GDA94,MSL,GRS80,B,DEG,m,m,m,um,m,m,um,m,m,m,m,um,m,m,um,99999,99999,ELN,W98,99999,ELN,DFA,AUSGEOID98,GRS80,99999,99999,31-DEC-99,31-DEC-99,Comment is null
196953,1969535710.00,5840395,135.800609,-29.764251,202.140,206.213,4.073,9792482.78,202.140,206.213,0.33,2.67,63.02,-170.74,50.46,-175.73,100.000,5.000,5.060,0.06,2.00,5.000,5.060,0.5,1,0,5,5,1,3,5,5,1,3,69E3,?,TR,GDA94,MSL,GRS80,B,DEG,m,m,m,um,m,m,um,m,m,m,m,um,m,m,um,99999,99999,ELN,W98,99999,ELN,DFA,AUSGEOID98,GRS80,99999,99999,31-DEC-99,31-DEC-99,Comment is null
196953,1969535711.00,5409108,135.734110,-29.778852,181.810,185.732,3.922,9792506.69,181.810,185.732,0.16,2.67,12.37,-198.19,0.27,-203.17,100.000,5.000,5.060,0.06,2.00,5.000,5.060,0.5,1,0,5,5,1,3,5,5,1,3,69E3,?,TR,GDA94,MSL,GRS80,B,DEG,m,m,m,um,m,m,um,m,m,m,m,um,m,m,um,99999,99999,ELN,W98,99999,ELN,DFA,AUSGEOID98,GRS80,99999,99999,31-DEC-99,31-DEC-99,Comment is null
196953,1969535712.00,4642733,135.673410,-29.710952,214.140,218.327,4.187,9792563.02,214.140,218.327,0.14,2.67,222.10,-25.39,209.20,-30.42,100.000,5.000,5.060,0.06,2.00,5.000,5.060,0.5,1,0,5,5,1,3,5,5,1,3,69E3,?,TR,GDA94,MSL,GRS80,B,DEG,m,m,m,um,m,m,um,m,m,m,m,um,m,m,um,99999,99999,ELN,W98,99999,ELN,DFA,AUSGEOID98,GRS80,99999,99999,31-DEC-99,31-DEC-99,Comment is null
196953,1969535713.00,5973658,135.669609,-29.654752,204.760,209.172,4.412,9792552.51,204.760,209.172,0.30,2.67,227.02,-10.10,213.42,-15.71,100.000,5.000,5.060,0.06,2.00,5.000,5.060,0.5,1,0,5,5,1,3,5,5,1,3,69E3,?,TR,GDA94,MSL,GRS80,B,DEG,m,m,m,um,m,m,um,m,m,m,m,um,m,m,um,99999,99999,ELN,W98,99999,ELN,DFA,AUSGEOID98,GRS80,99999,99999,31-DEC-99,31-DEC-99,Comment is null
196953,1969535714.00,4642734,135.609509,-29.648352,206.930,211.305,4.375,9792590.33,206.930,211.305,0.15,2.67,276.39,36.86,262.91,31.35,100.000,5.000,5.060,0.06,2.00,5.000,5.060,0.5,1,0,5,5,1,3,5,5,1,3,69E3,?,TR,GDA94,MSL,GRS80,B,DEG,m,m,m,um,m,m,um,m,m,m,m,um,m,m,um,99999,99999,ELN,W98,99999,ELN,DFA,AUSGEOID98,GRS80,99999,99999,31-DEC-99,31-DEC-99,Comment is null
196953,1969535715.00,4642735,135.620709,-29.592552,183.310,187.880,4.570,9792611.04,183.310,187.880,0.12,2.67,268.13,55.14,254.03,48.90,100.000,5.000,5.060,0.06,2.00,5.000,5.060,0.5,1,0,5,5,1,3,5,5,1,3,69E3,?,TR,GDA94,MSL,GRS80,B,DEG,m,m,m,um,m,m,um,m,m,m,m,um,m,m,um,99999,99999,ELN,W98,99999,ELN,DFA,AUSGEOID98,GRS80,99999,99999,31-DEC-99,31-DEC-99,Comment is null
196953,1969535716.00,4642736,135.675208,-29.593651,183.890,188.502,4.612,9792604.14,183.890,188.502,0.30,2.67,262.29,48.60,248.06,42.29,100.000,5.000,5.060,0.06,2.00,5.000,5.060,0.5,1,0,5,5,1,3,5,5,1,3,69E3,?,TR,GDA94,MSL,GRS80,B,DEG,m,m,m,um,m,m,um,m,m,m,m,um,m,m,um,99999,99999,ELN,W98,99999,ELN,DFA,AUSGEOID98,GRS80,99999,99999,31-DEC-99,31-DEC-99,Comment is null
196953,1969535717.00,4642737,135.676407,-29.549651,170.750,175.467,4.717,9792583.73,170.750,175.467,0.14,2.67,235.78,36.85,221.21,30.14,100.000,5.000,5.060,0.06,2.00,5.000,5.060,0.5,1,0,5,5,1,3,5,5,1,3,69E3,?,TR,GDA94,MSL,GRS80,B,DEG,m,m,m,um,m,m,um,m,m,m,m,um,m,m,um,99999,99999,ELN,W98,99999,ELN,DFA,AUSGEOID98,GRS80,99999,99999,31-DEC-99,31-DEC-99,Comment is null
196953,1969535718.00,4642738,135.617008,-29.541852,169.260,173.947,4.687,9792627.35,169.260,173.947,0.15,2.67,280.75,83.55,266.28,76.88,100.000,5.000,5.060,0.06,2.00,5.000,5.060,0.5,1,0,5,5,1,3,5,5,1,3,69E3,?,TR,GDA94,MSL,GRS80,B,DEG,m,m,m,um,m,m,um,m,m,m,m,um,m,m,um,99999,99999,ELN,W98,99999,ELN,DFA,AUSGEOID98,GRS80,99999,99999,31-DEC-99,31-DEC-99,Comment is null
196953,1969535719.00,4642739,135.539709,-29.535753,166.810,171.448,4.638,9792652.17,166.810,171.448,0.09,2.67,302.58,108.20,288.25,101.59,100.000,5.000,5.060,0.06,2.00,5.000,5.060,0.5,1,0,5,5,1,3,5,5,1,3,69E3,?,TR,GDA94,MSL,GRS80,B,DEG,m,m,m,um,m,m,um,m,m,m,m,um,m,m,um,99999,99999,ELN,W98,99999,ELN,DFA,AUSGEOID98,GRS80,99999,99999,31-DEC-99,31-DEC-99,Comment is null
196953,1969535720.00,5699085,135.542409,-29.593953,221.350,225.855,4.505,9792667.67,221.350,225.855,0.40,2.67,440.84,184.83,426.96,179.27,100.000,5.000,5.060,0.06,2.00,5.000,5.060,0.5,1,0,5,5,1,3,5,5,1,3,69E3,?,TR,GDA94,MSL,GRS80,B,DEG,m,m,m,um,m,m,um,m,m,m,m,um,m,m,um,99999,99999,ELN,W98,99999,ELN,DFA,AUSGEOID98,GRS80,99999,99999,31-DEC-99,31-DEC-99,Comment is null
196953,1969535721.00,4642740,135.537910,-29.649753,193.600,197.904,4.304,9792829.56,193.600,197.904,0.16,2.67,473.18,248.83,459.91,243.27,100.000,5.000,5.060,0.06,2.00,5.000,5.060,0.5,1,0,5,5,1,3,5,5,1,3,69E3,?,TR,GDA94,MSL,GRS80,B,DEG,m,m,m,um,m,m,um,m,m,m,m,um,m,m,um,99999,99999,ELN,W98,99999,ELN,DFA,AUSGEOID98,GRS80,99999,99999,31-DEC-99,31-DEC-99,Comment is null
196953,1969535722.00,5765312,135.538211,-29.716053,217.470,221.445,3.975,9792549.61,217.470,221.445,0.12,2.67,214.35,-36.67,202.10,-41.24,100.000,5.000,5.060,0.06,2.00,5.000,5.060,0.5,1,0,5,5,1,3,5,5,1,3,69E3,?,TR,GDA94,MSL,GRS80,B,DEG,m,m,m,um,m,m,um,m,m,m,m,um,m,m,um,99999,99999,ELN,W98,99999,ELN,DFA,AUSGEOID98,GRS80,99999,99999,31-DEC-99,31-DEC-99,Comment is null
196953,1969535723.00,4642741,135.588310,-29.713153,205.920,209.989,4.069,9792640.16,205.920,209.989,0.10,2.67,271.81,33.76,259.26,28.84,100.000,5.000,5.060,0.06,2.00,5.000,5.060,0.5,1,0,5,5,1,3,5,5,1,3,69E3,?,TR,GDA94,MSL,GRS80,B,DEG,m,m,m,um,m,m,um,m,m,m,m,um,m,m,um,99999,99999,ELN,W98,99999,ELN,DFA,AUSGEOID98,GRS80,99999,99999,31-DEC-99,31-DEC-99,Comment is null
196953,1969535725.00,4642742,135.541912,-29.777354,219.140,222.784,3.644,9792539.11,219.140,222.784,0.17,2.67,160.28,-92.26,149.06,-96.16,100.000,5.000,5.060,0.06,2.00,5.000,5.060,0.5,1,0,5,5,1,3,5,5,1,3,69E3,?,TR,GDA94,MSL,GRS80,B,DEG,m,m,m,um,m,m,um,m,m,m,m,um,m,m,um,99999,99999,ELN,W98,99999,ELN,DFA,AUSGEOID98,GRS80,99999,99999,31-DEC-99,31-DEC-99,Comment is null
196953,1969535726.00,5786920,135.542712,-29.837154,175.860,179.207,3.347,9792579.13,175.860,179.207,0.13,2.67,19.26,-183.91,8.93,-187.86,100.000,5.000,5.060,0.06,2.00,5.000,5.060,0.5,1,0,5,5,1,3,5,5,1,3,69E3,?,TR,GDA94,MSL,GRS80,B,DEG,m,m,m,um,m,m,um,m,m,m,m,um,m,m,um,99999,99999,ELN,W98,99999,ELN,DFA,AUSGEOID98,GRS80,99999,99999,31-DEC-99,31-DEC-99,Comment is null
196953,1969535727.00,4642743,135.540513,-29.892954,166.510,169.607,3.097,9792638.76,166.510,169.607,0.11,2.67,5.75,-186.54,-3.82,-190.14,100.000,5.000,5.060,0.06,2.00,5.000,5.060,0.5,1,0,5,5,1,3,5,5,1,3,69E3,?,TR,GDA94,MSL,GRS80,B,DEG,m,m,m,um,m,m,um,m,m,m,m,um,m,m,um,99999,99999,ELN,W98,99999,ELN,DFA,AUSGEOID98,GRS80,99999,99999,31-DEC-99,31-DEC-99,Comment is null
196953,1969535728.00,4642744,135.540114,-29.947854,172.230,175.101,2.871,9792624.65,172.230,175.101,0.13,2.67,-34.28,-232.79,-43.14,-235.87,100.000,5.000,5.060,0.06,2.00,5.000,5.060,0.5,1,0,5,5,1,3,5,5,1,3,69E3,?,TR,GDA94,MSL,GRS80,B,DEG,m,m,m,um,m,m,um,m,m,m,m,um,m,m,um,99999,99999,ELN,W98,99999,ELN,DFA,AUSGEOID98,GRS80,99999,99999,31-DEC-99,31-DEC-99,Comment is null
196953,1969535729.00,5828535,135.539515,-30.001955,190.890,193.560,2.670,9792614.45,190.890,193.560,0.14,2.67,-29.82,-249.25,-38.05,-251.66,100.000,5.000,5.060,0.06,2.00,5.000,5.060,0.5,1,0,5,5,1,3,5,5,1,3,69E3,?,TR,GDA94,MSL,GRS80,B,DEG,m,m,m,um,m,m,um,m,m,m,m,um,m,m,um,99999,99999,ELN,W98,99999,ELN,DFA,AUSGEOID98,GRS80,99999,99999,31-DEC-99,31-DEC-99,Comment is null
196953,1969535730.00,4642745,135.605414,-30.004254,191.380,194.193,2.813,9792608.44,191.380,194.193,0.16,2.67,-35.67,-255.82,-44.34,-258.50,100.000,5.000,5.060,0.06,2.00,5.000,5.060,0.5,1,0,5,5,1,3,5,5,1,3,69E3,?,TR,GDA94,MSL,GRS80,B,DEG,m,m,m,um,m,m,um,m,m,m,m,um,m,m,um,99999,99999,ELN,W98,99999,ELN,DFA,AUSGEOID98,GRS80,99999,99999,31-DEC-99,31-DEC-99,Comment is null
196953,1969535731.00,4642746,135.670613,-30.003153,176.650,179.612,2.962,9792663.27,176.650,179.612,0.09,2.67,-24.97,-228.59,-34.11,-231.78,100.000,5.000,5.060,0.06,2.00,5.000,5.060,0.5,1,0,5,5,1,3,5,5,1,3,69E3,?,TR,GDA94,MSL,GRS80,B,DEG,m,m,m,um,m,m,um,m,m,m,m,um,m,m,um,99999,99999,ELN,W98,99999,ELN,DFA,AUSGEOID98,GRS80,99999,99999,31-DEC-99,31-DEC-99,Comment is null
196953,1969535732.00,5809399,135.665513,-29.952053,152.640,155.749,3.109,9792684.18,152.640,155.749,0.08,2.67,-37.74,-214.32,-47.35,-218.15,100.000,5.000,5.060,0.06,2.00,5.000,5.060,0.5,1,0,5,5,1,3,5,5,1,3,69E3,?,TR,GDA94,MSL,GRS80,B,DEG,m,m,m,um,m,m,um,m,m,m,m,um,m,m,um,99999,99999,ELN,W98,99999,ELN,DFA,AUSGEOID98,GRS80,99999,99999,31-DEC-99,31-DEC-99,Comment is null
196953,1969535733.00,5410153,135.600513,-29.941154,155.170,158.194,3.024,9792692.89,155.170,158.194,0.09,2.67,-12.97,-192.33,-22.32,-195.96,100.000,5.000,5.060,0.06,2.00,5.000,5.060,0.5,1,0,5,5,1,3,5,5,1,3,69E3,?,TR,GDA94,MSL,GRS80,B,DEG,m,m,m,um,m,m,um,m,m,m,m,um,m,m,um,99999,99999,ELN,W98,99999,ELN,DFA,AUSGEOID98,GRS80,99999,99999,31-DEC-99,31-DEC-99,Comment is null
196953,1969535734.00,4642747,135.610713,-29.894053,157.110,160.338,3.228,9792682.88,157.110,160.338,0.08,2.67,20.42,-161.37,10.44,-165.37,100.000,5.000,5.060,0.06,2.00,5.000,5.060,0.5,1,0,5,5,1,3,5,5,1,3,69E3,?,TR,GDA94,MSL,GRS80,B,DEG,m,m,m,um,m,m,um,m,m,m,m,um,m,m,um,99999,99999,ELN,W98,99999,ELN,DFA,AUSGEOID98,GRS80,99999,99999,31-DEC-99,31-DEC-99,Comment is null
196953,1969535735.00,4642748,135.603212,-29.831253,178.180,181.666,3.486,9792545.71,178.180,181.666,0.10,2.67,-1.97,-207.92,-12.73,-212.11,100.000,5.000,5.060,0.06,2.00,5.000,5.060,0.5,1,0,5,5,1,3,5,5,1,3,69E3,?,TR,GDA94,MSL,GRS80,B,DEG,m,m,m,um,m,m,um,m,m,m,m,um,m,m,um,99999,99999,ELN,W98,99999,ELN,DFA,AUSGEOID98,GRS80,99999,99999,31-DEC-99,31-DEC-99,Comment is null
196953,1969535736.00,4642749,135.656011,-29.831253,166.880,170.445,3.565,9792532.60,166.880,170.445,0.10,2.67,-49.70,-242.94,-60.71,-247.45,100.000,5.000,5.060,0.06,2.00,5.000,5.060,0.5,1,0,5,5,1,3,5,5,1,3,69E3,?,TR,GDA94,MSL,GRS80,B,DEG,m,m,m,um,m,m,um,m,m,m,m,um,m,m,um,99999,99999,ELN,W98,99999,ELN,DFA,AUSGEOID98,GRS80,99999,99999,31-DEC-99,31-DEC-99,Comment is null
196953,1969535737.00,4642750,135.670112,-29.887953,155.020,158.364,3.344,9792611.94,155.020,158.364,0.07,2.67,-51.85,-231.40,-62.19,-235.66,100.000,5.000,5.060,0.06,2.00,5.000,5.060,0.5,1,0,5,5,1,3,5,5,1,3,69E3,?,TR,GDA94,MSL,GRS80,B,DEG,m,m,m,um,m,m,um,m,m,m,m,um,m,m,um,99999,99999,ELN,W98,99999,ELN,DFA,AUSGEOID98,GRS80,99999,99999,31-DEC-99,31-DEC-99,Comment is null
196953,1969535738.00,5924057,135.736511,-29.891152,142.820,146.246,3.426,9792560.32,142.820,146.246,0.08,2.67,-143.36,-309.18,-153.96,-313.78,100.000,5.000,5.060,0.06,2.00,5.000,5.060,0.5,1,0,5,5,1,3,5,5,1,3,69E3,?,TR,GDA94,MSL,GRS80,B,DEG,m,m,m,um,m,m,um,m,m,m,m,um,m,m,um,99999,99999,ELN,W98,99999,ELN,DFA,AUSGEOID98,GRS80,99999,99999,31-DEC-99,31-DEC-99,Comment is null
196953,1969535739.00,5840396,135.736112,-29.950152,149.430,152.671,3.241,9792628.75,149.430,152.671,0.07,2.67,-101.18,-274.27,-111.20,-278.41,100.000,5.000,5.060,0.06,2.00,5.000,5.060,0.5,1,0,5,5,1,3,5,5,1,3,69E3,?,TR,GDA94,MSL,GRS80,B,DEG,m,m,m,um,m,m,um,m,m,m,m,um,m,m,um,99999,99999,ELN,W98,99999,ELN,DFA,AUSGEOID98,GRS80,99999,99999,31-DEC-99,31-DEC-99,Comment is null
196953,1969535740.00,5409488,135.744413,-30.003753,156.420,159.541,3.121,9792728.11,156.420,159.541,0.06,2.67,-22.53,-203.41,-32.18,-207.21,100.000,5.000,5.060,0.06,2.00,5.000,5.060,0.5,1,0,5,5,1,3,5,5,1,3,69E3,?,TR,GDA94,MSL,GRS80,B,DEG,m,m,m,um,m,m,um,m,m,m,m,um,m,m,um,99999,99999,ELN,W98,99999,ELN,DFA,AUSGEOID98,GRS80,99999,99999,31-DEC-99,31-DEC-99,Comment is null
196953,1969535741.00,5867893,135.800412,-30.009452,139.840,143.069,3.229,9792799.24,139.840,143.069,0.06,2.67,-6.67,-168.89,-16.67,-173.15,100.000,5.000,5.060,0.06,2.00,5.000,5.060,0.5,1,0,5,5,1,3,5,5,1,3,69E3,?,TR,GDA94,MSL,GRS80,B,DEG,m,m,m,um,m,m,um,m,m,m,m,um,m,m,um,99999,99999,ELN,W98,99999,ELN,DFA,AUSGEOID98,GRS80,99999,99999,31-DEC-99,31-DEC-99,Comment is null
196953,1969535742.00,4642751,135.792711,-29.944452,136.670,140.031,3.361,9792633.76,136.670,140.031,0.06,2.67,-130.72,-289.49,-141.12,-294.06,100.000,5.000,5.060,0.06,2.00,5.000,5.060,0.5,1,0,5,5,1,3,5,5,1,3,69E3,?,TR,GDA94,MSL,GRS80,B,DEG,m,m,m,um,m,m,um,m,m,m,m,um,m,m,um,99999,99999,ELN,W98,99999,ELN,DFA,AUSGEOID98,GRS80,99999,99999,31-DEC-99,31-DEC-99,Comment is null
196953,1969535743.00,5408510,135.809811,-29.893851,137.150,140.684,3.534,9792548.01,137.150,140.684,0.07,2.67,-174.94,-334.45,-185.88,-339.35,100.000,5.000,5.060,0.06,2.00,5.000,5.060,0.5,1,0,5,5,1,3,5,5,1,3,69E3,?,TR,GDA94,MSL,GRS80,B,DEG,m,m,m,um,m,m,um,m,m,m,m,um,m,m,um,99999,99999,ELN,W98,99999,ELN,DFA,AUSGEOID98,GRS80,99999,99999,31-DEC-99,31-DEC-99,Comment is null
196953,1969535744.00,4642752,135.810710,-29.834451,151.460,155.218,3.758,9792485.98,151.460,155.218,0.10,2.67,-145.80,-321.78,-157.42,-326.90,100.000,5.000,5.060,0.06,2.00,5.000,5.060,0.5,1,0,5,5,1,3,5,5,1,3,69E3,?,TR,GDA94,MSL,GRS80,B,DEG,m,m,m,um,m,m,um,m,m,m,m,um,m,m,um,99999,99999,ELN,W98,99999,ELN,DFA,AUSGEOID98,GRS80,99999,99999,31-DEC-99,31-DEC-99,Comment is null
196953,1969535745.00,4642753,135.747310,-29.825952,155.530,159.234,3.704,9792514.39,155.530,159.234,0.09,2.67,-98.37,-278.90,-109.82,-283.85,100.000,5.000,5.060,0.06,2.00,5.000,5.060,0.5,1,0,5,5,1,3,5,5,1,3,69E3,?,TR,GDA94,MSL,GRS80,B,DEG,m,m,m,um,m,m,um,m,m,m,m,um,m,m,um,99999,99999,ELN,W98,99999,ELN,DFA,AUSGEOID98,GRS80,99999,99999,31-DEC-99,31-DEC-99,Comment is null
196953,1969535801.00,4642754,135.330613,-29.694655,227.520,230.974,3.454,9792380.92,227.520,230.974,0.12,2.67,91.69,-170.12,81.06,-173.53,100.000,5.000,5.060,0.06,2.00,5.000,5.060,0.5,1,0,5,5,1,3,5,5,1,3,69E3,?,TR,GDA94,MSL,GRS80,B,DEG,m,m,m,um,m,m,um,m,m,m,m,um,m,m,um,99999,99999,ELN,W98,99999,ELN,DFA,AUSGEOID98,GRS80,99999,99999,31-DEC-99,31-DEC-99,Comment is null
196953,1969535802.00,5679621,135.416912,-29.722255,220.520,224.137,3.617,9792451.86,220.520,224.137,0.11,2.67,120.08,-133.99,108.94,-137.82,100.000,5.000,5.060,0.06,2.00,5.000,5.060,0.5,1,0,5,5,1,3,5,5,1,3,69E3,?,TR,GDA94,MSL,GRS80,B,DEG,m,m,m,um,m,m,um,m,m,m,m,um,m,m,um,99999,99999,ELN,W98,99999,ELN,DFA,AUSGEOID98,GRS80,99999,99999,31-DEC-99,31-DEC-99,Comment is null
196953,1969535803.00,5740407,135.415911,-29.654454,216.220,220.231,4.011,9792679.68,216.220,220.231,0.16,2.67,388.54,138.90,376.18,134.23,100.000,5.000,5.060,0.06,2.00,5.000,5.060,0.5,1,0,5,5,1,3,5,5,1,3,69E3,?,TR,GDA94,MSL,GRS80,B,DEG,m,m,m,um,m,m,um,m,m,m,m,um,m,m,um,99999,99999,ELN,W98,99999,ELN,DFA,AUSGEOID98,GRS80,99999,99999,31-DEC-99,31-DEC-99,Comment is null
196953,1969535804.00,5409787,135.414711,-29.596154,176.420,180.698,4.278,9792754.72,176.420,180.698,0.12,2.67,386.85,182.00,373.65,176.23,100.000,5.000,5.060,0.06,2.00,5.000,5.060,0.5,1,0,5,5,1,3,5,5,1,3,69E3,?,TR,GDA94,MSL,GRS80,B,DEG,m,m,m,um,m,m,um,m,m,m,m,um,m,m,um,99999,99999,ELN,W98,99999,ELN,DFA,AUSGEOID98,GRS80,99999,99999,31-DEC-99,31-DEC-99,Comment is null
196953,1969535805.00,4642755,135.425010,-29.542454,160.390,164.855,4.465,9792876.59,160.390,164.855,0.08,2.67,501.47,314.56,487.67,308.19,100.000,5.000,5.060,0.06,2.00,5.000,5.060,0.5,1,0,5,5,1,3,5,5,1,3,69E3,?,TR,GDA94,MSL,GRS80,B,DEG,m,m,m,um,m,m,um,m,m,m,m,um,m,m,um,99999,99999,ELN,W98,99999,ELN,DFA,AUSGEOID98,GRS80,99999,99999,31-DEC-99,31-DEC-99,Comment is null
196953,1969535806.00,5719708,135.484409,-29.540653,166.210,170.781,4.571,9792736.81,166.210,170.781,0.08,2.67,381.37,187.75,367.25,181.26,100.000,5.000,5.060,0.06,2.00,5.000,5.060,0.5,1,0,5,5,1,3,5,5,1,3,69E3,?,TR,GDA94,MSL,GRS80,B,DEG,m,m,m,um,m,m,um,m,m,m,m,um,m,m,um,99999,99999,ELN,W98,99999,ELN,DFA,AUSGEOID98,GRS80,99999,99999,31-DEC-99,31-DEC-99,Comment is null
196953,1969535807.00,4642756,135.474010,-29.598553,193.930,198.335,4.405,9792758.62,193.930,198.335,0.11,2.67,443.31,218.47,429.72,212.72,100.000,5.000,5.060,0.06,2.00,5.000,5.060,0.5,1,0,5,5,1,3,5,5,1,3,69E3,?,TR,GDA94,MSL,GRS80,B,DEG,m,m,m,um,m,m,um,m,m,m,m,um,m,m,um,99999,99999,ELN,W98,99999,ELN,DFA,AUSGEOID98,GRS80,99999,99999,31-DEC-99,31-DEC-99,Comment is null
196953,1969535808.00,5408995,135.480311,-29.653454,211.400,215.598,4.198,9792869.08,211.400,215.598,0.12,2.67,564.42,320.03,551.49,314.93,100.000,5.000,5.060,0.06,2.00,5.000,5.060,0.5,1,0,5,5,1,3,5,5,1,3,69E3,?,TR,GDA94,MSL,GRS80,B,DEG,m,m,m,um,m,m,um,m,m,m,m,um,m,m,um,99999,99999,ELN,W98,99999,ELN,DFA,AUSGEOID98,GRS80,99999,99999,31-DEC-99,31-DEC-99,Comment is null
196953,1969535809.00,4642757,135.480511,-29.713354,217.400,221.267,3.867,9792595.34,217.400,221.267,0.10,2.67,261.62,10.80,249.71,6.44,100.000,5.000,5.060,0.06,2.00,5.000,5.060,0.5,1,0,5,5,1,3,5,5,1,3,69E3,?,TR,GDA94,MSL,GRS80,B,DEG,m,m,m,um,m,m,um,m,m,m,m,um,m,m,um,99999,99999,ELN,W98,99999,ELN,DFA,AUSGEOID98,GRS80,99999,99999,31-DEC-99,31-DEC-99,Comment is null
196953,1969535810.00,5312286,135.478512,-29.778754,226.850,230.335,3.485,9792473.67,226.850,230.335,0.13,2.67,117.05,-144.04,106.32,-147.52,100.000,5.000,5.060,0.06,2.00,5.000,5.060,0.5,1,0,5,5,1,3,5,5,1,3,69E3,?,TR,GDA94,MSL,GRS80,B,DEG,m,m,m,um,m,m,um,m,m,m,m,um,m,m,um,99999,99999,ELN,W98,99999,ELN,DFA,AUSGEOID98,GRS80,99999,99999,31-DEC-99,31-DEC-99,Comment is null
196953,1969535811.00,4642758,135.414713,-29.777455,229.090,232.393,3.303,9792413.44,229.090,232.393,0.13,2.67,64.18,-199.24,54.02,-202.33,100.000,5.000,5.060,0.06,2.00,5.000,5.060,0.5,1,0,5,5,1,3,5,5,1,3,69E3,?,TR,GDA94,MSL,GRS80,B,DEG,m,m,m,um,m,m,um,m,m,m,m,um,m,m,um,99999,99999,ELN,W98,99999,ELN,DFA,AUSGEOID98,GRS80,99999,99999,31-DEC-99,31-DEC-99,Comment is null
196953,1969535813.00,5902340,135.363812,-29.660155,221.680,225.467,3.787,9792610.14,221.680,225.467,0.13,2.67,330.73,75.15,319.07,71.01,100.000,5.000,5.060,0.06,2.00,5.000,5.060,0.5,1,0,5,5,1,3,5,5,1,3,69E3,?,TR,GDA94,MSL,GRS80,B,DEG,m,m,m,um,m,m,um,m,m,m,m,um,m,m,um,99999,99999,ELN,W98,99999,ELN,DFA,AUSGEOID98,GRS80,99999,99999,31-DEC-99,31-DEC-99,Comment is null
196953,1969535814.00,4642759,135.289213,-29.653556,226.940,230.456,3.516,9792435.05,226.940,230.456,0.15,2.67,176.15,-85.07,165.33,-88.61,100.000,5.000,5.060,0.06,2.00,5.000,5.060,0.5,1,0,5,5,1,3,5,5,1,3,69E3,?,TR,GDA94,MSL,GRS80,B,DEG,m,m,m,um,m,m,um,m,m,m,m,um,m,m,um,99999,99999,ELN,W98,99999,ELN,DFA,AUSGEOID98,GRS80,99999,99999,31-DEC-99,31-DEC-99,Comment is null
196953,1969535815.00,4642760,135.293612,-29.584555,187.350,191.254,3.904,9792711.30,187.350,191.254,0.17,2.67,385.00,168.18,372.95,163.31,100.000,5.000,5.060,0.06,2.00,5.000,5.060,0.5,1,0,5,5,1,3,5,5,1,3,69E3,?,TR,GDA94,MSL,GRS80,B,DEG,m,m,m,um,m,m,um,m,m,m,m,um,m,m,um,99999,99999,ELN,W98,99999,ELN,DFA,AUSGEOID98,GRS80,99999,99999,31-DEC-99,31-DEC-99,Comment is null
196953,1969535816.00,5408643,135.355011,-29.593755,197.900,202.000,4.100,9792818.15,197.900,202.000,0.20,2.67,517.87,288.88,505.23,283.78,100.000,5.000,5.060,0.06,2.00,5.000,5.060,0.5,1,0,5,5,1,3,5,5,1,3,69E3,?,TR,GDA94,MSL,GRS80,B,DEG,m,m,m,um,m,m,um,m,m,m,m,um,m,m,um,99999,99999,ELN,W98,99999,ELN,DFA,AUSGEOID98,GRS80,99999,99999,31-DEC-99,31-DEC-99,Comment is null
196953,1969535817.00,5262832,135.344010,-29.528554,162.250,166.539,4.289,9792756.02,162.250,166.539,0.08,2.67,396.87,208.05,383.61,202.06,100.000,5.000,5.060,0.06,2.00,5.000,5.060,0.5,1,0,5,5,1,3,5,5,1,3,69E3,?,TR,GDA94,MSL,GRS80,B,DEG,m,m,m,um,m,m,um,m,m,m,m,um,m,m,um,99999,99999,ELN,W98,99999,ELN,DFA,AUSGEOID98,GRS80,99999,99999,31-DEC-99,31-DEC-99,Comment is null
196953,1969535818.00,4642761,135.282811,-29.528355,163.730,167.815,4.085,9792718.30,163.730,167.815,0.10,2.67,363.24,172.98,350.61,167.40,100.000,5.000,5.060,0.06,2.00,5.000,5.060,0.5,1,0,5,5,1,3,5,5,1,3,69E3,?,TR,GDA94,MSL,GRS80,B,DEG,m,m,m,um,m,m,um,m,m,m,m,um,m,m,um,99999,99999,ELN,W98,99999,ELN,DFA,AUSGEOID98,GRS80,99999,99999,31-DEC-99,31-DEC-99,Comment is null
196953,1969535819.00,5957044,135.206012,-29.535656,183.720,187.464,3.744,9792543.41,183.720,187.464,0.16,2.67,243.31,30.79,231.76,26.18,100.000,5.000,5.060,0.06,2.00,5.000,5.060,0.5,1,0,5,5,1,3,5,5,1,3,69E3,?,TR,GDA94,MSL,GRS80,B,DEG,m,m,m,um,m,m,um,m,m,m,m,um,m,m,um,99999,99999,ELN,W98,99999,ELN,DFA,AUSGEOID98,GRS80,99999,99999,31-DEC-99,31-DEC-99,Comment is null
196953,1969535820.00,5721950,135.225112,-29.594456,218.070,221.619,3.549,9792488.88,218.070,221.619,0.16,2.67,248.59,-2.63,237.66,-6.36,100.000,5.000,5.060,0.06,2.00,5.000,5.060,0.5,1,0,5,5,1,3,5,5,1,3,69E3,?,TR,GDA94,MSL,GRS80,B,DEG,m,m,m,um,m,m,um,m,m,m,m,um,m,m,um,99999,99999,ELN,W98,99999,ELN,DFA,AUSGEOID98,GRS80,99999,99999,31-DEC-99,31-DEC-99,Comment is null
196953,1969535821.00,5893643,135.220913,-29.657456,217.140,220.329,3.189,9792312.69,217.140,220.329,0.10,2.67,19.52,-230.24,9.70,-233.28,100.000,5.000,5.060,0.06,2.00,5.000,5.060,0.5,1,0,5,5,1,3,5,5,1,3,69E3,?,TR,GDA94,MSL,GRS80,B,DEG,m,m,m,um,m,m,um,m,m,m,m,um,m,m,um,99999,99999,ELN,W98,99999,ELN,DFA,AUSGEOID98,GRS80,99999,99999,31-DEC-99,31-DEC-99,Comment is null
196953,1969535822.00,4642762,135.220314,-29.712856,236.130,239.030,2.900,9792236.25,236.130,239.030,0.19,2.67,-42.28,-313.22,-51.19,-315.42,100.000,5.000,5.060,0.06,2.00,5.000,5.060,0.5,1,0,5,5,1,3,5,5,1,3,69E3,?,TR,GDA94,MSL,GRS80,B,DEG,m,m,m,um,m,m,um,m,m,m,m,um,m,m,um,99999,99999,ELN,W98,99999,ELN,DFA,AUSGEOID98,GRS80,99999,99999,31-DEC-99,31-DEC-99,Comment is null
196953,1969535823.00,4642763,135.293013,-29.714556,233.860,237.046,3.186,9792285.37,233.860,237.046,0.12,2.67,-0.59,-269.29,-10.39,-272.08,100.000,5.000,5.060,0.06,2.00,5.000,5.060,0.5,1,0,5,5,1,3,5,5,1,3,69E3,?,TR,GDA94,MSL,GRS80,B,DEG,m,m,m,um,m,m,um,m,m,m,m,um,m,m,um,99999,99999,ELN,W98,99999,ELN,DFA,AUSGEOID98,GRS80,99999,99999,31-DEC-99,31-DEC-99,Comment is null
196953,1969535824.00,4642764,135.288814,-29.779756,213.320,216.176,2.856,9792348.41,213.320,216.176,0.11,2.67,-52.68,-297.73,-61.48,-300.18,100.000,5.000,5.060,0.06,2.00,5.000,5.060,0.5,1,0,5,5,1,3,5,5,1,3,69E3,?,TR,GDA94,MSL,GRS80,B,DEG,m,m,m,um,m,m,um,m,m,m,m,um,m,m,um,99999,99999,ELN,W98,99999,ELN,DFA,AUSGEOID98,GRS80,99999,99999,31-DEC-99,31-DEC-99,Comment is null
196953,1969535825.00,4642765,135.220115,-29.772057,194.480,197.121,2.641,9792352.41,194.480,197.121,0.15,2.67,-101.48,-324.94,-109.62,-327.24,100.000,5.000,5.060,0.06,2.00,5.000,5.060,0.5,1,0,5,5,1,3,5,5,1,3,69E3,?,TR,GDA94,MSL,GRS80,B,DEG,m,m,m,um,m,m,um,m,m,m,m,um,m,m,um,99999,99999,ELN,W98,99999,ELN,DFA,AUSGEOID98,GRS80,99999,99999,31-DEC-99,31-DEC-99,Comment is null
196953,1969535826.00,4642766,135.153815,-29.773557,192.070,194.470,2.400,9792325.89,192.070,194.470,0.08,2.67,-137.34,-357.80,-144.74,-359.66,100.000,5.000,5.060,0.06,2.00,5.000,5.060,0.5,1,0,5,5,1,3,5,5,1,3,69E3,?,TR,GDA94,MSL,GRS80,B,DEG,m,m,m,um,m,m,um,m,m,m,m,um,m,m,um,99999,99999,ELN,W98,99999,ELN,DFA,AUSGEOID98,GRS80,99999,99999,31-DEC-99,31-DEC-99,Comment is null
196953,1969535827.00,4642767,135.222416,-29.838157,191.020,193.430,2.410,9792440.65,191.020,193.430,0.08,2.67,-76.11,-295.39,-83.54,-297.29,100.000,5.000,5.060,0.06,2.00,5.000,5.060,0.5,1,0,5,5,1,3,5,5,1,3,69E3,?,TR,GDA94,MSL,GRS80,B,DEG,m,m,m,um,m,m,um,m,m,m,m,um,m,m,um,99999,99999,ELN,W98,99999,ELN,DFA,AUSGEOID98,GRS80,99999,99999,31-DEC-99,31-DEC-99,Comment is null
196953,1969535828.00,5908273,135.224216,-29.890857,190.060,192.288,2.228,9792508.49,190.060,192.288,0.06,2.67,-52.90,-270.89,-59.77,-272.45,100.000,5.000,5.060,0.06,2.00,5.000,5.060,0.5,1,0,5,5,1,3,5,5,1,3,69E3,?,TR,GDA94,MSL,GRS80,B,DEG,m,m,m,um,m,m,um,m,m,m,m,um,m,m,um,99999,99999,ELN,W98,99999,ELN,DFA,AUSGEOID98,GRS80,99999,99999,31-DEC-99,31-DEC-99,Comment is null
196953,1969535829.00,4642768,135.231817,-29.944457,190.190,192.236,2.046,9792576.03,190.190,192.236,0.06,2.67,-27.38,-245.31,-33.69,-246.51,100.000,5.000,5.060,0.06,2.00,5.000,5.060,0.5,1,0,5,5,1,3,5,5,1,3,69E3,?,TR,GDA94,MSL,GRS80,B,DEG,m,m,m,um,m,m,um,m,m,m,m,um,m,m,um,99999,99999,ELN,W98,99999,ELN,DFA,AUSGEOID98,GRS80,99999,99999,31-DEC-99,31-DEC-99,Comment is null
196953,1969535830.00,4642769,135.199618,-30.011758,172.520,174.190,1.670,9792711.70,172.520,174.190,0.04,2.67,0.00,-197.49,-5.16,-198.21,100.000,5.000,5.060,0.06,2.00,5.000,5.060,0.5,1,0,5,5,1,3,5,5,1,3,69E3,?,TR,GDA94,MSL,GRS80,B,DEG,m,m,m,um,m,m,um,m,m,m,m,um,m,m,um,99999,99999,ELN,W98,99999,ELN,DFA,AUSGEOID98,GRS80,99999,99999,31-DEC-99,31-DEC-99,Comment is null
196953,1969535831.00,5765313,135.283217,-30.005457,192.560,194.505,1.945,9792634.86,192.560,194.505,0.08,2.67,-9.24,-229.74,-15.23,-230.70,100.000,5.000,5.060,0.06,2.00,5.000,5.060,0.5,1,0,5,5,1,3,5,5,1,3,69E3,?,TR,GDA94,MSL,GRS80,B,DEG,m,m,m,um,m,m,um,m,m,m,m,um,m,m,um,99999,99999,ELN,W98,99999,ELN,DFA,AUSGEOID98,GRS80,99999,99999,31-DEC-99,31-DEC-99,Comment is null
196953,1969535832.00,5973659,135.366616,-29.992256,188.970,191.217,2.247,9792654.27,188.970,191.217,0.05,2.67,10.35,-206.42,3.43,-208.03,100.000,5.000,5.060,0.06,2.00,5.000,5.060,0.5,1,0,5,5,1,3,5,5,1,3,69E3,?,TR,GDA94,MSL,GRS80,B,DEG,m,m,m,um,m,m,um,m,m,m,m,um,m,m,um,99999,99999,ELN,W98,99999,ELN,DFA,AUSGEOID98,GRS80,99999,99999,31-DEC-99,31-DEC-99,Comment is null
196953,1969535833.00,4642770,135.345016,-29.952856,201.930,204.274,2.344,9792574.83,201.930,204.274,0.07,2.67,2.00,-229.57,-5.22,-231.18,100.000,5.000,5.060,0.06,2.00,5.000,5.060,0.5,1,0,5,5,1,3,5,5,1,3,69E3,?,TR,GDA94,MSL,GRS80,B,DEG,m,m,m,um,m,m,um,m,m,m,m,um,m,m,um,99999,99999,ELN,W98,99999,ELN,DFA,AUSGEOID98,GRS80,99999,99999,31-DEC-99,31-DEC-99,Comment is null
196953,1969535834.00,5758262,135.274317,-29.960757,197.510,199.614,2.104,9792600.14,197.510,199.614,0.08,2.67,6.76,-219.53,0.28,-220.74,100.000,5.000,5.060,0.06,2.00,5.000,5.060,0.5,1,0,5,5,1,3,5,5,1,3,69E3,?,TR,GDA94,MSL,GRS80,B,DEG,m,m,m,um,m,m,um,m,m,m,m,um,m,m,um,99999,99999,ELN,W98,99999,ELN,DFA,AUSGEOID98,GRS80,99999,99999,31-DEC-99,31-DEC-99,Comment is null
196953,1969535835.00,4642771,135.282116,-29.890257,209.690,212.091,2.401,9792442.05,209.690,212.091,0.09,2.67,-57.77,-298.20,-65.16,-299.81,100.000,5.000,5.060,0.06,2.00,5.000,5.060,0.5,1,0,5,5,1,3,5,5,1,3,69E3,?,TR,GDA94,MSL,GRS80,B,DEG,m,m,m,um,m,m,um,m,m,m,m,um,m,m,um,99999,99999,ELN,W98,99999,ELN,DFA,AUSGEOID98,GRS80,99999,99999,31-DEC-99,31-DEC-99,Comment is null
196953,1969535836.00,5786921,135.283415,-29.831256,220.710,223.341,2.631,9792406.64,220.710,223.341,0.22,2.67,-12.47,-265.63,-20.56,-267.53,100.000,5.000,5.060,0.06,2.00,5.000,5.060,0.5,1,0,5,5,1,3,5,5,1,3,69E3,?,TR,GDA94,MSL,GRS80,B,DEG,m,m,m,um,m,m,um,m,m,m,m,um,m,m,um,99999,99999,ELN,W98,99999,ELN,DFA,AUSGEOID98,GRS80,99999,99999,31-DEC-99,31-DEC-99,Comment is null
196953,1969535837.00,4642772,135.352313,-29.768555,218.650,221.784,3.134,9792390.93,218.650,221.784,0.11,2.67,15.86,-235.54,6.22,-238.45,100.000,5.000,5.060,0.06,2.00,5.000,5.060,0.5,1,0,5,5,1,3,5,5,1,3,69E3,?,TR,GDA94,MSL,GRS80,B,DEG,m,m,m,um,m,m,um,m,m,m,m,um,m,m,um,99999,99999,ELN,W98,99999,ELN,DFA,AUSGEOID98,GRS80,99999,99999,31-DEC-99,31-DEC-99,Comment is null
196953,1969535838.00,5874716,135.341014,-29.823656,206.280,209.131,2.851,9792439.35,206.280,209.131,0.09,2.67,-17.67,-254.74,-26.45,-257.28,100.000,5.000,5.060,0.06,2.00,5.000,5.060,0.5,1,0,5,5,1,3,5,5,1,3,69E3,?,TR,GDA94,MSL,GRS80,B,DEG,m,m,m,um,m,m,um,m,m,m,m,um,m,m,um,99999,99999,ELN,W98,99999,ELN,DFA,AUSGEOID98,GRS80,99999,99999,31-DEC-99,31-DEC-99,Comment is null
196953,1969535839.00,4642773,135.346315,-29.882256,198.690,201.319,2.629,9792530.30,198.690,201.319,0.06,2.67,3.48,-224.74,-4.62,-226.95,100.000,5.000,5.060,0.06,2.00,5.000,5.060,0.5,1,0,5,5,1,3,5,5,1,3,69E3,?,TR,GDA94,MSL,GRS80,B,DEG,m,m,m,um,m,m,um,m,m,m,m,um,m,m,um,99999,99999,ELN,W98,99999,ELN,DFA,AUSGEOID98,GRS80,99999,99999,31-DEC-99,31-DEC-99,Comment is null
196953,1969535840.00,4642774,135.410614,-29.888855,212.630,215.423,2.793,9792510.99,212.630,215.423,0.12,2.67,22.54,-221.66,13.94,-223.99,100.000,5.000,5.060,0.06,2.00,5.000,5.060,0.5,1,0,5,5,1,3,5,5,1,3,69E3,?,TR,GDA94,MSL,GRS80,B,DEG,m,m,m,um,m,m,um,m,m,m,m,um,m,m,um,99999,99999,ELN,W98,99999,ELN,DFA,AUSGEOID98,GRS80,99999,99999,31-DEC-99,31-DEC-99,Comment is null
196953,1969535841.00,5673105,135.410815,-29.950356,198.760,201.304,2.544,9792610.14,198.760,201.304,0.06,2.67,30.11,-198.10,22.27,-200.14,100.000,5.000,5.060,0.06,2.00,5.000,5.060,0.5,1,0,5,5,1,3,5,5,1,3,69E3,?,TR,GDA94,MSL,GRS80,B,DEG,m,m,m,um,m,m,um,m,m,m,m,um,m,m,um,99999,99999,ELN,W98,99999,ELN,DFA,AUSGEOID98,GRS80,99999,99999,31-DEC-99,31-DEC-99,Comment is null
196953,1969535842.00,5696860,135.414716,-29.998556,187.140,189.503,2.363,9792675.38,187.140,189.503,0.05,2.67,21.25,-193.58,13.96,-195.45,100.000,5.000,5.060,0.06,2.00,5.000,5.060,0.5,1,0,5,5,1,3,5,5,1,3,69E3,?,TR,GDA94,MSL,GRS80,B,DEG,m,m,m,um,m,m,um,m,m,m,m,um,m,m,um,99999,99999,ELN,W98,99999,ELN,DFA,AUSGEOID98,GRS80,99999,99999,31-DEC-99,31-DEC-99,Comment is null
196953,1969535843.00,5979834,135.467715,-30.009955,184.010,186.476,2.466,9792692.69,184.010,186.476,0.04,2.67,20.30,-191.10,12.70,-193.21,100.000,5.000,5.060,0.06,2.00,5.000,5.060,0.5,1,0,5,5,1,3,5,5,1,3,69E3,?,TR,GDA94,MSL,GRS80,B,DEG,m,m,m,um,m,m,um,m,m,m,m,um,m,m,um,99999,99999,ELN,W98,99999,ELN,DFA,AUSGEOID98,GRS80,99999,99999,31-DEC-99,31-DEC-99,Comment is null
196953,1969535844.00,4642775,135.476815,-29.952655,203.020,205.726,2.706,9792562.62,203.020,205.726,0.10,2.67,-5.57,-238.79,-13.91,-241.09,100.000,5.000,5.060,0.06,2.00,5.000,5.060,0.5,1,0,5,5,1,3,5,5,1,3,69E3,?,TR,GDA94,MSL,GRS80,B,DEG,m,m,m,um,m,m,um,m,m,m,m,um,m,m,um,99999,99999,ELN,W98,99999,ELN,DFA,AUSGEOID98,GRS80,99999,99999,31-DEC-99,31-DEC-99,Comment is null
196953,1969535845.00,5799277,135.476814,-29.882255,214.270,217.267,2.997,9792516.19,214.270,217.267,0.33,2.67,38.58,-207.71,29.35,-210.41,100.000,5.000,5.060,0.06,2.00,5.000,5.060,0.5,1,0,5,5,1,3,5,5,1,3,69E3,?,TR,GDA94,MSL,GRS80,B,DEG,m,m,m,um,m,m,um,m,m,m,m,um,m,m,um,99999,99999,ELN,W98,99999,ELN,DFA,AUSGEOID98,GRS80,99999,99999,31-DEC-99,31-DEC-99,Comment is null
196953,1969535846.00,4642776,135.477513,-29.835155,184.520,187.727,3.207,9792577.63,184.520,187.727,0.12,2.67,45.60,-167.22,35.71,-170.77,100.000,5.000,5.060,0.06,2.00,5.000,5.060,0.5,1,0,5,5,1,3,5,5,1,3,69E3,?,TR,GDA94,MSL,GRS80,B,DEG,m,m,m,um,m,m,um,m,m,m,m,um,m,m,um,99999,99999,ELN,W98,99999,ELN,DFA,AUSGEOID98,GRS80,99999,99999,31-DEC-99,31-DEC-99,Comment is null
196953,1969535847.00,4642777,135.413914,-29.835555,219.880,222.910,3.030,9792476.87,219.880,222.910,0.19,2.67,53.09,-199.59,43.77,-202.28,100.000,5.000,5.060,0.06,2.00,5.000,5.060,0.5,1,0,5,5,1,3,5,5,1,3,69E3,?,TR,GDA94,MSL,GRS80,B,DEG,m,m,m,um,m,m,um,m,m,m,m,um,m,m,um,99999,99999,ELN,W98,99999,ELN,DFA,AUSGEOID98,GRS80,99999,99999,31-DEC-99,31-DEC-99,Comment is null
196953,1969535901.00,5863007,135.009117,-29.764359,160.260,162.231,1.971,9792342.00,160.260,162.231,0.05,2.67,-213.54,-397.47,-219.64,-398.97,100.000,5.000,5.060,0.06,2.00,5.000,5.060,0.5,1,0,5,5,1,3,5,5,1,3,69E3,?,TR,GDA94,MSL,GRS80,B,DEG,m,m,m,um,m,m,um,m,m,m,m,um,m,m,um,99999,99999,ELN,W98,99999,ELN,DFA,AUSGEOID98,GRS80,99999,99999,31-DEC-99,31-DEC-99,Comment is null
196953,1969535902.00,4642778,135.100815,-29.702758,192.650,195.140,2.490,9792259.26,192.650,195.140,0.15,2.67,-146.83,-368.05,-154.51,-370.08,100.000,5.000,5.060,0.06,2.00,5.000,5.060,0.5,1,0,5,5,1,3,5,5,1,3,69E3,?,TR,GDA94,MSL,GRS80,B,DEG,m,m,m,um,m,m,um,m,m,m,m,um,m,m,um,99999,99999,ELN,W98,99999,ELN,DFA,AUSGEOID98,GRS80,99999,99999,31-DEC-99,31-DEC-99,Comment is null
196953,1969535903.00,5924058,135.158315,-29.713057,219.140,221.795,2.655,9792244.65,219.140,221.795,0.14,2.67,-87.20,-338.62,-95.37,-340.59,100.000,5.000,5.060,0.06,2.00,5.000,5.060,0.5,1,0,5,5,1,3,5,5,1,3,69E3,?,TR,GDA94,MSL,GRS80,B,DEG,m,m,m,um,m,m,um,m,m,m,m,um,m,m,um,99999,99999,ELN,W98,99999,ELN,DFA,AUSGEOID98,GRS80,99999,99999,31-DEC-99,31-DEC-99,Comment is null
196953,1969535904.00,4642779,135.153514,-29.649157,215.250,218.187,2.937,9792247.35,215.250,218.187,0.16,2.67,-45.98,-293.31,-55.03,-295.89,100.000,5.000,5.060,0.06,2.00,5.000,5.060,0.5,1,0,5,5,1,3,5,5,1,3,69E3,?,TR,GDA94,MSL,GRS80,B,DEG,m,m,m,um,m,m,um,m,m,m,m,um,m,m,um,99999,99999,ELN,W98,99999,ELN,DFA,AUSGEOID98,GRS80,99999,99999,31-DEC-99,31-DEC-99,Comment is null
196953,1969535905.00,4642780,135.159613,-29.580056,206.770,210.087,3.317,9792348.61,206.770,210.087,0.10,2.67,83.90,-154.25,73.68,-157.70,100.000,5.000,5.060,0.06,2.00,5.000,5.060,0.5,1,0,5,5,1,3,5,5,1,3,69E3,?,TR,GDA94,MSL,GRS80,B,DEG,m,m,m,um,m,m,um,m,m,m,m,um,m,m,um,99999,99999,ELN,W98,99999,ELN,DFA,AUSGEOID98,GRS80,99999,99999,31-DEC-99,31-DEC-99,Comment is null
196953,1969535906.00,5409788,135.162512,-29.536056,181.770,185.318,3.548,9792500.99,181.770,185.318,0.20,2.67,193.96,-16.13,183.01,-20.39,100.000,5.000,5.060,0.06,2.00,5.000,5.060,0.5,1,0,5,5,1,3,5,5,1,3,69E3,?,TR,GDA94,MSL,GRS80,B,DEG,m,m,m,um,m,m,um,m,m,m,m,um,m,m,um,99999,99999,ELN,W98,99999,ELN,DFA,AUSGEOID98,GRS80,99999,99999,31-DEC-99,31-DEC-99,Comment is null
196953,1969535907.00,4642781,135.095613,-29.538757,197.770,201.000,3.230,9792273.57,197.770,201.000,0.16,2.67,12.83,-215.03,2.87,-218.43,100.000,5.000,5.060,0.06,2.00,5.000,5.060,0.5,1,0,5,5,1,3,5,5,1,3,69E3,?,TR,GDA94,MSL,GRS80,B,DEG,m,m,m,um,m,m,um,m,m,m,m,um,m,m,um,99999,99999,ELN,W98,99999,ELN,DFA,AUSGEOID98,GRS80,99999,99999,31-DEC-99,31-DEC-99,Comment is null
196953,1969535908.00,4642782,135.035614,-29.541058,183.020,185.991,2.971,9792219.44,183.020,185.991,0.05,2.67,-89.39,-300.24,-98.56,-303.36,100.000,5.000,5.060,0.06,2.00,5.000,5.060,0.5,1,0,5,5,1,3,5,5,1,3,69E3,?,TR,GDA94,MSL,GRS80,B,DEG,m,m,m,um,m,m,um,m,m,m,m,um,m,m,um,99999,99999,ELN,W98,99999,ELN,DFA,AUSGEOID98,GRS80,99999,99999,31-DEC-99,31-DEC-99,Comment is null
196953,1969535909.00,4642783,135.029414,-29.591358,187.060,189.780,2.720,9792226.94,187.060,189.780,0.11,2.67,-109.18,-324.33,-117.58,-326.90,100.000,5.000,5.060,0.06,2.00,5.000,5.060,0.5,1,0,5,5,1,3,5,5,1,3,69E3,?,TR,GDA94,MSL,GRS80,B,DEG,m,m,m,um,m,m,um,m,m,m,m,um,m,m,um,99999,99999,ELN,W98,99999,ELN,DFA,AUSGEOID98,GRS80,99999,99999,31-DEC-99,31-DEC-99,Comment is null
196953,1969535910.00,5867894,135.091714,-29.592257,185.010,187.965,2.955,9792270.16,185.010,187.965,0.13,2.67,-72.26,-285.35,-81.38,-288.40,100.000,5.000,5.060,0.06,2.00,5.000,5.060,0.5,1,0,5,5,1,3,5,5,1,3,69E3,?,TR,GDA94,MSL,GRS80,B,DEG,m,m,m,um,m,m,um,m,m,m,m,um,m,m,um,99999,99999,ELN,W98,99999,ELN,DFA,AUSGEOID98,GRS80,99999,99999,31-DEC-99,31-DEC-99,Comment is null
196953,1969535911.00,5408996,135.091014,-29.654157,178.520,181.183,2.663,9792285.87,178.520,181.183,0.11,2.67,-125.52,-330.92,-133.74,-333.50,100.000,5.000,5.060,0.06,2.00,5.000,5.060,0.5,1,0,5,5,1,3,5,5,1,3,69E3,?,TR,GDA94,MSL,GRS80,B,DEG,m,m,m,um,m,m,um,m,m,m,m,um,m,m,um,99999,99999,ELN,W98,99999,ELN,DFA,AUSGEOID98,GRS80,99999,99999,31-DEC-99,31-DEC-99,Comment is null
196953,1969535912.00,4642784,135.029415,-29.654258,160.140,162.585,2.445,9792297.38,160.140,162.585,0.06,2.67,-171.47,-355.80,-179.03,-358.23,100.000,5.000,5.060,0.06,2.00,5.000,5.060,0.5,1,0,5,5,1,3,5,5,1,3,69E3,?,TR,GDA94,MSL,GRS80,B,DEG,m,m,m,um,m,m,um,m,m,m,m,um,m,m,um,99999,99999,ELN,W98,99999,ELN,DFA,AUSGEOID98,GRS80,99999,99999,31-DEC-99,31-DEC-99,Comment is null
196953,1969535913.00,5312287,135.021816,-29.708758,157.110,159.313,2.203,9792319.99,157.110,159.313,0.06,2.67,-201.30,-381.93,-208.12,-383.92,100.000,5.000,5.060,0.06,2.00,5.000,5.060,0.5,1,0,5,5,1,3,5,5,1,3,69E3,?,TR,GDA94,MSL,GRS80,B,DEG,m,m,m,um,m,m,um,m,m,m,m,um,m,m,um,99999,99999,ELN,W98,99999,ELN,DFA,AUSGEOID98,GRS80,99999,99999,31-DEC-99,31-DEC-99,Comment is null
196953,1969535914.00,4642785,135.023517,-29.828159,154.860,156.689,1.829,9792492.78,154.860,156.689,0.05,2.67,-129.55,-307.20,-135.22,-308.50,100.000,5.000,5.060,0.06,2.00,5.000,5.060,0.5,1,0,5,5,1,3,5,5,1,3,69E3,?,TR,GDA94,MSL,GRS80,B,DEG,m,m,m,um,m,m,um,m,m,m,m,um,m,m,um,99999,99999,ELN,W98,99999,ELN,DFA,AUSGEOID98,GRS80,99999,99999,31-DEC-99,31-DEC-99,Comment is null
196953,1969535915.00,4642786,135.015918,-29.885159,154.050,155.686,1.636,9792599.44,154.050,155.686,0.03,2.67,-70.44,-246.96,-75.51,-247.89,100.000,5.000,5.060,0.06,2.00,5.000,5.060,0.5,1,0,5,5,1,3,5,5,1,3,69E3,?,TR,GDA94,MSL,GRS80,B,DEG,m,m,m,um,m,m,um,m,m,m,m,um,m,m,um,99999,99999,ELN,W98,99999,ELN,DFA,AUSGEOID98,GRS80,99999,99999,31-DEC-99,31-DEC-99,Comment is null
196953,1969535916.00,5840397,135.097117,-29.885259,177.390,179.261,1.871,9792594.44,177.390,179.261,0.08,2.67,-2.78,-206.01,-8.56,-207.06,100.000,5.000,5.060,0.06,2.00,5.000,5.060,0.5,1,0,5,5,1,3,5,5,1,3,69E3,?,TR,GDA94,MSL,GRS80,B,DEG,m,m,m,um,m,m,um,m,m,m,m,um,m,m,um,99999,99999,ELN,W98,99999,ELN,DFA,AUSGEOID98,GRS80,99999,99999,31-DEC-99,31-DEC-99,Comment is null
196953,1969535917.00,4642787,135.082318,-29.943859,157.670,159.274,1.604,9792653.77,157.670,159.274,0.04,2.67,-50.87,-231.45,-55.84,-232.27,100.000,5.000,5.060,0.06,2.00,5.000,5.060,0.5,1,0,5,5,1,3,5,5,1,3,69E3,?,TR,GDA94,MSL,GRS80,B,DEG,m,m,m,um,m,m,um,m,m,m,m,um,m,m,um,99999,99999,ELN,W98,99999,ELN,DFA,AUSGEOID98,GRS80,99999,99999,31-DEC-99,31-DEC-99,Comment is null
196953,1969535918.00,5262833,135.017219,-29.949960,163.130,164.522,1.392,9792656.97,163.130,164.522,0.07,2.67,-36.25,-222.77,-40.55,-223.10,100.000,5.000,5.060,0.06,2.00,5.000,5.060,0.5,1,0,5,5,1,3,5,5,1,3,69E3,?,TR,GDA94,MSL,GRS80,B,DEG,m,m,m,um,m,m,um,m,m,m,m,um,m,m,um,99999,99999,ELN,W98,99999,ELN,DFA,AUSGEOID98,GRS80,99999,99999,31-DEC-99,31-DEC-99,Comment is null
196953,1969535919.00,5408644,135.021120,-30.000260,148.310,149.493,1.183,9792635.76,148.310,149.493,0.03,2.67,-143.15,-312.65,-146.82,-312.78,100.000,5.000,5.060,0.06,2.00,5.000,5.060,0.5,1,0,5,5,1,3,5,5,1,3,69E3,?,TR,GDA94,MSL,GRS80,B,DEG,m,m,m,um,m,m,um,m,m,m,m,um,m,m,um,99999,99999,ELN,W98,99999,ELN,DFA,AUSGEOID98,GRS80,99999,99999,31-DEC-99,31-DEC-99,Comment is null
196953,1969535920.00,4642788,135.081719,-30.003159,161.640,162.983,1.343,9792624.15,161.640,162.983,0.05,2.67,-115.40,-300.18,-119.56,-300.43,100.000,5.000,5.060,0.06,2.00,5.000,5.060,0.5,1,0,5,5,1,3,5,5,1,3,69E3,?,TR,GDA94,MSL,GRS80,B,DEG,m,m,m,um,m,m,um,m,m,m,m,um,m,m,um,99999,99999,ELN,W98,99999,ELN,DFA,AUSGEOID98,GRS80,99999,99999,31-DEC-99,31-DEC-99,Comment is null
196953,1969535922.00,5924059,135.149018,-29.950958,167.570,169.347,1.777,9792641.06,167.570,169.347,0.05,2.67,-38.05,-230.04,-43.54,-231.05,100.000,5.000,5.060,0.06,2.00,5.000,5.060,0.5,1,0,5,5,1,3,5,5,1,3,69E3,?,TR,GDA94,MSL,GRS80,B,DEG,m,m,m,um,m,m,um,m,m,m,m,um,m,m,um,99999,99999,ELN,W98,99999,ELN,DFA,AUSGEOID98,GRS80,99999,99999,31-DEC-99,31-DEC-99,Comment is null
196953,1969535923.00,5740408,135.146717,-29.885258,177.350,179.373,2.023,9792603.24,177.350,179.373,0.05,2.67,6.37,-196.99,0.12,-198.33,100.000,5.000,5.060,0.06,2.00,5.000,5.060,0.5,1,0,5,5,1,3,5,5,1,3,69E3,?,TR,GDA94,MSL,GRS80,B,DEG,m,m,m,um,m,m,um,m,m,m,m,um,m,m,um,99999,99999,ELN,W98,99999,ELN,DFA,AUSGEOID98,GRS80,99999,99999,31-DEC-99,31-DEC-99,Comment is null
196953,1969535924.00,5692758,135.149116,-29.831558,179.610,181.813,2.203,9792494.98,179.610,181.813,0.06,2.67,-52.48,-258.60,-59.28,-260.27,100.000,5.000,5.060,0.06,2.00,5.000,5.060,0.5,1,0,5,5,1,3,5,5,1,3,69E3,?,TR,GDA94,MSL,GRS80,B,DEG,m,m,m,um,m,m,um,m,m,m,m,um,m,m,um,99999,99999,ELN,W98,99999,ELN,DFA,AUSGEOID98,GRS80,99999,99999,31-DEC-99,31-DEC-99,Comment is null
196953,1969535925.00,4642790,135.084817,-29.834658,167.090,169.080,1.990,9792464.37,167.090,169.080,0.05,2.67,-124.80,-316.49,-130.95,-317.93,100.000,5.000,5.060,0.06,2.00,5.000,5.060,0.5,1,0,5,5,1,3,5,5,1,3,69E3,?,TR,GDA94,MSL,GRS80,B,DEG,m,m,m,um,m,m,um,m,m,m,m,um,m,m,um,99999,99999,ELN,W98,99999,ELN,DFA,AUSGEOID98,GRS80,99999,99999,31-DEC-99,31-DEC-99,Comment is null
196953,1969535926.00,4642791,135.087316,-29.765558,177.670,179.873,2.203,9792314.69,177.670,179.873,0.12,2.67,-187.35,-391.28,-194.16,-392.97,100.000,5.000,5.060,0.06,2.00,5.000,5.060,0.5,1,0,5,5,1,3,5,5,1,3,69E3,?,TR,GDA94,MSL,GRS80,B,DEG,m,m,m,um,m,m,um,m,m,m,m,um,m,m,um,99999,99999,ELN,W98,99999,ELN,DFA,AUSGEOID98,GRS80,99999,99999,31-DEC-99,31-DEC-99,Comment is null
196953,1969535995.00,5708084,134.978814,-29.551058,177.640,180.367,2.727,9792218.04,177.640,180.367,0.05,2.67,-115.89,-320.37,-124.31,-323.09,100.000,5.000,5.060,0.06,2.00,5.000,5.060,0.5,1,0,5,5,1,3,5,5,1,3,69E3,?,TR,GDA94,MSL,GRS80,B,DEG,m,m,m,um,m,m,um,m,m,m,m,um,m,m,um,99999,99999,ELN,W98,99999,ELN,DFA,AUSGEOID98,GRS80,99999,99999,31-DEC-99,31-DEC-99,Comment is null
196953,1969539120.00,4642793,136.498105,-30.000345,117.740,122.566,4.826,9792788.84,117.740,122.566,0.06,2.67,-73.22,-212.19,-88.15,-219.90,100.000,5.000,5.060,0.06,2.00,5.000,5.060,0.5,1,0,5,5,1,3,5,5,1,3,69E3,?,TR,GDA94,MSL,GRS80,B,DEG,m,m,m,um,m,m,um,m,m,m,m,um,m,m,um,99999,99999,ELN,W98,99999,ELN,DFA,AUSGEOID98,GRS80,99999,99999,31-DEC-99,31-DEC-99,Comment is null
196955,1969550101.00,5677453,135.155492,-30.293060,186.020,186.264,0.244,9792568.32,186.020,186.264,0.07,2.67,-326.82,-537.98,-327.56,-535.72,100.000,5.000,5.060,0.06,2.00,5.000,5.060,0.5,1,0,5,5,1,3,5,5,1,3,99999,?,TR,GDA94,MSL,GRS80,B,DEG,m,m,m,um,m,m,um,m,m,m,m,um,m,m,um,99999,99999,ELN,W98,99999,ELN,DFA,AUSGEOID98,GRS80,99999,99999,31-DEC-99,31-DEC-99,Comment is null
196955,1969550102.00,4643013,135.129152,-30.237390,184.100,184.474,0.374,9792518.50,184.100,184.474,0.07,2.67,-338.39,-547.53,-339.54,-545.55,100.000,5.000,5.060,0.06,2.00,5.000,5.060,0.5,1,0,5,5,1,3,5,5,1,3,99999,?,TR,GDA94,MSL,GRS80,B,DEG,m,m,m,um,m,m,um,m,m,m,m,um,m,m,um,99999,99999,ELN,W98,99999,ELN,DFA,AUSGEOID98,GRS80,99999,99999,31-DEC-99,31-DEC-99,Comment is null
196955,1969550103.00,5924068,135.123491,-30.170730,175.990,176.656,0.666,9792572.42,175.990,176.656,0.04,2.67,-256.24,-456.51,-258.29,-455.22,100.000,5.000,5.060,0.06,2.00,5.000,5.060,0.5,1,0,5,5,1,3,5,5,1,3,99999,?,TR,GDA94,MSL,GRS80,B,DEG,m,m,m,um,m,m,um,m,m,m,m,um,m,m,um,99999,99999,ELN,W98,99999,ELN,DFA,AUSGEOID98,GRS80,99999,99999,31-DEC-99,31-DEC-99,Comment is null
196955,1969550104.00,4643014,135.123490,-30.109729,170.900,171.868,0.968,9792599.74,170.900,171.868,0.03,2.67,-195.85,-390.70,-198.84,-390.08,100.000,5.000,5.060,0.06,2.00,5.000,5.060,0.5,1,0,5,5,1,3,5,5,1,3,99999,?,TR,GDA94,MSL,GRS80,B,DEG,m,m,m,um,m,m,um,m,m,m,m,um,m,m,um,99999,99999,ELN,W98,99999,ELN,DFA,AUSGEOID98,GRS80,99999,99999,31-DEC-99,31-DEC-99,Comment is null
196955,1969550105.00,4643015,135.123489,-30.051389,175.660,176.920,1.260,9792708.70,175.660,176.920,0.04,2.67,-25.60,-226.17,-29.49,-226.05,100.000,5.000,5.060,0.06,2.00,5.000,5.060,0.5,1,0,5,5,1,3,5,5,1,3,99999,?,TR,GDA94,MSL,GRS80,B,DEG,m,m,m,um,m,m,um,m,m,m,m,um,m,m,um,99999,99999,ELN,W98,99999,ELN,DFA,AUSGEOID98,GRS80,99999,99999,31-DEC-99,31-DEC-99,Comment is null
196955,1969550106.00,5312290,135.065150,-30.065230,157.980,159.008,1.028,9792663.27,157.980,159.008,0.04,2.67,-137.13,-317.40,-140.31,-317.09,100.000,5.000,5.060,0.06,2.00,5.000,5.060,0.5,1,0,5,5,1,3,5,5,1,3,99999,?,TR,GDA94,MSL,GRS80,B,DEG,m,m,m,um,m,m,um,m,m,m,m,um,m,m,um,99999,99999,ELN,W98,99999,ELN,DFA,AUSGEOID98,GRS80,99999,99999,31-DEC-99,31-DEC-99,Comment is null
196955,1969550107.00,5563867,135.009651,-30.054060,165.170,166.099,0.929,9792642.26,165.170,166.099,0.10,2.67,-127.51,-315.83,-130.39,-315.21,100.000,5.000,5.060,0.06,2.00,5.000,5.060,0.5,1,0,5,5,1,3,5,5,1,3,99999,?,TR,GDA94,MSL,GRS80,B,DEG,m,m,m,um,m,m,um,m,m,m,m,um,m,m,um,99999,99999,ELN,W98,99999,ELN,DFA,AUSGEOID98,GRS80,99999,99999,31-DEC-99,31-DEC-99,Comment is null
196955,1969550108.00,5957048,135.006821,-30.118061,170.380,171.027,0.647,9792714.20,170.380,171.027,0.07,2.67,-90.51,-284.41,-92.52,-283.17,100.000,5.000,5.060,0.06,2.00,5.000,5.060,0.5,1,0,5,5,1,3,5,5,1,3,99999,?,TR,GDA94,MSL,GRS80,B,DEG,m,m,m,um,m,m,um,m,m,m,m,um,m,m,um,99999,99999,ELN,W98,99999,ELN,DFA,AUSGEOID98,GRS80,99999,99999,31-DEC-99,31-DEC-99,Comment is null
196955,1969550109.00,4643016,135.073491,-30.120730,168.800,169.594,0.794,9792672.08,168.800,169.594,0.03,2.67,-139.15,-331.42,-141.61,-330.49,100.000,5.000,5.060,0.06,2.00,5.000,5.060,0.5,1,0,5,5,1,3,5,5,1,3,99999,?,TR,GDA94,MSL,GRS80,B,DEG,m,m,m,um,m,m,um,m,m,m,m,um,m,m,um,99999,99999,ELN,W98,99999,ELN,DFA,AUSGEOID98,GRS80,99999,99999,31-DEC-99,31-DEC-99,Comment is null
196955,1969550110.00,4643017,135.067992,-30.170730,162.460,163.005,0.545,9792667.67,162.460,163.005,0.02,2.67,-203.10,-387.91,-204.80,-386.59,100.000,5.000,5.060,0.06,2.00,5.000,5.060,0.5,1,0,5,5,1,3,5,5,1,3,99999,?,TR,GDA94,MSL,GRS80,B,DEG,m,m,m,um,m,m,um,m,m,m,m,um,m,m,um,99999,99999,ELN,W98,99999,ELN,DFA,AUSGEOID98,GRS80,99999,99999,31-DEC-99,31-DEC-99,Comment is null
196955,1969550112.00,5890167,135.009652,-30.187391,162.180,162.524,0.344,9792715.60,162.180,162.524,0.02,2.67,-169.74,-354.00,-170.81,-352.29,100.000,5.000,5.060,0.06,2.00,5.000,5.060,0.5,1,0,5,5,1,3,5,5,1,3,99999,?,TR,GDA94,MSL,GRS80,B,DEG,m,m,m,um,m,m,um,m,m,m,m,um,m,m,um,99999,99999,ELN,W98,99999,ELN,DFA,AUSGEOID98,GRS80,99999,99999,31-DEC-99,31-DEC-99,Comment is null
196955,1969550113.00,5708085,135.015153,-30.240231,164.680,164.800,0.120,9792701.09,164.680,164.800,0.02,2.67,-218.73,-405.57,-219.11,-403.39,100.000,5.000,5.060,0.06,2.00,5.000,5.060,0.5,1,0,5,5,1,3,5,5,1,3,99999,?,TR,GDA94,MSL,GRS80,B,DEG,m,m,m,um,m,m,um,m,m,m,m,um,m,m,um,99999,99999,ELN,W98,99999,ELN,DFA,AUSGEOID98,GRS80,99999,99999,31-DEC-99,31-DEC-99,Comment is null
196955,1969550114.00,4643018,135.062493,-30.243061,162.920,163.124,0.204,9792621.05,162.920,163.124,0.03,2.67,-306.17,-491.11,-306.81,-489.12,100.000,5.000,5.060,0.06,2.00,5.000,5.060,0.5,1,0,5,5,1,3,5,5,1,3,99999,?,TR,GDA94,MSL,GRS80,B,DEG,m,m,m,um,m,m,um,m,m,m,m,um,m,m,um,99999,99999,ELN,W98,99999,ELN,DFA,AUSGEOID98,GRS80,99999,99999,31-DEC-99,31-DEC-99,Comment is null
196955,1969550115.00,5856297,135.073493,-30.298561,172.390,172.410,0.020,9792612.25,172.390,172.410,0.04,2.67,-329.97,-525.43,-330.03,-522.94,100.000,5.000,5.060,0.06,2.00,5.000,5.060,0.5,1,0,5,5,1,3,5,5,1,3,99999,?,TR,GDA94,MSL,GRS80,B,DEG,m,m,m,um,m,m,um,m,m,m,m,um,m,m,um,99999,99999,ELN,W98,99999,ELN,DFA,AUSGEOID98,GRS80,99999,99999,31-DEC-99,31-DEC-99,Comment is null
196955,1969550116.00,5408652,135.012494,-30.298561,172.430,172.309,-0.121,9792623.05,172.430,172.309,0.03,2.67,-319.47,-514.83,-319.10,-512.05,100.000,5.000,5.060,0.06,2.00,5.000,5.060,0.5,1,1,5,5,1,3,5,5,1,3,99999,?,TR,GDA94,MSL,GRS80,B,DEG,m,m,m,um,m,m,um,m,m,m,m,um,m,m,um,99999,99999,ELN,W98,99999,ELN,DFA,AUSGEOID98,GRS80,99999,99999,31-DEC-99,31-DEC-99,Comment is null
196955,1969550117.00,4643019,135.012494,-30.345732,178.800,178.516,-0.284,9792632.46,178.800,178.516,0.05,2.67,-328.05,-530.44,-327.17,-527.25,100.000,5.000,5.060,0.06,2.00,5.000,5.060,0.5,1,0,5,5,1,3,5,5,1,3,99999,?,TR,GDA94,MSL,GRS80,B,DEG,m,m,m,um,m,m,um,m,m,m,m,um,m,m,um,99999,99999,ELN,W98,99999,ELN,DFA,AUSGEOID98,GRS80,99999,99999,31-DEC-99,31-DEC-99,Comment is null
196955,1969550118.00,5746219,135.012495,-30.406892,170.080,169.631,-0.449,9792739.91,170.080,169.631,0.05,2.67,-296.20,-488.52,-294.82,-485.14,100.000,5.000,5.060,0.06,2.00,5.000,5.060,0.5,1,1,5,5,1,3,5,5,1,3,99999,?,TR,GDA94,MSL,GRS80,B,DEG,m,m,m,um,m,m,um,m,m,m,m,um,m,m,um,99999,99999,ELN,W98,99999,ELN,DFA,AUSGEOID98,GRS80,99999,99999,31-DEC-99,31-DEC-99,Comment is null
196955,1969550119.00,4643020,135.012496,-30.454062,144.960,144.408,-0.552,9792865.68,144.960,144.408,0.04,2.67,-285.47,-449.20,-283.79,-446.00,100.000,5.000,5.060,0.06,2.00,5.000,5.060,0.5,1,1,5,5,1,3,5,5,1,3,99999,?,TR,GDA94,MSL,GRS80,B,DEG,m,m,m,um,m,m,um,m,m,m,m,um,m,m,um,99999,99999,ELN,W98,99999,ELN,DFA,AUSGEOID98,GRS80,99999,99999,31-DEC-99,31-DEC-99,Comment is null
196955,1969550120.00,4643021,135.029157,-30.520732,154.380,153.782,-0.598,9792984.24,154.380,153.782,0.03,2.67,-190.64,-364.99,-188.81,-361.56,100.000,5.000,5.060,0.06,2.00,5.000,5.060,0.5,1,1,5,5,1,3,5,5,1,3,99999,?,TR,GDA94,MSL,GRS80,B,DEG,m,m,m,um,m,m,um,m,m,m,m,um,m,m,um,99999,99999,ELN,W98,99999,ELN,DFA,AUSGEOID98,GRS80,99999,99999,31-DEC-99,31-DEC-99,Comment is null
196955,1969550121.00,4643022,135.073496,-30.520732,154.690,154.236,-0.454,9792967.43,154.690,154.236,0.04,2.67,-206.05,-380.92,-204.66,-377.76,100.000,5.000,5.060,0.06,2.00,5.000,5.060,0.5,1,1,5,5,1,3,5,5,1,3,99999,?,TR,GDA94,MSL,GRS80,B,DEG,m,m,m,um,m,m,um,m,m,m,m,um,m,m,um,99999,99999,ELN,W98,99999,ELN,DFA,AUSGEOID98,GRS80,99999,99999,31-DEC-99,31-DEC-99,Comment is null
196955,1969550122.00,5409120,135.142995,-30.493061,156.240,156.040,-0.200,9792966.63,156.240,156.040,0.04,2.67,-179.42,-356.33,-178.81,-353.65,100.000,5.000,5.060,0.06,2.00,5.000,5.060,0.5,1,1,5,5,1,3,5,5,1,3,99999,?,TR,GDA94,MSL,GRS80,B,DEG,m,m,m,um,m,m,um,m,m,m,m,um,m,m,um,99999,99999,ELN,W98,99999,ELN,DFA,AUSGEOID98,GRS80,99999,99999,31-DEC-99,31-DEC-99,Comment is null
196955,1969550123.00,4643023,135.131825,-30.456891,150.570,150.373,-0.197,9792863.78,150.570,150.373,0.04,2.67,-271.20,-441.69,-270.61,-439.10,100.000,5.000,5.060,0.06,2.00,5.000,5.060,0.5,1,1,5,5,1,3,5,5,1,3,99999,?,TR,GDA94,MSL,GRS80,B,DEG,m,m,m,um,m,m,um,m,m,m,m,um,m,m,um,99999,99999,ELN,W98,99999,ELN,DFA,AUSGEOID98,GRS80,99999,99999,31-DEC-99,31-DEC-99,Comment is null
196955,1969550124.00,4643024,135.065156,-30.468062,144.780,144.366,-0.414,9792925.51,144.780,144.366,0.04,2.67,-236.82,-400.50,-235.56,-397.57,100.000,5.000,5.060,0.06,2.00,5.000,5.060,0.5,1,1,5,5,1,3,5,5,1,3,99999,?,TR,GDA94,MSL,GRS80,B,DEG,m,m,m,um,m,m,um,m,m,m,m,um,m,m,um,99999,99999,ELN,W98,99999,ELN,DFA,AUSGEOID98,GRS80,99999,99999,31-DEC-99,31-DEC-99,Comment is null
196955,1969550125.00,5409949,135.070825,-30.406891,166.330,166.045,-0.285,9792750.62,166.330,166.045,0.04,2.67,-296.56,-484.81,-295.69,-481.81,100.000,5.000,5.060,0.06,2.00,5.000,5.060,0.5,1,1,5,5,1,3,5,5,1,3,99999,?,TR,GDA94,MSL,GRS80,B,DEG,m,m,m,um,m,m,um,m,m,m,m,um,m,m,um,99999,99999,ELN,W98,99999,ELN,DFA,AUSGEOID98,GRS80,99999,99999,31-DEC-99,31-DEC-99,Comment is null
196955,1969550126.00,4643025,135.123494,-30.412391,166.630,166.482,-0.148,9792735.51,166.630,166.482,0.04,2.67,-314.66,-503.41,-314.21,-500.67,100.000,5.000,5.060,0.06,2.00,5.000,5.060,0.5,1,1,5,5,1,3,5,5,1,3,99999,?,TR,GDA94,MSL,GRS80,B,DEG,m,m,m,um,m,m,um,m,m,m,m,um,m,m,um,99999,99999,ELN,W98,99999,ELN,DFA,AUSGEOID98,GRS80,99999,99999,31-DEC-99,31-DEC-99,Comment is null
196955,1969550127.00,4643026,135.129153,-30.343060,164.590,164.617,0.027,9792673.28,164.590,164.617,0.03,2.67,-328.01,-514.64,-328.10,-512.28,100.000,5.000,5.060,0.06,2.00,5.000,5.060,0.5,1,0,5,5,1,3,5,5,1,3,99999,?,TR,GDA94,MSL,GRS80,B,DEG,m,m,m,um,m,m,um,m,m,m,m,um,m,m,um,99999,99999,ELN,W98,99999,ELN,DFA,AUSGEOID98,GRS80,99999,99999,31-DEC-99,31-DEC-99,Comment is null
196955,1969550128.00,4643027,135.073494,-30.340231,171.820,171.708,-0.112,9792665.47,171.820,171.708,0.04,2.67,-311.71,-506.38,-311.36,-503.63,100.000,5.000,5.060,0.06,2.00,5.000,5.060,0.5,1,1,5,5,1,3,5,5,1,3,99999,?,TR,GDA94,MSL,GRS80,B,DEG,m,m,m,um,m,m,um,m,m,m,m,um,m,m,um,99999,99999,ELN,W98,99999,ELN,DFA,AUSGEOID98,GRS80,99999,99999,31-DEC-99,31-DEC-99,Comment is null
196955,1969550201.00,4643028,135.334651,-30.290228,183.580,184.358,0.778,9792567.02,183.580,184.358,0.03,2.67,-331.77,-540.78,-334.17,-539.59,100.000,5.000,5.060,0.06,2.00,5.000,5.060,0.5,1,0,5,5,1,3,5,5,1,3,99999,?,TR,GDA94,MSL,GRS80,B,DEG,m,m,m,um,m,m,um,m,m,m,m,um,m,m,um,99999,99999,ELN,W98,99999,ELN,DFA,AUSGEOID98,GRS80,99999,99999,31-DEC-99,31-DEC-99,Comment is null
196955,1969550202.00,4643029,135.404149,-30.240227,180.320,181.517,1.197,9792610.74,180.320,181.517,0.04,2.67,-257.50,-463.28,-261.19,-462.97,100.000,5.000,5.060,0.06,2.00,5.000,5.060,0.5,1,0,5,5,1,3,5,5,1,3,99999,?,TR,GDA94,MSL,GRS80,B,DEG,m,m,m,um,m,m,um,m,m,m,m,um,m,m,um,99999,99999,ELN,W98,99999,ELN,DFA,AUSGEOID98,GRS80,99999,99999,31-DEC-99,31-DEC-99,Comment is null
196955,1969550203.00,5953549,135.406818,-30.173557,178.460,179.986,1.526,9792628.15,178.460,179.986,0.06,2.67,-192.45,-396.50,-197.16,-396.85,100.000,5.000,5.060,0.06,2.00,5.000,5.060,0.5,1,0,5,5,1,3,5,5,1,3,99999,?,TR,GDA94,MSL,GRS80,B,DEG,m,m,m,um,m,m,um,m,m,m,m,um,m,m,um,99999,99999,ELN,W98,99999,ELN,DFA,AUSGEOID98,GRS80,99999,99999,31-DEC-99,31-DEC-99,Comment is null
196955,1969550204.00,4643030,135.401317,-30.106887,184.340,186.191,1.851,9792732.41,184.340,186.191,0.05,2.67,-16.76,-227.84,-22.47,-228.74,100.000,5.000,5.060,0.06,2.00,5.000,5.060,0.5,1,0,5,5,1,3,5,5,1,3,99999,?,TR,GDA94,MSL,GRS80,B,DEG,m,m,m,um,m,m,um,m,m,m,m,um,m,m,um,99999,99999,ELN,W98,99999,ELN,DFA,AUSGEOID98,GRS80,99999,99999,31-DEC-99,31-DEC-99,Comment is null
196955,1969550205.00,5809409,135.401317,-30.045726,187.760,189.898,2.138,9792709.70,187.760,189.898,0.05,2.67,19.88,-195.40,13.29,-196.82,100.000,5.000,5.060,0.06,2.00,5.000,5.060,0.5,1,0,5,5,1,3,5,5,1,3,99999,?,TR,GDA94,MSL,GRS80,B,DEG,m,m,m,um,m,m,um,m,m,m,m,um,m,m,um,99999,99999,ELN,W98,99999,ELN,DFA,AUSGEOID98,GRS80,99999,99999,31-DEC-99,31-DEC-99,Comment is null
196955,1969550206.00,4643031,135.473486,-30.043056,191.780,194.141,2.361,9792723.20,191.780,194.141,0.04,2.67,48.57,-171.52,41.29,-173.31,100.000,5.000,5.060,0.06,2.00,5.000,5.060,0.5,1,0,5,5,1,3,5,5,1,3,99999,?,TR,GDA94,MSL,GRS80,B,DEG,m,m,m,um,m,m,um,m,m,m,m,um,m,m,um,99999,99999,ELN,W98,99999,ELN,DFA,AUSGEOID98,GRS80,99999,99999,31-DEC-99,31-DEC-99,Comment is null
196955,1969550207.00,4643032,135.531815,-30.031885,196.690,199.243,2.553,9792701.89,196.690,199.243,0.06,2.67,51.74,-174.13,43.87,-176.22,100.000,5.000,5.060,0.06,2.00,5.000,5.060,0.5,1,0,5,5,1,3,5,5,1,3,99999,?,TR,GDA94,MSL,GRS80,B,DEG,m,m,m,um,m,m,um,m,m,m,m,um,m,m,um,99999,99999,ELN,W98,99999,ELN,DFA,AUSGEOID98,GRS80,99999,99999,31-DEC-99,31-DEC-99,Comment is null
196955,1969550208.00,5262847,135.495817,-30.129056,175.840,177.890,2.050,9792766.23,175.840,177.890,0.03,2.67,-25.93,-227.61,-32.26,-229.02,100.000,5.000,5.060,0.06,2.00,5.000,5.060,0.5,1,0,5,5,1,3,5,5,1,3,99999,?,TR,GDA94,MSL,GRS80,B,DEG,m,m,m,um,m,m,um,m,m,m,m,um,m,m,um,99999,99999,ELN,W98,99999,ELN,DFA,AUSGEOID98,GRS80,99999,99999,31-DEC-99,31-DEC-99,Comment is null
196955,1969550209.00,5954282,135.484647,-30.170726,186.320,188.132,1.812,9792666.67,186.320,188.132,0.18,2.67,-126.57,-339.85,-132.16,-340.65,100.000,5.000,5.060,0.06,2.00,5.000,5.060,0.5,1,0,5,5,1,3,5,5,1,3,99999,?,TR,GDA94,MSL,GRS80,B,DEG,m,m,m,um,m,m,um,m,m,m,m,um,m,m,um,99999,99999,ELN,W98,99999,ELN,DFA,AUSGEOID98,GRS80,99999,99999,31-DEC-99,31-DEC-99,Comment is null
196955,1969550210.00,4643033,135.470818,-30.240226,183.860,185.297,1.437,9792660.17,183.860,185.297,0.05,2.67,-196.41,-406.48,-200.84,-406.58,100.000,5.000,5.060,0.06,2.00,5.000,5.060,0.5,1,0,5,5,1,3,5,5,1,3,99999,?,TR,GDA94,MSL,GRS80,B,DEG,m,m,m,um,m,m,um,m,m,m,m,um,m,m,um,99999,99999,ELN,W98,99999,ELN,DFA,AUSGEOID98,GRS80,99999,99999,31-DEC-99,31-DEC-99,Comment is null
196955,1969550211.00,5563868,135.470819,-30.298557,194.430,195.645,1.215,9792620.95,194.430,195.645,0.12,2.67,-249.57,-471.36,-253.31,-470.88,100.000,5.000,5.060,0.06,2.00,5.000,5.060,0.5,1,0,5,5,1,3,5,5,1,3,99999,?,TR,GDA94,MSL,GRS80,B,DEG,m,m,m,um,m,m,um,m,m,m,m,um,m,m,um,99999,99999,ELN,W98,99999,ELN,DFA,AUSGEOID98,GRS80,99999,99999,31-DEC-99,31-DEC-99,Comment is null
196955,1969550212.00,5758255,135.398490,-30.293057,184.190,185.172,0.982,9792592.93,184.190,185.172,0.07,2.67,-305.57,-515.50,-308.60,-514.70,100.000,5.000,5.060,0.06,2.00,5.000,5.060,0.5,1,0,5,5,1,3,5,5,1,3,99999,?,TR,GDA94,MSL,GRS80,B,DEG,m,m,m,um,m,m,um,m,m,m,m,um,m,m,um,99999,99999,ELN,W98,99999,ELN,DFA,AUSGEOID98,GRS80,99999,99999,31-DEC-99,31-DEC-99,Comment is null
196955,1969550213.00,4643034,135.326320,-30.243058,189.490,190.406,0.916,9792547.61,189.490,190.406,0.03,2.67,-295.43,-511.29,-298.25,-510.29,100.000,5.000,5.060,0.06,2.00,5.000,5.060,0.5,1,0,5,5,1,3,5,5,1,3,99999,?,TR,GDA94,MSL,GRS80,B,DEG,m,m,m,um,m,m,um,m,m,m,m,um,m,m,um,99999,99999,ELN,W98,99999,ELN,DFA,AUSGEOID98,GRS80,99999,99999,31-DEC-99,31-DEC-99,Comment is null
196955,1969550214.00,5408840,135.348489,-30.179057,177.550,178.840,1.290,9792598.54,177.550,178.840,0.04,2.67,-229.92,-432.67,-233.90,-432.58,100.000,5.000,5.060,0.06,2.00,5.000,5.060,0.5,1,0,5,5,1,3,5,5,1,3,99999,?,TR,GDA94,MSL,GRS80,B,DEG,m,m,m,um,m,m,um,m,m,m,m,um,m,m,um,99999,99999,ELN,W98,99999,ELN,DFA,AUSGEOID98,GRS80,99999,99999,31-DEC-99,31-DEC-99,Comment is null
196955,1969550215.00,5409506,135.345818,-30.106887,195.740,197.403,1.663,9792640.56,195.740,197.403,0.09,2.67,-74.01,-297.80,-79.13,-298.17,100.000,5.000,5.060,0.06,2.00,5.000,5.060,0.5,1,0,5,5,1,3,5,5,1,3,99999,?,TR,GDA94,MSL,GRS80,B,DEG,m,m,m,um,m,m,um,m,m,m,m,um,m,m,um,99999,99999,ELN,W98,99999,ELN,DFA,AUSGEOID98,GRS80,99999,99999,31-DEC-99,31-DEC-99,Comment is null
196955,1969550216.00,4643035,135.348487,-30.048557,197.880,199.839,1.959,9792660.17,197.880,199.839,0.06,2.67,-1.19,-227.74,-7.23,-228.65,100.000,5.000,5.060,0.06,2.00,5.000,5.060,0.5,1,0,5,5,1,3,5,5,1,3,99999,?,TR,GDA94,MSL,GRS80,B,DEG,m,m,m,um,m,m,um,m,m,m,m,um,m,m,um,99999,99999,ELN,W98,99999,ELN,DFA,AUSGEOID98,GRS80,99999,99999,31-DEC-99,31-DEC-99,Comment is null
196955,1969550217.00,4643036,135.273488,-30.043058,207.750,209.501,1.751,9792651.07,207.750,209.501,0.06,2.67,23.82,-213.67,18.43,-214.04,100.000,5.000,5.060,0.06,2.00,5.000,5.060,0.5,1,0,5,5,1,3,5,5,1,3,99999,?,TR,GDA94,MSL,GRS80,B,DEG,m,m,m,um,m,m,um,m,m,m,m,um,m,m,um,99999,99999,ELN,W98,99999,ELN,DFA,AUSGEOID98,GRS80,99999,99999,31-DEC-99,31-DEC-99,Comment is null
196955,1969550218.00,4643037,135.195819,-30.045728,181.840,183.342,1.502,9792644.26,181.840,183.342,0.04,2.67,-65.79,-273.64,-70.42,-273.90,100.000,5.000,5.060,0.06,2.00,5.000,5.060,0.5,1,0,5,5,1,3,5,5,1,3,99999,?,TR,GDA94,MSL,GRS80,B,DEG,m,m,m,um,m,m,um,m,m,m,m,um,m,m,um,99999,99999,ELN,W98,99999,ELN,DFA,AUSGEOID98,GRS80,99999,99999,31-DEC-99,31-DEC-99,Comment is null
196955,1969550219.00,4643038,135.198489,-30.101389,175.660,176.876,1.216,9792574.43,175.660,176.876,0.04,2.67,-199.17,-399.70,-202.93,-399.49,100.000,5.000,5.060,0.06,2.00,5.000,5.060,0.5,1,0,5,5,1,3,5,5,1,3,99999,?,TR,GDA94,MSL,GRS80,B,DEG,m,m,m,um,m,m,um,m,m,m,m,um,m,m,um,99999,99999,ELN,W98,99999,ELN,DFA,AUSGEOID98,GRS80,99999,99999,31-DEC-99,31-DEC-99,Comment is null
196955,1969550220.00,5924069,135.276319,-30.109728,184.310,185.724,1.414,9792607.74,184.310,185.724,0.03,2.67,-145.09,-355.64,-149.45,-355.69,100.000,5.000,5.060,0.06,2.00,5.000,5.060,0.5,1,0,5,5,1,3,5,5,1,3,99999,?,TR,GDA94,MSL,GRS80,B,DEG,m,m,m,um,m,m,um,m,m,m,m,um,m,m,um,99999,99999,ELN,W98,99999,ELN,DFA,AUSGEOID98,GRS80,99999,99999,31-DEC-99,31-DEC-99,Comment is null
196955,1969550221.00,5957049,135.270820,-30.184728,181.300,182.303,1.003,9792532.40,181.300,182.303,0.03,2.67,-289.82,-496.50,-292.91,-495.79,100.000,5.000,5.060,0.06,2.00,5.000,5.060,0.5,1,0,5,5,1,3,5,5,1,3,99999,?,TR,GDA94,MSL,GRS80,B,DEG,m,m,m,um,m,m,um,m,m,m,m,um,m,m,um,99999,99999,ELN,W98,99999,ELN,DFA,AUSGEOID98,GRS80,99999,99999,31-DEC-99,31-DEC-99,Comment is null
196955,1969550222.00,5856298,135.215150,-30.176389,192.630,193.505,0.875,9792482.08,192.630,193.505,0.04,2.67,-299.04,-518.41,-301.73,-517.28,100.000,5.000,5.060,0.06,2.00,5.000,5.060,0.5,1,0,5,5,1,3,5,5,1,3,99999,?,TR,GDA94,MSL,GRS80,B,DEG,m,m,m,um,m,m,um,m,m,m,m,um,m,m,um,99999,99999,ELN,W98,99999,ELN,DFA,AUSGEOID98,GRS80,99999,99999,31-DEC-99,31-DEC-99,Comment is null
196955,1969550223.00,5943821,135.212491,-30.240229,184.310,184.890,0.580,9792525.70,184.310,184.890,0.04,2.67,-332.14,-541.74,-333.92,-540.16,100.000,5.000,5.060,0.06,2.00,5.000,5.060,0.5,1,0,5,5,1,3,5,5,1,3,99999,?,TR,GDA94,MSL,GRS80,B,DEG,m,m,m,um,m,m,um,m,m,m,m,um,m,m,um,99999,99999,ELN,W98,99999,ELN,DFA,AUSGEOID98,GRS80,99999,99999,31-DEC-99,31-DEC-99,Comment is null
196955,1969550224.00,4643039,135.262491,-30.240229,184.590,185.316,0.726,9792522.20,184.590,185.316,0.04,2.67,-334.33,-544.41,-336.56,-543.12,100.000,5.000,5.060,0.06,2.00,5.000,5.060,0.5,1,0,5,5,1,3,5,5,1,3,99999,?,TR,GDA94,MSL,GRS80,B,DEG,m,m,m,um,m,m,um,m,m,m,m,um,m,m,um,99999,99999,ELN,W98,99999,ELN,DFA,AUSGEOID98,GRS80,99999,99999,31-DEC-99,31-DEC-99,Comment is null
196955,1969550225.00,5760272,135.259651,-30.298559,169.830,170.349,0.519,9792594.44,169.830,170.349,0.03,2.67,-354.13,-547.26,-355.74,-545.78,100.000,5.000,5.060,0.06,2.00,5.000,5.060,0.5,1,0,5,5,1,3,5,5,1,3,99999,?,TR,GDA94,MSL,GRS80,B,DEG,m,m,m,um,m,m,um,m,m,m,m,um,m,m,um,99999,99999,ELN,W98,99999,ELN,DFA,AUSGEOID98,GRS80,99999,99999,31-DEC-99,31-DEC-99,Comment is null
196955,1969550226.00,5563869,135.201322,-30.298560,172.430,172.781,0.351,9792585.03,172.430,172.781,0.08,2.67,-356.04,-551.92,-357.12,-550.07,100.000,5.000,5.060,0.06,2.00,5.000,5.060,0.5,1,0,5,5,1,3,5,5,1,3,99999,?,TR,GDA94,MSL,GRS80,B,DEG,m,m,m,um,m,m,um,m,m,m,m,um,m,m,um,99999,99999,ELN,W98,99999,ELN,DFA,AUSGEOID98,GRS80,99999,99999,31-DEC-99,31-DEC-99,Comment is null
196955,1969550227.00,4643040,135.201322,-30.340230,173.950,174.182,0.232,9792642.96,173.950,174.182,0.05,2.67,-326.58,-524.06,-327.30,-521.95,100.000,5.000,5.060,0.06,2.00,5.000,5.060,0.5,1,0,5,5,1,3,5,5,1,3,99999,?,TR,GDA94,MSL,GRS80,B,DEG,m,m,m,um,m,m,um,m,m,m,m,um,m,m,um,99999,99999,ELN,W98,99999,ELN,DFA,AUSGEOID98,GRS80,99999,99999,31-DEC-99,31-DEC-99,Comment is null
196955,1969550228.00,5409003,135.198493,-30.387390,165.290,165.405,0.115,9792714.40,165.290,165.405,0.02,2.67,-319.38,-506.91,-319.74,-504.70,100.000,5.000,5.060,0.06,2.00,5.000,5.060,0.5,1,0,5,5,1,3,5,5,1,3,99999,?,TR,GDA94,MSL,GRS80,B,DEG,m,m,m,um,m,m,um,m,m,m,m,um,m,m,um,99999,99999,ELN,W98,99999,ELN,DFA,AUSGEOID98,GRS80,99999,99999,31-DEC-99,31-DEC-99,Comment is null
196955,1969550229.00,5799278,135.206824,-30.437390,167.300,167.350,0.050,9792782.34,167.300,167.350,0.07,2.67,-284.87,-474.61,-285.03,-472.24,100.000,5.000,5.060,0.06,2.00,5.000,5.060,0.5,1,0,5,5,1,3,5,5,1,3,99999,?,TR,GDA94,MSL,GRS80,B,DEG,m,m,m,um,m,m,um,m,m,m,m,um,m,m,um,99999,99999,ELN,W98,99999,ELN,DFA,AUSGEOID98,GRS80,99999,99999,31-DEC-99,31-DEC-99,Comment is null
196955,1969550230.00,4643041,135.192995,-30.512391,146.000,145.934,-0.066,9793002.75,146.000,145.934,0.06,2.67,-189.75,-355.21,-189.57,-352.94,100.000,5.000,5.060,0.06,2.00,5.000,5.060,0.5,1,1,5,5,1,3,5,5,1,3,99999,?,TR,GDA94,MSL,GRS80,B,DEG,m,m,m,um,m,m,um,m,m,m,m,um,m,m,um,99999,99999,ELN,W98,99999,ELN,DFA,AUSGEOID98,GRS80,99999,99999,31-DEC-99,31-DEC-99,Comment is null
196955,1969550231.00,4643042,135.265154,-30.515230,161.060,161.215,0.155,9792981.64,161.060,161.215,0.05,2.67,-165.96,-348.74,-166.44,-346.67,100.000,5.000,5.060,0.06,2.00,5.000,5.060,0.5,1,1,5,5,1,3,5,5,1,3,99999,?,TR,GDA94,MSL,GRS80,B,DEG,m,m,m,um,m,m,um,m,m,m,m,um,m,m,um,99999,99999,ELN,W98,99999,ELN,DFA,AUSGEOID98,GRS80,99999,99999,31-DEC-99,31-DEC-99,Comment is null
196955,1969550232.00,4643043,135.309654,-30.509729,152.640,152.940,0.300,9792998.15,152.640,152.940,0.04,2.67,-170.63,-344.04,-171.57,-342.38,100.000,5.000,5.060,0.06,2.00,5.000,5.060,0.5,1,0,5,5,1,3,5,5,1,3,99999,?,TR,GDA94,MSL,GRS80,B,DEG,m,m,m,um,m,m,um,m,m,m,m,um,m,m,um,99999,99999,ELN,W98,99999,ELN,DFA,AUSGEOID98,GRS80,99999,99999,31-DEC-99,31-DEC-99,Comment is null
196955,1969550233.00,5746220,135.331823,-30.465229,156.180,156.589,0.409,9792932.31,156.180,156.589,0.03,2.67,-190.07,-367.60,-191.34,-366.11,100.000,5.000,5.060,0.06,2.00,5.000,5.060,0.5,1,0,5,5,1,3,5,5,1,3,99999,?,TR,GDA94,MSL,GRS80,B,DEG,m,m,m,um,m,m,um,m,m,m,m,um,m,m,um,99999,99999,ELN,W98,99999,ELN,DFA,AUSGEOID98,GRS80,99999,99999,31-DEC-99,31-DEC-99,Comment is null
196955,1969550234.00,4643044,135.270823,-30.445730,151.390,151.625,0.235,9792832.66,151.390,151.625,0.05,2.67,-289.65,-461.56,-290.39,-459.79,100.000,5.000,5.060,0.06,2.00,5.000,5.060,0.5,1,0,5,5,1,3,5,5,1,3,99999,?,TR,GDA94,MSL,GRS80,B,DEG,m,m,m,um,m,m,um,m,m,m,m,um,m,m,um,99999,99999,ELN,W98,99999,ELN,DFA,AUSGEOID98,GRS80,99999,99999,31-DEC-99,31-DEC-99,Comment is null
196955,1969550235.00,4643045,135.270823,-30.393059,159.560,159.878,0.318,9792729.71,159.560,159.878,0.03,2.67,-325.59,-506.86,-326.59,-505.13,100.000,5.000,5.060,0.06,2.00,5.000,5.060,0.5,1,0,5,5,1,3,5,5,1,3,99999,?,TR,GDA94,MSL,GRS80,B,DEG,m,m,m,um,m,m,um,m,m,m,m,um,m,m,um,99999,99999,ELN,W98,99999,ELN,DFA,AUSGEOID98,GRS80,99999,99999,31-DEC-99,31-DEC-99,Comment is null
196955,1969550236.00,4643046,135.270822,-30.334729,164.740,165.188,0.448,9792640.26,164.740,165.188,0.04,2.67,-352.70,-539.99,-354.09,-538.44,100.000,5.000,5.060,0.06,2.00,5.000,5.060,0.5,1,0,5,5,1,3,5,5,1,3,99999,?,TR,GDA94,MSL,GRS80,B,DEG,m,m,m,um,m,m,um,m,m,m,m,um,m,m,um,99999,99999,ELN,W98,99999,ELN,DFA,AUSGEOID98,GRS80,99999,99999,31-DEC-99,31-DEC-99,Comment is null
196955,1969550237.00,4643047,135.334651,-30.340228,185.470,186.099,0.629,9792604.44,185.470,186.099,0.07,2.67,-328.34,-539.31,-330.27,-537.81,100.000,5.000,5.060,0.06,2.00,5.000,5.060,0.5,1,0,5,5,1,3,5,5,1,3,99999,?,TR,GDA94,MSL,GRS80,B,DEG,m,m,m,um,m,m,um,m,m,m,m,um,m,m,um,99999,99999,ELN,W98,99999,ELN,DFA,AUSGEOID98,GRS80,99999,99999,31-DEC-99,31-DEC-99,Comment is null
196955,1969550238.00,4643048,135.337492,-30.395729,170.260,170.781,0.521,9792714.70,170.260,170.781,0.04,2.67,-309.07,-502.69,-310.68,-501.20,100.000,5.000,5.060,0.06,2.00,5.000,5.060,0.5,1,0,5,5,1,3,5,5,1,3,99999,?,TR,GDA94,MSL,GRS80,B,DEG,m,m,m,um,m,m,um,m,m,m,m,um,m,m,um,99999,99999,ELN,W98,99999,ELN,DFA,AUSGEOID98,GRS80,99999,99999,31-DEC-99,31-DEC-99,Comment is null
196955,1969550239.00,4643049,135.398491,-30.398558,158.800,159.510,0.710,9792764.53,158.800,159.510,0.03,2.67,-296.25,-477.09,-298.45,-476.15,100.000,5.000,5.060,0.06,2.00,5.000,5.060,0.5,1,0,5,5,1,3,5,5,1,3,99999,?,TR,GDA94,MSL,GRS80,B,DEG,m,m,m,um,m,m,um,m,m,m,m,um,m,m,um,99999,99999,ELN,W98,99999,ELN,DFA,AUSGEOID98,GRS80,99999,99999,31-DEC-99,31-DEC-99,Comment is null
196955,1969550240.00,5593295,135.404152,-30.445728,155.510,156.167,0.657,9792913.50,155.510,156.167,0.04,2.67,-194.79,-371.85,-196.83,-370.84,100.000,5.000,5.060,0.06,2.00,5.000,5.060,0.5,1,0,5,5,1,3,5,5,1,3,99999,?,TR,GDA94,MSL,GRS80,B,DEG,m,m,m,um,m,m,um,m,m,m,m,um,m,m,um,99999,99999,ELN,W98,99999,ELN,DFA,AUSGEOID98,GRS80,99999,99999,31-DEC-99,31-DEC-99,Comment is null
196955,1969550241.00,4643050,135.406823,-30.498558,170.870,171.478,0.608,9792964.73,170.870,171.478,0.21,2.67,-138.03,-332.44,-139.91,-331.11,100.000,5.000,5.060,0.06,2.00,5.000,5.060,0.5,1,0,5,5,1,3,5,5,1,3,99999,?,TR,GDA94,MSL,GRS80,B,DEG,m,m,m,um,m,m,um,m,m,m,m,um,m,m,um,99999,99999,ELN,W98,99999,ELN,DFA,AUSGEOID98,GRS80,99999,99999,31-DEC-99,31-DEC-99,Comment is null
196955,1969550242.00,5696863,135.526321,-30.498557,139.170,140.114,0.944,9793006.15,139.170,140.114,0.11,2.67,-193.38,-352.24,-196.31,-352.05,100.000,5.000,5.060,0.06,2.00,5.000,5.060,0.5,1,0,5,5,1,3,5,5,1,3,99999,?,TR,GDA94,MSL,GRS80,B,DEG,m,m,m,um,m,m,um,m,m,m,m,um,m,m,um,99999,99999,ELN,W98,99999,ELN,DFA,AUSGEOID98,GRS80,99999,99999,31-DEC-99,31-DEC-99,Comment is null
196955,1969550243.00,4643051,135.462492,-30.490228,142.490,143.265,0.775,9792998.15,142.490,143.265,0.05,2.67,-185.08,-347.52,-187.49,-346.94,100.000,5.000,5.060,0.06,2.00,5.000,5.060,0.5,1,0,5,5,1,3,5,5,1,3,99999,?,TR,GDA94,MSL,GRS80,B,DEG,m,m,m,um,m,m,um,m,m,m,m,um,m,m,um,99999,99999,ELN,W98,99999,ELN,DFA,AUSGEOID98,GRS80,99999,99999,31-DEC-99,31-DEC-99,Comment is null
196955,1969550244.00,4643052,135.481821,-30.451387,146.430,147.307,0.877,9792907.70,146.430,147.307,0.05,2.67,-232.39,-399.41,-235.12,-398.97,100.000,5.000,5.060,0.06,2.00,5.000,5.060,0.5,1,0,5,5,1,3,5,5,1,3,99999,?,TR,GDA94,MSL,GRS80,B,DEG,m,m,m,um,m,m,um,m,m,m,m,um,m,m,um,99999,99999,ELN,W98,99999,ELN,DFA,AUSGEOID98,GRS80,99999,99999,31-DEC-99,31-DEC-99,Comment is null
196955,1969550245.00,5765321,135.467991,-30.398557,159.870,160.799,0.929,9792787.94,159.870,160.799,0.04,2.67,-268.86,-451.16,-271.73,-450.63,100.000,5.000,5.060,0.06,2.00,5.000,5.060,0.5,1,0,5,5,1,3,5,5,1,3,99999,?,TR,GDA94,MSL,GRS80,B,DEG,m,m,m,um,m,m,um,m,m,m,m,um,m,m,um,99999,99999,ELN,W98,99999,ELN,DFA,AUSGEOID98,GRS80,99999,99999,31-DEC-99,31-DEC-99,Comment is null
196955,1969550246.00,5408653,135.459650,-30.345727,173.860,174.886,1.026,9792666.47,173.860,174.886,0.04,2.67,-305.23,-503.50,-308.40,-502.94,100.000,5.000,5.060,0.06,2.00,5.000,5.060,0.5,1,0,5,5,1,3,5,5,1,3,99999,?,TR,GDA94,MSL,GRS80,B,DEG,m,m,m,um,m,m,um,m,m,m,m,um,m,m,um,99999,99999,ELN,W98,99999,ELN,DFA,AUSGEOID98,GRS80,99999,99999,31-DEC-99,31-DEC-99,Comment is null
196955,1969550247.00,5675252,135.404150,-30.337388,177.180,178.043,0.863,9792639.26,177.180,178.043,0.04,2.67,-316.14,-517.98,-318.80,-517.06,100.000,5.000,5.060,0.06,2.00,5.000,5.060,0.5,1,0,5,5,1,3,5,5,1,3,99999,?,TR,GDA94,MSL,GRS80,B,DEG,m,m,m,um,m,m,um,m,m,m,m,um,m,m,um,99999,99999,ELN,W98,99999,ELN,DFA,AUSGEOID98,GRS80,99999,99999,31-DEC-99,31-DEC-99,Comment is null
196955,1969550301.00,4643053,135.612488,-30.273555,174.130,175.906,1.776,9792722.80,174.130,175.906,0.08,2.67,-188.95,-388.38,-194.43,-389.28,100.000,5.000,5.060,0.06,2.00,5.000,5.060,0.5,1,0,5,5,1,3,5,5,1,3,99999,?,TR,GDA94,MSL,GRS80,B,DEG,m,m,m,um,m,m,um,m,m,m,m,um,m,m,um,99999,99999,ELN,W98,99999,ELN,DFA,AUSGEOID98,GRS80,99999,99999,31-DEC-99,31-DEC-99,Comment is null
196955,1969550302.00,4643054,135.729146,-30.240224,127.190,129.461,2.271,9792853.97,127.190,129.461,0.06,2.67,-174.88,-321.67,-181.92,-324.25,100.000,5.000,5.060,0.06,2.00,5.000,5.060,0.5,1,0,5,5,1,3,5,5,1,3,99999,?,TR,GDA94,MSL,GRS80,B,DEG,m,m,m,um,m,m,um,m,m,m,m,um,m,m,um,99999,99999,ELN,W98,99999,ELN,DFA,AUSGEOID98,GRS80,99999,99999,31-DEC-99,31-DEC-99,Comment is null
196955,1969550304.00,4643055,135.715145,-30.168054,175.750,178.287,2.537,9792839.57,175.750,178.287,0.06,2.67,18.04,-184.09,10.21,-186.45,100.000,5.000,5.060,0.06,2.00,5.000,5.060,0.5,1,0,5,5,1,3,5,5,1,3,99999,?,TR,GDA94,MSL,GRS80,B,DEG,m,m,m,um,m,m,um,m,m,m,m,um,m,m,um,99999,99999,ELN,W98,99999,ELN,DFA,AUSGEOID98,GRS80,99999,99999,31-DEC-99,31-DEC-99,Comment is null
196955,1969550305.00,5809410,135.717984,-30.112383,174.220,176.977,2.757,9792862.98,174.220,176.977,0.05,2.67,81.07,-119.57,72.56,-122.39,100.000,5.000,5.060,0.06,2.00,5.000,5.060,0.5,1,0,5,5,1,3,5,5,1,3,99999,?,TR,GDA94,MSL,GRS80,B,DEG,m,m,m,um,m,m,um,m,m,m,m,um,m,m,um,99999,99999,ELN,W98,99999,ELN,DFA,AUSGEOID98,GRS80,99999,99999,31-DEC-99,31-DEC-99,Comment is null
196955,1969550306.00,5786929,135.720813,-30.043053,166.270,169.241,2.971,9792773.53,166.270,169.241,0.07,2.67,22.07,-169.81,12.89,-173.16,100.000,5.000,5.060,0.06,2.00,5.000,5.060,0.5,1,0,5,5,1,3,5,5,1,3,99999,?,TR,GDA94,MSL,GRS80,B,DEG,m,m,m,um,m,m,um,m,m,m,m,um,m,m,um,99999,99999,ELN,W98,99999,ELN,DFA,AUSGEOID98,GRS80,99999,99999,31-DEC-99,31-DEC-99,Comment is null
196955,1969550307.00,4643056,135.781813,-30.045722,153.860,156.963,3.103,9792819.86,153.860,156.963,0.08,2.67,28.42,-149.54,18.83,-153.34,100.000,5.000,5.060,0.06,2.00,5.000,5.060,0.5,1,0,5,5,1,3,5,5,1,3,99999,?,TR,GDA94,MSL,GRS80,B,DEG,m,m,m,um,m,m,um,m,m,m,m,um,m,m,um,99999,99999,ELN,W98,99999,ELN,DFA,AUSGEOID98,GRS80,99999,99999,31-DEC-99,31-DEC-99,Comment is null
196955,1969550308.00,5409121,135.856812,-30.045722,143.290,146.547,3.257,9792923.61,143.290,146.547,0.09,2.67,100.04,-66.12,89.96,-70.38,100.000,5.000,5.060,0.06,2.00,5.000,5.060,0.5,1,0,5,5,1,3,5,5,1,3,99999,?,TR,GDA94,MSL,GRS80,B,DEG,m,m,m,um,m,m,um,m,m,m,m,um,m,m,um,99999,99999,ELN,W98,99999,ELN,DFA,AUSGEOID98,GRS80,99999,99999,31-DEC-99,31-DEC-99,Comment is null
196955,1969550309.00,5726373,135.787484,-30.109723,154.470,157.400,2.930,9792928.21,154.470,157.400,0.10,2.67,87.99,-90.46,78.93,-93.92,100.000,5.000,5.060,0.06,2.00,5.000,5.060,0.5,1,0,5,5,1,3,5,5,1,3,99999,?,TR,GDA94,MSL,GRS80,B,DEG,m,m,m,um,m,m,um,m,m,m,m,um,m,m,um,99999,99999,ELN,W98,99999,ELN,DFA,AUSGEOID98,GRS80,99999,99999,31-DEC-99,31-DEC-99,Comment is null
196955,1969550310.00,4643057,135.787484,-30.165223,186.420,189.158,2.738,9792879.79,186.420,189.158,0.15,2.67,94.02,-120.42,85.58,-123.02,100.000,5.000,5.060,0.06,2.00,5.000,5.060,0.5,1,0,5,5,1,3,5,5,1,3,99999,?,TR,GDA94,MSL,GRS80,B,DEG,m,m,m,um,m,m,um,m,m,m,m,um,m,m,um,99999,99999,ELN,W98,99999,ELN,DFA,AUSGEOID98,GRS80,99999,99999,31-DEC-99,31-DEC-99,Comment is null
196955,1969550311.00,4643058,135.804145,-30.237383,210.530,213.027,2.497,9792782.14,210.530,213.027,0.39,2.67,13.35,-228.14,5.66,-229.92,100.000,5.000,5.060,0.06,2.00,5.000,5.060,0.5,1,0,5,5,1,3,5,5,1,3,99999,?,TR,GDA94,MSL,GRS80,B,DEG,m,m,m,um,m,m,um,m,m,m,m,um,m,m,um,99999,99999,ELN,W98,99999,ELN,DFA,AUSGEOID98,GRS80,99999,99999,31-DEC-99,31-DEC-99,Comment is null
196955,1969550312.00,5563870,135.801316,-30.287383,191.660,193.986,2.326,9792837.26,191.660,193.986,0.27,2.67,-29.59,-249.50,-36.75,-251.22,100.000,5.000,5.060,0.06,2.00,5.000,5.060,0.5,1,0,5,5,1,3,5,5,1,3,99999,?,TR,GDA94,MSL,GRS80,B,DEG,m,m,m,um,m,m,um,m,m,m,m,um,m,m,um,99999,99999,ELN,W98,99999,ELN,DFA,AUSGEOID98,GRS80,99999,99999,31-DEC-99,31-DEC-99,Comment is null
196955,1969550313.00,5262848,135.737487,-30.290224,162.060,164.182,2.122,9792870.88,162.060,164.182,0.06,2.67,-90.16,-276.30,-96.72,-278.06,100.000,5.000,5.060,0.06,2.00,5.000,5.060,0.5,1,0,5,5,1,3,5,5,1,3,99999,?,TR,GDA94,MSL,GRS80,B,DEG,m,m,m,um,m,m,um,m,m,m,m,um,m,m,um,99999,99999,ELN,W98,99999,ELN,DFA,AUSGEOID98,GRS80,99999,99999,31-DEC-99,31-DEC-99,Comment is null
196955,1969550314.00,5988386,135.665147,-30.295725,165.110,166.972,1.862,9792765.03,165.110,166.972,0.08,2.67,-191.73,-381.04,-197.49,-382.24,100.000,5.000,5.060,0.06,2.00,5.000,5.060,0.5,1,0,5,5,1,3,5,5,1,3,99999,?,TR,GDA94,MSL,GRS80,B,DEG,m,m,m,um,m,m,um,m,m,m,m,um,m,m,um,99999,99999,ELN,W98,99999,ELN,DFA,AUSGEOID98,GRS80,99999,99999,31-DEC-99,31-DEC-99,Comment is null
196955,1969550315.00,5880249,135.640147,-30.237385,167.940,169.945,2.005,9792763.23,167.940,169.945,0.08,2.67,-138.49,-331.16,-144.68,-332.60,100.000,5.000,5.060,0.06,2.00,5.000,5.060,0.5,1,0,5,5,1,3,5,5,1,3,99999,?,TR,GDA94,MSL,GRS80,B,DEG,m,m,m,um,m,m,um,m,m,m,m,um,m,m,um,99999,99999,ELN,W98,99999,ELN,DFA,AUSGEOID98,GRS80,99999,99999,31-DEC-99,31-DEC-99,Comment is null
196955,1969550316.00,4643059,135.656816,-30.195724,166.240,168.481,2.241,9792820.26,166.240,168.481,0.06,2.67,-53.25,-244.26,-60.17,-246.19,100.000,5.000,5.060,0.06,2.00,5.000,5.060,0.5,1,0,5,5,1,3,5,5,1,3,99999,?,TR,GDA94,MSL,GRS80,B,DEG,m,m,m,um,m,m,um,m,m,m,m,um,m,m,um,99999,99999,ELN,W98,99999,ELN,DFA,AUSGEOID98,GRS80,99999,99999,31-DEC-99,31-DEC-99,Comment is null
196955,1969550317.00,5409950,135.620816,-30.173555,167.700,169.936,2.236,9792843.87,167.700,169.936,0.05,2.67,-7.74,-200.40,-14.65,-202.30,100.000,5.000,5.060,0.06,2.00,5.000,5.060,0.5,1,0,5,5,1,3,5,5,1,3,99999,?,TR,GDA94,MSL,GRS80,B,DEG,m,m,m,um,m,m,um,m,m,m,m,um,m,m,um,99999,99999,ELN,W98,99999,ELN,DFA,AUSGEOID98,GRS80,99999,99999,31-DEC-99,31-DEC-99,Comment is null
196955,1969550318.00,4643060,135.659645,-30.118054,183.030,185.608,2.578,9792818.95,183.030,185.608,0.04,2.67,59.24,-151.18,51.28,-153.53,100.000,5.000,5.060,0.06,2.00,5.000,5.060,0.5,1,0,5,5,1,3,5,5,1,3,99999,?,TR,GDA94,MSL,GRS80,B,DEG,m,m,m,um,m,m,um,m,m,m,m,um,m,m,um,99999,99999,ELN,W98,99999,ELN,DFA,AUSGEOID98,GRS80,99999,99999,31-DEC-99,31-DEC-99,Comment is null
196955,1969550319.00,4643061,135.654144,-30.045724,185.680,188.483,2.803,9792695.39,185.680,188.483,0.07,2.67,1.21,-212.47,-7.44,-215.21,100.000,5.000,5.060,0.06,2.00,5.000,5.060,0.5,1,0,5,5,1,3,5,5,1,3,99999,?,TR,GDA94,MSL,GRS80,B,DEG,m,m,m,um,m,m,um,m,m,m,m,um,m,m,um,99999,99999,ELN,W98,99999,ELN,DFA,AUSGEOID98,GRS80,99999,99999,31-DEC-99,31-DEC-99,Comment is null
196955,1969550320.00,4643062,135.595815,-30.043054,200.040,202.710,2.670,9792631.66,200.040,202.710,0.08,2.67,-16.54,-246.34,-24.77,-248.61,100.000,5.000,5.060,0.06,2.00,5.000,5.060,0.5,1,0,5,5,1,3,5,5,1,3,99999,?,TR,GDA94,MSL,GRS80,B,DEG,m,m,m,um,m,m,um,m,m,m,m,um,m,m,um,99999,99999,ELN,W98,99999,ELN,DFA,AUSGEOID98,GRS80,99999,99999,31-DEC-99,31-DEC-99,Comment is null
196955,1969550321.00,4643063,135.545816,-30.118055,179.500,181.751,2.251,9792774.43,179.500,181.751,0.04,2.67,2.81,-203.24,-4.13,-204.99,100.000,5.000,5.060,0.06,2.00,5.000,5.060,0.5,1,0,5,5,1,3,5,5,1,3,99999,?,TR,GDA94,MSL,GRS80,B,DEG,m,m,m,um,m,m,um,m,m,m,m,um,m,m,um,99999,99999,ELN,W98,99999,ELN,DFA,AUSGEOID98,GRS80,99999,99999,31-DEC-99,31-DEC-99,Comment is null
196955,1969550322.00,4643064,135.609646,-30.123555,185.380,187.795,2.415,9792790.04,185.380,187.795,0.08,2.67,32.75,-180.14,25.31,-182.13,100.000,5.000,5.060,0.06,2.00,5.000,5.060,0.5,1,0,5,5,1,3,5,5,1,3,99999,?,TR,GDA94,MSL,GRS80,B,DEG,m,m,m,um,m,m,um,m,m,m,m,um,m,m,um,99999,99999,ELN,W98,99999,ELN,DFA,AUSGEOID98,GRS80,99999,99999,31-DEC-99,31-DEC-99,Comment is null
196955,1969550323.00,5924070,135.537487,-30.173556,173.580,175.553,1.973,9792721.00,173.580,175.553,0.04,2.67,-113.28,-312.30,-119.37,-313.60,100.000,5.000,5.060,0.06,2.00,5.000,5.060,0.5,1,0,5,5,1,3,5,5,1,3,99999,?,TR,GDA94,MSL,GRS80,B,DEG,m,m,m,um,m,m,um,m,m,m,m,um,m,m,um,99999,99999,ELN,W98,99999,ELN,DFA,AUSGEOID98,GRS80,99999,99999,31-DEC-99,31-DEC-99,Comment is null
196955,1969550324.00,5409804,135.542988,-30.237386,186.990,188.688,1.698,9792718.20,186.990,188.688,0.06,2.67,-125.68,-339.59,-130.92,-340.16,100.000,5.000,5.060,0.06,2.00,5.000,5.060,0.5,1,0,5,5,1,3,5,5,1,3,99999,?,TR,GDA94,MSL,GRS80,B,DEG,m,m,m,um,m,m,um,m,m,m,m,um,m,m,um,99999,99999,ELN,W98,99999,ELN,DFA,AUSGEOID98,GRS80,99999,99999,31-DEC-99,31-DEC-99,Comment is null
196955,1969550325.00,5957050,135.615147,-30.234725,183.000,184.938,1.938,9792722.00,183.000,184.938,0.09,2.67,-131.36,-341.02,-137.34,-342.11,100.000,5.000,5.060,0.06,2.00,5.000,5.060,0.5,1,0,5,5,1,3,5,5,1,3,99999,?,TR,GDA94,MSL,GRS80,B,DEG,m,m,m,um,m,m,um,m,m,m,m,um,m,m,um,99999,99999,ELN,W98,99999,ELN,DFA,AUSGEOID98,GRS80,99999,99999,31-DEC-99,31-DEC-99,Comment is null
196955,1969550326.00,5408520,135.540148,-30.287386,175.290,176.780,1.490,9792711.30,175.290,176.780,0.05,2.67,-208.64,-409.06,-213.24,-409.39,100.000,5.000,5.060,0.06,2.00,5.000,5.060,0.5,1,0,5,5,1,3,5,5,1,3,99999,?,TR,GDA94,MSL,GRS80,B,DEG,m,m,m,um,m,m,um,m,m,m,m,um,m,m,um,99999,99999,ELN,W98,99999,ELN,DFA,AUSGEOID98,GRS80,99999,99999,31-DEC-99,31-DEC-99,Comment is null
196955,1969550327.00,5856299,135.548489,-30.343056,159.440,160.765,1.325,9792757.92,159.440,160.765,0.04,2.67,-255.24,-437.51,-259.34,-437.76,100.000,5.000,5.060,0.06,2.00,5.000,5.060,0.5,1,0,5,5,1,3,5,5,1,3,99999,?,TR,GDA94,MSL,GRS80,B,DEG,m,m,m,um,m,m,um,m,m,m,m,um,m,m,um,99999,99999,ELN,W98,99999,ELN,DFA,AUSGEOID98,GRS80,99999,99999,31-DEC-99,31-DEC-99,Comment is null
196955,1969550328.00,5563871,135.540150,-30.398557,159.620,160.774,1.154,9792804.95,159.620,160.774,0.04,2.67,-251.92,-434.20,-255.50,-434.11,100.000,5.000,5.060,0.06,2.00,5.000,5.060,0.5,1,0,5,5,1,3,5,5,1,3,99999,?,TR,GDA94,MSL,GRS80,B,DEG,m,m,m,um,m,m,um,m,m,m,m,um,m,m,um,99999,99999,ELN,W98,99999,ELN,DFA,AUSGEOID98,GRS80,99999,99999,31-DEC-99,31-DEC-99,Comment is null
196955,1969550329.00,5409004,135.540151,-30.448557,149.380,150.433,1.053,9792894.79,149.380,150.433,0.04,2.67,-233.42,-403.98,-236.69,-403.84,100.000,5.000,5.060,0.06,2.00,5.000,5.060,0.5,1,0,5,5,1,3,5,5,1,3,99999,?,TR,GDA94,MSL,GRS80,B,DEG,m,m,m,um,m,m,um,m,m,m,m,um,m,m,um,99999,99999,ELN,W98,99999,ELN,DFA,AUSGEOID98,GRS80,99999,99999,31-DEC-99,31-DEC-99,Comment is null
196955,1969550330.00,4643065,135.592991,-30.506887,149.350,150.474,1.124,9792988.14,149.350,150.474,0.03,2.67,-186.00,-356.61,-189.49,-356.61,100.000,5.000,5.060,0.06,2.00,5.000,5.060,0.5,1,0,5,5,1,3,5,5,1,3,99999,?,TR,GDA94,MSL,GRS80,B,DEG,m,m,m,um,m,m,um,m,m,m,m,um,m,m,um,99999,99999,ELN,W98,99999,ELN,DFA,AUSGEOID98,GRS80,99999,99999,31-DEC-99,31-DEC-99,Comment is null
196955,1969550331.00,5409507,135.662490,-30.506886,172.060,173.390,1.330,9792928.71,172.060,173.390,0.09,2.67,-174.73,-371.31,-178.83,-371.37,100.000,5.000,5.060,0.06,2.00,5.000,5.060,0.5,1,0,5,5,1,3,5,5,1,3,99999,?,TR,GDA94,MSL,GRS80,B,DEG,m,m,m,um,m,m,um,m,m,m,m,um,m,m,um,99999,99999,ELN,W98,99999,ELN,DFA,AUSGEOID98,GRS80,99999,99999,31-DEC-99,31-DEC-99,Comment is null
196955,1969550332.00,4643066,135.662489,-30.454056,156.390,157.804,1.414,9792919.21,156.390,157.804,0.04,2.67,-190.61,-369.52,-194.98,-369.98,100.000,5.000,5.060,0.06,2.00,5.000,5.060,0.5,1,0,5,5,1,3,5,5,1,3,99999,?,TR,GDA94,MSL,GRS80,B,DEG,m,m,m,um,m,m,um,m,m,m,m,um,m,m,um,99999,99999,ELN,W98,99999,ELN,DFA,AUSGEOID98,GRS80,99999,99999,31-DEC-99,31-DEC-99,Comment is null
196955,1969550333.00,4643067,135.604150,-30.451386,138.780,140.021,1.241,9792936.42,138.780,140.021,0.09,2.67,-226.16,-384.92,-230.01,-385.31,100.000,5.000,5.060,0.06,2.00,5.000,5.060,0.5,1,0,5,5,1,3,5,5,1,3,99999,?,TR,GDA94,MSL,GRS80,B,DEG,m,m,m,um,m,m,um,m,m,m,m,um,m,m,um,99999,99999,ELN,W98,99999,ELN,DFA,AUSGEOID98,GRS80,99999,99999,31-DEC-99,31-DEC-99,Comment is null
196955,1969550334.00,5746221,135.606819,-30.404056,151.120,152.470,1.350,9792848.17,151.120,152.470,0.06,2.67,-238.66,-411.53,-242.84,-411.94,100.000,5.000,5.060,0.06,2.00,5.000,5.060,0.5,1,0,5,5,1,3,5,5,1,3,99999,?,TR,GDA94,MSL,GRS80,B,DEG,m,m,m,um,m,m,um,m,m,m,m,um,m,m,um,99999,99999,ELN,W98,99999,ELN,DFA,AUSGEOID98,GRS80,99999,99999,31-DEC-99,31-DEC-99,Comment is null
196955,1969550335.00,4643068,135.604149,-30.348556,157.640,159.127,1.487,9792775.93,157.640,159.127,0.04,2.67,-246.62,-427.03,-251.22,-427.62,100.000,5.000,5.060,0.06,2.00,5.000,5.060,0.5,1,0,5,5,1,3,5,5,1,3,99999,?,TR,GDA94,MSL,GRS80,B,DEG,m,m,m,um,m,m,um,m,m,m,m,um,m,m,um,99999,99999,ELN,W98,99999,ELN,DFA,AUSGEOID98,GRS80,99999,99999,31-DEC-99,31-DEC-99,Comment is null
196955,1969550336.00,4643069,135.676318,-30.351385,147.830,149.545,1.715,9792842.07,147.830,149.545,0.06,2.67,-212.28,-381.83,-217.59,-383.01,100.000,5.000,5.060,0.06,2.00,5.000,5.060,0.5,1,0,5,5,1,3,5,5,1,3,99999,?,TR,GDA94,MSL,GRS80,B,DEG,m,m,m,um,m,m,um,m,m,m,m,um,m,m,um,99999,99999,ELN,W98,99999,ELN,DFA,AUSGEOID98,GRS80,99999,99999,31-DEC-99,31-DEC-99,Comment is null
196955,1969550337.00,4643070,135.673489,-30.404055,153.920,155.480,1.560,9792873.58,153.920,155.480,0.04,2.67,-203.96,-380.24,-208.78,-381.02,100.000,5.000,5.060,0.06,2.00,5.000,5.060,0.5,1,0,5,5,1,3,5,5,1,3,99999,?,TR,GDA94,MSL,GRS80,B,DEG,m,m,m,um,m,m,um,m,m,m,m,um,m,m,um,99999,99999,ELN,W98,99999,ELN,DFA,AUSGEOID98,GRS80,99999,99999,31-DEC-99,31-DEC-99,Comment is null
196955,1969550338.00,4643071,135.748488,-30.404054,157.550,159.345,1.795,9792859.88,157.550,159.345,0.04,2.67,-205.74,-386.40,-211.29,-387.59,100.000,5.000,5.060,0.06,2.00,5.000,5.060,0.5,1,0,5,5,1,3,5,5,1,3,99999,?,TR,GDA94,MSL,GRS80,B,DEG,m,m,m,um,m,m,um,m,m,m,m,um,m,m,um,99999,99999,ELN,W98,99999,ELN,DFA,AUSGEOID98,GRS80,99999,99999,31-DEC-99,31-DEC-99,Comment is null
196955,1969550339.00,4643072,135.734649,-30.462385,154.660,156.271,1.611,9792912.50,154.660,156.271,0.02,2.67,-208.61,-385.79,-213.60,-386.66,100.000,5.000,5.060,0.06,2.00,5.000,5.060,0.5,1,0,5,5,1,3,5,5,1,3,99999,?,TR,GDA94,MSL,GRS80,B,DEG,m,m,m,um,m,m,um,m,m,m,m,um,m,m,um,99999,99999,ELN,W98,99999,ELN,DFA,AUSGEOID98,GRS80,99999,99999,31-DEC-99,31-DEC-99,Comment is null
196955,1969550340.00,4643073,135.742989,-30.509725,149.780,151.336,1.556,9792979.44,149.780,151.336,0.03,2.67,-194.29,-365.87,-199.11,-366.71,100.000,5.000,5.060,0.06,2.00,5.000,5.060,0.5,1,0,5,5,1,3,5,5,1,3,99999,?,TR,GDA94,MSL,GRS80,B,DEG,m,m,m,um,m,m,um,m,m,m,m,um,m,m,um,99999,99999,ELN,W98,99999,ELN,DFA,AUSGEOID98,GRS80,99999,99999,31-DEC-99,31-DEC-99,Comment is null
196955,1969550341.00,4643074,135.809649,-30.515224,155.570,157.300,1.730,9792966.53,155.570,157.300,0.02,2.67,-193.14,-371.48,-198.49,-372.57,100.000,5.000,5.060,0.06,2.00,5.000,5.060,0.5,1,0,5,5,1,3,5,5,1,3,99999,?,TR,GDA94,MSL,GRS80,B,DEG,m,m,m,um,m,m,um,m,m,m,m,um,m,m,um,99999,99999,ELN,W98,99999,ELN,DFA,AUSGEOID98,GRS80,99999,99999,31-DEC-99,31-DEC-99,Comment is null
196955,1969550342.00,5312291,135.881818,-30.518054,159.990,161.917,1.927,9792943.22,159.990,161.917,0.06,2.67,-204.44,-388.02,-210.40,-389.43,100.000,5.000,5.060,0.06,2.00,5.000,5.060,0.5,1,0,5,5,1,3,5,5,1,3,99999,?,TR,GDA94,MSL,GRS80,B,DEG,m,m,m,um,m,m,um,m,m,m,m,um,m,m,um,99999,99999,ELN,W98,99999,ELN,DFA,AUSGEOID98,GRS80,99999,99999,31-DEC-99,31-DEC-99,Comment is null
196955,1969550343.00,5877273,135.798488,-30.465224,157.700,159.487,1.787,9792908.00,157.700,159.487,0.02,2.67,-205.43,-386.26,-210.96,-387.42,100.000,5.000,5.060,0.06,2.00,5.000,5.060,0.5,1,0,5,5,1,3,5,5,1,3,99999,?,TR,GDA94,MSL,GRS80,B,DEG,m,m,m,um,m,m,um,m,m,m,m,um,m,m,um,99999,99999,ELN,W98,99999,ELN,DFA,AUSGEOID98,GRS80,99999,99999,31-DEC-99,31-DEC-99,Comment is null
196955,1969550344.00,4643075,135.806817,-30.404054,155.600,157.572,1.972,9792895.40,155.600,157.572,0.05,2.67,-175.69,-354.34,-181.79,-355.90,100.000,5.000,5.060,0.06,2.00,5.000,5.060,0.5,1,0,5,5,1,3,5,5,1,3,99999,?,TR,GDA94,MSL,GRS80,B,DEG,m,m,m,um,m,m,um,m,m,m,m,um,m,m,um,99999,99999,ELN,W98,99999,ELN,DFA,AUSGEOID98,GRS80,99999,99999,31-DEC-99,31-DEC-99,Comment is null
196955,1969550345.00,4643076,135.804147,-30.345724,227.410,229.553,2.143,9792753.62,227.410,229.553,0.50,2.67,-49.42,-309.62,-55.99,-310.46,100.000,5.000,5.060,0.06,2.00,5.000,5.060,0.5,1,0,5,5,1,3,5,5,1,3,99999,?,TR,GDA94,MSL,GRS80,B,DEG,m,m,m,um,m,m,um,m,m,m,m,um,m,m,um,99999,99999,ELN,W98,99999,ELN,DFA,AUSGEOID98,GRS80,99999,99999,31-DEC-99,31-DEC-99,Comment is null
196955,1969550346.00,4643077,135.740147,-30.343054,176.570,178.524,1.954,9792825.86,176.570,178.524,0.11,2.67,-132.51,-334.91,-138.54,-336.12,100.000,5.000,5.060,0.06,2.00,5.000,5.060,0.5,1,0,5,5,1,3,5,5,1,3,99999,?,TR,GDA94,MSL,GRS80,B,DEG,m,m,m,um,m,m,um,m,m,m,m,um,m,m,um,99999,99999,ELN,W98,99999,ELN,DFA,AUSGEOID98,GRS80,99999,99999,31-DEC-99,31-DEC-99,Comment is null
196955,1969550360.00,5765322,135.676316,-30.176384,163.460,165.849,2.389,9792844.87,163.460,165.849,0.06,2.67,-21.57,-209.60,-28.95,-211.86,100.000,5.000,5.060,0.06,2.00,5.000,5.060,0.5,1,0,5,5,1,3,5,5,1,3,99999,?,TR,GDA94,MSL,GRS80,B,DEG,m,m,m,um,m,m,um,m,m,m,m,um,m,m,um,99999,99999,ELN,W98,99999,ELN,DFA,AUSGEOID98,GRS80,99999,99999,31-DEC-99,31-DEC-99,Comment is null
196955,1969550401.00,5408654,135.995815,-30.343052,146.150,148.773,2.623,9792945.02,146.150,148.773,0.10,2.67,-105.14,-273.82,-113.26,-276.80,100.000,5.000,5.060,0.06,2.00,5.000,5.060,0.5,1,0,5,5,1,3,5,5,1,3,99999,?,TR,GDA94,MSL,GRS80,B,DEG,m,m,m,um,m,m,um,m,m,m,m,um,m,m,um,99999,99999,ELN,W98,99999,ELN,DFA,AUSGEOID98,GRS80,99999,99999,31-DEC-99,31-DEC-99,Comment is null
196955,1969550402.00,4643078,136.076312,-30.231880,118.900,121.959,3.059,9792860.98,118.900,121.959,0.05,2.67,-184.46,-322.75,-193.95,-327.00,100.000,5.000,5.060,0.06,2.00,5.000,5.060,0.5,1,0,5,5,1,3,5,5,1,3,99999,?,TR,GDA94,MSL,GRS80,B,DEG,m,m,m,um,m,m,um,m,m,m,m,um,m,m,um,99999,99999,ELN,W98,99999,ELN,DFA,AUSGEOID98,GRS80,99999,99999,31-DEC-99,31-DEC-99,Comment is null
196955,1969550403.00,5712918,136.065142,-30.176380,116.560,119.751,3.191,9792841.17,116.560,119.751,0.13,2.67,-167.50,-303.29,-177.39,-307.82,100.000,5.000,5.060,0.06,2.00,5.000,5.060,0.5,1,0,5,5,1,3,5,5,1,3,99999,?,TR,GDA94,MSL,GRS80,B,DEG,m,m,m,um,m,m,um,m,m,m,m,um,m,m,um,99999,99999,ELN,W98,99999,ELN,DFA,AUSGEOID98,GRS80,99999,99999,31-DEC-99,31-DEC-99,Comment is null
196955,1969550404.00,4643079,136.062481,-30.115220,138.870,142.240,3.370,9792811.85,138.870,142.240,0.09,2.67,-79.45,-240.73,-89.88,-245.28,100.000,5.000,5.060,0.06,2.00,5.000,5.060,0.5,1,0,5,5,1,3,5,5,1,3,99999,?,TR,GDA94,MSL,GRS80,B,DEG,m,m,m,um,m,m,um,m,m,m,m,um,m,m,um,99999,99999,ELN,W98,99999,ELN,DFA,AUSGEOID98,GRS80,99999,99999,31-DEC-99,31-DEC-99,Comment is null
196955,1969550405.00,4643080,136.059640,-30.070720,116.040,119.535,3.495,9792823.26,116.040,119.535,0.07,2.67,-103.23,-238.77,-114.06,-243.91,100.000,5.000,5.060,0.06,2.00,5.000,5.060,0.5,1,0,5,5,1,3,5,5,1,3,99999,?,TR,GDA94,MSL,GRS80,B,DEG,m,m,m,um,m,m,um,m,m,m,m,um,m,m,um,99999,99999,ELN,W98,99999,ELN,DFA,AUSGEOID98,GRS80,99999,99999,31-DEC-99,31-DEC-99,Comment is null
196955,1969550406.00,4643081,136.126310,-30.073549,112.680,116.290,3.610,9792790.34,112.680,116.290,0.07,2.67,-148.38,-280.24,-159.57,-285.65,100.000,5.000,5.060,0.06,2.00,5.000,5.060,0.5,1,0,5,5,1,3,5,5,1,3,99999,?,TR,GDA94,MSL,GRS80,B,DEG,m,m,m,um,m,m,um,m,m,m,m,um,m,m,um,99999,99999,ELN,W98,99999,ELN,DFA,AUSGEOID98,GRS80,99999,99999,31-DEC-99,31-DEC-99,Comment is null
196955,1969550407.00,5677454,136.179139,-30.076379,122.710,126.429,3.719,9792766.33,122.710,126.429,0.15,2.67,-143.32,-286.68,-154.84,-292.15,100.000,5.000,5.060,0.06,2.00,5.000,5.060,0.5,1,0,5,5,1,3,5,5,1,3,99999,?,TR,GDA94,MSL,GRS80,B,DEG,m,m,m,um,m,m,um,m,m,m,m,um,m,m,um,99999,99999,ELN,W98,99999,ELN,DFA,AUSGEOID98,GRS80,99999,99999,31-DEC-99,31-DEC-99,Comment is null
196955,1969550408.00,5776258,136.131810,-30.109719,113.510,117.035,3.525,9792813.85,113.510,117.035,0.05,2.67,-150.91,-283.62,-161.83,-288.85,100.000,5.000,5.060,0.06,2.00,5.000,5.060,0.5,1,0,5,5,1,3,5,5,1,3,99999,?,TR,GDA94,MSL,GRS80,B,DEG,m,m,m,um,m,m,um,m,m,m,m,um,m,m,um,99999,99999,ELN,W98,99999,ELN,DFA,AUSGEOID98,GRS80,99999,99999,31-DEC-99,31-DEC-99,Comment is null
196955,1969550409.00,5809411,136.131641,-30.170720,105.800,109.160,3.360,9792869.28,105.800,109.160,0.09,2.67,-167.62,-291.40,-178.04,-296.43,100.000,5.000,5.060,0.06,2.00,5.000,5.060,0.5,1,0,5,5,1,3,5,5,1,3,99999,?,TR,GDA94,MSL,GRS80,B,DEG,m,m,m,um,m,m,um,m,m,m,m,um,m,m,um,99999,99999,ELN,W98,99999,ELN,DFA,AUSGEOID98,GRS80,99999,99999,31-DEC-99,31-DEC-99,Comment is null
196955,1969550410.00,5786930,136.140142,-30.220720,117.930,121.177,3.247,9792868.08,117.930,121.177,0.04,2.67,-171.01,-308.41,-181.07,-313.03,100.000,5.000,5.060,0.06,2.00,5.000,5.060,0.5,1,0,5,5,1,3,5,5,1,3,99999,?,TR,GDA94,MSL,GRS80,B,DEG,m,m,m,um,m,m,um,m,m,m,m,um,m,m,um,99999,99999,ELN,W98,99999,ELN,DFA,AUSGEOID98,GRS80,99999,99999,31-DEC-99,31-DEC-99,Comment is null
196955,1969550411.00,4643082,136.145812,-30.284720,120.430,123.545,3.115,9792899.80,120.430,123.545,0.04,2.67,-182.29,-322.38,-191.95,-326.71,100.000,5.000,5.060,0.06,2.00,5.000,5.060,0.5,1,0,5,5,1,3,5,5,1,3,99999,?,TR,GDA94,MSL,GRS80,B,DEG,m,m,m,um,m,m,um,m,m,m,m,um,m,m,um,99999,99999,ELN,W98,99999,ELN,DFA,AUSGEOID98,GRS80,99999,99999,31-DEC-99,31-DEC-99,Comment is null
196955,1969550412.00,5988387,135.998484,-30.290221,126.430,129.177,2.747,9792871.88,126.430,129.177,0.06,2.67,-197.16,-343.63,-205.67,-347.15,100.000,5.000,5.060,0.06,2.00,5.000,5.060,0.5,1,0,5,5,1,3,5,5,1,3,99999,?,TR,GDA94,MSL,GRS80,B,DEG,m,m,m,um,m,m,um,m,m,m,m,um,m,m,um,99999,99999,ELN,W98,99999,ELN,DFA,AUSGEOID98,GRS80,99999,99999,31-DEC-99,31-DEC-99,Comment is null
196955,1969550413.00,4643083,136.001313,-30.240221,141.490,144.361,2.871,9792796.64,141.490,144.361,0.06,2.67,-186.23,-349.91,-195.12,-353.45,100.000,5.000,5.060,0.06,2.00,5.000,5.060,0.5,1,0,5,5,1,3,5,5,1,3,99999,?,TR,GDA94,MSL,GRS80,B,DEG,m,m,m,um,m,m,um,m,m,m,m,um,m,m,um,99999,99999,ELN,W98,99999,ELN,DFA,AUSGEOID98,GRS80,99999,99999,31-DEC-99,31-DEC-99,Comment is null
196955,1969550414.00,5563872,136.001312,-30.165221,133.410,136.508,3.098,9792798.04,133.410,136.508,0.06,2.67,-150.16,-304.94,-159.76,-309.04,100.000,5.000,5.060,0.06,2.00,5.000,5.060,0.5,1,0,5,5,1,3,5,5,1,3,99999,?,TR,GDA94,MSL,GRS80,B,DEG,m,m,m,um,m,m,um,m,m,m,m,um,m,m,um,99999,99999,ELN,W98,99999,ELN,DFA,AUSGEOID98,GRS80,99999,99999,31-DEC-99,31-DEC-99,Comment is null
196955,1969550416.00,5409951,135.976311,-30.056881,133.290,136.700,3.410,9792837.56,133.290,136.700,0.04,2.67,-25.12,-180.12,-35.68,-184.83,100.000,5.000,5.060,0.06,2.00,5.000,5.060,0.5,1,0,5,5,1,3,5,5,1,3,99999,?,TR,GDA94,MSL,GRS80,B,DEG,m,m,m,um,m,m,um,m,m,m,m,um,m,m,um,99999,99999,ELN,W98,99999,ELN,DFA,AUSGEOID98,GRS80,99999,99999,31-DEC-99,31-DEC-99,Comment is null
196955,1969550417.00,4643084,135.920812,-30.059721,136.460,139.782,3.322,9792881.09,136.460,139.782,0.05,2.67,25.68,-132.81,15.40,-137.30,100.000,5.000,5.060,0.06,2.00,5.000,5.060,0.5,1,0,5,5,1,3,5,5,1,3,99999,?,TR,GDA94,MSL,GRS80,B,DEG,m,m,m,um,m,m,um,m,m,m,m,um,m,m,um,99999,99999,ELN,W98,99999,ELN,DFA,AUSGEOID98,GRS80,99999,99999,31-DEC-99,31-DEC-99,Comment is null
196955,1969550418.00,5880250,135.854143,-30.109722,161.570,164.623,3.053,9792833.76,161.570,164.623,0.12,2.67,15.83,-170.81,6.40,-174.40,100.000,5.000,5.060,0.06,2.00,5.000,5.060,0.5,1,0,5,5,1,3,5,5,1,3,99999,?,TR,GDA94,MSL,GRS80,B,DEG,m,m,m,um,m,m,um,m,m,m,m,um,m,m,um,99999,99999,ELN,W98,99999,ELN,DFA,AUSGEOID98,GRS80,99999,99999,31-DEC-99,31-DEC-99,Comment is null
196955,1969550419.00,4643085,135.920812,-30.109721,133.530,136.686,3.156,9792855.17,133.530,136.686,0.07,2.67,-48.96,-203.94,-58.73,-208.15,100.000,5.000,5.060,0.06,2.00,5.000,5.060,0.5,1,0,5,5,1,3,5,5,1,3,99999,?,TR,GDA94,MSL,GRS80,B,DEG,m,m,m,um,m,m,um,m,m,m,m,um,m,m,um,99999,99999,ELN,W98,99999,ELN,DFA,AUSGEOID98,GRS80,99999,99999,31-DEC-99,31-DEC-99,Comment is null
196955,1969550420.00,4643086,135.942983,-30.173551,131.950,134.921,2.971,9792817.15,131.950,134.921,0.06,2.67,-142.49,-295.47,-151.69,-299.34,100.000,5.000,5.060,0.06,2.00,5.000,5.060,0.5,1,0,5,5,1,3,5,5,1,3,99999,?,TR,GDA94,MSL,GRS80,B,DEG,m,m,m,um,m,m,um,m,m,m,m,um,m,m,um,99999,99999,ELN,W98,99999,ELN,DFA,AUSGEOID98,GRS80,99999,99999,31-DEC-99,31-DEC-99,Comment is null
196955,1969550421.00,4643087,135.873484,-30.179052,172.820,175.665,2.845,9792811.35,172.820,175.665,0.14,2.67,-26.90,-226.05,-35.68,-229.06,100.000,5.000,5.060,0.06,2.00,5.000,5.060,0.5,1,0,5,5,1,3,5,5,1,3,99999,?,TR,GDA94,MSL,GRS80,B,DEG,m,m,m,um,m,m,um,m,m,m,m,um,m,m,um,99999,99999,ELN,W98,99999,ELN,DFA,AUSGEOID98,GRS80,99999,99999,31-DEC-99,31-DEC-99,Comment is null
196955,1969550422.00,5410084,135.859645,-30.240223,166.730,169.338,2.608,9792855.67,166.730,169.338,0.10,2.67,-50.14,-242.13,-58.20,-244.77,100.000,5.000,5.060,0.06,2.00,5.000,5.060,0.5,1,0,5,5,1,3,5,5,1,3,99999,?,TR,GDA94,MSL,GRS80,B,DEG,m,m,m,um,m,m,um,m,m,m,m,um,m,m,um,99999,99999,ELN,W98,99999,ELN,DFA,AUSGEOID98,GRS80,99999,99999,31-DEC-99,31-DEC-99,Comment is null
196955,1969550423.00,4643088,135.923484,-30.237382,148.930,151.662,2.732,9792837.26,148.930,151.662,0.06,2.67,-120.86,-292.81,-129.31,-295.96,100.000,5.000,5.060,0.06,2.00,5.000,5.060,0.5,1,0,5,5,1,3,5,5,1,3,99999,?,TR,GDA94,MSL,GRS80,B,DEG,m,m,m,um,m,m,um,m,m,m,m,um,m,m,um,99999,99999,ELN,W98,99999,ELN,DFA,AUSGEOID98,GRS80,99999,99999,31-DEC-99,31-DEC-99,Comment is null
196955,1969550424.00,4643089,135.926315,-30.284722,146.670,149.282,2.612,9792848.77,146.670,149.282,0.07,2.67,-153.91,-323.17,-161.99,-326.12,100.000,5.000,5.060,0.06,2.00,5.000,5.060,0.5,1,0,5,5,1,3,5,5,1,3,99999,?,TR,GDA94,MSL,GRS80,B,DEG,m,m,m,um,m,m,um,m,m,m,m,um,m,m,um,99999,99999,ELN,W98,99999,ELN,DFA,AUSGEOID98,GRS80,99999,99999,31-DEC-99,31-DEC-99,Comment is null
196955,1969550425.00,5733269,135.873485,-30.293053,173.770,176.251,2.481,9792838.57,173.770,176.251,0.14,2.67,-87.46,-287.28,-95.12,-289.57,100.000,5.000,5.060,0.06,2.00,5.000,5.060,0.5,1,0,5,5,1,3,5,5,1,3,99999,?,TR,GDA94,MSL,GRS80,B,DEG,m,m,m,um,m,m,um,m,m,m,m,um,m,m,um,99999,99999,ELN,W98,99999,ELN,DFA,AUSGEOID98,GRS80,99999,99999,31-DEC-99,31-DEC-99,Comment is null
196955,1969550426.00,4643090,135.867986,-30.340223,176.810,179.139,2.329,9792861.68,176.810,179.139,0.21,2.67,-92.57,-295.66,-99.75,-297.60,100.000,5.000,5.060,0.06,2.00,5.000,5.060,0.5,1,0,5,5,1,3,5,5,1,3,99999,?,TR,GDA94,MSL,GRS80,B,DEG,m,m,m,um,m,m,um,m,m,m,m,um,m,m,um,99999,99999,ELN,W98,99999,ELN,DFA,AUSGEOID98,GRS80,99999,99999,31-DEC-99,31-DEC-99,Comment is null
196955,1969550427.00,5924071,135.870817,-30.406883,156.510,158.658,2.148,9792930.31,156.510,158.658,0.06,2.67,-139.65,-319.53,-146.29,-321.43,100.000,5.000,5.060,0.06,2.00,5.000,5.060,0.5,1,0,5,5,1,3,5,5,1,3,99999,?,TR,GDA94,MSL,GRS80,B,DEG,m,m,m,um,m,m,um,m,m,m,m,um,m,m,um,99999,99999,ELN,W98,99999,ELN,DFA,AUSGEOID98,GRS80,99999,99999,31-DEC-99,31-DEC-99,Comment is null
196955,1969550428.00,4643091,135.876318,-30.473554,153.470,155.464,1.994,9792921.01,153.470,155.464,0.06,2.67,-211.42,-387.68,-217.58,-389.32,100.000,5.000,5.060,0.06,2.00,5.000,5.060,0.5,1,0,5,5,1,3,5,5,1,3,99999,?,TR,GDA94,MSL,GRS80,B,DEG,m,m,m,um,m,m,um,m,m,m,m,um,m,m,um,99999,99999,ELN,W98,99999,ELN,DFA,AUSGEOID98,GRS80,99999,99999,31-DEC-99,31-DEC-99,Comment is null
196955,1969550429.00,5409805,135.934648,-30.520723,162.180,164.256,2.076,9792947.62,162.180,164.256,0.05,2.67,-194.93,-381.16,-201.35,-382.83,100.000,5.000,5.060,0.06,2.00,5.000,5.060,0.5,1,0,5,5,1,3,5,5,1,3,99999,?,TR,GDA94,MSL,GRS80,B,DEG,m,m,m,um,m,m,um,m,m,m,m,um,m,m,um,99999,99999,ELN,W98,99999,ELN,DFA,AUSGEOID98,GRS80,99999,99999,31-DEC-99,31-DEC-99,Comment is null
196955,1969550430.00,5957051,135.998487,-30.518053,147.890,150.160,2.270,9793003.25,147.890,150.160,0.04,2.67,-180.69,-350.94,-187.71,-353.20,100.000,5.000,5.060,0.06,2.00,5.000,5.060,0.5,1,0,5,5,1,3,5,5,1,3,99999,?,TR,GDA94,MSL,GRS80,B,DEG,m,m,m,um,m,m,um,m,m,m,m,um,m,m,um,99999,99999,ELN,W98,99999,ELN,DFA,AUSGEOID98,GRS80,99999,99999,31-DEC-99,31-DEC-99,Comment is null
196955,1969550431.00,4643092,136.006816,-30.470722,160.140,162.519,2.379,9792974.84,160.140,162.519,0.11,2.67,-133.58,-317.84,-140.93,-320.13,100.000,5.000,5.060,0.06,2.00,5.000,5.060,0.5,1,0,5,5,1,3,5,5,1,3,99999,?,TR,GDA94,MSL,GRS80,B,DEG,m,m,m,um,m,m,um,m,m,m,m,um,m,m,um,99999,99999,ELN,W98,99999,ELN,DFA,AUSGEOID98,GRS80,99999,99999,31-DEC-99,31-DEC-99,Comment is null
196955,1969550432.00,5563873,135.931817,-30.465223,177.640,179.813,2.173,9792895.40,177.640,179.813,0.16,2.67,-155.33,-359.18,-162.03,-360.81,100.000,5.000,5.060,0.06,2.00,5.000,5.060,0.5,1,0,5,5,1,3,5,5,1,3,99999,?,TR,GDA94,MSL,GRS80,B,DEG,m,m,m,um,m,m,um,m,m,m,m,um,m,m,um,99999,99999,ELN,W98,99999,ELN,DFA,AUSGEOID98,GRS80,99999,99999,31-DEC-99,31-DEC-99,Comment is null
196955,1969550433.00,5712919,135.937486,-30.398553,159.380,161.728,2.348,9792924.01,159.380,161.728,0.10,2.67,-129.91,-313.28,-137.17,-315.52,100.000,5.000,5.060,0.06,2.00,5.000,5.060,0.5,1,0,5,5,1,3,5,5,1,3,99999,?,TR,GDA94,MSL,GRS80,B,DEG,m,m,m,um,m,m,um,m,m,m,m,um,m,m,um,99999,99999,ELN,W98,99999,ELN,DFA,AUSGEOID98,GRS80,99999,99999,31-DEC-99,31-DEC-99,Comment is null
196955,1969550435.00,5856300,136.006815,-30.401382,145.910,148.433,2.523,9792957.43,145.910,148.433,0.06,2.67,-139.75,-308.04,-147.55,-310.83,100.000,5.000,5.060,0.06,2.00,5.000,5.060,0.5,1,0,5,5,1,3,5,5,1,3,99999,?,TR,GDA94,MSL,GRS80,B,DEG,m,m,m,um,m,m,um,m,m,m,m,um,m,m,um,99999,99999,ELN,W98,99999,ELN,DFA,AUSGEOID98,GRS80,99999,99999,31-DEC-99,31-DEC-99,Comment is null
196955,1969550436.00,5943808,136.076315,-30.406881,112.440,115.138,2.698,9793032.17,112.440,115.138,0.21,2.67,-172.07,-302.63,-180.44,-306.26,100.000,5.000,5.060,0.06,2.00,5.000,5.060,0.5,1,0,5,5,1,3,5,5,1,3,99999,?,TR,GDA94,MSL,GRS80,B,DEG,m,m,m,um,m,m,um,m,m,m,m,um,m,m,um,99999,99999,ELN,W98,99999,ELN,DFA,AUSGEOID98,GRS80,99999,99999,31-DEC-99,31-DEC-99,Comment is null
196955,1969550437.00,4643093,136.073485,-30.465222,125.490,128.073,2.583,9793045.97,125.490,128.073,0.08,2.67,-164.38,-309.60,-172.39,-312.81,100.000,5.000,5.060,0.06,2.00,5.000,5.060,0.5,1,0,5,5,1,3,5,5,1,3,99999,?,TR,GDA94,MSL,GRS80,B,DEG,m,m,m,um,m,m,um,m,m,m,m,um,m,m,um,99999,99999,ELN,W98,99999,ELN,DFA,AUSGEOID98,GRS80,99999,99999,31-DEC-99,31-DEC-99,Comment is null
196955,1969550438.00,4643094,136.076316,-30.504052,142.680,145.211,2.531,9793037.67,142.680,145.211,0.13,2.67,-150.47,-315.12,-158.31,-317.96,100.000,5.000,5.060,0.06,2.00,5.000,5.060,0.5,1,0,5,5,1,3,5,5,1,3,99999,?,TR,GDA94,MSL,GRS80,B,DEG,m,m,m,um,m,m,um,m,m,m,m,um,m,m,um,99999,99999,ELN,W98,99999,ELN,DFA,AUSGEOID98,GRS80,99999,99999,31-DEC-99,31-DEC-99,Comment is null
196955,1969550439.00,5746222,136.145815,-30.506881,120.880,123.629,2.749,9793129.32,120.880,123.629,0.06,2.67,-127.65,-267.83,-136.17,-271.44,100.000,5.000,5.060,0.06,2.00,5.000,5.060,0.5,1,0,5,5,1,3,5,5,1,3,99999,?,TR,GDA94,MSL,GRS80,B,DEG,m,m,m,um,m,m,um,m,m,m,m,um,m,m,um,99999,99999,ELN,W98,99999,ELN,DFA,AUSGEOID98,GRS80,99999,99999,31-DEC-99,31-DEC-99,Comment is null
196955,1969550440.00,5828531,136.206815,-30.504050,101.680,104.635,2.955,9793227.47,101.680,104.635,0.09,2.67,-85.87,-204.52,-95.04,-208.82,100.000,5.000,5.060,0.06,2.00,5.000,5.060,0.5,1,0,5,5,1,3,5,5,1,3,99999,?,TR,GDA94,MSL,GRS80,B,DEG,m,m,m,um,m,m,um,m,m,m,m,um,m,m,um,99999,99999,ELN,W98,99999,ELN,DFA,AUSGEOID98,GRS80,99999,99999,31-DEC-99,31-DEC-99,Comment is null
196955,1969550441.00,4643095,136.142985,-30.465221,105.800,108.594,2.794,9793106.11,105.800,108.594,0.14,2.67,-164.35,-287.49,-173.02,-291.41,100.000,5.000,5.060,0.06,2.00,5.000,5.060,0.5,1,0,5,5,1,3,5,5,1,3,99999,?,TR,GDA94,MSL,GRS80,B,DEG,m,m,m,um,m,m,um,m,m,m,m,um,m,m,um,99999,99999,ELN,W98,99999,ELN,DFA,AUSGEOID98,GRS80,99999,99999,31-DEC-99,31-DEC-99,Comment is null
196955,1969550442.00,4643096,136.145814,-30.395720,102.960,105.866,2.906,9793045.87,102.960,105.866,0.17,2.67,-178.17,-298.22,-187.19,-302.41,100.000,5.000,5.060,0.06,2.00,5.000,5.060,0.5,1,0,5,5,1,3,5,5,1,3,99999,?,TR,GDA94,MSL,GRS80,B,DEG,m,m,m,um,m,m,um,m,m,m,m,um,m,m,um,99999,99999,ELN,W98,99999,ELN,DFA,AUSGEOID98,GRS80,99999,99999,31-DEC-99,31-DEC-99,Comment is null
196955,1969550443.00,4643097,136.145813,-30.334720,123.410,126.423,3.013,9792934.12,123.410,126.423,0.05,2.67,-178.45,-321.80,-187.78,-325.88,100.000,5.000,5.060,0.06,2.00,5.000,5.060,0.5,1,0,5,5,1,3,5,5,1,3,99999,?,TR,GDA94,MSL,GRS80,B,DEG,m,m,m,um,m,m,um,m,m,m,m,um,m,m,um,99999,99999,ELN,W98,99999,ELN,DFA,AUSGEOID98,GRS80,99999,99999,31-DEC-99,31-DEC-99,Comment is null
196955,1969550444.00,4643098,136.070814,-30.334721,117.380,120.206,2.826,9792979.14,117.380,120.206,0.07,2.67,-152.60,-288.91,-161.37,-292.72,100.000,5.000,5.060,0.06,2.00,5.000,5.060,0.5,1,0,5,5,1,3,5,5,1,3,99999,?,TR,GDA94,MSL,GRS80,B,DEG,m,m,m,um,m,m,um,m,m,m,m,um,m,m,um,99999,99999,ELN,W98,99999,ELN,DFA,AUSGEOID98,GRS80,99999,99999,31-DEC-99,31-DEC-99,Comment is null
196955,1969550460.00,4643099,135.972145,-30.376382,130.940,133.430,2.490,9792933.92,130.940,133.430,0.06,2.67,-189.84,-341.14,-197.56,-344.08,100.000,5.000,5.060,0.06,2.00,5.000,5.060,0.5,1,0,5,5,1,3,5,5,1,3,99999,?,TR,GDA94,MSL,GRS80,B,DEG,m,m,m,um,m,m,um,m,m,m,m,um,m,m,um,99999,99999,ELN,W98,99999,ELN,DFA,AUSGEOID98,GRS80,99999,99999,31-DEC-99,31-DEC-99,Comment is null
196955,1969550461.00,4643100,136.076313,-30.284721,115.180,118.123,2.943,9792890.69,115.180,118.123,0.06,2.67,-208.13,-342.07,-217.26,-346.14,100.000,5.000,5.060,0.06,2.00,5.000,5.060,0.5,1,0,5,5,1,3,5,5,1,3,99999,?,TR,GDA94,MSL,GRS80,B,DEG,m,m,m,um,m,m,um,m,m,m,m,um,m,m,um,99999,99999,ELN,W98,99999,ELN,DFA,AUSGEOID98,GRS80,99999,99999,31-DEC-99,31-DEC-99,Comment is null
196955,1969550465.00,4643101,135.929145,-30.340222,159.590,162.062,2.472,9792872.58,159.590,162.062,0.10,2.67,-134.35,-318.09,-141.99,-320.57,100.000,5.000,5.060,0.06,2.00,5.000,5.060,0.5,1,0,5,5,1,3,5,5,1,3,99999,?,TR,GDA94,MSL,GRS80,B,DEG,m,m,m,um,m,m,um,m,m,m,m,um,m,m,um,99999,99999,ELN,W98,99999,ELN,DFA,AUSGEOID98,GRS80,99999,99999,31-DEC-99,31-DEC-99,Comment is null
196955,1969550501.00,4643102,136.334640,-30.273548,84.730,88.408,3.678,9793022.86,84.730,88.408,0.14,2.67,-158.85,-259.11,-170.27,-265.09,100.000,5.000,5.060,0.06,2.00,5.000,5.060,0.5,1,0,5,5,1,3,5,5,1,3,99999,?,TR,GDA94,MSL,GRS80,B,DEG,m,m,m,um,m,m,um,m,m,m,m,um,m,m,um,99999,99999,ELN,W98,99999,ELN,DFA,AUSGEOID98,GRS80,99999,99999,31-DEC-99,31-DEC-99,Comment is null
196955,1969550502.00,4643103,136.401309,-30.220717,127.010,131.021,4.011,9792924.91,127.010,131.021,0.22,2.67,-83.80,-232.36,-96.21,-238.34,100.000,5.000,5.060,0.06,2.00,5.000,5.060,0.5,1,0,5,5,1,3,5,5,1,3,99999,?,TR,GDA94,MSL,GRS80,B,DEG,m,m,m,um,m,m,um,m,m,m,m,um,m,m,um,99999,99999,ELN,W98,99999,ELN,DFA,AUSGEOID98,GRS80,99999,99999,31-DEC-99,31-DEC-99,Comment is null
196955,1969550503.00,4643104,136.401308,-30.168047,114.570,118.709,4.139,9792908.90,114.570,118.709,0.06,2.67,-96.44,-231.05,-109.26,-237.46,100.000,5.000,5.060,0.06,2.00,5.000,5.060,0.5,1,0,5,5,1,3,5,5,1,3,99999,?,TR,GDA94,MSL,GRS80,B,DEG,m,m,m,um,m,m,um,m,m,m,m,um,m,m,um,99999,99999,ELN,W98,99999,ELN,DFA,AUSGEOID98,GRS80,99999,99999,31-DEC-99,31-DEC-99,Comment is null
196955,1969550504.00,4643105,136.390138,-30.115217,116.590,120.808,4.218,9792820.66,116.590,120.808,0.07,2.67,-136.77,-273.76,-149.83,-280.30,100.000,5.000,5.060,0.06,2.00,5.000,5.060,0.5,1,0,5,5,1,3,5,5,1,3,99999,?,TR,GDA94,MSL,GRS80,B,DEG,m,m,m,um,m,m,um,m,m,m,m,um,m,m,um,99999,99999,ELN,W98,99999,ELN,DFA,AUSGEOID98,GRS80,99999,99999,31-DEC-99,31-DEC-99,Comment is null
196955,1969550505.00,5885909,136.384637,-30.068047,116.340,120.637,4.297,9792774.63,116.340,120.637,0.09,2.67,-146.36,-283.15,-159.67,-289.85,100.000,5.000,5.060,0.06,2.00,5.000,5.060,0.5,1,0,5,5,1,3,5,5,1,3,99999,?,TR,GDA94,MSL,GRS80,B,DEG,m,m,m,um,m,m,um,m,m,m,m,um,m,m,um,99999,99999,ELN,W98,99999,ELN,DFA,AUSGEOID98,GRS80,99999,99999,31-DEC-99,31-DEC-99,Comment is null
196955,1969550506.00,5765323,136.462476,-30.062376,112.720,117.298,4.578,9792828.76,112.720,117.298,0.03,2.67,-98.10,-231.10,-112.27,-238.40,100.000,5.000,5.060,0.06,2.00,5.000,5.060,0.5,1,0,5,5,1,3,5,5,1,3,99999,?,TR,GDA94,MSL,GRS80,B,DEG,m,m,m,um,m,m,um,m,m,m,m,um,m,m,um,99999,99999,ELN,W98,99999,ELN,DFA,AUSGEOID98,GRS80,99999,99999,31-DEC-99,31-DEC-99,Comment is null
196955,1969550507.00,4643106,136.473477,-30.109716,116.070,120.586,4.516,9792878.09,116.070,120.586,0.04,2.67,-75.71,-212.45,-89.70,-219.58,100.000,5.000,5.060,0.06,2.00,5.000,5.060,0.5,1,0,5,5,1,3,5,5,1,3,99999,?,TR,GDA94,MSL,GRS80,B,DEG,m,m,m,um,m,m,um,m,m,m,m,um,m,m,um,99999,99999,ELN,W98,99999,ELN,DFA,AUSGEOID98,GRS80,99999,99999,31-DEC-99,31-DEC-99,Comment is null
196955,1969550508.00,4643107,136.465137,-30.165216,115.850,120.209,4.359,9792922.71,115.850,120.209,0.03,2.67,-75.78,-212.09,-89.28,-218.92,100.000,5.000,5.060,0.06,2.00,5.000,5.060,0.5,1,0,5,5,1,3,5,5,1,3,99999,?,TR,GDA94,MSL,GRS80,B,DEG,m,m,m,um,m,m,um,m,m,m,m,um,m,m,um,99999,99999,ELN,W98,99999,ELN,DFA,AUSGEOID98,GRS80,99999,99999,31-DEC-99,31-DEC-99,Comment is null
196955,1969550509.00,5758259,136.479138,-30.220716,114.300,118.563,4.263,9792961.23,114.300,118.563,0.05,2.67,-85.92,-220.36,-99.12,-227.02,100.000,5.000,5.060,0.06,2.00,5.000,5.060,0.5,1,0,5,5,1,3,5,5,1,3,99999,?,TR,GDA94,MSL,GRS80,B,DEG,m,m,m,um,m,m,um,m,m,m,m,um,m,m,um,99999,99999,ELN,W98,99999,ELN,DFA,AUSGEOID98,GRS80,99999,99999,31-DEC-99,31-DEC-99,Comment is null
196955,1969550510.00,4643108,136.345809,-30.220718,82.910,86.745,3.835,9793007.65,82.910,86.745,0.14,2.67,-137.67,-236.04,-149.58,-242.35,100.000,5.000,5.060,0.06,2.00,5.000,5.060,0.5,1,0,5,5,1,3,5,5,1,3,99999,?,TR,GDA94,MSL,GRS80,B,DEG,m,m,m,um,m,m,um,m,m,m,m,um,m,m,um,99999,99999,ELN,W98,99999,ELN,DFA,AUSGEOID98,GRS80,99999,99999,31-DEC-99,31-DEC-99,Comment is null
196955,1969550512.00,5705691,136.334639,-30.173548,90.860,94.774,3.914,9792962.43,90.860,94.774,0.11,2.67,-121.08,-228.55,-133.22,-234.90,100.000,5.000,5.060,0.06,2.00,5.000,5.060,0.5,1,0,5,5,1,3,5,5,1,3,99999,?,TR,GDA94,MSL,GRS80,B,DEG,m,m,m,um,m,m,um,m,m,m,m,um,m,m,um,99999,99999,ELN,W98,99999,ELN,DFA,AUSGEOID98,GRS80,99999,99999,31-DEC-99,31-DEC-99,Comment is null
196955,1969550513.00,5809412,136.334638,-30.120717,88.910,92.942,4.032,9792895.50,88.910,92.942,0.11,2.67,-152.22,-257.62,-164.73,-264.22,100.000,5.000,5.060,0.06,2.00,5.000,5.060,0.5,1,0,5,5,1,3,5,5,1,3,99999,?,TR,GDA94,MSL,GRS80,B,DEG,m,m,m,um,m,m,um,m,m,m,m,um,m,m,um,99999,99999,ELN,W98,99999,ELN,DFA,AUSGEOID98,GRS80,99999,99999,31-DEC-99,31-DEC-99,Comment is null
196955,1969550514.00,4643109,136.326308,-30.065217,89.580,93.701,4.121,9792824.86,89.580,93.701,0.12,2.67,-177.03,-283.29,-189.82,-290.05,100.000,5.000,5.060,0.06,2.00,5.000,5.060,0.5,1,0,5,5,1,3,5,5,1,3,99999,?,TR,GDA94,MSL,GRS80,B,DEG,m,m,m,um,m,m,um,m,m,m,m,um,m,m,um,99999,99999,ELN,W98,99999,ELN,DFA,AUSGEOID98,GRS80,99999,99999,31-DEC-99,31-DEC-99,Comment is null
196955,1969550515.00,4643110,136.256808,-30.073548,115.950,119.865,3.915,9792805.65,115.950,119.865,0.08,2.67,-122.04,-257.95,-134.17,-263.91,100.000,5.000,5.060,0.06,2.00,5.000,5.060,0.5,1,0,5,5,1,3,5,5,1,3,99999,?,TR,GDA94,MSL,GRS80,B,DEG,m,m,m,um,m,m,um,m,m,m,m,um,m,m,um,99999,99999,ELN,W98,99999,ELN,DFA,AUSGEOID98,GRS80,99999,99999,31-DEC-99,31-DEC-99,Comment is null
196955,1969550516.00,5786931,136.195810,-30.112379,105.190,108.860,3.670,9792861.18,105.190,108.860,0.05,2.67,-130.89,-254.33,-142.27,-259.98,100.000,5.000,5.060,0.06,2.00,5.000,5.060,0.5,1,0,5,5,1,3,5,5,1,3,99999,?,TR,GDA94,MSL,GRS80,B,DEG,m,m,m,um,m,m,um,m,m,m,m,um,m,m,um,99999,99999,ELN,W98,99999,ELN,DFA,AUSGEOID98,GRS80,99999,99999,31-DEC-99,31-DEC-99,Comment is null
196955,1969550517.00,5943811,136.251309,-30.131878,95.460,99.230,3.770,9792910.30,95.460,99.230,0.11,2.67,-126.77,-239.29,-138.46,-245.28,100.000,5.000,5.060,0.06,2.00,5.000,5.060,0.5,1,0,5,5,1,3,5,5,1,3,99999,?,TR,GDA94,MSL,GRS80,B,DEG,m,m,m,um,m,m,um,m,m,m,m,um,m,m,um,99999,99999,ELN,W98,99999,ELN,DFA,AUSGEOID98,GRS80,99999,99999,31-DEC-99,31-DEC-99,Comment is null
196955,1969550518.00,5988388,136.267980,-30.176378,93.540,97.249,3.709,9792942.12,93.540,97.249,0.07,2.67,-135.97,-246.25,-147.48,-252.16,100.000,5.000,5.060,0.06,2.00,5.000,5.060,0.5,1,0,5,5,1,3,5,5,1,3,99999,?,TR,GDA94,MSL,GRS80,B,DEG,m,m,m,um,m,m,um,m,m,m,m,um,m,m,um,99999,99999,ELN,W98,99999,ELN,DFA,AUSGEOID98,GRS80,99999,99999,31-DEC-99,31-DEC-99,Comment is null
196955,1969550519.00,4643111,136.192980,-30.179049,102.690,106.184,3.494,9792900.90,102.690,106.184,0.05,2.67,-151.72,-272.13,-162.56,-277.47,100.000,5.000,5.060,0.06,2.00,5.000,5.060,0.5,1,0,5,5,1,3,5,5,1,3,99999,?,TR,GDA94,MSL,GRS80,B,DEG,m,m,m,um,m,m,um,m,m,m,m,um,m,m,um,99999,99999,ELN,W98,99999,ELN,DFA,AUSGEOID98,GRS80,99999,99999,31-DEC-99,31-DEC-99,Comment is null
196955,1969550520.00,5262850,136.195811,-30.229049,112.260,115.632,3.372,9792890.29,112.260,115.632,0.08,2.67,-172.45,-303.56,-182.90,-308.52,100.000,5.000,5.060,0.06,2.00,5.000,5.060,0.5,1,0,5,5,1,3,5,5,1,3,99999,?,TR,GDA94,MSL,GRS80,B,DEG,m,m,m,um,m,m,um,m,m,m,m,um,m,m,um,99999,99999,ELN,W98,99999,ELN,DFA,AUSGEOID98,GRS80,99999,99999,31-DEC-99,31-DEC-99,Comment is null
196955,1969550521.00,4643112,136.259640,-30.226379,99.640,103.197,3.557,9792956.43,99.640,103.197,0.13,2.67,-142.58,-259.60,-153.62,-265.11,100.000,5.000,5.060,0.06,2.00,5.000,5.060,0.5,1,0,5,5,1,3,5,5,1,3,99999,?,TR,GDA94,MSL,GRS80,B,DEG,m,m,m,um,m,m,um,m,m,m,m,um,m,m,um,99999,99999,ELN,W98,99999,ELN,DFA,AUSGEOID98,GRS80,99999,99999,31-DEC-99,31-DEC-99,Comment is null
196955,1969550522.00,5563874,136.267981,-30.287379,119.970,123.414,3.444,9792907.40,119.970,123.414,0.09,2.67,-177.19,-317.12,-187.85,-322.10,100.000,5.000,5.060,0.06,2.00,5.000,5.060,0.5,1,0,5,5,1,3,5,5,1,3,99999,?,TR,GDA94,MSL,GRS80,B,DEG,m,m,m,um,m,m,um,m,m,m,m,um,m,m,um,99999,99999,ELN,W98,99999,ELN,DFA,AUSGEOID98,GRS80,99999,99999,31-DEC-99,31-DEC-99,Comment is null
196955,1969550523.00,5880251,136.201312,-30.281879,115.150,118.418,3.268,9792901.50,115.150,118.418,0.04,2.67,-194.18,-328.45,-204.31,-333.16,100.000,5.000,5.060,0.06,2.00,5.000,5.060,0.5,1,0,5,5,1,3,5,5,1,3,99999,?,TR,GDA94,MSL,GRS80,B,DEG,m,m,m,um,m,m,um,m,m,m,m,um,m,m,um,99999,99999,ELN,W98,99999,ELN,DFA,AUSGEOID98,GRS80,99999,99999,31-DEC-99,31-DEC-99,Comment is null
196955,1969550524.00,5675253,136.198483,-30.345720,116.100,119.229,3.129,9792930.71,116.100,119.229,0.17,2.67,-212.71,-347.90,-222.41,-352.32,100.000,5.000,5.060,0.06,2.00,5.000,5.060,0.5,1,0,5,5,1,3,5,5,1,3,99999,?,TR,GDA94,MSL,GRS80,B,DEG,m,m,m,um,m,m,um,m,m,m,m,um,m,m,um,99999,99999,ELN,W98,99999,ELN,DFA,AUSGEOID98,GRS80,99999,99999,31-DEC-99,31-DEC-99,Comment is null
196955,1969550525.00,5410085,136.198483,-30.404050,123.380,126.419,3.039,9792993.35,123.380,126.419,0.11,2.67,-173.85,-317.20,-183.27,-321.33,100.000,5.000,5.060,0.06,2.00,5.000,5.060,0.5,1,0,5,5,1,3,5,5,1,3,99999,?,TR,GDA94,MSL,GRS80,B,DEG,m,m,m,um,m,m,um,m,m,m,m,um,m,m,um,99999,99999,ELN,W98,99999,ELN,DFA,AUSGEOID98,GRS80,99999,99999,31-DEC-99,31-DEC-99,Comment is null
196955,1969550526.00,5890168,136.206814,-30.462380,108.690,111.686,2.996,9793146.63,108.690,111.686,0.07,2.67,-112.05,-238.69,-121.34,-242.96,100.000,5.000,5.060,0.06,2.00,5.000,5.060,0.5,1,0,5,5,1,3,5,5,1,3,99999,?,TR,GDA94,MSL,GRS80,B,DEG,m,m,m,um,m,m,um,m,m,m,m,um,m,m,um,99999,99999,ELN,W98,99999,ELN,DFA,AUSGEOID98,GRS80,99999,99999,31-DEC-99,31-DEC-99,Comment is null
196955,1969550527.00,5699087,136.267984,-30.504050,114.000,117.157,3.157,9793239.48,114.000,117.157,0.03,2.67,-35.22,-168.07,-45.01,-172.58,100.000,5.000,5.060,0.06,2.00,5.000,5.060,0.5,1,0,5,5,1,3,5,5,1,3,99999,?,TR,GDA94,MSL,GRS80,B,DEG,m,m,m,um,m,m,um,m,m,m,m,um,m,m,um,99999,99999,ELN,W98,99999,ELN,DFA,AUSGEOID98,GRS80,99999,99999,31-DEC-99,31-DEC-99,Comment is null
196955,1969550528.00,4643113,136.320813,-30.504049,114.420,117.745,3.325,9793240.98,114.420,117.745,0.02,2.67,-31.91,-165.42,-42.21,-170.25,100.000,5.000,5.060,0.06,2.00,5.000,5.060,0.5,1,0,5,5,1,3,5,5,1,3,99999,?,TR,GDA94,MSL,GRS80,B,DEG,m,m,m,um,m,m,um,m,m,m,m,um,m,m,um,99999,99999,ELN,W98,99999,ELN,DFA,AUSGEOID98,GRS80,99999,99999,31-DEC-99,31-DEC-99,Comment is null
196955,1969550529.00,4643114,136.326313,-30.459719,111.250,114.626,3.376,9793172.04,111.250,114.626,0.04,2.67,-75.46,-205.44,-85.93,-210.41,100.000,5.000,5.060,0.06,2.00,5.000,5.060,0.5,1,0,5,5,1,3,5,5,1,3,99999,?,TR,GDA94,MSL,GRS80,B,DEG,m,m,m,um,m,m,um,m,m,m,m,um,m,m,um,99999,99999,ELN,W98,99999,ELN,DFA,AUSGEOID98,GRS80,99999,99999,31-DEC-99,31-DEC-99,Comment is null
196955,1969550530.00,4643115,136.256814,-30.462380,100.280,103.434,3.154,9793164.44,100.280,103.434,0.11,2.67,-119.70,-236.99,-129.49,-241.70,100.000,5.000,5.060,0.06,2.00,5.000,5.060,0.5,1,0,5,5,1,3,5,5,1,3,99999,?,TR,GDA94,MSL,GRS80,B,DEG,m,m,m,um,m,m,um,m,m,m,m,um,m,m,um,99999,99999,ELN,W98,99999,ELN,DFA,AUSGEOID98,GRS80,99999,99999,31-DEC-99,31-DEC-99,Comment is null
196955,1969550531.00,5905315,136.256813,-30.398549,111.430,114.647,3.217,9793012.26,111.430,114.647,0.04,2.67,-186.93,-316.93,-196.90,-321.59,100.000,5.000,5.060,0.06,2.00,5.000,5.060,0.5,1,0,5,5,1,3,5,5,1,3,99999,?,TR,GDA94,MSL,GRS80,B,DEG,m,m,m,um,m,m,um,m,m,m,m,um,m,m,um,99999,99999,ELN,W98,99999,ELN,DFA,AUSGEOID98,GRS80,99999,99999,31-DEC-99,31-DEC-99,Comment is null
196955,1969550532.00,4643116,136.267982,-30.343049,113.020,116.351,3.331,9792950.22,113.020,116.351,0.05,2.67,-199.97,-331.91,-210.30,-336.77,100.000,5.000,5.060,0.06,2.00,5.000,5.060,0.5,1,0,5,5,1,3,5,5,1,3,99999,?,TR,GDA94,MSL,GRS80,B,DEG,m,m,m,um,m,m,um,m,m,m,m,um,m,m,um,99999,99999,ELN,W98,99999,ELN,DFA,AUSGEOID98,GRS80,99999,99999,31-DEC-99,31-DEC-99,Comment is null
196955,1969550533.00,5984550,136.329141,-30.337378,105.800,109.327,3.527,9792970.94,105.800,109.327,0.05,2.67,-196.47,-320.44,-207.40,-325.79,100.000,5.000,5.060,0.06,2.00,5.000,5.060,0.5,1,0,5,5,1,3,5,5,1,3,99999,?,TR,GDA94,MSL,GRS80,B,DEG,m,m,m,um,m,m,um,m,m,m,m,um,m,m,um,99999,99999,ELN,W98,99999,ELN,DFA,AUSGEOID98,GRS80,99999,99999,31-DEC-99,31-DEC-99,Comment is null
196955,1969550534.00,5924072,136.329142,-30.395719,86.840,90.282,3.442,9793092.70,86.840,90.282,0.23,2.67,-179.43,-281.81,-190.12,-287.29,100.000,5.000,5.060,0.06,2.00,5.000,5.060,0.5,1,0,5,5,1,3,5,5,1,3,99999,?,TR,GDA94,MSL,GRS80,B,DEG,m,m,m,um,m,m,um,m,m,m,m,um,m,m,um,99999,99999,ELN,W98,99999,ELN,DFA,AUSGEOID98,GRS80,99999,99999,31-DEC-99,31-DEC-99,Comment is null
196955,1969550535.00,4643117,136.406811,-30.398548,90.010,93.683,3.673,9793092.60,90.010,93.683,0.23,2.67,-171.27,-277.50,-182.67,-283.39,100.000,5.000,5.060,0.06,2.00,5.000,5.060,0.5,1,0,5,5,1,3,5,5,1,3,99999,?,TR,GDA94,MSL,GRS80,B,DEG,m,m,m,um,m,m,um,m,m,m,m,um,m,m,um,99999,99999,ELN,W98,99999,ELN,DFA,AUSGEOID98,GRS80,99999,99999,31-DEC-99,31-DEC-99,Comment is null
196955,1969550536.00,5408521,136.395812,-30.445718,103.970,107.566,3.596,9793175.24,103.970,107.566,0.09,2.67,-82.99,-204.97,-94.14,-210.48,100.000,5.000,5.060,0.06,2.00,5.000,5.060,0.5,1,0,5,5,1,3,5,5,1,3,99999,?,TR,GDA94,MSL,GRS80,B,DEG,m,m,m,um,m,m,um,m,m,m,m,um,m,m,um,99999,99999,ELN,W98,99999,ELN,DFA,AUSGEOID98,GRS80,99999,99999,31-DEC-99,31-DEC-99,Comment is null
196955,1969550537.00,5563875,136.423482,-30.498548,110.580,114.220,3.640,9793273.70,110.580,114.220,0.04,2.67,-5.72,-135.24,-17.00,-140.74,100.000,5.000,5.060,0.06,2.00,5.000,5.060,0.5,1,0,5,5,1,3,5,5,1,3,99999,?,TR,GDA94,MSL,GRS80,B,DEG,m,m,m,um,m,m,um,m,m,m,m,um,m,m,um,99999,99999,ELN,W98,99999,ELN,DFA,AUSGEOID98,GRS80,99999,99999,31-DEC-99,31-DEC-99,Comment is null
196955,1969550538.00,5409508,136.467982,-30.501378,118.080,121.844,3.764,9793258.79,118.080,121.844,0.06,2.67,0.66,-137.50,-11.00,-143.13,100.000,5.000,5.060,0.06,2.00,5.000,5.060,0.5,1,0,5,5,1,3,5,5,1,3,99999,?,TR,GDA94,MSL,GRS80,B,DEG,m,m,m,um,m,m,um,m,m,m,m,um,m,m,um,99999,99999,ELN,W98,99999,ELN,DFA,AUSGEOID98,GRS80,99999,99999,31-DEC-99,31-DEC-99,Comment is null
196955,1969550539.00,5957052,136.462481,-30.443047,92.170,95.962,3.792,9793161.84,92.170,95.962,0.15,2.67,-130.10,-238.92,-141.86,-245.00,100.000,5.000,5.060,0.06,2.00,5.000,5.060,0.5,1,0,5,5,1,3,5,5,1,3,99999,?,TR,GDA94,MSL,GRS80,B,DEG,m,m,m,um,m,m,um,m,m,m,m,um,m,m,um,99999,99999,ELN,W98,99999,ELN,DFA,AUSGEOID98,GRS80,99999,99999,31-DEC-99,31-DEC-99,Comment is null
196955,1969550540.00,5694777,136.473481,-30.398547,115.210,119.082,3.872,9793015.86,115.210,119.082,0.11,2.67,-169.64,-304.67,-181.63,-310.55,100.000,5.000,5.060,0.06,2.00,5.000,5.060,0.5,1,0,5,5,1,3,5,5,1,3,99999,?,TR,GDA94,MSL,GRS80,B,DEG,m,m,m,um,m,m,um,m,m,m,m,um,m,m,um,99999,99999,ELN,W98,99999,ELN,DFA,AUSGEOID98,GRS80,99999,99999,31-DEC-99,31-DEC-99,Comment is null
196955,1969550541.00,4643118,136.473480,-30.351377,101.190,105.134,3.944,9793016.96,101.190,105.134,0.11,2.67,-174.40,-293.62,-186.63,-299.86,100.000,5.000,5.060,0.06,2.00,5.000,5.060,0.5,1,0,5,5,1,3,5,5,1,3,99999,?,TR,GDA94,MSL,GRS80,B,DEG,m,m,m,um,m,m,um,m,m,m,m,um,m,m,um,99999,99999,ELN,W98,99999,ELN,DFA,AUSGEOID98,GRS80,99999,99999,31-DEC-99,31-DEC-99,Comment is null
196955,1969550542.00,5856301,136.409640,-30.343048,103.140,106.903,3.763,9792987.54,103.140,106.903,0.15,2.67,-191.80,-313.03,-203.47,-318.88,100.000,5.000,5.060,0.06,2.00,5.000,5.060,0.5,1,0,5,5,1,3,5,5,1,3,99999,?,TR,GDA94,MSL,GRS80,B,DEG,m,m,m,um,m,m,um,m,m,m,m,um,m,m,um,99999,99999,ELN,W98,99999,ELN,DFA,AUSGEOID98,GRS80,99999,99999,31-DEC-99,31-DEC-99,Comment is null
196955,1969550601.00,4643119,136.215147,-30.704051,121.490,124.174,2.684,9793321.72,121.490,124.174,0.12,2.67,-89.64,-230.44,-97.96,-233.90,100.000,5.000,5.060,0.06,2.00,5.000,5.060,0.5,1,0,5,5,1,3,5,5,1,3,99999,?,TR,GDA94,MSL,GRS80,B,DEG,m,m,m,um,m,m,um,m,m,m,m,um,m,m,um,99999,99999,ELN,W98,99999,ELN,DFA,AUSGEOID98,GRS80,99999,99999,31-DEC-99,31-DEC-99,Comment is null
196955,1969550602.00,5683993,136.429145,-30.665219,116.310,119.691,3.381,9793360.14,116.310,119.691,0.04,2.67,-34.27,-169.98,-44.74,-174.89,100.000,5.000,5.060,0.06,2.00,5.000,5.060,0.5,1,0,5,5,1,3,5,5,1,3,99999,?,TR,GDA94,MSL,GRS80,B,DEG,m,m,m,um,m,m,um,m,m,m,m,um,m,m,um,99999,99999,ELN,W98,99999,ELN,DFA,AUSGEOID98,GRS80,99999,99999,31-DEC-99,31-DEC-99,Comment is null
196955,1969550603.00,5746223,136.417984,-30.612379,115.310,118.771,3.461,9793351.74,115.310,118.771,0.04,2.67,-3.66,-138.33,-14.38,-143.41,100.000,5.000,5.060,0.06,2.00,5.000,5.060,0.5,1,0,5,5,1,3,5,5,1,3,99999,?,TR,GDA94,MSL,GRS80,B,DEG,m,m,m,um,m,m,um,m,m,m,m,um,m,m,um,99999,99999,ELN,W98,99999,ELN,DFA,AUSGEOID98,GRS80,99999,99999,31-DEC-99,31-DEC-99,Comment is null
196955,1969550604.00,4643120,136.398483,-30.562379,114.210,117.701,3.491,9793323.92,114.210,117.701,0.04,2.67,4.79,-128.67,-6.02,-133.82,100.000,5.000,5.060,0.06,2.00,5.000,5.060,0.5,1,0,5,5,1,3,5,5,1,3,99999,?,TR,GDA94,MSL,GRS80,B,DEG,m,m,m,um,m,m,um,m,m,m,m,um,m,m,um,99999,99999,ELN,W98,99999,ELN,DFA,AUSGEOID98,GRS80,99999,99999,31-DEC-99,31-DEC-99,Comment is null
196955,1969550605.00,4643121,136.470813,-30.593048,108.570,112.216,3.646,9793337.13,108.570,112.216,0.03,2.67,-23.19,-150.43,-34.48,-155.97,100.000,5.000,5.060,0.06,2.00,5.000,5.060,0.5,1,0,5,5,1,3,5,5,1,3,99999,?,TR,GDA94,MSL,GRS80,B,DEG,m,m,m,um,m,m,um,m,m,m,m,um,m,m,um,99999,99999,ELN,W98,99999,ELN,DFA,AUSGEOID98,GRS80,99999,99999,31-DEC-99,31-DEC-99,Comment is null
196955,1969550606.00,4643122,136.473484,-30.640218,105.310,108.873,3.563,9793408.17,105.310,108.873,0.08,2.67,0.19,-123.27,-10.85,-128.70,100.000,5.000,5.060,0.06,2.00,5.000,5.060,0.5,1,0,5,5,1,3,5,5,1,3,99999,?,TR,GDA94,MSL,GRS80,B,DEG,m,m,m,um,m,m,um,m,m,m,m,um,m,m,um,99999,99999,ELN,W98,99999,ELN,DFA,AUSGEOID98,GRS80,99999,99999,31-DEC-99,31-DEC-99,Comment is null
196955,1969550608.00,4643123,136.456815,-30.723549,115.850,119.200,3.350,9793423.88,115.850,119.200,0.03,2.67,-18.30,-153.46,-28.67,-158.31,100.000,5.000,5.060,0.06,2.00,5.000,5.060,0.5,1,0,5,5,1,3,5,5,1,3,99999,?,TR,GDA94,MSL,GRS80,B,DEG,m,m,m,um,m,m,um,m,m,m,m,um,m,m,um,99999,99999,ELN,W98,99999,ELN,DFA,AUSGEOID98,GRS80,99999,99999,31-DEC-99,31-DEC-99,Comment is null
196955,1969550609.00,4643124,136.420816,-30.737379,112.500,115.732,3.232,9793418.57,112.500,115.732,0.03,2.67,-45.27,-176.51,-55.29,-181.18,100.000,5.000,5.060,0.06,2.00,5.000,5.060,0.5,1,0,5,5,1,3,5,5,1,3,99999,?,TR,GDA94,MSL,GRS80,B,DEG,m,m,m,um,m,m,um,m,m,m,m,um,m,m,um,99999,99999,ELN,W98,99999,ELN,DFA,AUSGEOID98,GRS80,99999,99999,31-DEC-99,31-DEC-99,Comment is null
196955,1969550610.00,4643125,136.337486,-30.734720,108.940,111.949,3.009,9793412.47,108.940,111.949,0.05,2.67,-60.94,-187.88,-70.27,-192.17,100.000,5.000,5.060,0.06,2.00,5.000,5.060,0.5,1,0,5,5,1,3,5,5,1,3,99999,?,TR,GDA94,MSL,GRS80,B,DEG,m,m,m,um,m,m,um,m,m,m,m,um,m,m,um,99999,99999,ELN,W98,99999,ELN,DFA,AUSGEOID98,GRS80,99999,99999,31-DEC-99,31-DEC-99,Comment is null
196955,1969550611.00,5966134,136.251317,-30.676381,109.240,112.077,2.837,9793360.54,109.240,112.077,0.05,2.67,-66.20,-193.29,-75.00,-197.24,100.000,5.000,5.060,0.06,2.00,5.000,5.060,0.5,1,0,5,5,1,3,5,5,1,3,99999,?,TR,GDA94,MSL,GRS80,B,DEG,m,m,m,um,m,m,um,m,m,m,m,um,m,m,um,99999,99999,ELN,W98,99999,ELN,DFA,AUSGEOID98,GRS80,99999,99999,31-DEC-99,31-DEC-99,Comment is null
196955,1969550612.00,4643126,136.184647,-30.684721,112.500,115.111,2.611,9793316.32,112.500,115.111,0.13,2.67,-107.68,-238.20,-115.78,-241.66,100.000,5.000,5.060,0.06,2.00,5.000,5.060,0.5,1,0,5,5,1,3,5,5,1,3,99999,?,TR,GDA94,MSL,GRS80,B,DEG,m,m,m,um,m,m,um,m,m,m,m,um,m,m,um,99999,99999,ELN,W98,99999,ELN,DFA,AUSGEOID98,GRS80,99999,99999,31-DEC-99,31-DEC-99,Comment is null
196955,1969550613.00,4643127,136.259646,-30.620720,98.150,101.113,2.963,9793366.54,98.150,101.113,0.05,2.67,-49.93,-164.59,-59.13,-168.96,100.000,5.000,5.060,0.06,2.00,5.000,5.060,0.5,1,0,5,5,1,3,5,5,1,3,99999,?,TR,GDA94,MSL,GRS80,B,DEG,m,m,m,um,m,m,um,m,m,m,m,um,m,m,um,99999,99999,ELN,W98,99999,ELN,DFA,AUSGEOID98,GRS80,99999,99999,31-DEC-99,31-DEC-99,Comment is null
196955,1969550614.00,4643128,136.195816,-30.629051,109.730,112.468,2.738,9793295.31,109.730,112.468,0.13,2.67,-92.73,-220.26,-101.23,-224.02,100.000,5.000,5.060,0.06,2.00,5.000,5.060,0.5,1,0,5,5,1,3,5,5,1,3,99999,?,TR,GDA94,MSL,GRS80,B,DEG,m,m,m,um,m,m,um,m,m,m,m,um,m,m,um,99999,99999,ELN,W98,99999,ELN,DFA,AUSGEOID98,GRS80,99999,99999,31-DEC-99,31-DEC-99,Comment is null
196955,1969550615.00,4643129,136.190146,-30.579051,114.820,117.619,2.799,9793258.39,114.820,117.619,0.05,2.67,-74.18,-207.55,-82.86,-211.35,100.000,5.000,5.060,0.06,2.00,5.000,5.060,0.5,1,0,5,5,1,3,5,5,1,3,99999,?,TR,GDA94,MSL,GRS80,B,DEG,m,m,m,um,m,m,um,m,m,m,m,um,m,m,um,99999,99999,ELN,W98,99999,ELN,DFA,AUSGEOID98,GRS80,99999,99999,31-DEC-99,31-DEC-99,Comment is null
196955,1969550616.00,5408655,136.262485,-30.565220,119.850,122.915,3.065,9793284.10,119.850,122.915,0.03,2.67,-21.19,-160.56,-30.68,-164.80,100.000,5.000,5.060,0.06,2.00,5.000,5.060,0.5,1,1,5,5,1,3,5,5,1,3,99999,?,TR,GDA94,MSL,GRS80,B,DEG,m,m,m,um,m,m,um,m,m,m,m,um,m,m,um,99999,99999,ELN,W98,99999,ELN,DFA,AUSGEOID98,GRS80,99999,99999,31-DEC-99,31-DEC-99,Comment is null
196955,1969550617.00,5979547,136.334644,-30.570719,108.600,111.888,3.288,9793353.54,108.600,111.888,0.04,2.67,9.88,-117.00,-0.32,-121.84,100.000,5.000,5.060,0.06,2.00,5.000,5.060,0.5,1,1,5,5,1,3,5,5,1,3,99999,?,TR,GDA94,MSL,GRS80,B,DEG,m,m,m,um,m,m,um,m,m,m,m,um,m,m,um,99999,99999,ELN,W98,99999,ELN,DFA,AUSGEOID98,GRS80,99999,99999,31-DEC-99,31-DEC-99,Comment is null
196955,1969550618.00,4643130,136.345815,-30.609719,120.460,123.714,3.254,9793324.42,120.460,123.714,0.05,2.67,-13.61,-153.89,-23.69,-158.49,100.000,5.000,5.060,0.06,2.00,5.000,5.060,0.5,1,0,5,5,1,3,5,5,1,3,99999,?,TR,GDA94,MSL,GRS80,B,DEG,m,m,m,um,m,m,um,m,m,m,m,um,m,m,um,99999,99999,ELN,W98,99999,ELN,DFA,AUSGEOID98,GRS80,99999,99999,31-DEC-99,31-DEC-99,Comment is null
196955,1969550619.00,4643131,136.337486,-30.673550,108.510,111.610,3.100,9793355.24,108.510,111.610,0.03,2.67,-70.70,-197.26,-80.32,-201.74,100.000,5.000,5.060,0.06,2.00,5.000,5.060,0.5,1,1,5,5,1,3,5,5,1,3,99999,?,TR,GDA94,MSL,GRS80,B,DEG,m,m,m,um,m,m,um,m,m,m,m,um,m,m,um,99999,99999,ELN,W98,99999,ELN,DFA,AUSGEOID98,GRS80,99999,99999,31-DEC-99,31-DEC-99,Comment is null
196955,1969550620.00,4643132,136.212488,-30.743051,106.010,108.643,2.633,9793415.77,106.010,108.643,0.35,2.67,-74.45,-197.65,-82.62,-201.25,100.000,5.000,5.060,0.06,2.00,5.000,5.060,0.5,1,0,5,5,1,3,5,5,1,3,99999,?,TR,GDA94,MSL,GRS80,B,DEG,m,m,m,um,m,m,um,m,m,m,m,um,m,m,um,99999,99999,ELN,W98,99999,ELN,DFA,AUSGEOID98,GRS80,99999,99999,31-DEC-99,31-DEC-99,Comment is null
196955,1969550621.00,5809413,136.215149,-30.795722,134.570,137.141,2.571,9793402.46,134.570,137.141,0.05,2.67,-41.65,-197.15,-49.61,-200.19,100.000,5.000,5.060,0.06,2.00,5.000,5.060,0.5,1,0,5,5,1,3,5,5,1,3,99999,?,TR,GDA94,MSL,GRS80,B,DEG,m,m,m,um,m,m,um,m,m,m,m,um,m,m,um,99999,99999,ELN,W98,99999,ELN,DFA,AUSGEOID98,GRS80,99999,99999,31-DEC-99,31-DEC-99,Comment is null
196955,1969550622.00,4643133,136.209649,-30.859722,142.100,144.562,2.462,9793439.88,142.100,144.562,0.10,2.67,-32.21,-196.12,-39.83,-198.84,100.000,5.000,5.060,0.06,2.00,5.000,5.060,0.5,1,0,5,5,1,3,5,5,1,3,99999,?,TR,GDA94,MSL,GRS80,B,DEG,m,m,m,um,m,m,um,m,m,m,m,um,m,m,um,99999,99999,ELN,W98,99999,ELN,DFA,AUSGEOID98,GRS80,99999,99999,31-DEC-99,31-DEC-99,Comment is null
196955,1969550623.00,5409122,136.209650,-30.912382,157.610,159.987,2.377,9793443.69,157.610,159.987,0.10,2.67,-22.73,-204.12,-30.07,-206.43,100.000,5.000,5.060,0.06,2.00,5.000,5.060,0.5,1,0,5,5,1,3,5,5,1,3,99999,?,TR,GDA94,MSL,GRS80,B,DEG,m,m,m,um,m,m,um,m,m,m,m,um,m,m,um,99999,99999,ELN,W98,99999,ELN,DFA,AUSGEOID98,GRS80,99999,99999,31-DEC-99,31-DEC-99,Comment is null
196955,1969550624.00,5786932,136.229151,-30.962382,129.880,132.237,2.357,9793550.44,129.880,132.237,0.16,2.67,-41.42,-191.36,-48.72,-194.05,100.000,5.000,5.060,0.06,2.00,5.000,5.060,0.5,1,0,5,5,1,3,5,5,1,3,99999,?,TR,GDA94,MSL,GRS80,B,DEG,m,m,m,um,m,m,um,m,m,m,m,um,m,m,um,99999,99999,ELN,W98,99999,ELN,DFA,AUSGEOID98,GRS80,99999,99999,31-DEC-99,31-DEC-99,Comment is null
196955,1969550625.00,4643134,136.284650,-30.970722,117.710,120.205,2.495,9793585.06,117.710,120.205,0.18,2.67,-50.57,-186.87,-58.30,-190.02,100.000,5.000,5.060,0.06,2.00,5.000,5.060,0.5,1,0,5,5,1,3,5,5,1,3,99999,?,TR,GDA94,MSL,GRS80,B,DEG,m,m,m,um,m,m,um,m,m,m,m,um,m,m,um,99999,99999,ELN,W98,99999,ELN,DFA,AUSGEOID98,GRS80,99999,99999,31-DEC-99,31-DEC-99,Comment is null
196955,1969550626.00,4643135,136.331820,-30.968051,164.440,167.065,2.625,9793488.01,164.440,167.065,0.27,2.67,-0.91,-190.32,-9.01,-193.02,100.000,5.000,5.060,0.06,2.00,5.000,5.060,0.5,1,0,5,5,1,3,5,5,1,3,99999,?,TR,GDA94,MSL,GRS80,B,DEG,m,m,m,um,m,m,um,m,m,m,m,um,m,m,um,99999,99999,ELN,W98,99999,ELN,DFA,AUSGEOID98,GRS80,99999,99999,31-DEC-99,31-DEC-99,Comment is null
196955,1969550627.00,5988389,136.340149,-30.918051,145.690,148.414,2.724,9793474.40,145.690,148.414,0.06,2.67,-32.23,-200.50,-40.65,-203.68,100.000,5.000,5.060,0.06,2.00,5.000,5.060,0.5,1,0,5,5,1,3,5,5,1,3,99999,?,TR,GDA94,MSL,GRS80,B,DEG,m,m,m,um,m,m,um,m,m,m,m,um,m,m,um,99999,99999,ELN,W98,99999,ELN,DFA,AUSGEOID98,GRS80,99999,99999,31-DEC-99,31-DEC-99,Comment is null
196955,1969550628.00,5262851,136.279149,-30.915222,148.830,151.397,2.567,9793480.91,148.830,151.397,0.08,2.67,-14.27,-185.93,-22.20,-188.75,100.000,5.000,5.060,0.06,2.00,5.000,5.060,0.5,1,0,5,5,1,3,5,5,1,3,99999,?,TR,GDA94,MSL,GRS80,B,DEG,m,m,m,um,m,m,um,m,m,m,m,um,m,m,um,99999,99999,ELN,W98,99999,ELN,DFA,AUSGEOID98,GRS80,99999,99999,31-DEC-99,31-DEC-99,Comment is null
196955,1969550629.00,5563876,136.265149,-30.859721,143.990,146.612,2.622,9793427.18,143.990,146.612,0.06,2.67,-38.59,-204.82,-46.70,-207.83,100.000,5.000,5.060,0.06,2.00,5.000,5.060,0.5,1,0,5,5,1,3,5,5,1,3,99999,?,TR,GDA94,MSL,GRS80,B,DEG,m,m,m,um,m,m,um,m,m,m,m,um,m,m,um,99999,99999,ELN,W98,99999,ELN,DFA,AUSGEOID98,GRS80,99999,99999,31-DEC-99,31-DEC-99,Comment is null
196955,1969550630.00,4643136,136.262488,-30.787381,135.060,137.782,2.722,9793422.27,135.060,137.782,0.05,2.67,-13.24,-169.46,-21.66,-172.79,100.000,5.000,5.060,0.06,2.00,5.000,5.060,0.5,1,0,5,5,1,3,5,5,1,3,99999,?,TR,GDA94,MSL,GRS80,B,DEG,m,m,m,um,m,m,um,m,m,m,m,um,m,m,um,99999,99999,ELN,W98,99999,ELN,DFA,AUSGEOID98,GRS80,99999,99999,31-DEC-99,31-DEC-99,Comment is null
196955,1969550631.00,4643137,136.317988,-30.798551,123.720,126.581,2.861,9793462.80,123.720,126.581,0.05,2.67,-16.15,-159.68,-25.01,-163.45,100.000,5.000,5.060,0.06,2.00,5.000,5.060,0.5,1,0,5,5,1,3,5,5,1,3,99999,?,TR,GDA94,MSL,GRS80,B,DEG,m,m,m,um,m,m,um,m,m,m,m,um,m,m,um,99999,99999,ELN,W98,99999,ELN,DFA,AUSGEOID98,GRS80,99999,99999,31-DEC-99,31-DEC-99,Comment is null
196955,1969550632.00,4643138,136.345818,-30.870721,138.070,140.890,2.820,9793466.10,138.070,140.890,0.04,2.67,-26.08,-185.82,-34.80,-189.30,100.000,5.000,5.060,0.06,2.00,5.000,5.060,0.5,1,0,5,5,1,3,5,5,1,3,99999,?,TR,GDA94,MSL,GRS80,B,DEG,m,m,m,um,m,m,um,m,m,m,m,um,m,m,um,99999,99999,ELN,W98,99999,ELN,DFA,AUSGEOID98,GRS80,99999,99999,31-DEC-99,31-DEC-99,Comment is null
196955,1969550633.00,4643139,136.409648,-30.868050,134.840,137.822,2.982,9793475.70,134.840,137.822,0.04,2.67,-23.81,-180.08,-33.04,-183.92,100.000,5.000,5.060,0.06,2.00,5.000,5.060,0.5,1,0,5,5,1,3,5,5,1,3,99999,?,TR,GDA94,MSL,GRS80,B,DEG,m,m,m,um,m,m,um,m,m,m,m,um,m,m,um,99999,99999,ELN,W98,99999,ELN,DFA,AUSGEOID98,GRS80,99999,99999,31-DEC-99,31-DEC-99,Comment is null
196955,1969550634.00,4643140,136.404148,-30.926380,151.880,154.751,2.871,9793453.99,151.880,154.751,0.08,2.67,-39.72,-215.18,-48.59,-218.55,100.000,5.000,5.060,0.06,2.00,5.000,5.060,0.5,1,0,5,5,1,3,5,5,1,3,99999,?,TR,GDA94,MSL,GRS80,B,DEG,m,m,m,um,m,m,um,m,m,m,m,um,m,m,um,99999,99999,ELN,W98,99999,ELN,DFA,AUSGEOID98,GRS80,99999,99999,31-DEC-99,31-DEC-99,Comment is null
196955,1969550635.00,4643141,136.406819,-30.968051,162.090,164.906,2.816,9793494.11,162.090,164.906,0.14,2.67,-1.47,-188.43,-10.16,-191.54,100.000,5.000,5.060,0.06,2.00,5.000,5.060,0.5,1,0,5,5,1,3,5,5,1,3,99999,?,TR,GDA94,MSL,GRS80,B,DEG,m,m,m,um,m,m,um,m,m,m,m,um,m,m,um,99999,99999,ELN,W98,99999,ELN,DFA,AUSGEOID98,GRS80,99999,99999,31-DEC-99,31-DEC-99,Comment is null
196955,1969550636.00,4643142,136.473488,-30.959720,142.620,145.608,2.988,9793504.72,142.620,145.608,0.07,2.67,-43.77,-208.86,-53.00,-212.59,100.000,5.000,5.060,0.06,2.00,5.000,5.060,0.5,1,0,5,5,1,3,5,5,1,3,99999,?,TR,GDA94,MSL,GRS80,B,DEG,m,m,m,um,m,m,um,m,m,m,m,um,m,m,um,99999,99999,ELN,W98,99999,ELN,DFA,AUSGEOID98,GRS80,99999,99999,31-DEC-99,31-DEC-99,Comment is null
196955,1969550637.00,4643143,136.467987,-30.909720,139.320,142.367,3.047,9793486.81,139.320,142.367,0.06,2.67,-31.85,-193.27,-41.27,-197.17,100.000,5.000,5.060,0.06,2.00,5.000,5.060,0.5,1,0,5,5,1,3,5,5,1,3,99999,?,TR,GDA94,MSL,GRS80,B,DEG,m,m,m,um,m,m,um,m,m,m,m,um,m,m,um,99999,99999,ELN,W98,99999,ELN,DFA,AUSGEOID98,GRS80,99999,99999,31-DEC-99,31-DEC-99,Comment is null
196955,1969550638.00,4643144,136.473487,-30.862379,125.180,128.320,3.140,9793471.90,125.180,128.320,0.07,2.67,-52.42,-197.92,-62.14,-202.22,100.000,5.000,5.060,0.06,2.00,5.000,5.060,0.5,1,0,5,5,1,3,5,5,1,3,99999,?,TR,GDA94,MSL,GRS80,B,DEG,m,m,m,um,m,m,um,m,m,m,m,um,m,m,um,99999,99999,ELN,W98,99999,ELN,DFA,AUSGEOID98,GRS80,99999,99999,31-DEC-99,31-DEC-99,Comment is null
196955,1969550639.00,5409806,136.467986,-30.795719,105.160,108.402,3.242,9793469.30,105.160,108.402,0.05,2.67,-63.49,-186.41,-73.54,-191.21,100.000,5.000,5.060,0.06,2.00,5.000,5.060,0.5,1,0,5,5,1,3,5,5,1,3,99999,?,TR,GDA94,MSL,GRS80,B,DEG,m,m,m,um,m,m,um,m,m,m,m,um,m,m,um,99999,99999,ELN,W98,99999,ELN,DFA,AUSGEOID98,GRS80,99999,99999,31-DEC-99,31-DEC-99,Comment is null
196955,1969550701.00,5894906,136.015150,-30.726383,133.200,135.269,2.069,9793288.80,133.200,135.269,0.17,2.67,-106.04,-259.41,-112.45,-261.50,100.000,5.000,5.060,0.06,2.00,5.000,5.060,0.5,1,0,5,5,1,3,5,5,1,3,99999,?,TR,GDA94,MSL,GRS80,B,DEG,m,m,m,um,m,m,um,m,m,m,m,um,m,m,um,99999,99999,ELN,W98,99999,ELN,DFA,AUSGEOID98,GRS80,99999,99999,31-DEC-99,31-DEC-99,Comment is null
196955,1969550702.00,5408522,136.081818,-30.679052,150.510,152.812,2.302,9793196.95,150.510,152.812,0.07,2.67,-106.23,-279.48,-113.34,-281.76,100.000,5.000,5.060,0.06,2.00,5.000,5.060,0.5,1,0,5,5,1,3,5,5,1,3,99999,?,TR,GDA94,MSL,GRS80,B,DEG,m,m,m,um,m,m,um,m,m,m,m,um,m,m,um,99999,99999,ELN,W98,99999,ELN,DFA,AUSGEOID98,GRS80,99999,99999,31-DEC-99,31-DEC-99,Comment is null
196955,1969550703.00,5563877,136.062488,-30.623552,149.900,152.217,2.317,9793125.52,149.900,152.217,0.09,2.67,-135.53,-308.11,-142.69,-310.43,100.000,5.000,5.060,0.06,2.00,5.000,5.060,0.5,1,0,5,5,1,3,5,5,1,3,99999,?,TR,GDA94,MSL,GRS80,B,DEG,m,m,m,um,m,m,um,m,m,m,m,um,m,m,um,99999,99999,ELN,W98,99999,ELN,DFA,AUSGEOID98,GRS80,99999,99999,31-DEC-99,31-DEC-99,Comment is null
196955,1969550704.00,5409005,136.062487,-30.573552,150.270,152.654,2.384,9793059.68,150.270,152.654,0.07,2.67,-160.44,-333.52,-167.81,-335.96,100.000,5.000,5.060,0.06,2.00,5.000,5.060,0.5,1,0,5,5,1,3,5,5,1,3,99999,?,TR,GDA94,MSL,GRS80,B,DEG,m,m,m,um,m,m,um,m,m,m,m,um,m,m,um,99999,99999,ELN,W98,99999,ELN,DFA,AUSGEOID98,GRS80,99999,99999,31-DEC-99,31-DEC-99,Comment is null
196955,1969550705.00,5409509,136.131816,-30.565221,129.540,132.162,2.622,9793165.64,129.540,132.162,0.05,2.67,-111.12,-260.98,-119.24,-264.20,100.000,5.000,5.060,0.06,2.00,5.000,5.060,0.5,1,0,5,5,1,3,5,5,1,3,99999,?,TR,GDA94,MSL,GRS80,B,DEG,m,m,m,um,m,m,um,m,m,m,m,um,m,m,um,99999,99999,ELN,W98,99999,ELN,DFA,AUSGEOID98,GRS80,99999,99999,31-DEC-99,31-DEC-99,Comment is null
196955,1969550706.00,4643146,136.140147,-30.623552,114.820,117.382,2.562,9793245.28,114.820,117.382,0.11,2.67,-123.24,-256.35,-131.19,-259.67,100.000,5.000,5.060,0.06,2.00,5.000,5.060,0.5,1,0,5,5,1,3,5,5,1,3,99999,?,TR,GDA94,MSL,GRS80,B,DEG,m,m,m,um,m,m,um,m,m,m,m,um,m,m,um,99999,99999,ELN,W98,99999,ELN,DFA,AUSGEOID98,GRS80,99999,99999,31-DEC-99,31-DEC-99,Comment is null
196955,1969550707.00,4643147,136.142988,-30.687382,134.510,136.987,2.477,9793250.28,134.510,136.987,0.13,2.67,-108.33,-263.65,-116.00,-266.51,100.000,5.000,5.060,0.06,2.00,5.000,5.060,0.5,1,0,5,5,1,3,5,5,1,3,99999,?,TR,GDA94,MSL,GRS80,B,DEG,m,m,m,um,m,m,um,m,m,m,m,um,m,m,um,99999,99999,ELN,W98,99999,ELN,DFA,AUSGEOID98,GRS80,99999,99999,31-DEC-99,31-DEC-99,Comment is null
196955,1969550708.00,4643148,136.145819,-30.743052,118.410,120.837,2.427,9793355.94,118.410,120.837,0.13,2.67,-96.66,-233.68,-104.19,-236.69,100.000,5.000,5.060,0.06,2.00,5.000,5.060,0.5,1,0,5,5,1,3,5,5,1,3,99999,?,TR,GDA94,MSL,GRS80,B,DEG,m,m,m,um,m,m,um,m,m,m,m,um,m,m,um,99999,99999,ELN,W98,99999,ELN,DFA,AUSGEOID98,GRS80,99999,99999,31-DEC-99,31-DEC-99,Comment is null
196955,1969550709.00,5924073,136.073489,-30.737383,138.740,140.959,2.219,9793276.30,138.740,140.959,0.06,2.67,-109.72,-269.54,-116.59,-271.84,100.000,5.000,5.060,0.06,2.00,5.000,5.060,0.5,1,0,5,5,1,3,5,5,1,3,99999,?,TR,GDA94,MSL,GRS80,B,DEG,m,m,m,um,m,m,um,m,m,m,m,um,m,m,um,99999,99999,ELN,W98,99999,ELN,DFA,AUSGEOID98,GRS80,99999,99999,31-DEC-99,31-DEC-99,Comment is null
196955,1969550710.00,4643149,136.012489,-30.684723,159.440,161.538,2.098,9793191.25,159.440,161.538,0.07,2.67,-89.50,-272.65,-95.98,-274.39,100.000,5.000,5.060,0.06,2.00,5.000,5.060,0.5,1,0,5,5,1,3,5,5,1,3,99999,?,TR,GDA94,MSL,GRS80,B,DEG,m,m,m,um,m,m,um,m,m,m,m,um,m,m,um,99999,99999,ELN,W98,99999,ELN,DFA,AUSGEOID98,GRS80,99999,99999,31-DEC-99,31-DEC-99,Comment is null
196955,1969550711.00,4643150,136.001318,-30.629053,165.290,167.417,2.127,9793079.09,165.290,167.417,0.05,2.67,-139.41,-329.22,-145.98,-330.94,100.000,5.000,5.060,0.06,2.00,5.000,5.060,0.5,1,0,5,5,1,3,5,5,1,3,99999,?,TR,GDA94,MSL,GRS80,B,DEG,m,m,m,um,m,m,um,m,m,m,m,um,m,m,um,99999,99999,ELN,W98,99999,ELN,DFA,AUSGEOID98,GRS80,99999,99999,31-DEC-99,31-DEC-99,Comment is null
196955,1969550712.00,4643151,136.004148,-30.590223,160.960,163.141,2.181,9793042.67,160.960,163.141,0.05,2.67,-158.28,-343.25,-165.02,-345.14,100.000,5.000,5.060,0.06,2.00,5.000,5.060,0.5,1,0,5,5,1,3,5,5,1,3,99999,?,TR,GDA94,MSL,GRS80,B,DEG,m,m,m,um,m,m,um,m,m,m,m,um,m,m,um,99999,99999,ELN,W98,99999,ELN,DFA,AUSGEOID98,GRS80,99999,99999,31-DEC-99,31-DEC-99,Comment is null
196955,1969550713.00,5746224,135.934648,-30.579053,156.210,158.202,1.992,9793034.47,156.210,158.202,0.03,2.67,-172.89,-352.25,-179.05,-353.85,100.000,5.000,5.060,0.06,2.00,5.000,5.060,0.5,1,0,5,5,1,3,5,5,1,3,99999,?,TR,GDA94,MSL,GRS80,B,DEG,m,m,m,um,m,m,um,m,m,m,m,um,m,m,um,99999,99999,ELN,W98,99999,ELN,DFA,AUSGEOID98,GRS80,99999,99999,31-DEC-99,31-DEC-99,Comment is null
196955,1969550714.00,4643152,135.862489,-30.568054,154.320,156.123,1.803,9793007.15,154.320,156.123,0.02,2.67,-197.92,-374.93,-203.49,-376.18,100.000,5.000,5.060,0.06,2.00,5.000,5.060,0.5,1,0,5,5,1,3,5,5,1,3,99999,?,TR,GDA94,MSL,GRS80,B,DEG,m,m,m,um,m,m,um,m,m,m,m,um,m,m,um,99999,99999,ELN,W98,99999,ELN,DFA,AUSGEOID98,GRS80,99999,99999,31-DEC-99,31-DEC-99,Comment is null
196955,1969550715.00,4643153,135.887490,-30.626384,154.350,156.169,1.819,9793096.70,154.350,156.169,0.04,2.67,-154.39,-331.45,-160.02,-332.73,100.000,5.000,5.060,0.06,2.00,5.000,5.060,0.5,1,0,5,5,1,3,5,5,1,3,99999,?,TR,GDA94,MSL,GRS80,B,DEG,m,m,m,um,m,m,um,m,m,m,m,um,m,m,um,99999,99999,ELN,W98,99999,ELN,DFA,AUSGEOID98,GRS80,99999,99999,31-DEC-99,31-DEC-99,Comment is null
196955,1969550716.00,4643154,135.948489,-30.631884,149.530,151.507,1.977,9793120.11,149.530,151.507,0.03,2.67,-149.72,-321.50,-155.84,-323.16,100.000,5.000,5.060,0.06,2.00,5.000,5.060,0.5,1,0,5,5,1,3,5,5,1,3,99999,?,TR,GDA94,MSL,GRS80,B,DEG,m,m,m,um,m,m,um,m,m,m,m,um,m,m,um,99999,99999,ELN,W98,99999,ELN,DFA,AUSGEOID98,GRS80,99999,99999,31-DEC-99,31-DEC-99,Comment is null
196955,1969550717.00,4643155,135.895820,-30.679054,159.170,160.974,1.804,9793191.05,159.170,160.974,0.05,2.67,-86.95,-269.45,-92.52,-270.63,100.000,5.000,5.060,0.06,2.00,5.000,5.060,0.5,1,0,5,5,1,3,5,5,1,3,99999,?,TR,GDA94,MSL,GRS80,B,DEG,m,m,m,um,m,m,um,m,m,m,m,um,m,m,um,99999,99999,ELN,W98,99999,ELN,DFA,AUSGEOID98,GRS80,99999,99999,31-DEC-99,31-DEC-99,Comment is null
196955,1969550718.00,5312292,135.956820,-30.693054,149.750,151.694,1.944,9793218.47,149.750,151.694,0.03,2.67,-99.26,-271.25,-105.28,-272.85,100.000,5.000,5.060,0.06,2.00,5.000,5.060,0.5,1,0,5,5,1,3,5,5,1,3,99999,?,TR,GDA94,MSL,GRS80,B,DEG,m,m,m,um,m,m,um,m,m,m,m,um,m,m,um,99999,99999,ELN,W98,99999,ELN,DFA,AUSGEOID98,GRS80,99999,99999,31-DEC-99,31-DEC-99,Comment is null
196955,1969550719.00,4643156,135.942990,-30.737384,136.980,138.857,1.877,9793336.23,136.980,138.857,0.03,2.67,-56.27,-213.71,-62.09,-215.37,100.000,5.000,5.060,0.06,2.00,5.000,5.060,0.5,1,0,5,5,1,3,5,5,1,3,99999,?,TR,GDA94,MSL,GRS80,B,DEG,m,m,m,um,m,m,um,m,m,m,m,um,m,m,um,99999,99999,ELN,W98,99999,ELN,DFA,AUSGEOID98,GRS80,99999,99999,31-DEC-99,31-DEC-99,Comment is null
196955,1969550720.00,5856302,135.876321,-30.740225,155.330,157.046,1.716,9793292.11,155.330,157.046,0.04,2.67,-46.53,-224.59,-51.84,-225.65,100.000,5.000,5.060,0.06,2.00,5.000,5.060,0.5,1,0,5,5,1,3,5,5,1,3,99999,?,TR,GDA94,MSL,GRS80,B,DEG,m,m,m,um,m,m,um,m,m,m,m,um,m,m,um,99999,99999,ELN,W98,99999,ELN,DFA,AUSGEOID98,GRS80,99999,99999,31-DEC-99,31-DEC-99,Comment is null
196955,1969550721.00,5957053,135.884652,-30.801385,128.560,130.216,1.656,9793434.08,128.560,130.216,0.06,2.67,-35.90,-183.55,-41.04,-184.90,100.000,5.000,5.060,0.06,2.00,5.000,5.060,0.5,1,0,5,5,1,3,5,5,1,3,99999,?,TR,GDA94,MSL,GRS80,B,DEG,m,m,m,um,m,m,um,m,m,m,m,um,m,m,um,99999,99999,ELN,W98,99999,ELN,DFA,AUSGEOID98,GRS80,99999,99999,31-DEC-99,31-DEC-99,Comment is null
196955,1969550722.00,4643157,135.865153,-30.868056,121.070,122.566,1.496,9793527.53,121.070,122.566,0.10,2.67,-19.06,-158.04,-23.71,-159.19,100.000,5.000,5.060,0.06,2.00,5.000,5.060,0.5,1,0,5,5,1,3,5,5,1,3,99999,?,TR,GDA94,MSL,GRS80,B,DEG,m,m,m,um,m,m,um,m,m,m,m,um,m,m,um,99999,99999,ELN,W98,99999,ELN,DFA,AUSGEOID98,GRS80,99999,99999,31-DEC-99,31-DEC-99,Comment is null
196955,1969550723.00,5408656,135.870824,-30.929056,155.300,156.703,1.403,9793439.58,155.300,156.703,0.08,2.67,-50.24,-227.91,-54.58,-228.36,100.000,5.000,5.060,0.06,2.00,5.000,5.060,0.5,1,0,5,5,1,3,5,5,1,3,99999,?,TR,GDA94,MSL,GRS80,B,DEG,m,m,m,um,m,m,um,m,m,m,m,um,m,m,um,99999,99999,ELN,W98,99999,ELN,DFA,AUSGEOID98,GRS80,99999,99999,31-DEC-99,31-DEC-99,Comment is null
196955,1969550724.00,4643158,135.859655,-30.979056,153.380,154.678,1.298,9793485.81,153.380,154.678,0.05,2.67,-50.10,-225.48,-54.12,-225.75,100.000,5.000,5.060,0.06,2.00,5.000,5.060,0.5,1,0,5,5,1,3,5,5,1,3,99999,?,TR,GDA94,MSL,GRS80,B,DEG,m,m,m,um,m,m,um,m,m,m,m,um,m,m,um,99999,99999,ELN,W98,99999,ELN,DFA,AUSGEOID98,GRS80,99999,99999,31-DEC-99,31-DEC-99,Comment is null
196955,1969550725.00,4643159,135.948494,-30.979055,155.510,157.057,1.547,9793464.80,155.510,157.057,0.04,2.67,-63.78,-241.84,-68.56,-242.57,100.000,5.000,5.060,0.06,2.00,5.000,5.060,0.5,1,0,5,5,1,3,5,5,1,3,99999,?,TR,GDA94,MSL,GRS80,B,DEG,m,m,m,um,m,m,um,m,m,m,m,um,m,m,um,99999,99999,ELN,W98,99999,ELN,DFA,AUSGEOID98,GRS80,99999,99999,31-DEC-99,31-DEC-99,Comment is null
196955,1969550726.00,5708086,136.012493,-30.981885,142.740,144.462,1.722,9793502.62,142.740,144.462,0.05,2.67,-67.07,-230.87,-72.40,-232.13,100.000,5.000,5.060,0.06,2.00,5.000,5.060,0.5,1,0,5,5,1,3,5,5,1,3,99999,?,TR,GDA94,MSL,GRS80,B,DEG,m,m,m,um,m,m,um,m,m,m,m,um,m,m,um,99999,99999,ELN,W98,99999,ELN,DFA,AUSGEOID98,GRS80,99999,99999,31-DEC-99,31-DEC-99,Comment is null
196955,1969550727.00,5765324,135.995822,-30.901384,122.900,124.685,1.785,9793491.41,122.900,124.685,0.06,2.67,-75.16,-216.54,-80.71,-218.23,100.000,5.000,5.060,0.06,2.00,5.000,5.060,0.5,1,0,5,5,1,3,5,5,1,3,99999,?,TR,GDA94,MSL,GRS80,B,DEG,m,m,m,um,m,m,um,m,m,m,m,um,m,m,um,99999,99999,ELN,W98,99999,ELN,DFA,AUSGEOID98,GRS80,99999,99999,31-DEC-99,31-DEC-99,Comment is null
196955,1969550728.00,4643160,135.937493,-30.912385,139.230,140.843,1.613,9793487.91,139.230,140.843,0.09,2.67,-37.57,-197.26,-42.57,-198.37,100.000,5.000,5.060,0.06,2.00,5.000,5.060,0.5,1,0,5,5,1,3,5,5,1,3,99999,?,TR,GDA94,MSL,GRS80,B,DEG,m,m,m,um,m,m,um,m,m,m,m,um,m,m,um,99999,99999,ELN,W98,99999,ELN,DFA,AUSGEOID98,GRS80,99999,99999,31-DEC-99,31-DEC-99,Comment is null
196955,1969550729.00,5683994,135.940152,-30.859725,128.990,130.699,1.709,9793501.42,128.990,130.699,0.03,2.67,-13.45,-161.65,-18.76,-163.10,100.000,5.000,5.060,0.06,2.00,5.000,5.060,0.5,1,0,5,5,1,3,5,5,1,3,99999,?,TR,GDA94,MSL,GRS80,B,DEG,m,m,m,um,m,m,um,m,m,m,m,um,m,m,um,99999,99999,ELN,W98,99999,ELN,DFA,AUSGEOID98,GRS80,99999,99999,31-DEC-99,31-DEC-99,Comment is null
196955,1969550730.00,5409123,135.931821,-30.795725,122.470,124.249,1.779,9793438.98,122.470,124.249,0.18,2.67,-44.91,-185.80,-50.44,-187.48,100.000,5.000,5.060,0.06,2.00,5.000,5.060,0.5,1,0,5,5,1,3,5,5,1,3,99999,?,TR,GDA94,MSL,GRS80,B,DEG,m,m,m,um,m,m,um,m,m,m,m,um,m,m,um,99999,99999,ELN,W98,99999,ELN,DFA,AUSGEOID98,GRS80,99999,99999,31-DEC-99,31-DEC-99,Comment is null
196955,1969550731.00,4643161,136.001321,-30.795724,126.890,128.840,1.950,9793356.94,126.890,128.840,0.04,2.67,-112.79,-258.88,-118.84,-260.83,100.000,5.000,5.060,0.06,2.00,5.000,5.060,0.5,1,0,5,5,1,3,5,5,1,3,99999,?,TR,GDA94,MSL,GRS80,B,DEG,m,m,m,um,m,m,um,m,m,m,m,um,m,m,um,99999,99999,ELN,W98,99999,ELN,DFA,AUSGEOID98,GRS80,99999,99999,31-DEC-99,31-DEC-99,Comment is null
196955,1969550732.00,4643162,136.017651,-30.865224,118.320,120.217,1.897,9793458.89,118.320,120.217,0.10,2.67,-92.69,-229.01,-98.58,-230.98,100.000,5.000,5.060,0.06,2.00,5.000,5.060,0.5,1,0,5,5,1,3,5,5,1,3,99999,?,TR,GDA94,MSL,GRS80,B,DEG,m,m,m,um,m,m,um,m,m,m,m,um,m,m,um,99999,99999,ELN,W98,99999,ELN,DFA,AUSGEOID98,GRS80,99999,99999,31-DEC-99,31-DEC-99,Comment is null
196955,1969550733.00,5809414,136.106821,-30.859723,117.620,119.773,2.153,9793454.19,117.620,119.773,0.28,2.67,-94.39,-230.20,-101.07,-232.69,100.000,5.000,5.060,0.06,2.00,5.000,5.060,0.5,1,0,5,5,1,3,5,5,1,3,99999,?,TR,GDA94,MSL,GRS80,B,DEG,m,m,m,um,m,m,um,m,m,m,m,um,m,m,um,99999,99999,ELN,W98,99999,ELN,DFA,AUSGEOID98,GRS80,99999,99999,31-DEC-99,31-DEC-99,Comment is null
196955,1969550734.00,5733270,136.065152,-30.918054,119.180,121.128,1.948,9793514.32,119.180,121.128,0.04,2.67,-76.50,-213.85,-82.55,-215.91,100.000,5.000,5.060,0.06,2.00,5.000,5.060,0.5,1,0,5,5,1,3,5,5,1,3,99999,?,TR,GDA94,MSL,GRS80,B,DEG,m,m,m,um,m,m,um,m,m,m,m,um,m,m,um,99999,99999,ELN,W98,99999,ELN,DFA,AUSGEOID98,GRS80,99999,99999,31-DEC-99,31-DEC-99,Comment is null
196955,1969550735.00,4643163,136.076322,-30.970724,143.800,145.714,1.914,9793502.62,143.800,145.714,0.07,2.67,-54.31,-219.52,-60.23,-221.14,100.000,5.000,5.060,0.06,2.00,5.000,5.060,0.5,1,0,5,5,1,3,5,5,1,3,99999,?,TR,GDA94,MSL,GRS80,B,DEG,m,m,m,um,m,m,um,m,m,m,m,um,m,m,um,99999,99999,ELN,W98,99999,ELN,DFA,AUSGEOID98,GRS80,99999,99999,31-DEC-99,31-DEC-99,Comment is null
196955,1969550736.00,5262852,136.159651,-30.970723,146.670,148.818,2.148,9793497.61,146.670,148.818,0.03,2.67,-49.74,-218.47,-56.38,-220.50,100.000,5.000,5.060,0.06,2.00,5.000,5.060,0.5,1,0,5,5,1,3,5,5,1,3,99999,?,TR,GDA94,MSL,GRS80,B,DEG,m,m,m,um,m,m,um,m,m,m,m,um,m,m,um,99999,99999,ELN,W98,99999,ELN,DFA,AUSGEOID98,GRS80,99999,99999,31-DEC-99,31-DEC-99,Comment is null
196955,1969550737.00,5563878,136.148491,-30.909723,128.720,130.919,2.199,9793473.20,128.720,130.919,0.06,2.67,-80.78,-229.22,-87.59,-231.63,100.000,5.000,5.060,0.06,2.00,5.000,5.060,0.5,1,0,5,5,1,3,5,5,1,3,99999,?,TR,GDA94,MSL,GRS80,B,DEG,m,m,m,um,m,m,um,m,m,m,m,um,m,m,um,99999,99999,ELN,W98,99999,ELN,DFA,AUSGEOID98,GRS80,99999,99999,31-DEC-99,31-DEC-99,Comment is null
196955,1969550738.00,5984551,136.148490,-30.851383,128.870,131.160,2.290,9793448.09,128.870,131.160,0.07,2.67,-58.73,-207.44,-65.82,-210.03,100.000,5.000,5.060,0.06,2.00,5.000,5.060,0.5,1,0,5,5,1,3,5,5,1,3,99999,?,TR,GDA94,MSL,GRS80,B,DEG,m,m,m,um,m,m,um,m,m,m,m,um,m,m,um,99999,99999,ELN,W98,99999,ELN,DFA,AUSGEOID98,GRS80,99999,99999,31-DEC-99,31-DEC-99,Comment is null
196955,1969550739.00,4643164,136.129149,-30.793053,120.910,123.222,2.312,9793409.47,120.910,123.222,0.18,2.67,-75.47,-215.20,-82.64,-217.94,100.000,5.000,5.060,0.06,2.00,5.000,5.060,0.5,1,0,5,5,1,3,5,5,1,3,99999,?,TR,GDA94,MSL,GRS80,B,DEG,m,m,m,um,m,m,um,m,m,m,m,um,m,m,um,99999,99999,ELN,W98,99999,ELN,DFA,AUSGEOID98,GRS80,99999,99999,31-DEC-99,31-DEC-99,Comment is null
196955,1969550740.00,5786933,136.070820,-30.798553,133.650,135.783,2.133,9793362.94,133.650,135.783,0.05,2.67,-87.61,-241.57,-94.22,-243.77,100.000,5.000,5.060,0.06,2.00,5.000,5.060,0.5,1,0,5,5,1,3,5,5,1,3,99999,?,TR,GDA94,MSL,GRS80,B,DEG,m,m,m,um,m,m,um,m,m,m,m,um,m,m,um,99999,99999,ELN,W98,99999,ELN,DFA,AUSGEOID98,GRS80,99999,99999,31-DEC-99,31-DEC-99,Comment is null
196955,1969550801.00,4643165,135.687493,-30.751387,145.180,146.331,1.151,9793380.05,145.180,146.331,0.02,2.67,-0.50,-166.42,-4.07,-166.53,100.000,5.000,5.060,0.06,2.00,5.000,5.060,0.5,1,0,5,5,1,3,5,5,1,3,99999,?,TR,GDA94,MSL,GRS80,B,DEG,m,m,m,um,m,m,um,m,m,m,m,um,m,m,um,99999,99999,ELN,W98,99999,ELN,DFA,AUSGEOID98,GRS80,99999,99999,31-DEC-99,31-DEC-99,Comment is null
196955,1969550802.00,4643166,135.748492,-30.693056,145.240,146.640,1.400,9793302.61,145.240,146.640,0.04,2.67,-30.71,-196.98,-35.05,-197.58,100.000,5.000,5.060,0.06,2.00,5.000,5.060,0.5,1,0,5,5,1,3,5,5,1,3,99999,?,TR,GDA94,MSL,GRS80,B,DEG,m,m,m,um,m,m,um,m,m,m,m,um,m,m,um,99999,99999,ELN,W98,99999,ELN,DFA,AUSGEOID98,GRS80,99999,99999,31-DEC-99,31-DEC-99,Comment is null
196955,1969550803.00,5410086,135.734651,-30.631886,160.780,162.182,1.402,9793159.33,160.780,162.182,0.03,2.67,-77.56,-261.44,-81.90,-261.81,100.000,5.000,5.060,0.06,2.00,5.000,5.060,0.5,1,0,5,5,1,3,5,5,1,3,99999,?,TR,GDA94,MSL,GRS80,B,DEG,m,m,m,um,m,m,um,m,m,m,m,um,m,m,um,99999,99999,ELN,W98,99999,ELN,DFA,AUSGEOID98,GRS80,99999,99999,31-DEC-99,31-DEC-99,Comment is null
196955,1969550804.00,4643167,135.729150,-30.568055,166.180,167.623,1.443,9793036.37,166.180,167.623,0.02,2.67,-133.22,-323.26,-137.68,-323.63,100.000,5.000,5.060,0.06,2.00,5.000,5.060,0.5,1,0,5,5,1,3,5,5,1,3,99999,?,TR,GDA94,MSL,GRS80,B,DEG,m,m,m,um,m,m,um,m,m,m,m,um,m,m,um,99999,99999,ELN,W98,99999,ELN,DFA,AUSGEOID98,GRS80,99999,99999,31-DEC-99,31-DEC-99,Comment is null
196955,1969550805.00,5809415,135.795820,-30.573555,151.090,152.710,1.620,9793046.68,151.090,152.710,0.02,2.67,-173.28,-346.42,-178.29,-347.36,100.000,5.000,5.060,0.06,2.00,5.000,5.060,0.5,1,0,5,5,1,3,5,5,1,3,99999,?,TR,GDA94,MSL,GRS80,B,DEG,m,m,m,um,m,m,um,m,m,m,m,um,m,m,um,99999,99999,ELN,W98,99999,ELN,DFA,AUSGEOID98,GRS80,99999,99999,31-DEC-99,31-DEC-99,Comment is null
196955,1969550806.00,4643168,135.806820,-30.623555,157.150,158.762,1.612,9793124.02,157.150,158.762,0.02,2.67,-116.84,-296.84,-121.82,-297.67,100.000,5.000,5.060,0.06,2.00,5.000,5.060,0.5,1,0,5,5,1,3,5,5,1,3,99999,?,TR,GDA94,MSL,GRS80,B,DEG,m,m,m,um,m,m,um,m,m,m,m,um,m,m,um,99999,99999,ELN,W98,99999,ELN,DFA,AUSGEOID98,GRS80,99999,99999,31-DEC-99,31-DEC-99,Comment is null
196955,1969550807.00,4643169,135.851321,-30.676385,162.610,164.307,1.697,9793223.27,162.610,164.307,0.04,2.67,-42.33,-228.61,-47.57,-229.53,100.000,5.000,5.060,0.06,2.00,5.000,5.060,0.5,1,0,5,5,1,3,5,5,1,3,99999,?,TR,GDA94,MSL,GRS80,B,DEG,m,m,m,um,m,m,um,m,m,m,m,um,m,m,um,99999,99999,ELN,W98,99999,ELN,DFA,AUSGEOID98,GRS80,99999,99999,31-DEC-99,31-DEC-99,Comment is null
196955,1969550808.00,4643170,135.840152,-30.740225,142.890,144.518,1.628,9793402.16,142.890,144.518,0.05,2.67,24.87,-138.98,19.83,-140.06,100.000,5.000,5.060,0.06,2.00,5.000,5.060,0.5,1,0,5,5,1,3,5,5,1,3,99999,?,TR,GDA94,MSL,GRS80,B,DEG,m,m,m,um,m,m,um,m,m,m,m,um,m,m,um,99999,99999,ELN,W98,99999,ELN,DFA,AUSGEOID98,GRS80,99999,99999,31-DEC-99,31-DEC-99,Comment is null
196955,1969550809.00,4643171,135.767992,-30.740226,144.690,146.117,1.427,9793428.48,144.690,146.117,0.04,2.67,56.12,-109.55,51.70,-110.21,100.000,5.000,5.060,0.06,2.00,5.000,5.060,0.5,1,0,5,5,1,3,5,5,1,3,99999,?,TR,GDA94,MSL,GRS80,B,DEG,m,m,m,um,m,m,um,m,m,m,m,um,m,m,um,99999,99999,ELN,W98,99999,ELN,DFA,AUSGEOID98,GRS80,99999,99999,31-DEC-99,31-DEC-99,Comment is null
196955,1969550810.00,5863013,135.673493,-30.687387,147.460,148.620,1.160,9793249.08,147.460,148.620,0.03,2.67,-73.64,-242.15,-77.23,-242.24,100.000,5.000,5.060,0.06,2.00,5.000,5.060,0.5,1,0,5,5,1,3,5,5,1,3,99999,?,TR,GDA94,MSL,GRS80,B,DEG,m,m,m,um,m,m,um,m,m,m,m,um,m,m,um,99999,99999,ELN,W98,99999,ELN,DFA,AUSGEOID98,GRS80,99999,99999,31-DEC-99,31-DEC-99,Comment is null
196955,1969550811.00,4643172,135.667992,-30.620726,144.170,145.379,1.209,9793177.34,144.170,145.379,0.04,2.67,-102.56,-267.39,-106.31,-267.64,100.000,5.000,5.060,0.06,2.00,5.000,5.060,0.5,1,0,5,5,1,3,5,5,1,3,99999,?,TR,GDA94,MSL,GRS80,B,DEG,m,m,m,um,m,m,um,m,m,m,m,um,m,m,um,99999,99999,ELN,W98,99999,ELN,DFA,AUSGEOID98,GRS80,99999,99999,31-DEC-99,31-DEC-99,Comment is null
196955,1969550812.00,4643173,135.659651,-30.556886,183.430,184.684,1.254,9792965.33,183.430,184.684,0.35,2.67,-142.79,-352.16,-146.65,-351.91,100.000,5.000,5.060,0.06,2.00,5.000,5.060,0.5,1,0,5,5,1,3,5,5,1,3,99999,?,TR,GDA94,MSL,GRS80,B,DEG,m,m,m,um,m,m,um,m,m,m,m,um,m,m,um,99999,99999,ELN,W98,99999,ELN,DFA,AUSGEOID98,GRS80,99999,99999,31-DEC-99,31-DEC-99,Comment is null
196955,1969550813.00,5408523,135.601321,-30.551387,137.560,138.647,1.087,9793070.79,137.560,138.647,0.05,2.67,-175.02,-332.23,-178.40,-332.33,100.000,5.000,5.060,0.06,2.00,5.000,5.060,0.5,1,0,5,5,1,3,5,5,1,3,99999,?,TR,GDA94,MSL,GRS80,B,DEG,m,m,m,um,m,m,um,m,m,m,m,um,m,m,um,99999,99999,ELN,W98,99999,ELN,DFA,AUSGEOID98,GRS80,99999,99999,31-DEC-99,31-DEC-99,Comment is null
196955,1969550814.00,5563879,135.531822,-30.581888,130.640,131.488,0.848,9793131.52,130.640,131.488,0.08,2.67,-160.50,-309.59,-163.15,-309.34,100.000,5.000,5.060,0.06,2.00,5.000,5.060,0.5,1,0,5,5,1,3,5,5,1,3,99999,?,TR,GDA94,MSL,GRS80,B,DEG,m,m,m,um,m,m,um,m,m,m,m,um,m,m,um,99999,99999,ELN,W98,99999,ELN,DFA,AUSGEOID98,GRS80,99999,99999,31-DEC-99,31-DEC-99,Comment is null
196955,1969550815.00,5409510,135.523493,-30.629058,136.790,137.553,0.763,9793169.04,136.790,137.553,0.05,2.67,-141.61,-297.57,-143.99,-297.06,100.000,5.000,5.060,0.06,2.00,5.000,5.060,0.5,1,0,5,5,1,3,5,5,1,3,99999,?,TR,GDA94,MSL,GRS80,B,DEG,m,m,m,um,m,m,um,m,m,m,m,um,m,m,um,99999,99999,ELN,W98,99999,ELN,DFA,AUSGEOID98,GRS80,99999,99999,31-DEC-99,31-DEC-99,Comment is null
196955,1969550816.00,4643174,135.601322,-30.631887,132.470,133.459,0.989,9793195.45,132.470,133.459,0.04,2.67,-130.07,-281.39,-133.15,-281.38,100.000,5.000,5.060,0.06,2.00,5.000,5.060,0.5,1,0,5,5,1,3,5,5,1,3,99999,?,TR,GDA94,MSL,GRS80,B,DEG,m,m,m,um,m,m,um,m,m,m,m,um,m,m,um,99999,99999,ELN,W98,99999,ELN,DFA,AUSGEOID98,GRS80,99999,99999,31-DEC-99,31-DEC-99,Comment is null
196955,1969550817.00,5409006,135.540154,-30.693058,126.670,127.390,0.720,9793262.49,126.670,127.390,0.05,2.67,-130.23,-274.68,-132.48,-274.23,100.000,5.000,5.060,0.06,2.00,5.000,5.060,0.5,1,0,5,5,1,3,5,5,1,3,99999,?,TR,GDA94,MSL,GRS80,B,DEG,m,m,m,um,m,m,um,m,m,m,m,um,m,m,um,99999,99999,ELN,W98,99999,ELN,DFA,AUSGEOID98,GRS80,99999,99999,31-DEC-99,31-DEC-99,Comment is null
196955,1969550818.00,4643175,135.615153,-30.681887,138.350,139.321,0.971,9793247.38,138.350,139.321,0.05,2.67,-99.67,-257.64,-102.69,-257.50,100.000,5.000,5.060,0.06,2.00,5.000,5.060,0.5,1,0,5,5,1,3,5,5,1,3,99999,?,TR,GDA94,MSL,GRS80,B,DEG,m,m,m,um,m,m,um,m,m,m,m,um,m,m,um,99999,99999,ELN,W98,99999,ELN,DFA,AUSGEOID98,GRS80,99999,99999,31-DEC-99,31-DEC-99,Comment is null
196955,1969550819.00,4643176,135.601324,-30.748558,130.000,130.851,0.851,9793340.43,130.000,130.851,0.06,2.67,-85.64,-234.01,-88.29,-233.76,100.000,5.000,5.060,0.06,2.00,5.000,5.060,0.5,1,0,5,5,1,3,5,5,1,3,99999,?,TR,GDA94,MSL,GRS80,B,DEG,m,m,m,um,m,m,um,m,m,m,m,um,m,m,um,99999,99999,ELN,W98,99999,ELN,DFA,AUSGEOID98,GRS80,99999,99999,31-DEC-99,31-DEC-99,Comment is null
196955,1969550820.00,5924074,135.537495,-30.751388,125.090,125.721,0.631,9793339.73,125.090,125.721,0.07,2.67,-104.41,-246.97,-106.39,-246.37,100.000,5.000,5.060,0.06,2.00,5.000,5.060,0.5,1,0,5,5,1,3,5,5,1,3,99999,?,TR,GDA94,MSL,GRS80,B,DEG,m,m,m,um,m,m,um,m,m,m,m,um,m,m,um,99999,99999,ELN,W98,99999,ELN,DFA,AUSGEOID98,GRS80,99999,99999,31-DEC-99,31-DEC-99,Comment is null
196955,1969550821.00,4643177,135.531826,-30.809729,158.190,158.697,0.507,9793308.41,158.190,158.697,0.20,2.67,-80.32,-260.25,-81.90,-258.91,100.000,5.000,5.060,0.06,2.00,5.000,5.060,0.5,1,0,5,5,1,3,5,5,1,3,99999,?,TR,GDA94,MSL,GRS80,B,DEG,m,m,m,um,m,m,um,m,m,m,m,um,m,m,um,99999,99999,ELN,W98,99999,ELN,DFA,AUSGEOID98,GRS80,99999,99999,31-DEC-99,31-DEC-99,Comment is null
196955,1969550823.00,4643179,135.540157,-30.943059,144.410,144.687,0.277,9793472.90,144.410,144.687,0.05,2.67,-65.15,-229.20,-66.02,-227.61,100.000,5.000,5.060,0.06,2.00,5.000,5.060,0.5,1,0,5,5,1,3,5,5,1,3,99999,?,TR,GDA94,MSL,GRS80,B,DEG,m,m,m,um,m,m,um,m,m,m,m,um,m,m,um,99999,99999,ELN,W98,99999,ELN,DFA,AUSGEOID98,GRS80,99999,99999,31-DEC-99,31-DEC-99,Comment is null
196955,1969550824.00,4643180,135.540158,-30.981890,168.580,168.786,0.206,9793394.66,168.580,168.786,0.13,2.67,-99.98,-291.34,-100.62,-289.26,100.000,5.000,5.060,0.06,2.00,5.000,5.060,0.5,1,0,5,5,1,3,5,5,1,3,99999,?,TR,GDA94,MSL,GRS80,B,DEG,m,m,m,um,m,m,um,m,m,m,m,um,m,m,um,99999,99999,ELN,W98,99999,ELN,DFA,AUSGEOID98,GRS80,99999,99999,31-DEC-99,31-DEC-99,Comment is null
196955,1969550825.00,4643181,135.601327,-30.979059,154.630,155.081,0.451,9793469.90,154.630,155.081,0.08,2.67,-64.77,-240.60,-66.17,-239.20,100.000,5.000,5.060,0.06,2.00,5.000,5.060,0.5,1,1,5,5,1,3,5,5,1,3,99999,?,TR,GDA94,MSL,GRS80,B,DEG,m,m,m,um,m,m,um,m,m,m,m,um,m,m,um,99999,99999,ELN,W98,99999,ELN,DFA,AUSGEOID98,GRS80,99999,99999,31-DEC-99,31-DEC-99,Comment is null
196955,1969550826.00,5894907,135.681826,-30.956888,137.100,137.882,0.782,9793503.42,137.100,137.882,0.05,2.67,-66.65,-222.99,-69.08,-222.50,100.000,5.000,5.060,0.06,2.00,5.000,5.060,0.5,1,1,5,5,1,3,5,5,1,3,99999,?,TR,GDA94,MSL,GRS80,B,DEG,m,m,m,um,m,m,um,m,m,m,m,um,m,m,um,99999,99999,ELN,W98,99999,ELN,DFA,AUSGEOID98,GRS80,99999,99999,31-DEC-99,31-DEC-99,Comment is null
196955,1969550827.00,4643182,135.670826,-30.909728,128.170,128.998,0.828,9793515.42,128.170,128.998,0.04,2.67,-44.49,-190.76,-47.07,-190.49,100.000,5.000,5.060,0.06,2.00,5.000,5.060,0.5,1,1,5,5,1,3,5,5,1,3,99999,?,TR,GDA94,MSL,GRS80,B,DEG,m,m,m,um,m,m,um,m,m,m,m,um,m,m,um,99999,99999,ELN,W98,99999,ELN,DFA,AUSGEOID98,GRS80,99999,99999,31-DEC-99,31-DEC-99,Comment is null
196955,1969550828.00,4643183,135.615156,-30.912388,138.040,138.665,0.625,9793504.52,138.040,138.665,0.22,2.67,-27.69,-184.91,-29.63,-184.10,100.000,5.000,5.060,0.06,2.00,5.000,5.060,0.5,1,1,5,5,1,3,5,5,1,3,99999,?,TR,GDA94,MSL,GRS80,B,DEG,m,m,m,um,m,m,um,m,m,m,m,um,m,m,um,99999,99999,ELN,W98,99999,ELN,DFA,AUSGEOID98,GRS80,99999,99999,31-DEC-99,31-DEC-99,Comment is null
196955,1969550829.00,5312293,135.612496,-30.862388,142.070,142.783,0.713,9793462.90,142.070,142.783,0.05,2.67,-16.81,-178.70,-19.03,-178.00,100.000,5.000,5.060,0.06,2.00,5.000,5.060,0.5,1,0,5,5,1,3,5,5,1,3,99999,?,TR,GDA94,MSL,GRS80,B,DEG,m,m,m,um,m,m,um,m,m,m,m,um,m,m,um,99999,99999,ELN,W98,99999,ELN,DFA,AUSGEOID98,GRS80,99999,99999,31-DEC-99,31-DEC-99,Comment is null
196955,1969550830.00,5746225,135.609655,-30.804058,149.780,150.582,0.802,9793391.96,149.780,150.582,0.04,2.67,-17.31,-188.04,-19.80,-187.40,100.000,5.000,5.060,0.06,2.00,5.000,5.060,0.5,1,1,5,5,1,3,5,5,1,3,99999,?,TR,GDA94,MSL,GRS80,B,DEG,m,m,m,um,m,m,um,m,m,m,m,um,m,m,um,99999,99999,ELN,W98,99999,ELN,DFA,AUSGEOID98,GRS80,99999,99999,31-DEC-99,31-DEC-99,Comment is null
196955,1969550831.00,4643184,135.673494,-30.804057,141.580,142.611,1.031,9793439.68,141.580,142.611,0.07,2.67,5.82,-155.88,2.62,-155.81,100.000,5.000,5.060,0.06,2.00,5.000,5.060,0.5,1,0,5,5,1,3,5,5,1,3,99999,?,TR,GDA94,MSL,GRS80,B,DEG,m,m,m,um,m,m,um,m,m,m,m,um,m,m,um,99999,99999,ELN,W98,99999,ELN,DFA,AUSGEOID98,GRS80,99999,99999,31-DEC-99,31-DEC-99,Comment is null
196955,1969550832.00,5710499,135.662495,-30.856888,130.450,131.353,0.903,9793531.23,130.450,131.353,0.10,2.67,20.64,-128.30,17.82,-128.15,100.000,5.000,5.060,0.06,2.00,5.000,5.060,0.5,1,0,5,5,1,3,5,5,1,3,99999,?,TR,GDA94,MSL,GRS80,B,DEG,m,m,m,um,m,m,um,m,m,m,m,um,m,m,um,99999,99999,ELN,W98,99999,ELN,DFA,AUSGEOID98,GRS80,99999,99999,31-DEC-99,31-DEC-99,Comment is null
196955,1969550833.00,5733271,135.731824,-30.854057,142.650,143.788,1.138,9793490.21,142.650,143.788,0.03,2.67,20.23,-142.80,16.70,-142.92,100.000,5.000,5.060,0.06,2.00,5.000,5.060,0.5,1,0,5,5,1,3,5,5,1,3,99999,?,TR,GDA94,MSL,GRS80,B,DEG,m,m,m,um,m,m,um,m,m,m,m,um,m,m,um,99999,99999,ELN,W98,99999,ELN,DFA,AUSGEOID98,GRS80,99999,99999,31-DEC-99,31-DEC-99,Comment is null
196955,1969550834.00,5408657,135.737495,-30.915227,144.630,145.667,1.037,9793497.61,144.630,145.667,0.07,2.67,-15.25,-180.41,-18.46,-180.30,100.000,5.000,5.060,0.06,2.00,5.000,5.060,0.5,1,1,5,5,1,3,5,5,1,3,99999,?,TR,GDA94,MSL,GRS80,B,DEG,m,m,m,um,m,m,um,m,m,m,m,um,m,m,um,99999,99999,ELN,W98,99999,ELN,DFA,AUSGEOID98,GRS80,99999,99999,31-DEC-99,31-DEC-99,Comment is null
196955,1969550835.00,4643185,135.731826,-30.965227,143.530,144.465,0.935,9793542.34,143.530,144.465,0.08,2.67,-14.06,-177.86,-16.96,-177.57,100.000,5.000,5.060,0.06,2.00,5.000,5.060,0.5,1,1,5,5,1,3,5,5,1,3,99999,?,TR,GDA94,MSL,GRS80,B,DEG,m,m,m,um,m,m,um,m,m,m,m,um,m,m,um,99999,99999,ELN,W98,99999,ELN,DFA,AUSGEOID98,GRS80,99999,99999,31-DEC-99,31-DEC-99,Comment is null
196955,1969550836.00,4643186,135.795825,-30.976387,153.040,154.158,1.118,9793516.62,153.040,154.158,0.06,2.67,-18.77,-193.55,-22.22,-193.47,100.000,5.000,5.060,0.06,2.00,5.000,5.060,0.5,1,1,5,5,1,3,5,5,1,3,99999,?,TR,GDA94,MSL,GRS80,B,DEG,m,m,m,um,m,m,um,m,m,m,m,um,m,m,um,99999,99999,ELN,W98,99999,ELN,DFA,AUSGEOID98,GRS80,99999,99999,31-DEC-99,31-DEC-99,Comment is null
196955,1969550837.00,4643187,135.806824,-30.918056,141.550,142.790,1.240,9793485.41,141.550,142.790,0.03,2.67,-38.58,-200.48,-42.43,-200.82,100.000,5.000,5.060,0.06,2.00,5.000,5.060,0.5,1,0,5,5,1,3,5,5,1,3,99999,?,TR,GDA94,MSL,GRS80,B,DEG,m,m,m,um,m,m,um,m,m,m,m,um,m,m,um,99999,99999,ELN,W98,99999,ELN,DFA,AUSGEOID98,GRS80,99999,99999,31-DEC-99,31-DEC-99,Comment is null
196955,1969550838.00,5957054,135.804154,-30.856886,136.280,137.626,1.346,9793483.41,136.280,137.626,0.04,2.67,-7.83,-163.88,-12.01,-164.51,100.000,5.000,5.060,0.06,2.00,5.000,5.060,0.5,1,0,5,5,1,3,5,5,1,3,99999,?,TR,GDA94,MSL,GRS80,B,DEG,m,m,m,um,m,m,um,m,m,m,m,um,m,m,um,99999,99999,ELN,W98,99999,ELN,DFA,AUSGEOID98,GRS80,99999,99999,31-DEC-99,31-DEC-99,Comment is null
196955,1969550839.00,4643188,135.804153,-30.812386,140.270,141.697,1.427,9793445.39,140.270,141.697,0.03,2.67,2.09,-158.58,-2.34,-159.30,100.000,5.000,5.060,0.06,2.00,5.000,5.060,0.5,1,0,5,5,1,3,5,5,1,3,99999,?,TR,GDA94,MSL,GRS80,B,DEG,m,m,m,um,m,m,um,m,m,m,m,um,m,m,um,99999,99999,ELN,W98,99999,ELN,DFA,AUSGEOID98,GRS80,99999,99999,31-DEC-99,31-DEC-99,Comment is null
196955,1969550840.00,4643189,135.740153,-30.795727,145.240,146.506,1.266,9793477.20,145.240,146.506,0.08,2.67,61.98,-104.13,58.05,-104.47,100.000,5.000,5.060,0.06,2.00,5.000,5.060,0.5,1,0,5,5,1,3,5,5,1,3,99999,?,TR,GDA94,MSL,GRS80,B,DEG,m,m,m,um,m,m,um,m,m,m,m,um,m,m,um,99999,99999,ELN,W98,99999,ELN,DFA,AUSGEOID98,GRS80,99999,99999,31-DEC-99,31-DEC-99,Comment is null
196955,1969550860.00,5675254,135.767990,-30.534725,159.870,161.459,1.589,9792997.05,159.870,161.459,0.03,2.67,-165.20,-348.26,-170.12,-349.01,100.000,5.000,5.060,0.06,2.00,5.000,5.060,0.5,1,0,5,5,1,3,5,5,1,3,99999,?,TR,GDA94,MSL,GRS80,B,DEG,m,m,m,um,m,m,um,m,m,m,m,um,m,m,um,99999,99999,ELN,W98,99999,ELN,DFA,AUSGEOID98,GRS80,99999,99999,31-DEC-99,31-DEC-99,Comment is null
196955,1969550901.00,4643190,135.359657,-30.770730,129.330,129.428,0.098,9793465.80,129.330,129.428,0.43,2.67,17.73,-129.02,17.40,-127.32,100.000,5.000,5.060,0.06,2.00,5.000,5.060,0.5,1,0,5,5,1,3,5,5,1,3,99999,?,TR,GDA94,MSL,GRS80,B,DEG,m,m,m,um,m,m,um,m,m,m,m,um,m,m,um,99999,99999,ELN,W98,99999,ELN,DFA,AUSGEOID98,GRS80,99999,99999,31-DEC-99,31-DEC-99,Comment is null
196955,1969550902.00,5856303,135.384655,-30.690230,135.450,135.780,0.330,9793379.45,135.450,135.780,0.04,2.67,14.86,-139.09,13.82,-137.75,100.000,5.000,5.060,0.06,2.00,5.000,5.060,0.5,1,0,5,5,1,3,5,5,1,3,99999,?,TR,GDA94,MSL,GRS80,B,DEG,m,m,m,um,m,m,um,m,m,m,m,um,m,m,um,99999,99999,ELN,W98,99999,ELN,DFA,AUSGEOID98,GRS80,99999,99999,31-DEC-99,31-DEC-99,Comment is null
196955,1969550903.00,4643191,135.406824,-30.623559,133.720,134.192,0.472,9793257.39,133.720,134.192,0.05,2.67,-59.28,-211.43,-60.76,-210.39,100.000,5.000,5.060,0.06,2.00,5.000,5.060,0.5,1,0,5,5,1,3,5,5,1,3,99999,?,TR,GDA94,MSL,GRS80,B,DEG,m,m,m,um,m,m,um,m,m,m,m,um,m,m,um,99999,99999,ELN,W98,99999,ELN,DFA,AUSGEOID98,GRS80,99999,99999,31-DEC-99,31-DEC-99,Comment is null
196955,1969550904.00,4643192,135.401324,-30.562389,165.290,165.809,0.519,9793069.49,165.290,165.809,0.42,2.67,-101.22,-289.20,-102.83,-287.78,100.000,5.000,5.060,0.06,2.00,5.000,5.060,0.5,1,0,5,5,1,3,5,5,1,3,99999,?,TR,GDA94,MSL,GRS80,B,DEG,m,m,m,um,m,m,um,m,m,m,m,um,m,m,um,99999,99999,ELN,W98,99999,ELN,DFA,AUSGEOID98,GRS80,99999,99999,31-DEC-99,31-DEC-99,Comment is null
196955,1969550905.00,5262853,135.484653,-30.554058,133.900,134.656,0.756,9793107.81,133.900,134.656,0.07,2.67,-152.43,-305.11,-154.79,-304.62,100.000,5.000,5.060,0.06,2.00,5.000,5.060,0.5,1,0,5,5,1,3,5,5,1,3,99999,?,TR,GDA94,MSL,GRS80,B,DEG,m,m,m,um,m,m,um,m,m,m,m,um,m,m,um,99999,99999,ELN,W98,99999,ELN,DFA,AUSGEOID98,GRS80,99999,99999,31-DEC-99,31-DEC-99,Comment is null
196955,1969550906.00,5683995,135.479154,-30.631888,150.600,151.242,0.642,9793155.83,150.600,151.242,0.04,2.67,-114.82,-286.30,-116.82,-285.34,100.000,5.000,5.060,0.06,2.00,5.000,5.060,0.5,1,0,5,5,1,3,5,5,1,3,99999,?,TR,GDA94,MSL,GRS80,B,DEG,m,m,m,um,m,m,um,m,m,m,m,um,m,m,um,99999,99999,ELN,W98,99999,ELN,DFA,AUSGEOID98,GRS80,99999,99999,31-DEC-99,31-DEC-99,Comment is null
196955,1969550907.00,5837919,135.467995,-30.690229,155.110,155.638,0.528,9793211.26,155.110,155.638,0.07,2.67,-92.06,-268.52,-93.70,-267.27,100.000,5.000,5.060,0.06,2.00,5.000,5.060,0.5,1,0,5,5,1,3,5,5,1,3,99999,?,TR,GDA94,MSL,GRS80,B,DEG,m,m,m,um,m,m,um,m,m,m,m,um,m,m,um,99999,99999,ELN,W98,99999,ELN,DFA,AUSGEOID98,GRS80,99999,99999,31-DEC-99,31-DEC-99,Comment is null
196955,1969550908.00,5765325,135.481825,-30.748559,139.720,140.188,0.468,9793276.50,139.720,140.188,0.08,2.67,-120.77,-279.72,-122.23,-278.58,100.000,5.000,5.060,0.06,2.00,5.000,5.060,0.5,1,0,5,5,1,3,5,5,1,3,99999,?,TR,GDA94,MSL,GRS80,B,DEG,m,m,m,um,m,m,um,m,m,m,m,um,m,m,um,99999,99999,ELN,W98,99999,ELN,DFA,AUSGEOID98,GRS80,99999,99999,31-DEC-99,31-DEC-99,Comment is null
196955,1969550909.00,5809416,135.409656,-30.748560,127.800,128.082,0.282,9793406.37,127.800,128.082,0.18,2.67,-28.25,-173.48,-29.15,-172.16,100.000,5.000,5.060,0.06,2.00,5.000,5.060,0.5,1,0,5,5,1,3,5,5,1,3,99999,?,TR,GDA94,MSL,GRS80,B,DEG,m,m,m,um,m,m,um,m,m,m,m,um,m,m,um,99999,99999,ELN,W98,99999,ELN,DFA,AUSGEOID98,GRS80,99999,99999,31-DEC-99,31-DEC-99,Comment is null
196955,1969550910.00,5981409,135.345826,-30.687390,141.850,142.087,0.237,9793392.56,141.850,142.087,0.06,2.67,49.68,-111.42,48.93,-109.80,100.000,5.000,5.060,0.06,2.00,5.000,5.060,0.5,1,0,5,5,1,3,5,5,1,3,99999,?,TR,GDA94,MSL,GRS80,B,DEG,m,m,m,um,m,m,um,m,m,m,m,um,m,m,um,99999,99999,ELN,W98,99999,ELN,DFA,AUSGEOID98,GRS80,99999,99999,31-DEC-99,31-DEC-99,Comment is null
196955,1969550911.00,5809417,135.331825,-30.623560,123.380,123.650,0.270,9793309.61,123.380,123.650,0.18,2.67,-39.58,-179.78,-40.45,-178.51,100.000,5.000,5.060,0.06,2.00,5.000,5.060,0.5,1,1,5,5,1,3,5,5,1,3,99999,?,TR,GDA94,MSL,GRS80,B,DEG,m,m,m,um,m,m,um,m,m,m,m,um,m,m,um,99999,99999,ELN,W98,99999,ELN,DFA,AUSGEOID98,GRS80,99999,99999,31-DEC-99,31-DEC-99,Comment is null
196955,1969550912.00,4643193,135.331824,-30.568060,154.900,155.211,0.311,9793063.58,154.900,155.211,0.24,2.67,-144.31,-320.28,-145.28,-318.61,100.000,5.000,5.060,0.06,2.00,5.000,5.060,0.5,1,1,5,5,1,3,5,5,1,3,99999,?,TR,GDA94,MSL,GRS80,B,DEG,m,m,m,um,m,m,um,m,m,m,m,um,m,m,um,99999,99999,ELN,W98,99999,ELN,DFA,AUSGEOID98,GRS80,99999,99999,31-DEC-99,31-DEC-99,Comment is null
196955,1969550913.00,4643194,135.265155,-30.570730,136.820,136.927,0.107,9793114.01,136.820,136.927,0.10,2.67,-152.40,-307.66,-152.76,-305.86,100.000,5.000,5.060,0.06,2.00,5.000,5.060,0.5,1,1,5,5,1,3,5,5,1,3,99999,?,TR,GDA94,MSL,GRS80,B,DEG,m,m,m,um,m,m,um,m,m,m,m,um,m,m,um,99999,99999,ELN,W98,99999,ELN,DFA,AUSGEOID98,GRS80,99999,99999,31-DEC-99,31-DEC-99,Comment is null
196955,1969550914.00,4643195,135.201326,-30.568061,129.420,129.329,-0.091,9793142.23,129.420,129.329,0.06,2.67,-145.52,-292.16,-145.27,-290.09,100.000,5.000,5.060,0.06,2.00,5.000,5.060,0.5,1,1,5,5,1,3,5,5,1,3,99999,?,TR,GDA94,MSL,GRS80,B,DEG,m,m,m,um,m,m,um,m,m,m,m,um,m,m,um,99999,99999,ELN,W98,99999,ELN,DFA,AUSGEOID98,GRS80,99999,99999,31-DEC-99,31-DEC-99,Comment is null
196955,1969550915.00,4643196,135.131826,-30.576392,134.970,134.639,-0.331,9793145.23,134.970,134.639,0.07,2.67,-132.73,-285.39,-131.73,-282.76,100.000,5.000,5.060,0.06,2.00,5.000,5.060,0.5,1,1,5,5,1,3,5,5,1,3,99999,?,TR,GDA94,MSL,GRS80,B,DEG,m,m,m,um,m,m,um,m,m,m,m,um,m,m,um,99999,99999,ELN,W98,99999,ELN,DFA,AUSGEOID98,GRS80,99999,99999,31-DEC-99,31-DEC-99,Comment is null
196955,1969550916.00,5409952,135.198496,-30.629061,128.750,128.598,-0.152,9793357.04,128.750,128.598,0.06,2.67,18.76,-127.06,19.20,-124.87,100.000,5.000,5.060,0.06,2.00,5.000,5.060,0.5,1,1,5,5,1,3,5,5,1,3,99999,?,TR,GDA94,MSL,GRS80,B,DEG,m,m,m,um,m,m,um,m,m,m,m,um,m,m,um,99999,99999,ELN,W98,99999,ELN,DFA,AUSGEOID98,GRS80,99999,99999,31-DEC-99,31-DEC-99,Comment is null
196955,1969550917.00,5835167,135.267996,-30.629060,134.080,134.156,0.076,9793303.61,134.080,134.156,0.11,2.67,-17.52,-169.63,-17.78,-167.82,100.000,5.000,5.060,0.06,2.00,5.000,5.060,0.5,1,1,5,5,1,3,5,5,1,3,99999,?,TR,GDA94,MSL,GRS80,B,DEG,m,m,m,um,m,m,um,m,m,m,m,um,m,m,um,99999,99999,ELN,W98,99999,ELN,DFA,AUSGEOID98,GRS80,99999,99999,31-DEC-99,31-DEC-99,Comment is null
196955,1969550918.00,5408658,135.212497,-30.687391,111.370,111.188,-0.182,9793469.40,111.370,111.188,0.25,2.67,31.18,-94.90,31.70,-92.92,100.000,5.000,5.060,0.06,2.00,5.000,5.060,0.5,1,0,5,5,1,3,5,5,1,3,99999,?,TR,GDA94,MSL,GRS80,B,DEG,m,m,m,um,m,m,um,m,m,m,m,um,m,m,um,99999,99999,ELN,W98,99999,ELN,DFA,AUSGEOID98,GRS80,99999,99999,31-DEC-99,31-DEC-99,Comment is null
196955,1969550919.00,4643197,135.279156,-30.690231,119.510,119.550,0.040,9793460.19,119.510,119.550,0.14,2.67,45.53,-90.03,45.36,-88.37,100.000,5.000,5.060,0.06,2.00,5.000,5.060,0.5,1,0,5,5,1,3,5,5,1,3,99999,?,TR,GDA94,MSL,GRS80,B,DEG,m,m,m,um,m,m,um,m,m,m,m,um,m,m,um,99999,99999,ELN,W98,99999,ELN,DFA,AUSGEOID98,GRS80,99999,99999,31-DEC-99,31-DEC-99,Comment is null
196955,1969550920.00,5867896,135.279157,-30.754061,120.030,119.940,-0.090,9793518.83,120.030,119.940,0.18,2.67,54.72,-81.28,54.96,-79.35,100.000,5.000,5.060,0.06,2.00,5.000,5.060,0.5,1,0,5,5,1,3,5,5,1,3,99999,?,TR,GDA94,MSL,GRS80,B,DEG,m,m,m,um,m,m,um,m,m,m,m,um,m,m,um,99999,99999,ELN,W98,99999,ELN,DFA,AUSGEOID98,GRS80,99999,99999,31-DEC-99,31-DEC-99,Comment is null
196955,1969550921.00,4643198,135.217998,-30.756892,142.250,141.940,-0.310,9793495.21,142.250,141.940,0.12,2.67,96.74,-64.20,97.68,-61.50,100.000,5.000,5.060,0.06,2.00,5.000,5.060,0.5,1,0,5,5,1,3,5,5,1,3,99999,?,TR,GDA94,MSL,GRS80,B,DEG,m,m,m,um,m,m,um,m,m,m,m,um,m,m,um,99999,99999,ELN,W98,99999,ELN,DFA,AUSGEOID98,GRS80,99999,99999,31-DEC-99,31-DEC-99,Comment is null
196955,1969550922.00,4643199,135.215159,-30.793062,141.120,140.693,-0.427,9793469.90,141.120,140.693,0.09,2.67,38.86,-120.67,40.15,-117.76,100.000,5.000,5.060,0.06,2.00,5.000,5.060,0.5,1,0,5,5,1,3,5,5,1,3,99999,?,TR,GDA94,MSL,GRS80,B,DEG,m,m,m,um,m,m,um,m,m,m,m,um,m,m,um,99999,99999,ELN,W98,99999,ELN,DFA,AUSGEOID98,GRS80,99999,99999,31-DEC-99,31-DEC-99,Comment is null
196955,1969550923.00,5746226,135.206829,-30.854062,168.160,167.513,-0.647,9793325.52,168.160,167.513,0.13,2.67,-71.26,-261.18,-69.26,-257.43,100.000,5.000,5.060,0.06,2.00,5.000,5.060,0.5,1,0,5,5,1,3,5,5,1,3,99999,?,TR,GDA94,MSL,GRS80,B,DEG,m,m,m,um,m,m,um,m,m,m,m,um,m,m,um,99999,99999,ELN,W98,99999,ELN,DFA,AUSGEOID98,GRS80,99999,99999,31-DEC-99,31-DEC-99,Comment is null
196955,1969550924.00,4643200,135.201330,-30.895733,137.160,136.362,-0.798,9793373.55,137.160,136.362,0.07,2.67,-152.50,-307.12,-150.06,-303.54,100.000,5.000,5.060,0.06,2.00,5.000,5.060,0.5,1,0,5,5,1,3,5,5,1,3,99999,?,TR,GDA94,MSL,GRS80,B,DEG,m,m,m,um,m,m,um,m,m,m,m,um,m,m,um,99999,99999,ELN,W98,99999,ELN,DFA,AUSGEOID98,GRS80,99999,99999,31-DEC-99,31-DEC-99,Comment is null
196955,1969550925.00,5409124,135.145832,-30.962393,117.650,116.488,-1.162,9793482.71,117.650,116.488,0.05,2.67,-157.75,-289.84,-154.21,-285.86,100.000,5.000,5.060,0.06,2.00,5.000,5.060,0.5,1,0,5,5,1,3,5,5,1,3,99999,?,TR,GDA94,MSL,GRS80,B,DEG,m,m,m,um,m,m,um,m,m,m,m,um,m,m,um,99999,99999,ELN,W98,99999,ELN,DFA,AUSGEOID98,GRS80,99999,99999,31-DEC-99,31-DEC-99,Comment is null
196955,1969550926.00,4643201,135.195831,-30.965233,117.440,116.447,-0.993,9793446.99,117.440,116.447,0.10,2.67,-195.86,-327.90,-192.84,-324.25,100.000,5.000,5.060,0.06,2.00,5.000,5.060,0.5,1,0,5,5,1,3,5,5,1,3,99999,?,TR,GDA94,MSL,GRS80,B,DEG,m,m,m,um,m,m,um,m,m,m,m,um,m,m,um,99999,99999,ELN,W98,99999,ELN,DFA,AUSGEOID98,GRS80,99999,99999,31-DEC-99,31-DEC-99,Comment is null
196955,1969550929.00,5719710,135.337499,-30.926391,141.490,141.062,-0.428,9793365.34,141.490,141.062,0.07,2.67,-170.61,-330.56,-169.31,-327.64,100.000,5.000,5.060,0.06,2.00,5.000,5.060,0.5,1,0,5,5,1,3,5,5,1,3,99999,?,TR,GDA94,MSL,GRS80,B,DEG,m,m,m,um,m,m,um,m,m,m,m,um,m,m,um,99999,99999,ELN,W98,99999,ELN,DFA,AUSGEOID98,GRS80,99999,99999,31-DEC-99,31-DEC-99,Comment is null
196955,1969550930.00,4643204,135.276329,-30.904062,154.020,153.446,-0.574,9793318.72,154.020,153.446,0.14,2.67,-161.25,-335.23,-159.49,-331.84,100.000,5.000,5.060,0.06,2.00,5.000,5.060,0.5,1,0,5,5,1,3,5,5,1,3,99999,?,TR,GDA94,MSL,GRS80,B,DEG,m,m,m,um,m,m,um,m,m,m,m,um,m,m,um,99999,99999,ELN,W98,99999,ELN,DFA,AUSGEOID98,GRS80,99999,99999,31-DEC-99,31-DEC-99,Comment is null
196955,1969550931.00,4643205,135.276329,-30.856892,158.400,157.976,-0.424,9793319.82,158.400,157.976,0.13,2.67,-108.64,-287.75,-107.34,-284.59,100.000,5.000,5.060,0.06,2.00,5.000,5.060,0.5,1,0,5,5,1,3,5,5,1,3,99999,?,TR,GDA94,MSL,GRS80,B,DEG,m,m,m,um,m,m,um,m,m,m,m,um,m,m,um,99999,99999,ELN,W98,99999,ELN,DFA,AUSGEOID98,GRS80,99999,99999,31-DEC-99,31-DEC-99,Comment is null
196955,1969550932.00,5671035,135.279158,-30.793061,135.670,135.464,-0.206,9793425.48,135.670,135.464,0.09,2.67,-21.70,-175.30,-21.09,-172.90,100.000,5.000,5.060,0.06,2.00,5.000,5.060,0.5,1,0,5,5,1,3,5,5,1,3,99999,?,TR,GDA94,MSL,GRS80,B,DEG,m,m,m,um,m,m,um,m,m,m,m,um,m,m,um,99999,99999,ELN,W98,99999,ELN,DFA,AUSGEOID98,GRS80,99999,99999,31-DEC-99,31-DEC-99,Comment is null
196955,1969550933.00,4643206,135.323498,-30.801391,151.520,151.424,-0.096,9793401.76,151.520,151.424,0.09,2.67,-2.79,-174.47,-2.51,-172.06,100.000,5.000,5.060,0.06,2.00,5.000,5.060,0.5,1,0,5,5,1,3,5,5,1,3,99999,?,TR,GDA94,MSL,GRS80,B,DEG,m,m,m,um,m,m,um,m,m,m,m,um,m,m,um,99999,99999,ELN,W98,99999,ELN,DFA,AUSGEOID98,GRS80,99999,99999,31-DEC-99,31-DEC-99,Comment is null
196955,1969550934.00,5916545,135.351328,-30.856891,137.010,136.821,-0.189,9793351.04,137.010,136.821,0.05,2.67,-142.69,-297.83,-142.13,-295.45,100.000,5.000,5.060,0.06,2.00,5.000,5.060,0.5,1,0,5,5,1,3,5,5,1,3,99999,?,TR,GDA94,MSL,GRS80,B,DEG,m,m,m,um,m,m,um,m,m,m,m,um,m,m,um,99999,99999,ELN,W98,99999,ELN,DFA,AUSGEOID98,GRS80,99999,99999,31-DEC-99,31-DEC-99,Comment is null
196955,1969550935.00,5408351,135.412498,-30.865230,121.620,121.597,-0.023,9793371.25,121.620,121.597,0.16,2.67,-176.09,-313.97,-176.05,-312.14,100.000,5.000,5.060,0.06,2.00,5.000,5.060,0.5,1,0,5,5,1,3,5,5,1,3,99999,?,TR,GDA94,MSL,GRS80,B,DEG,m,m,m,um,m,m,um,m,m,m,m,um,m,m,um,99999,99999,ELN,W98,99999,ELN,DFA,AUSGEOID98,GRS80,99999,99999,31-DEC-99,31-DEC-99,Comment is null
196955,1969550936.00,4643207,135.429158,-30.929060,135.420,135.298,-0.122,9793386.46,135.420,135.298,0.11,2.67,-169.41,-322.82,-169.06,-320.59,100.000,5.000,5.060,0.06,2.00,5.000,5.060,0.5,1,0,5,5,1,3,5,5,1,3,99999,?,TR,GDA94,MSL,GRS80,B,DEG,m,m,m,um,m,m,um,m,m,m,m,um,m,m,um,99999,99999,ELN,W98,99999,ELN,DFA,AUSGEOID98,GRS80,99999,99999,31-DEC-99,31-DEC-99,Comment is null
196955,1969550937.00,4643208,135.415159,-30.970731,131.950,131.707,-0.243,9793439.48,131.950,131.707,0.07,2.67,-160.67,-310.00,-159.94,-307.59,100.000,5.000,5.060,0.06,2.00,5.000,5.060,0.5,1,0,5,5,1,3,5,5,1,3,99999,?,TR,GDA94,MSL,GRS80,B,DEG,m,m,m,um,m,m,um,m,m,m,m,um,m,m,um,99999,99999,ELN,W98,99999,ELN,DFA,AUSGEOID98,GRS80,99999,99999,31-DEC-99,31-DEC-99,Comment is null
196955,1969550938.00,5408841,135.479158,-30.973560,144.720,144.705,-0.015,9793420.67,144.720,144.705,0.04,2.67,-141.63,-305.70,-141.60,-303.54,100.000,5.000,5.060,0.06,2.00,5.000,5.060,0.5,1,0,5,5,1,3,5,5,1,3,99999,?,TR,GDA94,MSL,GRS80,B,DEG,m,m,m,um,m,m,um,m,m,m,m,um,m,m,um,99999,99999,ELN,W98,99999,ELN,DFA,AUSGEOID98,GRS80,99999,99999,31-DEC-99,31-DEC-99,Comment is null
196955,1969550939.00,4643209,135.481828,-30.934730,117.100,117.162,0.062,9793415.87,117.100,117.162,0.04,2.67,-200.47,-333.32,-200.70,-331.73,100.000,5.000,5.060,0.06,2.00,5.000,5.060,0.5,1,0,5,5,1,3,5,5,1,3,99999,?,TR,GDA94,MSL,GRS80,B,DEG,m,m,m,um,m,m,um,m,m,m,m,um,m,m,um,99999,99999,ELN,W98,99999,ELN,DFA,AUSGEOID98,GRS80,99999,99999,31-DEC-99,31-DEC-99,Comment is null
196955,1969550940.00,5947633,135.470827,-30.862390,122.830,123.005,0.175,9793347.13,122.830,123.005,0.14,2.67,-193.60,-333.07,-194.17,-331.62,100.000,5.000,5.060,0.06,2.00,5.000,5.060,0.5,1,0,5,5,1,3,5,5,1,3,99999,?,TR,GDA94,MSL,GRS80,B,DEG,m,m,m,um,m,m,um,m,m,m,m,um,m,m,um,99999,99999,ELN,W98,99999,ELN,DFA,AUSGEOID98,GRS80,99999,99999,31-DEC-99,31-DEC-99,Comment is null
196955,1969550941.00,5924075,135.470826,-30.793059,119.480,119.822,0.342,9793372.45,119.480,119.822,0.12,2.67,-122.99,-258.86,-124.08,-257.78,100.000,5.000,5.060,0.06,2.00,5.000,5.060,0.5,1,0,5,5,1,3,5,5,1,3,99999,?,TR,GDA94,MSL,GRS80,B,DEG,m,m,m,um,m,m,um,m,m,m,m,um,m,m,um,99999,99999,ELN,W98,99999,ELN,DFA,AUSGEOID98,GRS80,99999,99999,31-DEC-99,31-DEC-99,Comment is null
196955,1969550942.00,4643210,135.404157,-30.801390,127.350,127.482,0.132,9793414.67,127.350,127.482,0.11,2.67,-63.75,-208.30,-64.19,-206.69,100.000,5.000,5.060,0.06,2.00,5.000,5.060,0.5,1,0,5,5,1,3,5,5,1,3,99999,?,TR,GDA94,MSL,GRS80,B,DEG,m,m,m,um,m,m,um,m,m,m,m,um,m,m,um,99999,99999,ELN,W98,99999,ELN,DFA,AUSGEOID98,GRS80,99999,99999,31-DEC-99,31-DEC-99,Comment is null
196955,1969550980.00,5902341,135.370826,-30.749890,144.720,144.902,0.182,9793472.20,144.720,144.902,0.11,2.67,88.43,-75.87,87.85,-74.10,100.000,5.000,5.060,0.06,2.00,5.000,5.060,0.5,1,0,5,5,1,3,5,5,1,3,99999,?,TR,GDA94,MSL,GRS80,B,DEG,m,m,m,um,m,m,um,m,m,m,m,um,m,m,um,99999,99999,ELN,W98,99999,ELN,DFA,AUSGEOID98,GRS80,99999,99999,31-DEC-99,31-DEC-99,Comment is null
196955,1969551001.00,4643211,135.159658,-30.748562,136.920,136.394,-0.526,9793365.94,136.920,136.394,0.06,2.67,-43.03,-197.68,-41.43,-194.64,100.000,5.000,5.060,0.06,2.00,5.000,5.060,0.5,1,0,5,5,1,3,5,5,1,3,99999,?,TR,GDA94,MSL,GRS80,B,DEG,m,m,m,um,m,m,um,m,m,m,m,um,m,m,um,99999,99999,ELN,W98,99999,ELN,DFA,AUSGEOID98,GRS80,99999,99999,31-DEC-99,31-DEC-99,Comment is null
196955,1969551002.00,4643212,135.148498,-30.690232,121.160,120.719,-0.441,9793355.04,121.160,120.719,0.06,2.67,-56.02,-192.91,-54.70,-190.28,100.000,5.000,5.060,0.06,2.00,5.000,5.060,0.5,1,0,5,5,1,3,5,5,1,3,99999,?,TR,GDA94,MSL,GRS80,B,DEG,m,m,m,um,m,m,um,m,m,m,m,um,m,m,um,99999,99999,ELN,W98,99999,ELN,DFA,AUSGEOID98,GRS80,99999,99999,31-DEC-99,31-DEC-99,Comment is null
196955,1969551003.00,5837222,135.145827,-30.634732,109.180,108.826,-0.354,9793350.44,109.180,108.826,0.08,2.67,-53.34,-176.74,-52.30,-174.47,100.000,5.000,5.060,0.06,2.00,5.000,5.060,0.5,1,1,5,5,1,3,5,5,1,3,99999,?,TR,GDA94,MSL,GRS80,B,DEG,m,m,m,um,m,m,um,m,m,m,m,um,m,m,um,99999,99999,ELN,W98,99999,ELN,DFA,AUSGEOID98,GRS80,99999,99999,31-DEC-99,31-DEC-99,Comment is null
196955,1969551004.00,5765326,135.076327,-30.576392,143.500,142.976,-0.524,9793108.31,143.500,142.976,0.06,2.67,-143.92,-306.03,-142.33,-302.90,100.000,5.000,5.060,0.06,2.00,5.000,5.060,0.5,1,1,5,5,1,3,5,5,1,3,99999,?,TR,GDA94,MSL,GRS80,B,DEG,m,m,m,um,m,m,um,m,m,m,m,um,m,m,um,99999,99999,ELN,W98,99999,ELN,DFA,AUSGEOID98,GRS80,99999,99999,31-DEC-99,31-DEC-99,Comment is null
196955,1969551005.00,5965568,135.001328,-30.573563,152.740,151.962,-0.778,9793032.87,152.740,151.962,0.12,2.67,-189.40,-361.69,-187.01,-357.93,100.000,5.000,5.060,0.06,2.00,5.000,5.060,0.5,1,1,5,5,1,3,5,5,1,3,99999,?,TR,GDA94,MSL,GRS80,B,DEG,m,m,m,um,m,m,um,m,m,m,m,um,m,m,um,99999,99999,ELN,W98,99999,ELN,DFA,AUSGEOID98,GRS80,99999,99999,31-DEC-99,31-DEC-99,Comment is null
196955,1969551006.00,5828540,135.001328,-30.634733,130.120,129.216,-0.904,9793206.36,130.120,129.216,0.08,2.67,-134.51,-281.02,-131.75,-277.35,100.000,5.000,5.060,0.06,2.00,5.000,5.060,0.5,1,1,5,5,1,3,5,5,1,3,99999,?,TR,GDA94,MSL,GRS80,B,DEG,m,m,m,um,m,m,um,m,m,m,m,um,m,m,um,99999,99999,ELN,W98,99999,ELN,DFA,AUSGEOID98,GRS80,99999,99999,31-DEC-99,31-DEC-99,Comment is null
196955,1969551007.00,4643213,135.076328,-30.634732,122.770,122.149,-0.621,9793283.60,122.770,122.149,0.06,2.67,-79.07,-217.57,-77.19,-214.57,100.000,5.000,5.060,0.06,2.00,5.000,5.060,0.5,1,1,5,5,1,3,5,5,1,3,99999,?,TR,GDA94,MSL,GRS80,B,DEG,m,m,m,um,m,m,um,m,m,m,m,um,m,m,um,99999,99999,ELN,W98,99999,ELN,DFA,AUSGEOID98,GRS80,99999,99999,31-DEC-99,31-DEC-99,Comment is null
196955,1969551009.00,4643215,135.084658,-30.684733,115.790,115.095,-0.695,9793325.12,115.790,115.095,0.16,2.67,-98.93,-229.44,-96.83,-226.40,100.000,5.000,5.060,0.06,2.00,5.000,5.060,0.5,1,0,5,5,1,3,5,5,1,3,99999,?,TR,GDA94,MSL,GRS80,B,DEG,m,m,m,um,m,m,um,m,m,m,m,um,m,m,um,99999,99999,ELN,W98,99999,ELN,DFA,AUSGEOID98,GRS80,99999,99999,31-DEC-99,31-DEC-99,Comment is null
196955,1969551010.00,4643216,135.079159,-30.751393,131.890,131.003,-0.887,9793264.59,131.890,131.003,0.04,2.67,-163.26,-311.80,-160.55,-308.14,100.000,5.000,5.060,0.06,2.00,5.000,5.060,0.5,1,0,5,5,1,3,5,5,1,3,99999,?,TR,GDA94,MSL,GRS80,B,DEG,m,m,m,um,m,m,um,m,m,m,m,um,m,m,um,99999,99999,ELN,W98,99999,ELN,DFA,AUSGEOID98,GRS80,99999,99999,31-DEC-99,31-DEC-99,Comment is null
196955,1969551011.00,4643217,135.086329,-30.745733,126.800,125.960,-0.840,9793230.97,126.800,125.960,0.04,2.67,-207.95,-350.77,-205.39,-347.28,100.000,5.000,5.060,0.06,2.00,5.000,5.060,0.5,1,0,5,5,1,3,5,5,1,3,99999,?,TR,GDA94,MSL,GRS80,B,DEG,m,m,m,um,m,m,um,m,m,m,m,um,m,m,um,99999,99999,ELN,W98,99999,ELN,DFA,AUSGEOID98,GRS80,99999,99999,31-DEC-99,31-DEC-99,Comment is null
196955,1969551012.00,5410167,134.998501,-30.798564,117.010,115.666,-1.344,9793250.18,117.010,115.666,0.08,2.67,-262.45,-393.61,-258.34,-389.28,100.000,5.000,5.060,0.06,2.00,5.000,5.060,0.5,1,0,5,5,1,3,5,5,1,3,99999,?,TR,GDA94,MSL,GRS80,B,DEG,m,m,m,um,m,m,um,m,m,m,m,um,m,m,um,99999,99999,ELN,W98,99999,ELN,DFA,AUSGEOID98,GRS80,99999,99999,31-DEC-99,31-DEC-99,Comment is null
196955,1969551013.00,4643218,134.998502,-30.862394,120.910,119.415,-1.495,9793307.61,120.910,119.415,0.17,2.67,-244.20,-379.60,-239.62,-374.92,100.000,5.000,5.060,0.06,2.00,5.000,5.060,0.5,1,0,5,5,1,3,5,5,1,3,99999,?,TR,GDA94,MSL,GRS80,B,DEG,m,m,m,um,m,m,um,m,m,m,m,um,m,m,um,99999,99999,ELN,W98,99999,ELN,DFA,AUSGEOID98,GRS80,99999,99999,31-DEC-99,31-DEC-99,Comment is null
196955,1969551014.00,5409336,135.006832,-30.904065,115.240,113.679,-1.561,9793365.14,115.240,113.679,0.21,2.67,-237.52,-366.43,-232.75,-361.70,100.000,5.000,5.060,0.06,2.00,5.000,5.060,0.5,1,0,5,5,1,3,5,5,1,3,99999,?,TR,GDA94,MSL,GRS80,B,DEG,m,m,m,um,m,m,um,m,m,m,m,um,m,m,um,99999,99999,ELN,W98,99999,ELN,DFA,AUSGEOID98,GRS80,99999,99999,31-DEC-99,31-DEC-99,Comment is null
196955,1969551015.00,4643219,135.006833,-30.973565,117.530,115.825,-1.705,9793419.87,117.530,115.825,0.06,2.67,-231.54,-362.87,-226.31,-357.83,100.000,5.000,5.060,0.06,2.00,5.000,5.060,0.5,1,0,5,5,1,3,5,5,1,3,99999,?,TR,GDA94,MSL,GRS80,B,DEG,m,m,m,um,m,m,um,m,m,m,m,um,m,m,um,99999,99999,ELN,W98,99999,ELN,DFA,AUSGEOID98,GRS80,99999,99999,31-DEC-99,31-DEC-99,Comment is null
196955,1969551016.00,5856304,135.051333,-30.973564,116.560,115.019,-1.541,9793459.39,116.560,115.019,0.10,2.67,-194.50,-324.93,-189.79,-320.22,100.000,5.000,5.060,0.06,2.00,5.000,5.060,0.5,1,0,5,5,1,3,5,5,1,3,99999,?,TR,GDA94,MSL,GRS80,B,DEG,m,m,m,um,m,m,um,m,m,m,m,um,m,m,um,99999,99999,ELN,W98,99999,ELN,DFA,AUSGEOID98,GRS80,99999,99999,31-DEC-99,31-DEC-99,Comment is null
196955,1969551017.00,4643220,135.129161,-30.923563,130.360,129.230,-1.130,9793443.99,130.360,129.230,0.04,2.67,-126.23,-272.76,-122.77,-268.64,100.000,5.000,5.060,0.06,2.00,5.000,5.060,0.5,1,0,5,5,1,3,5,5,1,3,99999,?,TR,GDA94,MSL,GRS80,B,DEG,m,m,m,um,m,m,um,m,m,m,m,um,m,m,um,99999,99999,ELN,W98,99999,ELN,DFA,AUSGEOID98,GRS80,99999,99999,31-DEC-99,31-DEC-99,Comment is null
196955,1969551018.00,4643221,135.081832,-30.918064,124.910,123.610,-1.300,9793408.47,124.910,123.610,0.04,2.67,-174.71,-314.87,-170.73,-310.50,100.000,5.000,5.060,0.06,2.00,5.000,5.060,0.5,1,0,5,5,1,3,5,5,1,3,99999,?,TR,GDA94,MSL,GRS80,B,DEG,m,m,m,um,m,m,um,m,m,m,m,um,m,m,um,99999,99999,ELN,W98,99999,ELN,DFA,AUSGEOID98,GRS80,99999,99999,31-DEC-99,31-DEC-99,Comment is null
196955,1969551019.00,4643222,135.090161,-30.868064,135.610,134.470,-1.140,9793347.23,135.610,134.470,0.05,2.67,-162.64,-315.11,-159.14,-310.89,100.000,5.000,5.060,0.06,2.00,5.000,5.060,0.5,1,0,5,5,1,3,5,5,1,3,99999,?,TR,GDA94,MSL,GRS80,B,DEG,m,m,m,um,m,m,um,m,m,m,m,um,m,m,um,99999,99999,ELN,W98,99999,ELN,DFA,AUSGEOID98,GRS80,99999,99999,31-DEC-99,31-DEC-99,Comment is null
196955,1969551020.00,4643223,135.131831,-30.879063,143.530,142.528,-1.002,9793407.57,143.530,142.528,0.05,2.67,-86.19,-247.80,-83.12,-243.73,100.000,5.000,5.060,0.06,2.00,5.000,5.060,0.5,1,0,5,5,1,3,5,5,1,3,99999,?,TR,GDA94,MSL,GRS80,B,DEG,m,m,m,um,m,m,um,m,m,m,m,um,m,m,um,99999,99999,ELN,W98,99999,ELN,DFA,AUSGEOID98,GRS80,99999,99999,31-DEC-99,31-DEC-99,Comment is null
196955,1969551021.00,4643224,135.143000,-30.818063,183.000,182.212,-0.788,9793258.59,183.000,182.212,0.37,2.67,-64.22,-270.80,-61.78,-266.56,100.000,5.000,5.060,0.06,2.00,5.000,5.060,0.5,1,0,5,5,1,3,5,5,1,3,99999,?,TR,GDA94,MSL,GRS80,B,DEG,m,m,m,um,m,m,um,m,m,m,m,um,m,m,um,99999,99999,ELN,W98,99999,ELN,DFA,AUSGEOID98,GRS80,99999,99999,31-DEC-99,31-DEC-99,Comment is null
196955,1969551022.00,4643225,135.070830,-30.809733,152.920,151.846,-1.074,9793246.78,152.920,151.846,0.12,2.67,-163.10,-335.26,-159.80,-330.91,100.000,5.000,5.060,0.06,2.00,5.000,5.060,0.5,1,0,5,5,1,3,5,5,1,3,99999,?,TR,GDA94,MSL,GRS80,B,DEG,m,m,m,um,m,m,um,m,m,m,m,um,m,m,um,99999,99999,ELN,W98,99999,ELN,DFA,AUSGEOID98,GRS80,99999,99999,31-DEC-99,31-DEC-99,Comment is null
196955,1969551326.00,4643260,133.976326,-29.765239,155.480,155.694,0.214,9792674.18,155.480,155.694,0.06,2.67,97.78,-78.74,97.10,-76.88,100.000,5.000,5.060,0.06,2.00,5.000,5.060,0.5,1,0,5,5,1,3,5,5,1,3,99999,?,TR,GDA94,MSL,GRS80,B,DEG,m,m,m,um,m,m,um,m,m,m,m,um,m,m,um,99999,99999,ELN,W98,99999,ELN,DFA,AUSGEOID98,GRS80,99999,99999,31-DEC-99,31-DEC-99,Comment is null
196955,1969551327.00,4643261,133.973497,-29.831900,195.930,196.010,0.080,9792684.88,195.930,196.010,0.11,2.67,180.95,-41.25,180.72,-38.53,100.000,5.000,5.060,0.06,2.00,5.000,5.060,0.5,1,0,5,5,1,3,5,5,1,3,99999,?,TR,GDA94,MSL,GRS80,B,DEG,m,m,m,um,m,m,um,m,m,m,m,um,m,m,um,99999,99999,ELN,W98,99999,ELN,DFA,AUSGEOID98,GRS80,99999,99999,31-DEC-99,31-DEC-99,Comment is null
196955,1969551328.00,4643262,133.973498,-29.893070,186.480,186.396,-0.084,9792873.78,186.480,186.396,0.06,2.67,292.48,81.17,292.74,84.07,100.000,5.000,5.060,0.06,2.00,5.000,5.060,0.5,1,0,5,5,1,3,5,5,1,3,99999,?,TR,GDA94,MSL,GRS80,B,DEG,m,m,m,um,m,m,um,m,m,m,m,um,m,m,um,99999,99999,ELN,W98,99999,ELN,DFA,AUSGEOID98,GRS80,99999,99999,31-DEC-99,31-DEC-99,Comment is null
196955,1969551329.00,5409953,133.979159,-29.948570,180.750,180.481,-0.269,9792833.46,180.750,180.481,0.05,2.67,190.57,-14.04,191.40,-10.86,100.000,5.000,5.060,0.06,2.00,5.000,5.060,0.5,1,0,5,5,1,3,5,5,1,3,99999,?,TR,GDA94,MSL,GRS80,B,DEG,m,m,m,um,m,m,um,m,m,m,m,um,m,m,um,99999,99999,ELN,W98,99999,ELN,DFA,AUSGEOID98,GRS80,99999,99999,31-DEC-99,31-DEC-99,Comment is null
196955,1969551330.00,4643263,133.898500,-30.006901,206.680,206.069,-0.611,9792846.57,206.680,206.069,0.09,2.67,237.03,3.42,238.93,7.65,100.000,5.000,5.060,0.06,2.00,5.000,5.060,0.5,1,0,5,5,1,3,5,5,1,3,99999,?,TR,GDA94,MSL,GRS80,B,DEG,m,m,m,um,m,m,um,m,m,m,m,um,m,m,um,99999,99999,ELN,W98,99999,ELN,DFA,AUSGEOID98,GRS80,99999,99999,31-DEC-99,31-DEC-99,Comment is null
196955,1969551331.00,4643264,133.976330,-30.004070,186.630,186.128,-0.502,9792840.87,186.630,186.128,0.05,2.67,172.01,-39.00,173.56,-35.27,100.000,5.000,5.060,0.06,2.00,5.000,5.060,0.5,1,0,5,5,1,3,5,5,1,3,99999,?,TR,GDA94,MSL,GRS80,B,DEG,m,m,m,um,m,m,um,m,m,m,m,um,m,m,um,99999,99999,ELN,W98,99999,ELN,DFA,AUSGEOID98,GRS80,99999,99999,31-DEC-99,31-DEC-99,Comment is null
196955,1969551332.00,5856305,134.042999,-30.004070,190.740,190.304,-0.436,9792754.72,190.740,190.304,0.04,2.67,98.75,-116.99,100.10,-113.33,100.000,5.000,5.060,0.06,2.00,5.000,5.060,0.5,1,0,5,5,1,3,5,5,1,3,99999,?,TR,GDA94,MSL,GRS80,B,DEG,m,m,m,um,m,m,um,m,m,m,m,um,m,m,um,99999,99999,ELN,W98,99999,ELN,DFA,AUSGEOID98,GRS80,99999,99999,31-DEC-99,31-DEC-99,Comment is null
196955,1969551333.00,4643265,134.104158,-30.001399,207.390,207.029,-0.361,9792677.18,207.390,207.029,0.07,2.67,74.90,-159.79,76.03,-156.04,100.000,5.000,5.060,0.06,2.00,5.000,5.060,0.5,1,0,5,5,1,3,5,5,1,3,99999,?,TR,GDA94,MSL,GRS80,B,DEG,m,m,m,um,m,m,um,m,m,m,m,um,m,m,um,99999,99999,ELN,W98,99999,ELN,DFA,AUSGEOID98,GRS80,99999,99999,31-DEC-99,31-DEC-99,Comment is null
196955,1969551334.00,4643266,134.045828,-29.948569,181.230,181.038,-0.192,9792769.63,181.230,181.038,0.04,2.67,128.46,-76.78,129.05,-73.75,100.000,5.000,5.060,0.06,2.00,5.000,5.060,0.5,1,0,5,5,1,3,5,5,1,3,99999,?,TR,GDA94,MSL,GRS80,B,DEG,m,m,m,um,m,m,um,m,m,m,m,um,m,m,um,99999,99999,ELN,W98,99999,ELN,DFA,AUSGEOID98,GRS80,99999,99999,31-DEC-99,31-DEC-99,Comment is null
196955,1969551335.00,5957055,134.051327,-29.881899,189.950,190.017,0.067,9792759.12,189.950,190.017,0.06,2.67,197.71,-17.70,197.51,-15.04,100.000,5.000,5.060,0.06,2.00,5.000,5.060,0.5,1,0,5,5,1,3,5,5,1,3,99999,?,TR,GDA94,MSL,GRS80,B,DEG,m,m,m,um,m,m,um,m,m,m,m,um,m,m,um,99999,99999,ELN,W98,99999,ELN,DFA,AUSGEOID98,GRS80,99999,99999,31-DEC-99,31-DEC-99,Comment is null
196955,1969551336.00,4643267,134.051327,-29.831899,185.470,185.684,0.214,9792723.80,185.470,185.684,0.08,2.67,188.02,-22.49,187.36,-20.18,100.000,5.000,5.060,0.06,2.00,5.000,5.060,0.5,1,0,5,5,1,3,5,5,1,3,99999,?,TR,GDA94,MSL,GRS80,B,DEG,m,m,m,um,m,m,um,m,m,m,m,um,m,m,um,99999,99999,ELN,W98,99999,ELN,DFA,AUSGEOID98,GRS80,99999,99999,31-DEC-99,31-DEC-99,Comment is null
196955,1969551337.00,5765328,134.120826,-29.834738,195.960,196.283,0.323,9792706.50,195.960,196.283,0.08,2.67,201.20,-21.32,200.21,-19.07,100.000,5.000,5.060,0.06,2.00,5.000,5.060,0.5,1,0,5,5,1,3,5,5,1,3,99999,?,TR,GDA94,MSL,GRS80,B,DEG,m,m,m,um,m,m,um,m,m,m,m,um,m,m,um,99999,99999,ELN,W98,99999,ELN,DFA,AUSGEOID98,GRS80,99999,99999,31-DEC-99,31-DEC-99,Comment is null
196955,1969551338.00,5776261,134.104157,-29.881898,214.240,214.382,0.142,9792685.18,214.240,214.382,0.20,2.67,198.95,-44.07,198.53,-41.20,100.000,5.000,5.060,0.06,2.00,5.000,5.060,0.5,1,0,5,5,1,3,5,5,1,3,99999,?,TR,GDA94,MSL,GRS80,B,DEG,m,m,m,um,m,m,um,m,m,m,m,um,m,m,um,99999,99999,ELN,W98,99999,ELN,DFA,AUSGEOID98,GRS80,99999,99999,31-DEC-99,31-DEC-99,Comment is null
196955,1969551339.00,4643268,134.106828,-29.948569,200.310,200.183,-0.127,9792720.00,200.310,200.183,0.04,2.67,137.90,-89.03,138.31,-85.84,100.000,5.000,5.060,0.06,2.00,5.000,5.060,0.5,1,0,5,5,1,3,5,5,1,3,99999,?,TR,GDA94,MSL,GRS80,B,DEG,m,m,m,um,m,m,um,m,m,m,m,um,m,m,um,99999,99999,ELN,W98,99999,ELN,DFA,AUSGEOID98,GRS80,99999,99999,31-DEC-99,31-DEC-99,Comment is null
196955,1969551340.00,4643269,134.167997,-29.940238,187.480,187.456,-0.024,9792688.49,187.480,187.456,0.04,2.67,73.63,-138.89,73.70,-136.09,100.000,5.000,5.060,0.06,2.00,5.000,5.060,0.5,1,0,5,5,1,3,5,5,1,3,99999,?,TR,GDA94,MSL,GRS80,B,DEG,m,m,m,um,m,m,um,m,m,m,m,um,m,m,um,99999,99999,ELN,W98,99999,ELN,DFA,AUSGEOID98,GRS80,99999,99999,31-DEC-99,31-DEC-99,Comment is null
196955,1969551341.00,4643270,134.170828,-30.001398,194.190,193.898,-0.292,9792662.57,194.190,193.898,0.08,2.67,19.78,-200.03,20.69,-196.61,100.000,5.000,5.060,0.06,2.00,5.000,5.060,0.5,1,0,5,5,1,3,5,5,1,3,99999,?,TR,GDA94,MSL,GRS80,B,DEG,m,m,m,um,m,m,um,m,m,m,m,um,m,m,um,99999,99999,ELN,W98,99999,ELN,DFA,AUSGEOID98,GRS80,99999,99999,31-DEC-99,31-DEC-99,Comment is null
196955,1969551342.00,4643271,134.242997,-30.001398,169.470,169.251,-0.219,9792700.19,169.470,169.251,0.07,2.67,-18.64,-210.53,-17.98,-207.61,100.000,5.000,5.060,0.06,2.00,5.000,5.060,0.5,1,1,5,5,1,3,5,5,1,3,99999,?,TR,GDA94,MSL,GRS80,B,DEG,m,m,m,um,m,m,um,m,m,m,m,um,m,m,um,99999,99999,ELN,W98,99999,ELN,DFA,AUSGEOID98,GRS80,99999,99999,31-DEC-99,31-DEC-99,Comment is null
196955,1969551343.00,5809418,134.248496,-29.945737,181.570,181.613,0.043,9792664.97,181.570,181.613,0.06,2.67,27.79,-178.10,27.66,-175.52,100.000,5.000,5.060,0.06,2.00,5.000,5.060,0.5,1,1,5,5,1,3,5,5,1,3,99999,?,TR,GDA94,MSL,GRS80,B,DEG,m,m,m,um,m,m,um,m,m,m,m,um,m,m,um,99999,99999,ELN,W98,99999,ELN,DFA,AUSGEOID98,GRS80,99999,99999,31-DEC-99,31-DEC-99,Comment is null
196955,1969551344.00,4643272,134.240156,-29.887397,177.640,177.941,0.301,9792685.78,177.640,177.941,0.04,2.67,82.82,-118.91,81.89,-116.89,100.000,5.000,5.060,0.06,2.00,5.000,5.060,0.5,1,0,5,5,1,3,5,5,1,3,99999,?,TR,GDA94,MSL,GRS80,B,DEG,m,m,m,um,m,m,um,m,m,m,m,um,m,m,um,99999,99999,ELN,W98,99999,ELN,DFA,AUSGEOID98,GRS80,99999,99999,31-DEC-99,31-DEC-99,Comment is null
196955,1969551345.00,5786934,134.176326,-29.884738,201.930,202.156,0.226,9792702.39,201.930,202.156,0.09,2.67,176.22,-52.95,175.53,-50.42,100.000,5.000,5.060,0.06,2.00,5.000,5.060,0.5,1,0,5,5,1,3,5,5,1,3,99999,?,TR,GDA94,MSL,GRS80,B,DEG,m,m,m,um,m,m,um,m,m,m,m,um,m,m,um,99999,99999,ELN,W98,99999,ELN,DFA,AUSGEOID98,GRS80,99999,99999,31-DEC-99,31-DEC-99,Comment is null
196955,1969551501.00,5543842,133.356832,-29.784742,179.010,177.490,-1.520,9792514.09,179.010,177.490,0.06,2.67,-10.24,-211.46,-5.55,-205.86,100.000,5.000,5.060,0.06,2.00,5.000,5.060,0.5,1,0,5,5,1,3,5,5,1,3,99999,I,TR,GDA94,MSL,GRS80,B,DEG,m,m,m,um,m,m,um,m,m,m,m,um,m,m,um,99999,99999,ELN,W98,99999,ELN,DFA,AUSGEOID98,GRS80,99999,99999,31-DEC-99,31-DEC-99,Comment is null
196955,1969551502.00,5543759,133.376331,-29.718075,180.470,179.178,-1.292,9792432.65,180.470,179.178,0.05,2.67,-34.59,-237.73,-30.61,-232.56,100.000,5.000,5.060,0.06,2.00,5.000,5.060,0.5,1,0,5,5,1,3,5,5,1,3,99999,I,TR,GDA94,MSL,GRS80,B,DEG,m,m,m,um,m,m,um,m,m,m,m,um,m,m,um,99999,99999,ELN,W98,99999,ELN,DFA,AUSGEOID98,GRS80,99999,99999,31-DEC-99,31-DEC-99,Comment is null
196955,1969551503.00,5543760,133.306832,-29.712409,180.870,179.437,-1.433,9792482.98,180.870,179.437,0.04,2.67,20.94,-182.49,25.35,-177.04,100.000,5.000,5.060,0.06,2.00,5.000,5.060,0.5,1,0,5,5,1,3,5,5,1,3,99999,I,TR,GDA94,MSL,GRS80,B,DEG,m,m,m,um,m,m,um,m,m,m,m,um,m,m,um,99999,99999,ELN,W98,99999,ELN,DFA,AUSGEOID98,GRS80,99999,99999,31-DEC-99,31-DEC-99,Comment is null
196955,1969551504.00,5698408,133.362498,-29.662408,167.880,166.638,-1.242,9792400.33,167.880,166.638,0.14,2.67,-62.34,-251.26,-58.52,-246.38,100.000,5.000,5.060,0.06,2.00,5.000,5.060,0.5,1,0,5,5,1,3,5,5,1,3,99999,I,TR,GDA94,MSL,GRS80,B,DEG,m,m,m,um,m,m,um,m,m,m,m,um,m,m,um,99999,99999,ELN,W98,99999,ELN,DFA,AUSGEOID98,GRS80,99999,99999,31-DEC-99,31-DEC-99,Comment is null
196955,1969551505.00,5543761,133.301331,-29.656908,175.200,173.823,-1.377,9792379.62,175.200,173.823,0.04,2.67,-56.61,-253.68,-52.37,-248.42,100.000,5.000,5.060,0.06,2.00,5.000,5.060,0.5,1,0,5,5,1,3,5,5,1,3,99999,I,TR,GDA94,MSL,GRS80,B,DEG,m,m,m,um,m,m,um,m,m,m,m,um,m,m,um,99999,99999,ELN,W98,99999,ELN,DFA,AUSGEOID98,GRS80,99999,99999,31-DEC-99,31-DEC-99,Comment is null
196955,1969551506.00,5543825,133.295831,-29.609742,149.720,148.395,-1.325,9792302.28,149.720,148.395,0.16,2.67,-175.79,-344.05,-171.73,-339.27,100.000,5.000,5.060,0.06,2.00,5.000,5.060,0.5,1,0,5,5,1,3,5,5,1,3,99999,I,TR,GDA94,MSL,GRS80,B,DEG,m,m,m,um,m,m,um,m,m,m,m,um,m,m,um,99999,99999,ELN,W98,99999,ELN,DFA,AUSGEOID98,GRS80,99999,99999,31-DEC-99,31-DEC-99,Comment is null
196955,1969551507.00,5543762,133.287497,-29.548575,175.630,174.408,-1.222,9792147.70,175.630,174.408,0.11,2.67,-202.69,-400.42,-198.93,-395.46,100.000,5.000,5.060,0.06,2.00,5.000,5.060,0.5,1,0,5,5,1,3,5,5,1,3,99999,I,TR,GDA94,MSL,GRS80,B,DEG,m,m,m,um,m,m,um,m,m,m,m,um,m,m,um,99999,99999,ELN,W98,99999,ELN,DFA,AUSGEOID98,GRS80,99999,99999,31-DEC-99,31-DEC-99,Comment is null
196955,1969551508.00,5543763,133.359662,-29.548574,184.130,183.085,-1.045,9792157.10,184.130,183.085,0.11,2.67,-166.51,-374.07,-163.29,-369.33,100.000,5.000,5.060,0.06,2.00,5.000,5.060,0.5,1,0,5,5,1,3,5,5,1,3,99999,I,TR,GDA94,MSL,GRS80,B,DEG,m,m,m,um,m,m,um,m,m,m,m,um,m,m,um,99999,99999,ELN,W98,99999,ELN,DFA,AUSGEOID98,GRS80,99999,99999,31-DEC-99,31-DEC-99,Comment is null
196955,1969551509.00,5968358,133.354163,-29.606908,154.170,152.994,-1.176,9792338.50,154.170,152.994,0.08,2.67,-123.19,-296.65,-119.58,-292.10,100.000,5.000,5.060,0.06,2.00,5.000,5.060,0.5,1,0,5,5,1,3,5,5,1,3,99999,I,TR,GDA94,MSL,GRS80,B,DEG,m,m,m,um,m,m,um,m,m,m,m,um,m,m,um,99999,99999,ELN,W98,99999,ELN,DFA,AUSGEOID98,GRS80,99999,99999,31-DEC-99,31-DEC-99,Comment is null
196955,1969551510.00,5543764,133.440162,-29.606907,160.420,159.467,-0.953,9792270.06,160.420,159.467,0.05,2.67,-171.65,-352.45,-168.73,-348.24,100.000,5.000,5.060,0.06,2.00,5.000,5.060,0.5,1,0,5,5,1,3,5,5,1,3,99999,I,TR,GDA94,MSL,GRS80,B,DEG,m,m,m,um,m,m,um,m,m,m,m,um,m,m,um,99999,99999,ELN,W98,99999,ELN,DFA,AUSGEOID98,GRS80,99999,99999,31-DEC-99,31-DEC-99,Comment is null
196955,1969551511.00,5759876,133.423497,-29.662407,152.490,151.396,-1.094,9792436.15,152.490,151.396,0.09,2.67,-73.55,-245.20,-70.20,-240.83,100.000,5.000,5.060,0.06,2.00,5.000,5.060,0.5,1,0,5,5,1,3,5,5,1,3,99999,I,TR,GDA94,MSL,GRS80,B,DEG,m,m,m,um,m,m,um,m,m,m,m,um,m,m,um,99999,99999,ELN,W98,99999,ELN,DFA,AUSGEOID98,GRS80,99999,99999,31-DEC-99,31-DEC-99,Comment is null
196955,1969551512.00,5543843,133.437498,-29.715241,178.830,177.687,-1.143,9792446.96,178.830,177.687,0.10,2.67,-22.68,-224.13,-19.16,-219.27,100.000,5.000,5.060,0.06,2.00,5.000,5.060,0.5,1,0,5,5,1,3,5,5,1,3,99999,I,TR,GDA94,MSL,GRS80,B,DEG,m,m,m,um,m,m,um,m,m,m,m,um,m,m,um,99999,99999,ELN,W98,99999,ELN,DFA,AUSGEOID98,GRS80,99999,99999,31-DEC-99,31-DEC-99,Comment is null
196955,1969551514.00,5543765,133.501329,-29.662406,157.220,156.335,-0.885,9792411.24,157.220,156.335,0.05,2.67,-83.22,-260.47,-80.51,-256.44,100.000,5.000,5.060,0.06,2.00,5.000,5.060,0.5,1,0,5,5,1,3,5,5,1,3,99999,I,TR,GDA94,MSL,GRS80,B,DEG,m,m,m,um,m,m,um,m,m,m,m,um,m,m,um,99999,99999,ELN,W98,99999,ELN,DFA,AUSGEOID98,GRS80,99999,99999,31-DEC-99,31-DEC-99,Comment is null
196955,1969551515.00,5543814,133.490162,-29.593073,185.680,184.900,-0.780,9792300.28,185.680,184.900,0.10,2.67,-52.23,-261.85,-49.83,-257.60,100.000,5.000,5.060,0.06,2.00,5.000,5.060,0.5,1,0,5,5,1,3,5,5,1,3,99999,I,TR,GDA94,MSL,GRS80,B,DEG,m,m,m,um,m,m,um,m,m,m,m,um,m,m,um,99999,99999,ELN,W98,99999,ELN,DFA,AUSGEOID98,GRS80,99999,99999,31-DEC-99,31-DEC-99,Comment is null
196955,1969551516.00,5709807,133.423496,-29.548574,172.210,171.331,-0.879,9792211.53,172.210,171.331,0.07,2.67,-148.35,-342.59,-145.65,-338.35,100.000,5.000,5.060,0.06,2.00,5.000,5.060,0.5,1,0,5,5,1,3,5,5,1,3,99999,I,TR,GDA94,MSL,GRS80,B,DEG,m,m,m,um,m,m,um,m,m,m,m,um,m,m,um,99999,99999,ELN,W98,99999,ELN,DFA,AUSGEOID98,GRS80,99999,99999,31-DEC-99,31-DEC-99,Comment is null
196955,1969551517.00,5543766,133.498495,-29.543073,182.790,182.139,-0.651,9792229.14,182.790,182.139,0.05,2.67,-93.13,-299.62,-91.12,-295.67,100.000,5.000,5.060,0.06,2.00,5.000,5.060,0.5,1,0,5,5,1,3,5,5,1,3,99999,I,TR,GDA94,MSL,GRS80,B,DEG,m,m,m,um,m,m,um,m,m,m,m,um,m,m,um,99999,99999,ELN,W98,99999,ELN,DFA,AUSGEOID98,GRS80,99999,99999,31-DEC-99,31-DEC-99,Comment is null
196955,1969551524.00,5543767,133.426332,-29.787408,196.140,194.769,-1.371,9792497.08,196.140,194.769,0.07,2.67,23.99,-196.81,28.23,-191.25,100.000,5.000,5.060,0.06,2.00,5.000,5.060,0.5,1,0,5,5,1,3,5,5,1,3,99999,I,TR,GDA94,MSL,GRS80,B,DEG,m,m,m,um,m,m,um,m,m,m,m,um,m,m,um,99999,99999,ELN,W98,99999,ELN,DFA,AUSGEOID98,GRS80,99999,99999,31-DEC-99,31-DEC-99,Comment is null
196955,1969551525.00,5543768,133.304166,-29.768076,198.270,196.698,-1.572,9792499.39,198.270,196.698,0.07,2.67,47.29,-175.69,52.15,-169.71,100.000,5.000,5.060,0.06,2.00,5.000,5.060,0.5,1,0,5,5,1,3,5,5,1,3,99999,I,TR,GDA94,MSL,GRS80,B,DEG,m,m,m,um,m,m,um,m,m,m,m,um,m,m,um,99999,99999,ELN,W98,99999,ELN,DFA,AUSGEOID98,GRS80,99999,99999,31-DEC-99,31-DEC-99,Comment is null
196955,1969551526.00,5543857,133.304166,-29.823576,193.240,191.573,-1.667,9792540.21,193.240,191.573,0.10,2.67,29.08,-188.10,34.23,-182.01,100.000,5.000,5.060,0.06,2.00,5.000,5.060,0.5,1,0,5,5,1,3,5,5,1,3,99999,I,TR,GDA94,MSL,GRS80,B,DEG,m,m,m,um,m,m,um,m,m,m,m,um,m,m,um,99999,99999,ELN,W98,99999,ELN,DFA,AUSGEOID98,GRS80,99999,99999,31-DEC-99,31-DEC-99,Comment is null
196955,1969551527.00,5863916,133.306834,-29.873576,188.760,186.963,-1.797,9792575.93,188.760,186.963,0.12,2.67,11.59,-200.37,17.13,-194.09,100.000,5.000,5.060,0.06,2.00,5.000,5.060,0.5,1,0,5,5,1,3,5,5,1,3,99999,I,TR,GDA94,MSL,GRS80,B,DEG,m,m,m,um,m,m,um,m,m,m,m,um,m,m,um,99999,99999,ELN,W98,99999,ELN,DFA,AUSGEOID98,GRS80,99999,99999,31-DEC-99,31-DEC-99,Comment is null
196955,1969551528.00,5543769,133.304168,-29.940244,151.880,149.864,-2.016,9792721.60,151.880,149.864,0.32,2.67,-9.25,-179.16,-3.05,-173.00,100.000,5.000,5.060,0.06,2.00,5.000,5.060,0.5,1,0,5,5,1,3,5,5,1,3,99999,I,TR,GDA94,MSL,GRS80,B,DEG,m,m,m,um,m,m,um,m,m,m,m,um,m,m,um,99999,99999,ELN,W98,99999,ELN,DFA,AUSGEOID98,GRS80,99999,99999,31-DEC-99,31-DEC-99,Comment is null
196955,1969551532.00,5543770,133.365167,-29.943076,147.980,146.073,-1.907,9792687.08,147.980,146.073,0.24,2.67,-57.67,-223.29,-51.82,-217.40,100.000,5.000,5.060,0.06,2.00,5.000,5.060,0.5,1,0,5,5,1,3,5,5,1,3,99999,I,TR,GDA94,MSL,GRS80,B,DEG,m,m,m,um,m,m,um,m,m,m,m,um,m,m,um,99999,99999,ELN,W98,99999,ELN,DFA,AUSGEOID98,GRS80,99999,99999,31-DEC-99,31-DEC-99,Comment is null
196955,1969551533.00,5543771,133.370833,-29.879076,186.260,184.562,-1.698,9792523.60,186.260,184.562,0.04,2.67,-52.44,-261.68,-47.20,-255.62,100.000,5.000,5.060,0.06,2.00,5.000,5.060,0.5,1,0,5,5,1,3,5,5,1,3,99999,I,TR,GDA94,MSL,GRS80,B,DEG,m,m,m,um,m,m,um,m,m,m,m,um,m,m,um,99999,99999,ELN,W98,99999,ELN,DFA,AUSGEOID98,GRS80,99999,99999,31-DEC-99,31-DEC-99,Comment is null
196955,1969551534.00,5968361,133.373500,-29.818075,178.090,176.551,-1.539,9792553.11,178.090,176.551,0.04,2.67,-0.08,-200.24,4.66,-194.62,100.000,5.000,5.060,0.06,2.00,5.000,5.060,0.5,1,0,5,5,1,3,5,5,1,3,99999,I,TR,GDA94,MSL,GRS80,B,DEG,m,m,m,um,m,m,um,m,m,m,m,um,m,m,um,99999,99999,ELN,W98,99999,ELN,DFA,AUSGEOID98,GRS80,99999,99999,31-DEC-99,31-DEC-99,Comment is null
196955,1969551535.00,5900060,133.442999,-29.820742,195.130,193.750,-1.380,9792510.59,195.130,193.750,0.04,2.67,8.39,-211.26,12.65,-205.70,100.000,5.000,5.060,0.06,2.00,5.000,5.060,0.5,1,0,5,5,1,3,5,5,1,3,99999,I,TR,GDA94,MSL,GRS80,B,DEG,m,m,m,um,m,m,um,m,m,m,m,um,m,m,um,99999,99999,ELN,W98,99999,ELN,DFA,AUSGEOID98,GRS80,99999,99999,31-DEC-99,31-DEC-99,Comment is null
196955,1969551536.00,5543848,133.437500,-29.879075,184.310,182.767,-1.543,9792547.71,184.310,182.767,0.03,2.67,-33.87,-241.07,-29.10,-235.35,100.000,5.000,5.060,0.06,2.00,5.000,5.060,0.5,1,0,5,5,1,3,5,5,1,3,99999,I,TR,GDA94,MSL,GRS80,B,DEG,m,m,m,um,m,m,um,m,m,m,m,um,m,m,um,99999,99999,ELN,W98,99999,ELN,DFA,AUSGEOID98,GRS80,99999,99999,31-DEC-99,31-DEC-99,Comment is null
196955,1969551537.00,5543772,133.437501,-29.945743,171.880,170.138,-1.742,9792649.66,171.880,170.138,0.05,2.67,-22.93,-215.82,-17.56,-209.89,100.000,5.000,5.060,0.06,2.00,5.000,5.060,0.5,1,0,5,5,1,3,5,5,1,3,99999,I,TR,GDA94,MSL,GRS80,B,DEG,m,m,m,um,m,m,um,m,m,m,m,um,m,m,um,99999,99999,ELN,W98,99999,ELN,DFA,AUSGEOID98,GRS80,99999,99999,31-DEC-99,31-DEC-99,Comment is null
196955,1969551601.00,5543773,133.112501,-29.765245,203.730,201.820,-1.910,9792543.31,203.730,201.820,0.10,2.67,109.22,-119.56,115.13,-112.84,100.000,5.000,5.060,0.06,2.00,5.000,5.060,0.5,1,0,5,5,1,3,5,5,1,3,99999,I,TR,GDA94,MSL,GRS80,B,DEG,m,m,m,um,m,m,um,m,m,m,m,um,m,m,um,99999,99999,ELN,W98,99999,ELN,DFA,AUSGEOID98,GRS80,99999,99999,31-DEC-99,31-DEC-99,Comment is null
196955,1969551602.00,5837844,133.165166,-29.715244,175.290,173.558,-1.732,9792483.18,175.290,173.558,0.07,2.67,0.79,-195.97,6.13,-190.02,100.000,5.000,5.060,0.06,2.00,5.000,5.060,0.5,1,0,5,5,1,3,5,5,1,3,99999,I,TR,GDA94,MSL,GRS80,B,DEG,m,m,m,um,m,m,um,m,m,m,m,um,m,m,um,99999,99999,ELN,W98,99999,ELN,DFA,AUSGEOID98,GRS80,99999,99999,31-DEC-99,31-DEC-99,Comment is null
196955,1969551603.00,5947154,133.165165,-29.659410,153.800,152.115,-1.685,9792378.42,153.800,152.115,0.07,2.67,-126.73,-299.20,-121.56,-293.66,100.000,5.000,5.060,0.06,2.00,5.000,5.060,0.5,1,0,5,5,1,3,5,5,1,3,99999,I,TR,GDA94,MSL,GRS80,B,DEG,m,m,m,um,m,m,um,m,m,m,m,um,m,m,um,99999,99999,ELN,W98,99999,ELN,DFA,AUSGEOID98,GRS80,99999,99999,31-DEC-99,31-DEC-99,Comment is null
196955,1969551604.00,5543815,133.176332,-29.598576,184.770,183.200,-1.570,9792183.62,184.770,183.200,0.14,2.67,-178.41,-386.10,-173.57,-380.32,100.000,5.000,5.060,0.06,2.00,5.000,5.060,0.5,1,0,5,5,1,3,5,5,1,3,99999,I,TR,GDA94,MSL,GRS80,B,DEG,m,m,m,um,m,m,um,m,m,m,m,um,m,m,um,99999,99999,ELN,W98,99999,ELN,DFA,AUSGEOID98,GRS80,99999,99999,31-DEC-99,31-DEC-99,Comment is null
196955,1969551605.00,5986104,133.095832,-29.543077,166.880,165.333,-1.547,9792253.66,166.880,165.333,0.08,2.67,-120.47,-307.92,-115.71,-302.45,100.000,5.000,5.060,0.06,2.00,5.000,5.060,0.5,1,0,5,5,1,3,5,5,1,3,99999,I,TR,GDA94,MSL,GRS80,B,DEG,m,m,m,um,m,m,um,m,m,m,m,um,m,m,um,99999,99999,ELN,W98,99999,ELN,DFA,AUSGEOID98,GRS80,99999,99999,31-DEC-99,31-DEC-99,Comment is null
196955,1969551606.00,5543854,133.173498,-29.548576,214.730,213.279,-1.451,9792030.44,214.730,213.279,0.24,2.67,-200.02,-441.79,-195.53,-435.81,100.000,5.000,5.060,0.06,2.00,5.000,5.060,0.5,1,0,5,5,1,3,5,5,1,3,99999,I,TR,GDA94,MSL,GRS80,B,DEG,m,m,m,um,m,m,um,m,m,m,m,um,m,m,um,99999,99999,ELN,W98,99999,ELN,DFA,AUSGEOID98,GRS80,99999,99999,31-DEC-99,31-DEC-99,Comment is null
196955,1969551607.00,5543799,133.234663,-29.548575,191.990,190.651,-1.339,9792122.49,191.990,190.651,0.12,2.67,-177.79,-393.92,-173.65,-388.49,100.000,5.000,5.060,0.06,2.00,5.000,5.060,0.5,1,0,5,5,1,3,5,5,1,3,99999,I,TR,GDA94,MSL,GRS80,B,DEG,m,m,m,um,m,m,um,m,m,m,m,um,m,m,um,99999,99999,ELN,W98,99999,ELN,DFA,AUSGEOID98,GRS80,99999,99999,31-DEC-99,31-DEC-99,Comment is null
196955,1969551608.00,5543774,133.229164,-29.601409,171.270,169.804,-1.466,9792232.74,171.270,169.804,0.11,2.67,-172.81,-365.32,-168.30,-359.95,100.000,5.000,5.060,0.06,2.00,5.000,5.060,0.5,1,0,5,5,1,3,5,5,1,3,99999,I,TR,GDA94,MSL,GRS80,B,DEG,m,m,m,um,m,m,um,m,m,m,m,um,m,m,um,99999,99999,ELN,W98,99999,ELN,DFA,AUSGEOID98,GRS80,99999,99999,31-DEC-99,31-DEC-99,Comment is null
196955,1969551609.00,5831449,133.231832,-29.651409,159.990,158.455,-1.535,9792353.21,159.990,158.455,0.07,2.67,-126.17,-305.82,-121.45,-300.48,100.000,5.000,5.060,0.06,2.00,5.000,5.060,0.5,1,0,5,5,1,3,5,5,1,3,99999,I,TR,GDA94,MSL,GRS80,B,DEG,m,m,m,um,m,m,um,m,m,m,m,um,m,m,um,99999,99999,ELN,W98,99999,ELN,DFA,AUSGEOID98,GRS80,99999,99999,31-DEC-99,31-DEC-99,Comment is null
196955,1969551610.00,5543775,133.237500,-29.720743,175.320,173.733,-1.587,9792509.69,175.320,173.733,0.05,2.67,23.57,-173.39,28.46,-167.72,100.000,5.000,5.060,0.06,2.00,5.000,5.060,0.5,1,0,5,5,1,3,5,5,1,3,99999,I,TR,GDA94,MSL,GRS80,B,DEG,m,m,m,um,m,m,um,m,m,m,m,um,m,m,um,99999,99999,ELN,W98,99999,ELN,DFA,AUSGEOID98,GRS80,99999,99999,31-DEC-99,31-DEC-99,Comment is null
196955,1969551611.00,5543776,133.240166,-29.768077,189.460,187.779,-1.681,9792585.13,189.460,187.779,0.08,2.67,105.52,-107.36,110.71,-101.30,100.000,5.000,5.060,0.06,2.00,5.000,5.060,0.5,1,0,5,5,1,3,5,5,1,3,99999,I,TR,GDA94,MSL,GRS80,B,DEG,m,m,m,um,m,m,um,m,m,m,m,um,m,m,um,99999,99999,ELN,W98,99999,ELN,DFA,AUSGEOID98,GRS80,99999,99999,31-DEC-99,31-DEC-99,Comment is null
196955,1969551612.00,5543844,133.179167,-29.768077,190.470,188.684,-1.786,9792571.22,190.470,188.684,0.09,2.67,94.41,-119.50,99.92,-113.22,100.000,5.000,5.060,0.06,2.00,5.000,5.060,0.5,1,0,5,5,1,3,5,5,1,3,99999,I,TR,GDA94,MSL,GRS80,B,DEG,m,m,m,um,m,m,um,m,m,m,m,um,m,m,um,99999,99999,ELN,W98,99999,ELN,DFA,AUSGEOID98,GRS80,99999,99999,31-DEC-99,31-DEC-99,Comment is null
196955,1969551613.00,5737542,133.043002,-29.765246,193.580,191.503,-2.077,9792534.70,193.580,191.503,0.13,2.67,68.79,-148.31,75.20,-141.41,100.000,5.000,5.060,0.06,2.00,5.000,5.060,0.5,1,0,5,5,1,3,5,5,1,3,99999,I,TR,GDA94,MSL,GRS80,B,DEG,m,m,m,um,m,m,um,m,m,m,m,um,m,m,um,99999,99999,ELN,W98,99999,ELN,DFA,AUSGEOID98,GRS80,99999,99999,31-DEC-99,31-DEC-99,Comment is null
196955,1969551614.00,5863918,132.956836,-29.770746,175.630,173.307,-2.323,9792515.69,175.630,173.307,0.05,2.67,-10.65,-207.13,-3.48,-200.01,100.000,5.000,5.060,0.06,2.00,5.000,5.060,0.5,1,1,5,5,1,3,5,5,1,3,99999,I,TR,GDA94,MSL,GRS80,B,DEG,m,m,m,um,m,m,um,m,m,m,m,um,m,m,um,99999,99999,ELN,W98,99999,ELN,DFA,AUSGEOID98,GRS80,99999,99999,31-DEC-99,31-DEC-99,Comment is null
196955,1969551615.00,5831450,132.962503,-29.826413,165.990,163.612,-2.378,9792634.16,165.990,163.612,0.06,2.67,34.54,-150.95,41.87,-143.87,100.000,5.000,5.060,0.06,2.00,5.000,5.060,0.5,1,1,5,5,1,3,5,5,1,3,99999,I,TR,GDA94,MSL,GRS80,B,DEG,m,m,m,um,m,m,um,m,m,m,m,um,m,m,um,99999,99999,ELN,W98,99999,ELN,DFA,AUSGEOID98,GRS80,99999,99999,31-DEC-99,31-DEC-99,Comment is null
196955,1969551616.00,5543777,132.956837,-29.876413,161.600,159.122,-2.478,9792760.02,161.600,159.122,0.09,2.67,107.57,-72.84,115.20,-65.63,100.000,5.000,5.060,0.06,2.00,5.000,5.060,0.5,1,1,5,5,1,3,5,5,1,3,99999,I,TR,GDA94,MSL,GRS80,B,DEG,m,m,m,um,m,m,um,m,m,m,m,um,m,m,um,99999,99999,ELN,W98,99999,ELN,DFA,AUSGEOID98,GRS80,99999,99999,31-DEC-99,31-DEC-99,Comment is null
196955,1969551617.00,5543778,132.956838,-29.934747,148.350,145.755,-2.595,9792842.97,148.350,145.755,0.27,2.67,103.73,-61.53,111.72,-54.29,100.000,5.000,5.060,0.06,2.00,5.000,5.060,0.5,1,1,5,5,1,3,5,5,1,3,99999,I,TR,GDA94,MSL,GRS80,B,DEG,m,m,m,um,m,m,um,m,m,m,m,um,m,m,um,99999,99999,ELN,W98,99999,ELN,DFA,AUSGEOID98,GRS80,99999,99999,31-DEC-99,31-DEC-99,Comment is null
196955,1969551618.00,5543821,132.962506,-29.993081,163.040,160.301,-2.739,9792896.60,163.040,160.301,0.08,2.67,156.65,-25.09,165.09,-17.35,100.000,5.000,5.060,0.06,2.00,5.000,5.060,0.5,1,1,5,5,1,3,5,5,1,3,99999,I,TR,GDA94,MSL,GRS80,B,DEG,m,m,m,um,m,m,um,m,m,m,m,um,m,m,um,99999,99999,ELN,W98,99999,ELN,DFA,AUSGEOID98,GRS80,99999,99999,31-DEC-99,31-DEC-99,Comment is null
196955,1969551619.00,5543816,133.045838,-29.998580,165.020,162.433,-2.587,9792857.68,165.020,162.433,0.05,2.67,120.01,-64.15,127.98,-56.68,100.000,5.000,5.060,0.06,2.00,5.000,5.060,0.5,1,0,5,5,1,3,5,5,1,3,99999,I,TR,GDA94,MSL,GRS80,B,DEG,m,m,m,um,m,m,um,m,m,m,m,um,m,m,um,99999,99999,ELN,W98,99999,ELN,DFA,AUSGEOID98,GRS80,99999,99999,31-DEC-99,31-DEC-99,Comment is null
196955,1969551620.00,5543779,133.109670,-29.990246,183.950,181.500,-2.450,9792829.76,183.950,181.500,0.08,2.67,157.44,-48.33,165.00,-40.84,100.000,5.000,5.060,0.06,2.00,5.000,5.060,0.5,1,0,5,5,1,3,5,5,1,3,99999,I,TR,GDA94,MSL,GRS80,B,DEG,m,m,m,um,m,m,um,m,m,m,m,um,m,m,um,99999,99999,ELN,W98,99999,ELN,DFA,AUSGEOID98,GRS80,99999,99999,31-DEC-99,31-DEC-99,Comment is null
196955,1969551621.00,5543830,133.054170,-29.940246,176.200,173.819,-2.381,9792840.57,176.200,173.819,0.05,2.67,183.63,-13.44,190.97,-6.20,100.000,5.000,5.060,0.06,2.00,5.000,5.060,0.5,1,0,5,5,1,3,5,5,1,3,99999,I,TR,GDA94,MSL,GRS80,B,DEG,m,m,m,um,m,m,um,m,m,m,m,um,m,m,um,99999,99999,ELN,W98,99999,ELN,DFA,AUSGEOID98,GRS80,99999,99999,31-DEC-99,31-DEC-99,Comment is null
196955,1969551622.00,5543780,133.040169,-29.876412,177.670,175.416,-2.254,9792774.63,177.670,175.416,0.06,2.67,172.45,-26.42,179.40,-19.41,100.000,5.000,5.060,0.06,2.00,5.000,5.060,0.5,1,0,5,5,1,3,5,5,1,3,99999,I,TR,GDA94,MSL,GRS80,B,DEG,m,m,m,um,m,m,um,m,m,m,m,um,m,m,um,99999,99999,ELN,W98,99999,ELN,DFA,AUSGEOID98,GRS80,99999,99999,31-DEC-99,31-DEC-99,Comment is null
196955,1969551623.00,5543781,133.051336,-29.826412,205.440,203.310,-2.130,9792641.76,205.440,203.310,0.18,2.67,164.63,-65.84,171.22,-58.67,100.000,5.000,5.060,0.06,2.00,5.000,5.060,0.5,1,0,5,5,1,3,5,5,1,3,99999,I,TR,GDA94,MSL,GRS80,B,DEG,m,m,m,um,m,m,um,m,m,m,m,um,m,m,um,99999,99999,ELN,W98,99999,ELN,DFA,AUSGEOID98,GRS80,99999,99999,31-DEC-99,31-DEC-99,Comment is null
196955,1969551624.00,5543782,133.104168,-29.826411,201.020,199.013,-2.007,9792656.07,201.020,199.013,0.07,2.67,165.68,-59.92,171.89,-53.05,100.000,5.000,5.060,0.06,2.00,5.000,5.060,0.5,1,0,5,5,1,3,5,5,1,3,99999,I,TR,GDA94,MSL,GRS80,B,DEG,m,m,m,um,m,m,um,m,m,m,m,um,m,m,um,99999,99999,ELN,W98,99999,ELN,DFA,AUSGEOID98,GRS80,99999,99999,31-DEC-99,31-DEC-99,Comment is null
196955,1969551625.00,5735074,133.112503,-29.881911,188.400,186.290,-2.110,9792752.22,188.400,186.290,0.08,2.67,179.30,-31.89,185.81,-25.01,100.000,5.000,5.060,0.06,2.00,5.000,5.060,0.5,1,0,5,5,1,3,5,5,1,3,99999,I,TR,GDA94,MSL,GRS80,B,DEG,m,m,m,um,m,m,um,m,m,m,m,um,m,m,um,99999,99999,ELN,W98,99999,ELN,DFA,AUSGEOID98,GRS80,99999,99999,31-DEC-99,31-DEC-99,Comment is null
196955,1969551626.00,5543891,133.118004,-29.940246,186.870,184.606,-2.264,9792789.44,186.870,184.606,0.07,2.67,165.78,-43.50,172.77,-36.34,100.000,5.000,5.060,0.06,2.00,5.000,5.060,0.5,1,0,5,5,1,3,5,5,1,3,99999,I,TR,GDA94,MSL,GRS80,B,DEG,m,m,m,um,m,m,um,m,m,m,m,um,m,m,um,99999,99999,ELN,W98,99999,ELN,DFA,AUSGEOID98,GRS80,99999,99999,31-DEC-99,31-DEC-99,Comment is null
196955,1969551627.00,5543783,133.176336,-29.931911,177.610,175.456,-2.154,9792781.83,177.610,175.456,0.05,2.67,136.46,-62.46,143.10,-55.65,100.000,5.000,5.060,0.06,2.00,5.000,5.060,0.5,1,0,5,5,1,3,5,5,1,3,99999,I,TR,GDA94,MSL,GRS80,B,DEG,m,m,m,um,m,m,um,m,m,m,m,um,m,m,um,99999,99999,ELN,W98,99999,ELN,DFA,AUSGEOID98,GRS80,99999,99999,31-DEC-99,31-DEC-99,Comment is null
196955,1969551628.00,5543845,133.173504,-29.984745,183.580,181.234,-2.346,9792787.94,183.580,181.234,0.13,2.67,119.10,-86.37,126.34,-79.09,100.000,5.000,5.060,0.06,2.00,5.000,5.060,0.5,1,0,5,5,1,3,5,5,1,3,99999,I,TR,GDA94,MSL,GRS80,B,DEG,m,m,m,um,m,m,um,m,m,m,m,um,m,m,um,99999,99999,ELN,W98,99999,ELN,DFA,AUSGEOID98,GRS80,99999,99999,31-DEC-99,31-DEC-99,Comment is null
196955,1969551629.00,5543784,133.245836,-29.987411,147.770,145.500,-2.270,9792757.62,147.770,145.500,0.37,2.67,-23.56,-188.53,-16.58,-181.93,100.000,5.000,5.060,0.06,2.00,5.000,5.060,0.5,1,0,5,5,1,3,5,5,1,3,99999,I,TR,GDA94,MSL,GRS80,B,DEG,m,m,m,um,m,m,um,m,m,m,m,um,m,m,um,99999,99999,ELN,W98,99999,ELN,DFA,AUSGEOID98,GRS80,99999,99999,31-DEC-99,31-DEC-99,Comment is null
196955,1969551630.00,5900056,133.248502,-29.943077,173.610,171.502,-2.108,9792648.66,173.610,171.502,0.10,2.67,-17.64,-212.07,-11.14,-205.41,100.000,5.000,5.060,0.06,2.00,5.000,5.060,0.5,1,0,5,5,1,3,5,5,1,3,99999,I,TR,GDA94,MSL,GRS80,B,DEG,m,m,m,um,m,m,um,m,m,m,m,um,m,m,um,99999,99999,ELN,W98,99999,ELN,DFA,AUSGEOID98,GRS80,99999,99999,31-DEC-99,31-DEC-99,Comment is null
196955,1969551631.00,5947149,133.176335,-29.879078,195.320,193.324,-1.996,9792700.79,195.320,193.324,0.09,2.67,151.78,-67.38,157.95,-60.61,100.000,5.000,5.060,0.06,2.00,5.000,5.060,0.5,1,0,5,5,1,3,5,5,1,3,99999,I,TR,GDA94,MSL,GRS80,B,DEG,m,m,m,um,m,m,um,m,m,m,m,um,m,m,um,99999,99999,ELN,W98,99999,ELN,DFA,AUSGEOID98,GRS80,99999,99999,31-DEC-99,31-DEC-99,Comment is null
196955,1969551632.00,5543758,133.245835,-29.887410,181.170,179.243,-1.927,9792650.97,181.170,179.243,0.18,2.67,52.01,-151.20,57.96,-144.77,100.000,5.000,5.060,0.06,2.00,5.000,5.060,0.5,1,0,5,5,1,3,5,5,1,3,99999,I,TR,GDA94,MSL,GRS80,B,DEG,m,m,m,um,m,m,um,m,m,m,m,um,m,m,um,99999,99999,ELN,W98,99999,ELN,DFA,AUSGEOID98,GRS80,99999,99999,31-DEC-99,31-DEC-99,Comment is null
196955,1969551633.00,5759879,133.237501,-29.826410,211.740,209.971,-1.769,9792615.05,211.740,209.971,0.10,2.67,158.47,-79.55,163.95,-72.99,100.000,5.000,5.060,0.06,2.00,5.000,5.060,0.5,1,0,5,5,1,3,5,5,1,3,99999,I,TR,GDA94,MSL,GRS80,B,DEG,m,m,m,um,m,m,um,m,m,m,m,um,m,m,um,99999,99999,ELN,W98,99999,ELN,DFA,AUSGEOID98,GRS80,99999,99999,31-DEC-99,31-DEC-99,Comment is null
196955,1969551634.00,5543877,133.179167,-29.823577,214.880,213.022,-1.858,9792625.25,214.880,213.022,0.14,2.67,180.30,-61.18,186.05,-54.40,100.000,5.000,5.060,0.06,2.00,5.000,5.060,0.5,1,0,5,5,1,3,5,5,1,3,99999,I,TR,GDA94,MSL,GRS80,B,DEG,m,m,m,um,m,m,um,m,m,m,m,um,m,m,um,99999,99999,ELN,W98,99999,ELN,DFA,AUSGEOID98,GRS80,99999,99999,31-DEC-99,31-DEC-99,Comment is null
196955,1969551635.00,5947151,133.098501,-29.712411,197.450,195.577,-1.873,9792440.95,197.450,195.577,0.08,2.67,28.71,-193.00,34.50,-186.45,100.000,5.000,5.060,0.06,2.00,5.000,5.060,0.5,1,0,5,5,1,3,5,5,1,3,99999,I,TR,GDA94,MSL,GRS80,B,DEG,m,m,m,um,m,m,um,m,m,m,m,um,m,m,um,99999,99999,ELN,W98,99999,ELN,DFA,AUSGEOID98,GRS80,99999,99999,31-DEC-99,31-DEC-99,Comment is null
196955,1969551636.00,5543869,133.106833,-29.654077,166.630,164.835,-1.795,9792369.32,166.630,164.835,0.11,2.67,-92.45,-279.33,-86.93,-273.38,100.000,5.000,5.060,0.06,2.00,5.000,5.060,0.5,1,0,5,5,1,3,5,5,1,3,99999,I,TR,GDA94,MSL,GRS80,B,DEG,m,m,m,um,m,m,um,m,m,m,m,um,m,m,um,99999,99999,ELN,W98,99999,ELN,DFA,AUSGEOID98,GRS80,99999,99999,31-DEC-99,31-DEC-99,Comment is null
196955,1969551637.00,5968363,133.092999,-29.604077,169.650,167.919,-1.731,9792266.56,169.650,167.919,0.06,2.67,-146.88,-337.26,-141.55,-331.39,100.000,5.000,5.060,0.06,2.00,5.000,5.060,0.5,1,0,5,5,1,3,5,5,1,3,99999,I,TR,GDA94,MSL,GRS80,B,DEG,m,m,m,um,m,m,um,m,m,m,m,um,m,m,um,99999,99999,ELN,W98,99999,ELN,DFA,AUSGEOID98,GRS80,99999,99999,31-DEC-99,31-DEC-99,Comment is null
196955,1969551638.00,5543785,133.040166,-29.604078,154.960,153.145,-1.815,9792289.77,154.960,153.145,0.20,2.67,-169.25,-342.89,-163.67,-337.07,100.000,5.000,5.060,0.06,2.00,5.000,5.060,0.5,1,0,5,5,1,3,5,5,1,3,99999,I,TR,GDA94,MSL,GRS80,B,DEG,m,m,m,um,m,m,um,m,m,m,m,um,m,m,um,99999,99999,ELN,W98,99999,ELN,DFA,AUSGEOID98,GRS80,99999,99999,31-DEC-99,31-DEC-99,Comment is null
196955,1969551639.00,5947150,133.059665,-29.551410,164.560,162.940,-1.620,9792331.90,164.560,162.940,0.07,2.67,-56.07,-240.81,-51.09,-235.23,100.000,5.000,5.060,0.06,2.00,5.000,5.060,0.5,1,0,5,5,1,3,5,5,1,3,99999,I,TR,GDA94,MSL,GRS80,B,DEG,m,m,m,um,m,m,um,m,m,m,m,um,m,m,um,99999,99999,ELN,W98,99999,ELN,DFA,AUSGEOID98,GRS80,99999,99999,31-DEC-99,31-DEC-99,Comment is null
196955,1969551640.00,5900057,133.015165,-29.554078,161.730,160.045,-1.685,9792413.84,161.730,160.045,0.06,2.67,14.87,-166.58,20.05,-160.92,100.000,5.000,5.060,0.06,2.00,5.000,5.060,0.5,1,0,5,5,1,3,5,5,1,3,99999,I,TR,GDA94,MSL,GRS80,B,DEG,m,m,m,um,m,m,um,m,m,m,m,um,m,m,um,99999,99999,ELN,W98,99999,ELN,DFA,AUSGEOID98,GRS80,99999,99999,31-DEC-99,31-DEC-99,Comment is null
196955,1969551641.00,5543786,132.968001,-29.612411,168.740,166.793,-1.947,9792323.89,168.740,166.793,0.04,2.67,-99.49,-288.59,-93.49,-282.31,100.000,5.000,5.060,0.06,2.00,5.000,5.060,0.5,1,0,5,5,1,3,5,5,1,3,99999,I,TR,GDA94,MSL,GRS80,B,DEG,m,m,m,um,m,m,um,m,m,m,m,um,m,m,um,99999,99999,ELN,W98,99999,ELN,DFA,AUSGEOID98,GRS80,99999,99999,31-DEC-99,31-DEC-99,Comment is null
196955,1969551642.00,5543903,133.040166,-29.654078,165.200,163.268,-1.932,9792306.78,165.200,163.268,0.11,2.67,-159.82,-344.92,-153.87,-338.73,100.000,5.000,5.060,0.06,2.00,5.000,5.060,0.5,1,0,5,5,1,3,5,5,1,3,99999,I,TR,GDA94,MSL,GRS80,B,DEG,m,m,m,um,m,m,um,m,m,m,m,um,m,m,um,99999,99999,ELN,W98,99999,ELN,DFA,AUSGEOID98,GRS80,99999,99999,31-DEC-99,31-DEC-99,Comment is null
196955,1969551643.00,5543787,132.973501,-29.662412,160.200,158.118,-2.082,9792335.80,160.200,158.118,0.12,2.67,-153.16,-332.43,-146.76,-326.02,100.000,5.000,5.060,0.06,2.00,5.000,5.060,0.5,1,0,5,5,1,3,5,5,1,3,99999,I,TR,GDA94,MSL,GRS80,B,DEG,m,m,m,um,m,m,um,m,m,m,m,um,m,m,um,99999,99999,ELN,W98,99999,ELN,DFA,AUSGEOID98,GRS80,99999,99999,31-DEC-99,31-DEC-99,Comment is null
196955,1969551644.00,5900059,132.984668,-29.704079,162.340,160.202,-2.138,9792414.64,162.340,160.202,0.09,2.67,-100.27,-281.90,-93.69,-275.35,100.000,5.000,5.060,0.06,2.00,5.000,5.060,0.5,1,1,5,5,1,3,5,5,1,3,99999,I,TR,GDA94,MSL,GRS80,B,DEG,m,m,m,um,m,m,um,m,m,m,m,um,m,m,um,99999,99999,ELN,W98,99999,ELN,DFA,AUSGEOID98,GRS80,99999,99999,31-DEC-99,31-DEC-99,Comment is null
196955,1969551645.00,5543876,133.043001,-29.720745,192.270,190.256,-2.014,9792458.16,192.270,190.256,0.08,2.67,23.02,-192.66,29.24,-185.91,100.000,5.000,5.060,0.06,2.00,5.000,5.060,0.5,1,0,5,5,1,3,5,5,1,3,99999,I,TR,GDA94,MSL,GRS80,B,DEG,m,m,m,um,m,m,um,m,m,m,m,um,m,m,um,99999,99999,ELN,W98,99999,ELN,DFA,AUSGEOID98,GRS80,99999,99999,31-DEC-99,31-DEC-99,Comment is null
196955,1969551701.00,5543728,132.762505,-29.779081,193.210,190.412,-2.798,9792410.54,193.210,190.412,0.14,2.67,-69.52,-285.38,-60.88,-277.08,100.000,5.000,5.060,0.06,2.00,5.000,5.060,0.5,1,0,5,5,1,3,5,5,1,3,99999,I,TR,GDA94,MSL,GRS80,B,DEG,m,m,m,um,m,m,um,m,m,m,m,um,m,m,um,99999,99999,ELN,W98,99999,ELN,DFA,AUSGEOID98,GRS80,99999,99999,31-DEC-99,31-DEC-99,Comment is null
196955,1969551702.00,5543868,132.706837,-29.709749,184.680,182.004,-2.676,9792536.40,184.680,182.004,0.07,2.67,84.35,-121.98,92.61,-114.05,100.000,5.000,5.060,0.06,2.00,5.000,5.060,0.5,1,0,5,5,1,3,5,5,1,3,99999,I,TR,GDA94,MSL,GRS80,B,DEG,m,m,m,um,m,m,um,m,m,m,m,um,m,m,um,99999,99999,ELN,W98,99999,ELN,DFA,AUSGEOID98,GRS80,99999,99999,31-DEC-99,31-DEC-99,Comment is null
196955,1969551703.00,5543729,132.648505,-29.709749,185.380,182.588,-2.792,9792613.65,185.380,182.588,0.06,2.67,163.40,-43.60,172.01,-35.43,100.000,5.000,5.060,0.06,2.00,5.000,5.060,0.5,1,0,5,5,1,3,5,5,1,3,99999,I,TR,GDA94,MSL,GRS80,B,DEG,m,m,m,um,m,m,um,m,m,m,m,um,m,m,um,99999,99999,ELN,W98,99999,ELN,DFA,AUSGEOID98,GRS80,99999,99999,31-DEC-99,31-DEC-99,Comment is null
196955,1969551704.00,5543809,132.656837,-29.654082,185.500,182.873,-2.627,9792571.32,185.500,182.873,0.11,2.67,165.21,-42.11,173.31,-34.26,100.000,5.000,5.060,0.06,2.00,5.000,5.060,0.5,1,0,5,5,1,3,5,5,1,3,99999,I,TR,GDA94,MSL,GRS80,B,DEG,m,m,m,um,m,m,um,m,m,m,m,um,m,m,um,99999,99999,ELN,W98,99999,ELN,DFA,AUSGEOID98,GRS80,99999,99999,31-DEC-99,31-DEC-99,Comment is null
196955,1969551705.00,5543838,132.718003,-29.654081,178.670,176.183,-2.487,9792595.14,178.670,176.183,0.13,2.67,168.38,-31.36,176.05,-23.88,100.000,5.000,5.060,0.06,2.00,5.000,5.060,0.5,1,0,5,5,1,3,5,5,1,3,99999,I,TR,GDA94,MSL,GRS80,B,DEG,m,m,m,um,m,m,um,m,m,m,m,um,m,m,um,99999,99999,ELN,W98,99999,ELN,DFA,AUSGEOID98,GRS80,99999,99999,31-DEC-99,31-DEC-99,Comment is null
196955,1969551706.00,5543881,132.659669,-29.601415,149.080,146.583,-2.497,9792590.33,149.080,146.583,0.36,2.67,113.13,-53.07,120.80,-46.02,100.000,5.000,5.060,0.06,2.00,5.000,5.060,0.5,1,0,5,5,1,3,5,5,1,3,99999,I,TR,GDA94,MSL,GRS80,B,DEG,m,m,m,um,m,m,um,m,m,m,m,um,m,m,um,99999,99999,ELN,W98,99999,ELN,DFA,AUSGEOID98,GRS80,99999,99999,31-DEC-99,31-DEC-99,Comment is null
196955,1969551707.00,5900054,132.637503,-29.551414,170.020,167.556,-2.464,9792442.26,170.020,167.556,0.26,2.67,68.53,-121.44,76.12,-114.14,100.000,5.000,5.060,0.06,2.00,5.000,5.060,0.5,1,0,5,5,1,3,5,5,1,3,99999,I,TR,GDA94,MSL,GRS80,B,DEG,m,m,m,um,m,m,um,m,m,m,m,um,m,m,um,99999,99999,ELN,W98,99999,ELN,DFA,AUSGEOID98,GRS80,99999,99999,31-DEC-99,31-DEC-99,Comment is null
196955,1969551708.00,5543730,132.706835,-29.543081,174.740,172.496,-2.244,9792477.07,174.740,172.496,0.14,2.67,125.04,-70.52,131.96,-63.58,100.000,5.000,5.060,0.06,2.00,5.000,5.060,0.5,1,0,5,5,1,3,5,5,1,3,99999,I,TR,GDA94,MSL,GRS80,B,DEG,m,m,m,um,m,m,um,m,m,m,m,um,m,m,um,99999,99999,ELN,W98,99999,ELN,DFA,AUSGEOID98,GRS80,99999,99999,31-DEC-99,31-DEC-99,Comment is null
196955,1969551709.00,5947148,132.718003,-29.598581,146.120,143.782,-2.338,9792621.45,146.120,143.782,0.21,2.67,137.80,-25.22,144.98,-18.52,100.000,5.000,5.060,0.06,2.00,5.000,5.060,0.5,1,0,5,5,1,3,5,5,1,3,99999,I,TR,GDA94,MSL,GRS80,B,DEG,m,m,m,um,m,m,um,m,m,m,m,um,m,m,um,99999,99999,ELN,W98,99999,ELN,DFA,AUSGEOID98,GRS80,99999,99999,31-DEC-99,31-DEC-99,Comment is null
196955,1969551710.00,5725648,132.787502,-29.609747,161.300,159.081,-2.219,9792568.12,161.300,159.081,0.11,2.67,123.01,-57.35,129.84,-50.65,100.000,5.000,5.060,0.06,2.00,5.000,5.060,0.5,1,0,5,5,1,3,5,5,1,3,99999,I,TR,GDA94,MSL,GRS80,B,DEG,m,m,m,um,m,m,um,m,m,m,m,um,m,m,um,99999,99999,ELN,W98,99999,ELN,DFA,AUSGEOID98,GRS80,99999,99999,31-DEC-99,31-DEC-99,Comment is null
196955,1969551711.00,5543731,132.781836,-29.656914,152.030,149.650,-2.380,9792586.13,152.030,149.650,0.32,2.67,75.31,-94.36,82.63,-87.49,100.000,5.000,5.060,0.06,2.00,5.000,5.060,0.5,1,0,5,5,1,3,5,5,1,3,99999,I,TR,GDA94,MSL,GRS80,B,DEG,m,m,m,um,m,m,um,m,m,m,m,um,m,m,um,99999,99999,ELN,W98,99999,ELN,DFA,AUSGEOID98,GRS80,99999,99999,31-DEC-99,31-DEC-99,Comment is null
196955,1969551712.00,5543732,132.801336,-29.715248,172.520,169.984,-2.536,9792482.88,172.520,169.984,0.12,2.67,-10.54,-203.25,-2.72,-195.77,100.000,5.000,5.060,0.06,2.00,5.000,5.060,0.5,1,0,5,5,1,3,5,5,1,3,99999,I,TR,GDA94,MSL,GRS80,B,DEG,m,m,m,um,m,m,um,m,m,m,m,um,m,m,um,99999,99999,ELN,W98,99999,ELN,DFA,AUSGEOID98,GRS80,99999,99999,31-DEC-99,31-DEC-99,Comment is null
196955,1969551713.00,5543733,132.701338,-29.754082,162.490,159.664,-2.826,9792592.53,162.490,159.664,0.26,2.67,37.07,-143.95,45.77,-136.05,100.000,5.000,5.060,0.06,2.00,5.000,5.060,0.5,1,0,5,5,1,3,5,5,1,3,99999,I,TR,GDA94,MSL,GRS80,B,DEG,m,m,m,um,m,m,um,m,m,m,m,um,m,m,um,99999,99999,ELN,W98,99999,ELN,DFA,AUSGEOID98,GRS80,99999,99999,31-DEC-99,31-DEC-99,Comment is null
196955,1969551714.00,5543734,132.651338,-29.773583,190.960,187.976,-2.984,9792562.42,190.960,187.976,0.21,2.67,79.13,-133.97,88.34,-125.34,100.000,5.000,5.060,0.06,2.00,5.000,5.060,0.5,1,0,5,5,1,3,5,5,1,3,99999,I,TR,GDA94,MSL,GRS80,B,DEG,m,m,m,um,m,m,um,m,m,m,m,um,m,m,um,99999,99999,ELN,W98,99999,ELN,DFA,AUSGEOID98,GRS80,99999,99999,31-DEC-99,31-DEC-99,Comment is null
196955,1969551715.00,5543735,132.643006,-29.823583,200.920,197.769,-3.151,9792478.77,200.920,197.769,0.14,2.67,-13.25,-237.44,-3.51,-228.34,100.000,5.000,5.060,0.06,2.00,5.000,5.060,0.5,1,0,5,5,1,3,5,5,1,3,99999,I,TR,GDA94,MSL,GRS80,B,DEG,m,m,m,um,m,m,um,m,m,m,m,um,m,m,um,99999,99999,ELN,W98,99999,ELN,DFA,AUSGEOID98,GRS80,99999,99999,31-DEC-99,31-DEC-99,Comment is null
196955,1969551716.00,5947152,132.637507,-29.879083,196.170,192.861,-3.309,9792506.49,196.170,192.861,0.08,2.67,-43.95,-262.59,-33.73,-253.25,100.000,5.000,5.060,0.06,2.00,5.000,5.060,0.5,1,0,5,5,1,3,5,5,1,3,99999,I,TR,GDA94,MSL,GRS80,B,DEG,m,m,m,um,m,m,um,m,m,m,m,um,m,m,um,99999,99999,ELN,W98,99999,ELN,DFA,AUSGEOID98,GRS80,99999,99999,31-DEC-99,31-DEC-99,Comment is null
196955,1969551717.00,5543736,132.643008,-29.937417,216.650,213.230,-3.420,9792563.22,216.650,213.230,0.13,2.67,30.08,-211.63,40.66,-201.77,100.000,5.000,5.060,0.06,2.00,5.000,5.060,0.5,1,1,5,5,1,3,5,5,1,3,99999,I,TR,GDA94,MSL,GRS80,B,DEG,m,m,m,um,m,m,um,m,m,m,m,um,m,m,um,99999,99999,ELN,W98,99999,ELN,DFA,AUSGEOID98,GRS80,99999,99999,31-DEC-99,31-DEC-99,Comment is null
196955,1969551718.00,5543810,132.623509,-29.987417,219.820,216.241,-3.579,9792625.25,219.820,216.241,0.15,2.67,62.33,-182.79,73.40,-172.58,100.000,5.000,5.060,0.06,2.00,5.000,5.060,0.5,1,1,5,5,1,3,5,5,1,3,99999,I,TR,GDA94,MSL,GRS80,B,DEG,m,m,m,um,m,m,um,m,m,m,m,um,m,m,um,99999,99999,ELN,W98,99999,ELN,DFA,AUSGEOID98,GRS80,99999,99999,31-DEC-99,31-DEC-99,Comment is null
196955,1969551719.00,5968357,132.701341,-29.993083,181.750,178.361,-3.389,9792769.73,181.750,178.361,0.13,2.67,85.50,-116.71,95.96,-107.42,100.000,5.000,5.060,0.06,2.00,5.000,5.060,0.5,1,1,5,5,1,3,5,5,1,3,99999,I,TR,GDA94,MSL,GRS80,B,DEG,m,m,m,um,m,m,um,m,m,m,m,um,m,m,um,99999,99999,ELN,W98,99999,ELN,DFA,AUSGEOID98,GRS80,99999,99999,31-DEC-99,31-DEC-99,Comment is null
196955,1969551720.00,5543737,132.756840,-29.993083,177.940,174.699,-3.241,9792832.26,177.940,174.699,0.10,2.67,136.74,-61.32,146.74,-52.38,100.000,5.000,5.060,0.06,2.00,5.000,5.060,0.5,1,1,5,5,1,3,5,5,1,3,99999,I,TR,GDA94,MSL,GRS80,B,DEG,m,m,m,um,m,m,um,m,m,m,m,um,m,m,um,99999,99999,ELN,W98,99999,ELN,DFA,AUSGEOID98,GRS80,99999,99999,31-DEC-99,31-DEC-99,Comment is null
196955,1969551721.00,5683382,132.698507,-29.934750,177.030,173.759,-3.271,9792679.68,177.030,173.759,0.15,2.67,26.85,-170.15,36.94,-161.16,100.000,5.000,5.060,0.06,2.00,5.000,5.060,0.5,1,1,5,5,1,3,5,5,1,3,99999,I,TR,GDA94,MSL,GRS80,B,DEG,m,m,m,um,m,m,um,m,m,m,m,um,m,m,um,99999,99999,ELN,W98,99999,ELN,DFA,AUSGEOID98,GRS80,99999,99999,31-DEC-99,31-DEC-99,Comment is null
196955,1969551722.00,5543856,132.706839,-29.879083,182.850,179.708,-3.142,9792565.02,182.850,179.708,0.08,2.67,-26.00,-229.74,-16.31,-220.92,100.000,5.000,5.060,0.06,2.00,5.000,5.060,0.5,1,1,5,5,1,3,5,5,1,3,99999,I,TR,GDA94,MSL,GRS80,B,DEG,m,m,m,um,m,m,um,m,m,m,m,um,m,m,um,99999,99999,ELN,W98,99999,ELN,DFA,AUSGEOID98,GRS80,99999,99999,31-DEC-99,31-DEC-99,Comment is null
196955,1969551723.00,5543738,132.709672,-29.826415,179.920,176.903,-3.017,9792511.09,179.920,176.903,0.09,2.67,-47.51,-248.07,-38.21,-239.54,100.000,5.000,5.060,0.06,2.00,5.000,5.060,0.5,1,0,5,5,1,3,5,5,1,3,99999,I,TR,GDA94,MSL,GRS80,B,DEG,m,m,m,um,m,m,um,m,m,m,m,um,m,m,um,99999,99999,ELN,W98,99999,ELN,DFA,AUSGEOID98,GRS80,99999,99999,31-DEC-99,31-DEC-99,Comment is null
196955,1969551724.00,5759875,132.762505,-29.812415,176.630,173.755,-2.875,9792509.09,176.630,173.755,0.07,2.67,-48.32,-245.31,-39.45,-237.10,100.000,5.000,5.060,0.06,2.00,5.000,5.060,0.5,1,0,5,5,1,3,5,5,1,3,99999,I,TR,GDA94,MSL,GRS80,B,DEG,m,m,m,um,m,m,um,m,m,m,m,um,m,m,um,99999,99999,ELN,W98,99999,ELN,DFA,AUSGEOID98,GRS80,99999,99999,31-DEC-99,31-DEC-99,Comment is null
196955,1969551725.00,5543739,132.756839,-29.876415,167.090,164.079,-3.011,9792629.05,167.090,164.079,0.09,2.67,-8.11,-194.13,1.17,-185.80,100.000,5.000,5.060,0.06,2.00,5.000,5.060,0.5,1,1,5,5,1,3,5,5,1,3,99999,I,TR,GDA94,MSL,GRS80,B,DEG,m,m,m,um,m,m,um,m,m,m,m,um,m,m,um,99999,99999,ELN,W98,99999,ELN,DFA,AUSGEOID98,GRS80,99999,99999,31-DEC-99,31-DEC-99,Comment is null
196955,1969551726.00,5543740,132.754173,-29.934749,175.930,172.808,-3.122,9792716.90,175.930,172.808,0.08,2.67,61.13,-134.78,70.76,-126.10,100.000,5.000,5.060,0.06,2.00,5.000,5.060,0.5,1,1,5,5,1,3,5,5,1,3,99999,I,TR,GDA94,MSL,GRS80,B,DEG,m,m,m,um,m,m,um,m,m,m,m,um,m,m,um,99999,99999,ELN,W98,99999,ELN,DFA,AUSGEOID98,GRS80,99999,99999,31-DEC-99,31-DEC-99,Comment is null
196955,1969551727.00,5543847,132.823506,-29.934749,177.390,174.451,-2.939,9792761.72,177.390,174.451,0.05,2.67,111.03,-86.75,120.09,-78.41,100.000,5.000,5.060,0.06,2.00,5.000,5.060,0.5,1,1,5,5,1,3,5,5,1,3,99999,I,TR,GDA94,MSL,GRS80,B,DEG,m,m,m,um,m,m,um,m,m,m,m,um,m,m,um,99999,99999,ELN,W98,99999,ELN,DFA,AUSGEOID98,GRS80,99999,99999,31-DEC-99,31-DEC-99,Comment is null
196955,1969551728.00,5543741,132.823507,-29.993082,183.000,179.930,-3.070,9792830.76,183.000,179.930,0.06,2.67,151.38,-52.61,160.85,-43.93,100.000,5.000,5.060,0.06,2.00,5.000,5.060,0.5,1,1,5,5,1,3,5,5,1,3,99999,I,TR,GDA94,MSL,GRS80,B,DEG,m,m,m,um,m,m,um,m,m,m,m,um,m,m,um,99999,99999,ELN,W98,99999,ELN,DFA,AUSGEOID98,GRS80,99999,99999,31-DEC-99,31-DEC-99,Comment is null
196955,1969551729.00,5968360,132.887506,-29.998581,189.070,186.145,-2.925,9792837.26,189.070,186.145,0.12,2.67,172.76,-38.27,181.79,-29.78,100.000,5.000,5.060,0.06,2.00,5.000,5.060,0.5,1,1,5,5,1,3,5,5,1,3,99999,I,TR,GDA94,MSL,GRS80,B,DEG,m,m,m,um,m,m,um,m,m,m,m,um,m,m,um,99999,99999,ELN,W98,99999,ELN,DFA,AUSGEOID98,GRS80,99999,99999,31-DEC-99,31-DEC-99,Comment is null
196955,1969551730.00,5543861,132.890172,-29.937414,169.260,166.489,-2.771,9792815.25,169.260,166.489,0.07,2.67,137.91,-50.85,146.45,-42.95,100.000,5.000,5.060,0.06,2.00,5.000,5.060,0.5,1,1,5,5,1,3,5,5,1,3,99999,I,TR,GDA94,MSL,GRS80,B,DEG,m,m,m,um,m,m,um,m,m,m,m,um,m,m,um,99999,99999,ELN,W98,99999,ELN,DFA,AUSGEOID98,GRS80,99999,99999,31-DEC-99,31-DEC-99,Comment is null
196955,1969551731.00,5543839,132.820838,-29.884748,147.190,144.330,-2.860,9792707.90,147.190,144.330,0.13,2.67,3.30,-160.35,12.10,-152.61,100.000,5.000,5.060,0.06,2.00,5.000,5.060,0.5,1,1,5,5,1,3,5,5,1,3,99999,I,TR,GDA94,MSL,GRS80,B,DEG,m,m,m,um,m,m,um,m,m,m,m,um,m,m,um,99999,99999,ELN,W98,99999,ELN,DFA,AUSGEOID98,GRS80,99999,99999,31-DEC-99,31-DEC-99,Comment is null
196955,1969551732.00,5543742,132.887505,-29.873581,155.630,152.965,-2.665,9792718.10,155.630,152.965,0.05,2.67,48.86,-124.57,57.06,-117.09,100.000,5.000,5.060,0.06,2.00,5.000,5.060,0.5,1,1,5,5,1,3,5,5,1,3,99999,I,TR,GDA94,MSL,GRS80,B,DEG,m,m,m,um,m,m,um,m,m,m,m,um,m,m,um,99999,99999,ELN,W98,99999,ELN,DFA,AUSGEOID98,GRS80,99999,99999,31-DEC-99,31-DEC-99,Comment is null
196955,1969551733.00,5543893,132.887504,-29.820747,148.530,145.947,-2.583,9792640.36,148.530,145.947,0.14,2.67,-9.34,-174.82,-1.40,-167.60,100.000,5.000,5.060,0.06,2.00,5.000,5.060,0.5,1,1,5,5,1,3,5,5,1,3,99999,I,TR,GDA94,MSL,GRS80,B,DEG,m,m,m,um,m,m,um,m,m,m,m,um,m,m,um,99999,99999,ELN,W98,99999,ELN,DFA,AUSGEOID98,GRS80,99999,99999,31-DEC-99,31-DEC-99,Comment is null
196955,1969551734.00,5543811,132.823504,-29.815248,167.980,165.245,-2.735,9792565.22,167.980,165.245,0.08,2.67,-20.65,-208.00,-12.23,-200.20,100.000,5.000,5.060,0.06,2.00,5.000,5.060,0.5,1,1,5,5,1,3,5,5,1,3,99999,I,TR,GDA94,MSL,GRS80,B,DEG,m,m,m,um,m,m,um,m,m,m,m,um,m,m,um,99999,99999,ELN,W98,99999,ELN,DFA,AUSGEOID98,GRS80,99999,99999,31-DEC-99,31-DEC-99,Comment is null
196955,1969551735.00,5777775,132.834669,-29.706913,162.030,159.574,-2.456,9792410.34,162.030,159.574,0.14,2.67,-108.71,-289.63,-101.15,-282.46,100.000,5.000,5.060,0.06,2.00,5.000,5.060,0.5,1,0,5,5,1,3,5,5,1,3,99999,I,TR,GDA94,MSL,GRS80,B,DEG,m,m,m,um,m,m,um,m,m,m,m,um,m,m,um,99999,99999,ELN,W98,99999,ELN,DFA,AUSGEOID98,GRS80,99999,99999,31-DEC-99,31-DEC-99,Comment is null
196955,1969551736.00,5863915,132.851335,-29.656913,168.190,165.918,-2.272,9792433.65,168.190,165.918,0.11,2.67,-26.98,-215.08,-19.98,-208.18,100.000,5.000,5.060,0.06,2.00,5.000,5.060,0.5,1,0,5,5,1,3,5,5,1,3,99999,I,TR,GDA94,MSL,GRS80,B,DEG,m,m,m,um,m,m,um,m,m,m,m,um,m,m,um,99999,99999,ELN,W98,99999,ELN,DFA,AUSGEOID98,GRS80,99999,99999,31-DEC-99,31-DEC-99,Comment is null
196955,1969551737.00,5543743,132.848501,-29.601413,179.830,177.745,-2.085,9792490.78,179.830,177.745,0.07,2.67,109.72,-91.79,116.15,-85.08,100.000,5.000,5.060,0.06,2.00,5.000,5.060,0.5,1,0,5,5,1,3,5,5,1,3,99999,I,TR,GDA94,MSL,GRS80,B,DEG,m,m,m,um,m,m,um,m,m,m,m,um,m,m,um,99999,99999,ELN,W98,99999,ELN,DFA,AUSGEOID98,GRS80,99999,99999,31-DEC-99,31-DEC-99,Comment is null
196955,1969551738.00,5543744,132.787501,-29.545747,164.620,162.581,-2.039,9792526.90,164.620,162.581,0.05,2.67,142.21,-42.12,148.49,-35.72,100.000,5.000,5.060,0.06,2.00,5.000,5.060,0.5,1,0,5,5,1,3,5,5,1,3,99999,I,TR,GDA94,MSL,GRS80,B,DEG,m,m,m,um,m,m,um,m,m,m,m,um,m,m,um,99999,99999,ELN,W98,99999,ELN,DFA,AUSGEOID98,GRS80,99999,99999,31-DEC-99,31-DEC-99,Comment is null
196955,1969551739.00,5543745,132.848501,-29.551412,154.020,152.093,-1.927,9792535.50,154.020,152.093,0.14,2.67,114.07,-58.37,119.99,-52.36,100.000,5.000,5.060,0.06,2.00,5.000,5.060,0.5,1,0,5,5,1,3,5,5,1,3,99999,I,TR,GDA94,MSL,GRS80,B,DEG,m,m,m,um,m,m,um,m,m,m,m,um,m,m,um,99999,99999,ELN,W98,99999,ELN,DFA,AUSGEOID98,GRS80,99999,99999,31-DEC-99,31-DEC-99,Comment is null
196955,1969551740.00,5543798,132.915166,-29.545746,181.450,179.656,-1.794,9792439.85,181.450,179.656,0.07,2.67,107.85,-95.83,113.38,-89.66,100.000,5.000,5.060,0.06,2.00,5.000,5.060,0.5,1,0,5,5,1,3,5,5,1,3,99999,I,TR,GDA94,MSL,GRS80,B,DEG,m,m,m,um,m,m,um,m,m,m,m,um,m,m,um,99999,99999,ELN,W98,99999,ELN,DFA,AUSGEOID98,GRS80,99999,99999,31-DEC-99,31-DEC-99,Comment is null
196955,1969551741.00,5543746,132.915167,-29.604079,157.090,155.099,-1.991,9792489.28,157.090,155.099,0.21,2.67,36.28,-139.57,42.40,-133.38,100.000,5.000,5.060,0.06,2.00,5.000,5.060,0.5,1,0,5,5,1,3,5,5,1,3,99999,I,TR,GDA94,MSL,GRS80,B,DEG,m,m,m,um,m,m,um,m,m,m,m,um,m,m,um,99999,99999,ELN,W98,99999,ELN,DFA,AUSGEOID98,GRS80,99999,99999,31-DEC-99,31-DEC-99,Comment is null
196955,1969551742.00,5543827,132.915168,-29.665246,180.930,178.734,-2.196,9792314.39,180.930,178.734,0.08,2.67,-113.17,-315.80,-106.40,-308.86,100.000,5.000,5.060,0.06,2.00,5.000,5.060,0.5,1,0,5,5,1,3,5,5,1,3,99999,I,TR,GDA94,MSL,GRS80,B,DEG,m,m,m,um,m,m,um,m,m,m,m,um,m,m,um,99999,99999,ELN,W98,99999,ELN,DFA,AUSGEOID98,GRS80,99999,99999,31-DEC-99,31-DEC-99,Comment is null
196955,1969551743.00,5543863,132.901335,-29.715247,180.080,177.730,-2.350,9792391.33,180.080,177.730,0.07,2.67,-78.19,-279.68,-70.94,-272.45,100.000,5.000,5.060,0.06,2.00,5.000,5.060,0.5,1,0,5,5,1,3,5,5,1,3,99999,I,TR,GDA94,MSL,GRS80,B,DEG,m,m,m,um,m,m,um,m,m,m,m,um,m,m,um,99999,99999,ELN,W98,99999,ELN,DFA,AUSGEOID98,GRS80,99999,99999,31-DEC-99,31-DEC-99,Comment is null
196955,1969551744.00,5543747,132.887503,-29.765247,170.600,168.105,-2.495,9792471.37,170.600,168.105,0.05,2.67,-66.74,-257.33,-59.05,-249.95,100.000,5.000,5.060,0.06,2.00,5.000,5.060,0.5,1,1,5,5,1,3,5,5,1,3,99999,I,TR,GDA94,MSL,GRS80,B,DEG,m,m,m,um,m,m,um,m,m,m,m,um,m,m,um,99999,99999,ELN,W98,99999,ELN,DFA,AUSGEOID98,GRS80,99999,99999,31-DEC-99,31-DEC-99,Comment is null
196955,1969551745.00,5543840,132.829170,-29.765248,184.130,181.507,-2.623,9792438.05,184.130,181.507,0.08,2.67,-58.71,-264.48,-50.61,-256.66,100.000,5.000,5.060,0.06,2.00,5.000,5.060,0.5,1,0,5,5,1,3,5,5,1,3,99999,I,TR,GDA94,MSL,GRS80,B,DEG,m,m,m,um,m,m,um,m,m,m,m,um,m,m,um,99999,99999,ELN,W98,99999,ELN,DFA,AUSGEOID98,GRS80,99999,99999,31-DEC-99,31-DEC-99,Comment is null
196955,1969551746.00,5777771,132.979166,-29.548578,163.620,161.909,-1.711,9792459.06,163.620,161.909,0.08,2.67,70.11,-113.46,75.37,-107.72,100.000,5.000,5.060,0.06,2.00,5.000,5.060,0.5,1,0,5,5,1,3,5,5,1,3,99999,I,TR,GDA94,MSL,GRS80,B,DEG,m,m,m,um,m,m,um,m,m,m,m,um,m,m,um,99999,99999,ELN,W98,99999,ELN,DFA,AUSGEOID98,GRS80,99999,99999,31-DEC-99,31-DEC-99,Comment is null
196955,1969551801.00,5543908,132.473507,-29.773584,207.570,204.214,-3.356,9792602.04,207.570,204.214,0.20,2.67,168.85,-62.65,179.22,-53.05,100.000,5.000,5.060,0.06,2.00,5.000,5.060,0.5,1,0,5,5,1,3,5,5,1,3,99999,I,TR,GDA94,MSL,GRS80,B,DEG,m,m,m,um,m,m,um,m,m,m,m,um,m,m,um,99999,99999,ELN,W98,99999,ELN,DFA,AUSGEOID98,GRS80,99999,99999,31-DEC-99,31-DEC-99,Comment is null
196955,1969551802.00,5831447,132.406840,-29.701418,154.410,150.996,-3.414,9792579.93,154.410,150.996,0.60,2.67,38.68,-132.52,49.19,-123.59,100.000,5.000,5.060,0.06,2.00,5.000,5.060,0.5,1,0,5,5,1,3,5,5,1,3,99999,I,TR,GDA94,MSL,GRS80,B,DEG,m,m,m,um,m,m,um,m,m,m,m,um,m,m,um,99999,99999,ELN,W98,99999,ELN,DFA,AUSGEOID98,GRS80,99999,99999,31-DEC-99,31-DEC-99,Comment is null
196955,1969551803.00,5543748,132.343007,-29.709752,212.750,209.146,-3.604,9792455.76,212.750,209.146,0.37,2.67,87.45,-149.64,98.59,-139.48,100.000,5.000,5.060,0.06,2.00,5.000,5.060,0.5,1,0,5,5,1,3,5,5,1,3,99999,I,TR,GDA94,MSL,GRS80,B,DEG,m,m,m,um,m,m,um,m,m,m,m,um,m,m,um,99999,99999,ELN,W98,99999,ELN,DFA,AUSGEOID98,GRS80,99999,99999,31-DEC-99,31-DEC-99,Comment is null
196955,1969551804.00,5543812,132.334673,-29.648585,179.130,175.613,-3.517,9792474.87,179.130,175.613,0.20,2.67,50.63,-148.47,61.47,-138.97,100.000,5.000,5.060,0.06,2.00,5.000,5.060,0.5,1,0,5,5,1,3,5,5,1,3,99999,I,TR,GDA94,MSL,GRS80,B,DEG,m,m,m,um,m,m,um,m,m,m,m,um,m,m,um,99999,99999,ELN,W98,99999,ELN,DFA,AUSGEOID98,GRS80,99999,99999,31-DEC-99,31-DEC-99,Comment is null
196955,1969551805.00,5831453,132.398506,-29.651417,164.650,161.308,-3.342,9792515.59,164.650,161.308,0.21,2.67,45.01,-137.87,55.31,-128.94,100.000,5.000,5.060,0.06,2.00,5.000,5.060,0.5,1,0,5,5,1,3,5,5,1,3,99999,I,TR,GDA94,MSL,GRS80,B,DEG,m,m,m,um,m,m,um,m,m,m,m,um,m,m,um,99999,99999,ELN,W98,99999,ELN,DFA,AUSGEOID98,GRS80,99999,99999,31-DEC-99,31-DEC-99,Comment is null
196955,1969551806.00,5543749,132.398505,-29.593084,203.270,200.053,-3.217,9792370.92,203.270,200.053,0.11,2.67,65.15,-161.64,75.09,-152.37,100.000,5.000,5.060,0.06,2.00,5.000,5.060,0.5,1,0,5,5,1,3,5,5,1,3,99999,I,TR,GDA94,MSL,GRS80,B,DEG,m,m,m,um,m,m,um,m,m,m,m,um,m,m,um,99999,99999,ELN,W98,99999,ELN,DFA,AUSGEOID98,GRS80,99999,99999,31-DEC-99,31-DEC-99,Comment is null
196955,1969551807.00,5831448,132.331839,-29.581918,200.470,197.079,-3.391,9792379.22,200.470,197.079,0.11,2.67,72.94,-150.48,83.41,-140.92,100.000,5.000,5.060,0.06,2.00,5.000,5.060,0.5,1,0,5,5,1,3,5,5,1,3,99999,I,TR,GDA94,MSL,GRS80,B,DEG,m,m,m,um,m,m,um,m,m,m,m,um,m,m,um,99999,99999,ELN,W98,99999,ELN,DFA,AUSGEOID98,GRS80,99999,99999,31-DEC-99,31-DEC-99,Comment is null
196955,1969551808.00,5543750,132.340171,-29.529084,225.430,222.170,-3.260,9792274.37,225.430,222.170,0.12,2.67,86.44,-165.40,96.52,-155.73,100.000,5.000,5.060,0.06,2.00,5.000,5.060,0.5,1,0,5,5,1,3,5,5,1,3,99999,I,TR,GDA94,MSL,GRS80,B,DEG,m,m,m,um,m,m,um,m,m,m,m,um,m,m,um,99999,99999,ELN,W98,99999,ELN,DFA,AUSGEOID98,GRS80,99999,99999,31-DEC-99,31-DEC-99,Comment is null
196955,1969551809.00,5543751,132.395837,-29.531917,213.660,210.556,-3.104,9792311.39,213.660,210.556,0.09,2.67,85.43,-153.25,95.03,-144.06,100.000,5.000,5.060,0.06,2.00,5.000,5.060,0.5,1,0,5,5,1,3,5,5,1,3,99999,I,TR,GDA94,MSL,GRS80,B,DEG,m,m,m,um,m,m,um,m,m,m,m,um,m,m,um,99999,99999,ELN,W98,99999,ELN,DFA,AUSGEOID98,GRS80,99999,99999,31-DEC-99,31-DEC-99,Comment is null
196955,1969551810.00,5543890,132.462504,-29.537416,221.960,219.032,-2.928,9792284.07,221.960,219.032,0.15,2.67,80.01,-168.28,89.07,-159.31,100.000,5.000,5.060,0.06,2.00,5.000,5.060,0.5,1,0,5,5,1,3,5,5,1,3,99999,I,TR,GDA94,MSL,GRS80,B,DEG,m,m,m,um,m,m,um,m,m,m,m,um,m,m,um,99999,99999,ELN,W98,99999,ELN,DFA,AUSGEOID98,GRS80,99999,99999,31-DEC-99,31-DEC-99,Comment is null
196955,1969551811.00,5543752,132.470838,-29.595750,179.800,176.778,-3.022,9792402.43,179.800,176.778,0.22,2.67,22.79,-177.63,32.10,-169.09,100.000,5.000,5.060,0.06,2.00,5.000,5.060,0.5,1,0,5,5,1,3,5,5,1,3,99999,I,TR,GDA94,MSL,GRS80,B,DEG,m,m,m,um,m,m,um,m,m,m,m,um,m,m,um,99999,99999,ELN,W98,99999,ELN,DFA,AUSGEOID98,GRS80,99999,99999,31-DEC-99,31-DEC-99,Comment is null
196955,1969551812.00,5543753,132.468006,-29.665251,149.530,146.356,-3.174,9792579.03,149.530,146.356,0.40,2.67,51.57,-114.37,61.33,-105.99,100.000,5.000,5.060,0.06,2.00,5.000,5.060,0.5,1,0,5,5,1,3,5,5,1,3,99999,I,TR,GDA94,MSL,GRS80,B,DEG,m,m,m,um,m,m,um,m,m,m,m,um,m,m,um,99999,99999,ELN,W98,99999,ELN,DFA,AUSGEOID98,GRS80,99999,99999,31-DEC-99,31-DEC-99,Comment is null
196955,1969551813.00,5543841,132.484672,-29.706917,147.490,144.291,-3.199,9792646.66,147.490,144.291,0.62,2.67,80.45,-83.15,90.30,-74.74,100.000,5.000,5.060,0.06,2.00,5.000,5.060,0.5,1,0,5,5,1,3,5,5,1,3,99999,I,TR,GDA94,MSL,GRS80,B,DEG,m,m,m,um,m,m,um,m,m,m,m,um,m,m,um,99999,99999,ELN,W98,99999,ELN,DFA,AUSGEOID98,GRS80,99999,99999,31-DEC-99,31-DEC-99,Comment is null
196955,1969551814.00,5543900,132.520839,-29.715251,146.490,143.375,-3.115,9792678.98,146.490,143.375,0.50,2.67,103.47,-59.10,113.05,-50.87,100.000,5.000,5.060,0.06,2.00,5.000,5.060,0.5,1,0,5,5,1,3,5,5,1,3,99999,I,TR,GDA94,MSL,GRS80,B,DEG,m,m,m,um,m,m,um,m,m,m,m,um,m,m,um,99999,99999,ELN,W98,99999,ELN,DFA,AUSGEOID98,GRS80,99999,99999,31-DEC-99,31-DEC-99,Comment is null
196955,1969551815.00,5737541,132.520838,-29.654083,152.280,149.280,-3.000,9792570.32,152.280,149.280,0.20,2.67,60.56,-108.70,69.79,-100.61,100.000,5.000,5.060,0.06,2.00,5.000,5.060,0.5,1,0,5,5,1,3,5,5,1,3,99999,I,TR,GDA94,MSL,GRS80,B,DEG,m,m,m,um,m,m,um,m,m,m,m,um,m,m,um,99999,99999,ELN,W98,99999,ELN,DFA,AUSGEOID98,GRS80,99999,99999,31-DEC-99,31-DEC-99,Comment is null
196955,1969551816.00,5543754,132.531837,-29.604083,175.660,172.789,-2.871,9792409.24,175.660,172.789,0.12,2.67,10.82,-185.08,19.67,-176.90,100.000,5.000,5.060,0.06,2.00,5.000,5.060,0.5,1,0,5,5,1,3,5,5,1,3,99999,I,TR,GDA94,MSL,GRS80,B,DEG,m,m,m,um,m,m,um,m,m,m,m,um,m,m,um,99999,99999,ELN,W98,99999,ELN,DFA,AUSGEOID98,GRS80,99999,99999,31-DEC-99,31-DEC-99,Comment is null
196955,1969551817.00,5543755,132.523504,-29.545750,202.140,199.362,-2.778,9792320.29,202.140,199.362,0.08,2.67,49.08,-176.92,57.66,-168.53,100.000,5.000,5.060,0.06,2.00,5.000,5.060,0.5,1,0,5,5,1,3,5,5,1,3,99999,I,TR,GDA94,MSL,GRS80,B,DEG,m,m,m,um,m,m,um,m,m,m,m,um,m,m,um,99999,99999,ELN,W98,99999,ELN,DFA,AUSGEOID98,GRS80,99999,99999,31-DEC-99,31-DEC-99,Comment is null
196955,1969551818.00,5900055,132.587503,-29.534749,197.880,195.304,-2.576,9792322.39,197.880,195.304,0.09,2.67,47.19,-174.22,55.14,-166.29,100.000,5.000,5.060,0.06,2.00,5.000,5.060,0.5,1,0,5,5,1,3,5,5,1,3,99999,I,TR,GDA94,MSL,GRS80,B,DEG,m,m,m,um,m,m,um,m,m,m,m,um,m,m,um,99999,99999,ELN,W98,99999,ELN,DFA,AUSGEOID98,GRS80,99999,99999,31-DEC-99,31-DEC-99,Comment is null
196955,1969551819.00,5543902,132.590170,-29.604082,189.370,186.667,-2.703,9792409.44,189.370,186.667,0.15,2.67,53.84,-157.78,62.18,-149.73,100.000,5.000,5.060,0.06,2.00,5.000,5.060,0.5,1,0,5,5,1,3,5,5,1,3,99999,I,TR,GDA94,MSL,GRS80,B,DEG,m,m,m,um,m,m,um,m,m,m,m,um,m,m,um,99999,99999,ELN,W98,99999,ELN,DFA,AUSGEOID98,GRS80,99999,99999,31-DEC-99,31-DEC-99,Comment is null
196955,1969551820.00,5543813,132.595837,-29.656915,153.470,150.675,-2.795,9792604.34,153.470,150.675,0.30,2.67,96.68,-74.15,105.28,-66.45,100.000,5.000,5.060,0.06,2.00,5.000,5.060,0.5,1,0,5,5,1,3,5,5,1,3,99999,I,TR,GDA94,MSL,GRS80,B,DEG,m,m,m,um,m,m,um,m,m,m,m,um,m,m,um,99999,99999,ELN,W98,99999,ELN,DFA,AUSGEOID98,GRS80,99999,99999,31-DEC-99,31-DEC-99,Comment is null
196955,1969551821.00,5543756,132.587505,-29.712416,187.940,185.001,-2.939,9792617.55,187.940,185.001,0.11,2.67,172.67,-37.06,181.74,-28.57,100.000,5.000,5.060,0.06,2.00,5.000,5.060,0.5,1,0,5,5,1,3,5,5,1,3,99999,I,TR,GDA94,MSL,GRS80,B,DEG,m,m,m,um,m,m,um,m,m,m,m,um,m,m,um,99999,99999,ELN,W98,99999,ELN,DFA,AUSGEOID98,GRS80,99999,99999,31-DEC-99,31-DEC-99,Comment is null
196955,1969551822.00,5543757,132.565172,-29.765250,150.750,147.617,-3.133,9792693.59,150.750,147.617,0.26,2.67,92.26,-75.11,101.90,-66.78,100.000,5.000,5.060,0.06,2.00,5.000,5.060,0.5,1,0,5,5,1,3,5,5,1,3,99999,I,TR,GDA94,MSL,GRS80,B,DEG,m,m,m,um,m,m,um,m,m,m,m,um,m,m,um,99999,99999,ELN,W98,99999,ELN,DFA,AUSGEOID98,GRS80,99999,99999,31-DEC-99,31-DEC-99,Comment is null
196955,1969551823.00,5991743,132.520839,-29.765251,191.440,188.211,-3.229,9792616.85,191.440,188.211,0.18,2.67,140.77,-72.60,150.74,-63.48,100.000,5.000,5.060,0.06,2.00,5.000,5.060,0.5,1,0,5,5,1,3,5,5,1,3,99999,I,TR,GDA94,MSL,GRS80,B,DEG,m,m,m,um,m,m,um,m,m,m,m,um,m,m,um,99999,99999,ELN,W98,99999,ELN,DFA,AUSGEOID98,GRS80,99999,99999,31-DEC-99,31-DEC-99,Comment is null
196955,1969551824.00,5543873,132.479173,-29.815252,211.780,208.335,-3.445,9792570.92,211.780,208.335,0.32,2.67,117.99,-118.17,128.64,-108.34,100.000,5.000,5.060,0.06,2.00,5.000,5.060,0.5,1,0,5,5,1,3,5,5,1,3,99999,I,TR,GDA94,MSL,GRS80,B,DEG,m,m,m,um,m,m,um,m,m,m,m,um,m,m,um,99999,99999,ELN,W98,99999,ELN,DFA,AUSGEOID98,GRS80,99999,99999,31-DEC-99,31-DEC-99,Comment is null
196955,1969551825.00,5543819,132.465174,-29.868085,260.970,257.353,-3.617,9792480.18,260.970,257.353,0.42,2.67,137.29,-154.40,148.50,-143.52,100.000,5.000,5.060,0.06,2.00,5.000,5.060,0.5,1,0,5,5,1,3,5,5,1,3,99999,I,TR,GDA94,MSL,GRS80,B,DEG,m,m,m,um,m,m,um,m,m,m,m,um,m,m,um,99999,99999,ELN,W98,99999,ELN,DFA,AUSGEOID98,GRS80,99999,99999,31-DEC-99,31-DEC-99,Comment is null
196955,1969551826.00,5543818,132.512508,-29.870751,203.360,199.820,-3.540,9792537.51,203.360,199.820,0.20,2.67,15.04,-211.48,25.97,-201.59,100.000,5.000,5.060,0.06,2.00,5.000,5.060,0.5,1,0,5,5,1,3,5,5,1,3,99999,I,TR,GDA94,MSL,GRS80,B,DEG,m,m,m,um,m,m,um,m,m,m,m,um,m,m,um,99999,99999,ELN,W98,99999,ELN,DFA,AUSGEOID98,GRS80,99999,99999,31-DEC-99,31-DEC-99,Comment is null
196955,1969551827.00,5543698,132.529175,-29.943085,209.550,205.848,-3.702,9792581.83,209.550,205.848,0.20,2.67,21.49,-211.86,32.93,-201.55,100.000,5.000,5.060,0.06,2.00,5.000,5.060,0.5,1,0,5,5,1,3,5,5,1,3,99999,I,TR,GDA94,MSL,GRS80,B,DEG,m,m,m,um,m,m,um,m,m,m,m,um,m,m,um,99999,99999,ELN,W98,99999,ELN,DFA,AUSGEOID98,GRS80,99999,99999,31-DEC-99,31-DEC-99,Comment is null
196955,1969551828.00,5543805,132.523509,-29.990252,216.710,212.880,-3.830,9792616.45,216.710,212.880,0.21,2.67,40.94,-200.38,52.78,-189.72,100.000,5.000,5.060,0.06,2.00,5.000,5.060,0.5,1,1,5,5,1,3,5,5,1,3,99999,I,TR,GDA94,MSL,GRS80,B,DEG,m,m,m,um,m,m,um,m,m,m,m,um,m,m,um,99999,99999,ELN,W98,99999,ELN,DFA,AUSGEOID98,GRS80,99999,99999,31-DEC-99,31-DEC-99,Comment is null
196955,1969551829.00,5543834,132.587509,-29.993084,220.890,217.207,-3.683,9792603.44,220.890,217.207,0.16,2.67,39.07,-207.15,50.46,-196.72,100.000,5.000,5.060,0.06,2.00,5.000,5.060,0.5,1,1,5,5,1,3,5,5,1,3,99999,I,TR,GDA94,MSL,GRS80,B,DEG,m,m,m,um,m,m,um,m,m,m,m,um,m,m,um,99999,99999,ELN,W98,99999,ELN,DFA,AUSGEOID98,GRS80,99999,99999,31-DEC-99,31-DEC-99,Comment is null
196955,1969551830.00,5543699,132.570841,-29.940251,222.470,218.867,-3.603,9792539.51,222.470,218.867,0.13,2.67,21.55,-226.55,32.69,-216.25,100.000,5.000,5.060,0.06,2.00,5.000,5.060,0.5,1,1,5,5,1,3,5,5,1,3,99999,I,TR,GDA94,MSL,GRS80,B,DEG,m,m,m,um,m,m,um,m,m,m,m,um,m,m,um,99999,99999,ELN,W98,99999,ELN,DFA,AUSGEOID98,GRS80,99999,99999,31-DEC-99,31-DEC-99,Comment is null
196955,1969551831.00,5979114,132.579173,-29.879084,206.560,203.123,-3.437,9792474.47,206.560,203.123,0.28,2.67,-44.31,-274.57,-33.69,-264.83,100.000,5.000,5.060,0.06,2.00,5.000,5.060,0.5,1,0,5,5,1,3,5,5,1,3,99999,I,TR,GDA94,MSL,GRS80,B,DEG,m,m,m,um,m,m,um,m,m,m,m,um,m,m,um,99999,99999,ELN,W98,99999,ELN,DFA,AUSGEOID98,GRS80,99999,99999,31-DEC-99,31-DEC-99,Comment is null
196955,1969551832.00,5543700,132.576340,-29.826417,199.430,196.138,-3.292,9792547.21,199.430,196.138,0.15,2.67,47.95,-174.40,58.12,-165.04,100.000,5.000,5.060,0.06,2.00,5.000,5.060,0.5,1,0,5,5,1,3,5,5,1,3,99999,I,TR,GDA94,MSL,GRS80,B,DEG,m,m,m,um,m,m,um,m,m,m,m,um,m,m,um,99999,99999,ELN,W98,99999,ELN,DFA,AUSGEOID98,GRS80,99999,99999,31-DEC-99,31-DEC-99,Comment is null
196955,1969551833.00,5543701,132.526340,-29.823584,201.350,197.973,-3.377,9792608.64,201.350,197.973,0.12,2.67,117.25,-107.18,127.68,-97.63,100.000,5.000,5.060,0.06,2.00,5.000,5.060,0.5,1,0,5,5,1,3,5,5,1,3,99999,I,TR,GDA94,MSL,GRS80,B,DEG,m,m,m,um,m,m,um,m,m,m,m,um,m,m,um,99999,99999,ELN,W98,99999,ELN,DFA,AUSGEOID98,GRS80,99999,99999,31-DEC-99,31-DEC-99,Comment is null
196955,1969551834.00,5831445,132.415173,-29.773585,220.680,217.175,-3.505,9792558.52,220.680,217.175,0.28,2.67,165.32,-80.87,176.15,-70.79,100.000,5.000,5.060,0.06,2.00,5.000,5.060,0.5,1,0,5,5,1,3,5,5,1,3,99999,I,TR,GDA94,MSL,GRS80,B,DEG,m,m,m,um,m,m,um,m,m,m,m,um,m,m,um,99999,99999,ELN,W98,99999,ELN,DFA,AUSGEOID98,GRS80,99999,99999,31-DEC-99,31-DEC-99,Comment is null
196955,1969551835.00,5543702,132.351341,-29.770753,245.640,241.972,-3.668,9792477.37,245.640,241.972,0.33,2.67,162.88,-111.39,174.24,-100.63,100.000,5.000,5.060,0.06,2.00,5.000,5.060,0.5,1,0,5,5,1,3,5,5,1,3,99999,I,TR,GDA94,MSL,GRS80,B,DEG,m,m,m,um,m,m,um,m,m,m,m,um,m,m,um,99999,99999,ELN,W98,99999,ELN,DFA,AUSGEOID98,GRS80,99999,99999,31-DEC-99,31-DEC-99,Comment is null
196955,1969551836.00,5846360,132.345842,-29.826419,228.540,224.758,-3.782,9792604.74,228.540,224.758,0.28,2.67,193.78,-60.99,205.48,-50.26,100.000,5.000,5.060,0.06,2.00,5.000,5.060,0.5,1,0,5,5,1,3,5,5,1,3,99999,I,TR,GDA94,MSL,GRS80,B,DEG,m,m,m,um,m,m,um,m,m,m,m,um,m,m,um,99999,99999,ELN,W98,99999,ELN,DFA,AUSGEOID98,GRS80,99999,99999,31-DEC-99,31-DEC-99,Comment is null
196955,1969551837.00,5543703,132.351342,-29.870753,199.700,195.828,-3.872,9792697.59,199.700,195.828,0.61,2.67,162.80,-59.20,174.76,-48.70,100.000,5.000,5.060,0.06,2.00,5.000,5.060,0.5,1,0,5,5,1,3,5,5,1,3,99999,I,TR,GDA94,MSL,GRS80,B,DEG,m,m,m,um,m,m,um,m,m,m,m,um,m,m,um,99999,99999,ELN,W98,99999,ELN,DFA,AUSGEOID98,GRS80,99999,99999,31-DEC-99,31-DEC-99,Comment is null
196955,1969551838.00,5543704,132.348510,-29.934754,194.890,190.835,-4.055,9792756.42,194.890,190.835,0.42,2.67,156.27,-60.07,168.79,-49.29,100.000,5.000,5.060,0.06,2.00,5.000,5.060,0.5,1,0,5,5,1,3,5,5,1,3,99999,I,TR,GDA94,MSL,GRS80,B,DEG,m,m,m,um,m,m,um,m,m,m,m,um,m,m,um,99999,99999,ELN,W98,99999,ELN,DFA,AUSGEOID98,GRS80,99999,99999,31-DEC-99,31-DEC-99,Comment is null
196955,1969551839.00,5543705,132.362511,-29.987420,173.190,169.003,-4.187,9792783.04,173.190,169.003,0.35,2.67,74.37,-117.24,87.28,-106.52,100.000,5.000,5.060,0.06,2.00,5.000,5.060,0.5,1,0,5,5,1,3,5,5,1,3,99999,I,TR,GDA94,MSL,GRS80,B,DEG,m,m,m,um,m,m,um,m,m,m,m,um,m,m,um,99999,99999,ELN,W98,99999,ELN,DFA,AUSGEOID98,GRS80,99999,99999,31-DEC-99,31-DEC-99,Comment is null
196955,1969551840.00,5900058,132.412510,-29.981919,237.040,232.983,-4.057,9792572.62,237.040,232.983,0.52,2.67,65.66,-198.43,78.21,-187.04,100.000,5.000,5.060,0.06,2.00,5.000,5.060,0.5,1,1,5,5,1,3,5,5,1,3,99999,I,TR,GDA94,MSL,GRS80,B,DEG,m,m,m,um,m,m,um,m,m,m,m,um,m,m,um,99999,99999,ELN,W98,99999,ELN,DFA,AUSGEOID98,GRS80,99999,99999,31-DEC-99,31-DEC-99,Comment is null
196955,1969551841.00,5543706,132.487510,-29.990252,254.020,250.107,-3.913,9792502.89,254.020,250.107,0.48,2.67,42.23,-241.25,54.35,-229.89,100.000,5.000,5.060,0.06,2.00,5.000,5.060,0.5,1,1,5,5,1,3,5,5,1,3,99999,I,TR,GDA94,MSL,GRS80,B,DEG,m,m,m,um,m,m,um,m,m,m,m,um,m,m,um,99999,99999,ELN,W98,99999,ELN,DFA,AUSGEOID98,GRS80,99999,99999,31-DEC-99,31-DEC-99,Comment is null
196955,1969551842.00,5543806,132.481842,-29.945752,196.690,192.885,-3.805,9792586.13,196.690,192.885,0.37,2.67,-16.29,-234.95,-4.54,-224.63,100.000,5.000,5.060,0.06,2.00,5.000,5.060,0.5,1,0,5,5,1,3,5,5,1,3,99999,I,TR,GDA94,MSL,GRS80,B,DEG,m,m,m,um,m,m,um,m,m,m,m,um,m,m,um,99999,99999,ELN,W98,99999,ELN,DFA,AUSGEOID98,GRS80,99999,99999,31-DEC-99,31-DEC-99,Comment is null
196955,1969551843.00,5543895,132.420843,-29.937419,284.650,280.751,-3.899,9792481.38,284.650,280.751,1.03,2.67,156.56,-161.63,168.65,-149.87,100.000,5.000,5.060,0.06,2.00,5.000,5.060,0.5,1,0,5,5,1,3,5,5,1,3,99999,I,TR,GDA94,MSL,GRS80,B,DEG,m,m,m,um,m,m,um,m,m,m,m,um,m,m,um,99999,99999,ELN,W98,99999,ELN,DFA,AUSGEOID98,GRS80,99999,99999,31-DEC-99,31-DEC-99,Comment is null
196955,1969551844.00,5714539,132.409675,-29.876419,240.520,236.775,-3.745,9792619.05,240.520,236.775,0.28,2.67,206.18,-62.21,217.77,-51.37,100.000,5.000,5.060,0.06,2.00,5.000,5.060,0.5,1,0,5,5,1,3,5,5,1,3,99999,I,TR,GDA94,MSL,GRS80,B,DEG,m,m,m,um,m,m,um,m,m,m,m,um,m,m,um,99999,99999,ELN,W98,99999,ELN,DFA,AUSGEOID98,GRS80,99999,99999,31-DEC-99,31-DEC-99,Comment is null
196955,1969551845.00,5543855,132.412508,-29.820752,215.040,211.438,-3.602,9792625.45,215.040,211.438,0.44,2.67,177.81,-61.87,188.95,-51.68,100.000,5.000,5.060,0.06,2.00,5.000,5.060,0.5,1,0,5,5,1,3,5,5,1,3,99999,I,TR,GDA94,MSL,GRS80,B,DEG,m,m,m,um,m,m,um,m,m,m,m,um,m,m,um,99999,99999,ELN,W98,99999,ELN,DFA,AUSGEOID98,GRS80,99999,99999,31-DEC-99,31-DEC-99,Comment is null
196955,1969551901.00,5543707,132.798499,-29.381912,159.620,157.948,-1.672,9792296.58,159.620,157.948,0.22,2.67,24.32,-154.76,29.46,-149.16,100.000,5.000,5.060,0.06,2.00,5.000,5.060,0.5,1,0,5,5,1,3,5,5,1,3,99999,I,TR,GDA94,MSL,GRS80,B,DEG,m,m,m,um,m,m,um,m,m,m,m,um,m,m,um,99999,99999,ELN,W98,99999,ELN,DFA,AUSGEOID98,GRS80,99999,99999,31-DEC-99,31-DEC-99,Comment is null
196955,1969551902.00,5543708,132.856831,-29.309745,201.990,200.582,-1.408,9792110.18,201.990,200.582,0.08,2.67,25.15,-202.24,29.50,-196.53,100.000,5.000,5.060,0.06,2.00,5.000,5.060,0.5,1,1,5,5,1,3,5,5,1,3,99999,I,TR,GDA94,MSL,GRS80,B,DEG,m,m,m,um,m,m,um,m,m,m,m,um,m,m,um,99999,99999,ELN,W98,99999,ELN,DFA,AUSGEOID98,GRS80,99999,99999,31-DEC-99,31-DEC-99,Comment is null
196955,1969551903.00,5915167,132.859663,-29.240245,210.160,208.957,-1.203,9792060.15,210.160,208.957,0.06,2.67,54.50,-182.37,58.22,-176.95,100.000,5.000,5.060,0.06,2.00,5.000,5.060,0.5,1,1,5,5,1,3,5,5,1,3,99999,I,TR,GDA94,MSL,GRS80,B,DEG,m,m,m,um,m,m,um,m,m,m,m,um,m,m,um,99999,99999,ELN,W98,99999,ELN,DFA,AUSGEOID98,GRS80,99999,99999,31-DEC-99,31-DEC-99,Comment is null
196955,1969551904.00,5543709,132.929162,-29.240244,202.140,201.117,-1.023,9792071.86,202.140,201.117,0.11,2.67,42.02,-185.97,45.18,-181.01,100.000,5.000,5.060,0.06,2.00,5.000,5.060,0.5,1,1,5,5,1,3,5,5,1,3,99999,I,TR,GDA94,MSL,GRS80,B,DEG,m,m,m,um,m,m,um,m,m,m,m,um,m,m,um,99999,99999,ELN,W98,99999,ELN,DFA,AUSGEOID98,GRS80,99999,99999,31-DEC-99,31-DEC-99,Comment is null
196955,1969551905.00,5694144,132.990161,-29.240243,196.230,195.368,-0.862,9792101.47,196.230,195.368,0.09,2.67,53.90,-167.58,56.56,-163.02,100.000,5.000,5.060,0.06,2.00,5.000,5.060,0.5,1,1,5,5,1,3,5,5,1,3,99999,I,TR,GDA94,MSL,GRS80,B,DEG,m,m,m,um,m,m,um,m,m,m,m,um,m,m,um,99999,99999,ELN,W98,99999,ELN,DFA,AUSGEOID98,GRS80,99999,99999,31-DEC-99,31-DEC-99,Comment is null
196955,1969551906.00,5543901,133.037495,-29.237409,186.720,185.990,-0.730,9792136.19,186.720,185.990,0.08,2.67,61.86,-148.99,64.11,-144.83,100.000,5.000,5.060,0.06,2.00,5.000,5.060,0.5,1,1,5,5,1,3,5,5,1,3,99999,I,TR,GDA94,MSL,GRS80,B,DEG,m,m,m,um,m,m,um,m,m,m,m,um,m,m,um,99999,99999,ELN,W98,99999,ELN,DFA,AUSGEOID98,GRS80,99999,99999,31-DEC-99,31-DEC-99,Comment is null
196955,1969551907.00,5543817,133.123494,-29.231908,190.260,189.784,-0.476,9792176.71,190.260,189.784,0.05,2.67,118.32,-96.83,119.79,-93.11,100.000,5.000,5.060,0.06,2.00,5.000,5.060,0.5,1,1,5,5,1,3,5,5,1,3,99999,I,TR,GDA94,MSL,GRS80,B,DEG,m,m,m,um,m,m,um,m,m,m,m,um,m,m,um,99999,99999,ELN,W98,99999,ELN,DFA,AUSGEOID98,GRS80,99999,99999,31-DEC-99,31-DEC-99,Comment is null
196955,1969551908.00,5759874,133.104161,-29.301408,172.090,171.323,-0.767,9792220.34,172.090,171.323,0.08,2.67,51.46,-142.78,53.81,-138.76,100.000,5.000,5.060,0.06,2.00,5.000,5.060,0.5,1,0,5,5,1,3,5,5,1,3,99999,I,TR,GDA94,MSL,GRS80,B,DEG,m,m,m,um,m,m,um,m,m,m,m,um,m,m,um,99999,99999,ELN,W98,99999,ELN,DFA,AUSGEOID98,GRS80,99999,99999,31-DEC-99,31-DEC-99,Comment is null
196955,1969551909.00,5543892,133.106829,-29.365243,173.950,173.015,-0.935,9792217.64,173.950,173.015,0.09,2.67,4.74,-191.42,7.61,-187.04,100.000,5.000,5.060,0.06,2.00,5.000,5.060,0.5,1,0,5,5,1,3,5,5,1,3,99999,I,TR,GDA94,MSL,GRS80,B,DEG,m,m,m,um,m,m,um,m,m,m,m,um,m,m,um,99999,99999,ELN,W98,99999,ELN,DFA,AUSGEOID98,GRS80,99999,99999,31-DEC-99,31-DEC-99,Comment is null
196955,1969551910.00,5543710,133.040162,-29.301409,198.090,197.165,-0.925,9792206.83,198.090,197.165,0.11,2.67,117.68,-105.83,120.54,-101.12,100.000,5.000,5.060,0.06,2.00,5.000,5.060,0.5,1,0,5,5,1,3,5,5,1,3,99999,I,TR,GDA94,MSL,GRS80,B,DEG,m,m,m,um,m,m,um,m,m,m,m,um,m,m,um,99999,99999,ELN,W98,99999,ELN,DFA,AUSGEOID98,GRS80,99999,99999,31-DEC-99,31-DEC-99,Comment is null
196955,1969551911.00,5543835,132.990162,-29.298577,196.350,195.318,-1.032,9792176.11,196.350,195.318,0.06,2.67,83.45,-137.97,86.63,-133.08,100.000,5.000,5.060,0.06,2.00,5.000,5.060,0.5,1,0,5,5,1,3,5,5,1,3,99999,I,TR,GDA94,MSL,GRS80,B,DEG,m,m,m,um,m,m,um,m,m,m,m,um,m,m,um,99999,99999,ELN,W98,99999,ELN,DFA,AUSGEOID98,GRS80,99999,99999,31-DEC-99,31-DEC-99,Comment is null
196955,1969551912.00,5705009,132.934663,-29.315244,199.030,197.810,-1.220,9792172.01,199.030,197.810,0.07,2.67,74.19,-150.06,77.95,-144.76,100.000,5.000,5.060,0.06,2.00,5.000,5.060,0.5,1,0,5,5,1,3,5,5,1,3,99999,I,TR,GDA94,MSL,GRS80,B,DEG,m,m,m,um,m,m,um,m,m,m,m,um,m,m,um,99999,99999,ELN,W98,99999,ELN,DFA,AUSGEOID98,GRS80,99999,99999,31-DEC-99,31-DEC-99,Comment is null
196955,1969551913.00,5543711,132.929164,-29.362411,200.740,199.440,-1.300,9792226.04,200.740,199.440,0.09,2.67,96.86,-129.23,100.87,-123.75,100.000,5.000,5.060,0.06,2.00,5.000,5.060,0.5,1,0,5,5,1,3,5,5,1,3,99999,I,TR,GDA94,MSL,GRS80,B,DEG,m,m,m,um,m,m,um,m,m,m,m,um,m,m,um,99999,99999,ELN,W98,99999,ELN,DFA,AUSGEOID98,GRS80,99999,99999,31-DEC-99,31-DEC-99,Comment is null
196955,1969551914.00,5543807,132.854164,-29.365245,177.120,175.626,-1.494,9792269.16,177.120,175.626,0.15,2.67,64.32,-134.79,68.92,-129.28,100.000,5.000,5.060,0.06,2.00,5.000,5.060,0.5,1,0,5,5,1,3,5,5,1,3,99999,I,TR,GDA94,MSL,GRS80,B,DEG,m,m,m,um,m,m,um,m,m,m,m,um,m,m,um,99999,99999,ELN,W98,99999,ELN,DFA,AUSGEOID98,GRS80,99999,99999,31-DEC-99,31-DEC-99,Comment is null
196955,1969551915.00,5543712,132.851332,-29.415246,162.890,161.288,-1.602,9792347.30,162.890,161.288,0.15,2.67,59.60,-123.26,64.53,-117.75,100.000,5.000,5.060,0.06,2.00,5.000,5.060,0.5,1,0,5,5,1,3,5,5,1,3,99999,I,TR,GDA94,MSL,GRS80,B,DEG,m,m,m,um,m,m,um,m,m,m,m,um,m,m,um,99999,99999,ELN,W98,99999,ELN,DFA,AUSGEOID98,GRS80,99999,99999,31-DEC-99,31-DEC-99,Comment is null
196955,1969551916.00,5543713,132.937498,-29.418078,197.690,196.286,-1.404,9792280.07,197.690,196.286,0.13,2.67,98.16,-124.35,102.50,-118.71,100.000,5.000,5.060,0.06,2.00,5.000,5.060,0.5,1,0,5,5,1,3,5,5,1,3,99999,I,TR,GDA94,MSL,GRS80,B,DEG,m,m,m,um,m,m,um,m,m,m,m,um,m,m,um,99999,99999,ELN,W98,99999,ELN,DFA,AUSGEOID98,GRS80,99999,99999,31-DEC-99,31-DEC-99,Comment is null
196955,1969551917.00,5543714,132.995831,-29.418077,185.410,184.121,-1.289,9792293.48,185.410,184.121,0.08,2.67,74.04,-134.70,78.01,-129.46,100.000,5.000,5.060,0.06,2.00,5.000,5.060,0.5,1,0,5,5,1,3,5,5,1,3,99999,I,TR,GDA94,MSL,GRS80,B,DEG,m,m,m,um,m,m,um,m,m,m,m,um,m,m,um,99999,99999,ELN,W98,99999,ELN,DFA,AUSGEOID98,GRS80,99999,99999,31-DEC-99,31-DEC-99,Comment is null
196955,1969551918.00,5543797,132.998497,-29.359744,186.660,185.518,-1.142,9792228.34,186.660,185.518,0.10,2.67,58.26,-152.06,61.78,-147.09,100.000,5.000,5.060,0.06,2.00,5.000,5.060,0.5,1,0,5,5,1,3,5,5,1,3,99999,I,TR,GDA94,MSL,GRS80,B,DEG,m,m,m,um,m,m,um,m,m,m,m,um,m,m,um,99999,99999,ELN,W98,99999,ELN,DFA,AUSGEOID98,GRS80,99999,99999,31-DEC-99,31-DEC-99,Comment is null
196955,1969551919.00,5875913,133.042997,-29.359743,191.660,190.608,-1.052,9792193.32,191.660,190.608,0.07,2.67,38.95,-177.14,42.19,-172.27,100.000,5.000,5.060,0.06,2.00,5.000,5.060,0.5,1,0,5,5,1,3,5,5,1,3,99999,I,TR,GDA94,MSL,GRS80,B,DEG,m,m,m,um,m,m,um,m,m,m,m,um,m,m,um,99999,99999,ELN,W98,99999,ELN,DFA,AUSGEOID98,GRS80,99999,99999,31-DEC-99,31-DEC-99,Comment is null
196955,1969551920.00,5543715,133.048497,-29.415244,168.740,167.549,-1.191,9792283.37,168.740,167.549,0.07,2.67,14.99,-174.97,18.65,-170.17,100.000,5.000,5.060,0.06,2.00,5.000,5.060,0.5,1,0,5,5,1,3,5,5,1,3,99999,I,TR,GDA94,MSL,GRS80,B,DEG,m,m,m,um,m,m,um,m,m,m,m,um,m,m,um,99999,99999,ELN,W98,99999,ELN,DFA,AUSGEOID98,GRS80,99999,99999,31-DEC-99,31-DEC-99,Comment is null
196955,1969551921.00,5543862,133.109663,-29.426409,160.360,159.239,-1.121,9792308.68,160.360,159.239,0.11,2.67,6.04,-174.50,9.47,-169.97,100.000,5.000,5.060,0.06,2.00,5.000,5.060,0.5,1,0,5,5,1,3,5,5,1,3,99999,I,TR,GDA94,MSL,GRS80,B,DEG,m,m,m,um,m,m,um,m,m,m,m,um,m,m,um,99999,99999,ELN,W98,99999,ELN,DFA,AUSGEOID98,GRS80,99999,99999,31-DEC-99,31-DEC-99,Comment is null
196955,1969551922.00,5543826,133.112497,-29.456909,170.320,169.104,-1.216,9792321.89,170.320,169.104,0.08,2.67,26.10,-165.62,29.84,-160.75,100.000,5.000,5.060,0.06,2.00,5.000,5.060,0.5,1,0,5,5,1,3,5,5,1,3,99999,I,TR,GDA94,MSL,GRS80,B,DEG,m,m,m,um,m,m,um,m,m,m,m,um,m,m,um,99999,99999,ELN,W98,99999,ELN,DFA,AUSGEOID98,GRS80,99999,99999,31-DEC-99,31-DEC-99,Comment is null
196955,1969551923.00,5543716,133.029164,-29.487410,171.970,170.539,-1.431,9792403.73,171.970,170.539,0.10,2.67,88.77,-104.57,93.18,-99.26,100.000,5.000,5.060,0.06,2.00,5.000,5.060,0.5,1,0,5,5,1,3,5,5,1,3,99999,I,TR,GDA94,MSL,GRS80,B,DEG,m,m,m,um,m,m,um,m,m,m,m,um,m,m,um,99999,99999,ELN,W98,99999,ELN,DFA,AUSGEOID98,GRS80,99999,99999,31-DEC-99,31-DEC-99,Comment is null
196955,1969551924.00,5685590,132.981832,-29.490245,178.550,177.042,-1.508,9792429.25,178.550,177.042,0.10,2.67,132.16,-68.56,136.80,-62.99,100.000,5.000,5.060,0.06,2.00,5.000,5.060,0.5,1,0,5,5,1,3,5,5,1,3,99999,I,TR,GDA94,MSL,GRS80,B,DEG,m,m,m,um,m,m,um,m,m,m,m,um,m,m,um,99999,99999,ELN,W98,99999,ELN,DFA,AUSGEOID98,GRS80,99999,99999,31-DEC-99,31-DEC-99,Comment is null
196955,1969551925.00,5543836,132.926332,-29.487411,189.370,187.777,-1.593,9792431.45,189.370,187.777,0.10,2.67,169.67,-43.20,174.59,-37.32,100.000,5.000,5.060,0.06,2.00,5.000,5.060,0.5,1,0,5,5,1,3,5,5,1,3,99999,I,TR,GDA94,MSL,GRS80,B,DEG,m,m,m,um,m,m,um,m,m,m,m,um,m,m,um,99999,99999,ELN,W98,99999,ELN,DFA,AUSGEOID98,GRS80,99999,99999,31-DEC-99,31-DEC-99,Comment is null
196955,1969551926.00,5543717,132.868000,-29.479079,170.690,168.999,-1.691,9792470.47,170.690,168.999,0.08,2.67,157.21,-34.40,162.41,-28.59,100.000,5.000,5.060,0.06,2.00,5.000,5.060,0.5,1,0,5,5,1,3,5,5,1,3,99999,I,TR,GDA94,MSL,GRS80,B,DEG,m,m,m,um,m,m,um,m,m,m,m,um,m,m,um,99999,99999,ELN,W98,99999,ELN,DFA,AUSGEOID98,GRS80,99999,99999,31-DEC-99,31-DEC-99,Comment is null
196955,1969551927.00,5947147,132.790166,-29.490247,154.350,152.450,-1.900,9792483.48,154.350,152.450,0.08,2.67,110.51,-62.34,116.35,-56.37,100.000,5.000,5.060,0.06,2.00,5.000,5.060,0.5,1,0,5,5,1,3,5,5,1,3,99999,I,TR,GDA94,MSL,GRS80,B,DEG,m,m,m,um,m,m,um,m,m,m,m,um,m,m,um,99999,99999,ELN,W98,99999,ELN,DFA,AUSGEOID98,GRS80,99999,99999,31-DEC-99,31-DEC-99,Comment is null
196955,1969551928.00,5543718,132.787500,-29.420746,159.010,157.233,-1.777,9792355.41,159.010,157.233,0.23,2.67,50.95,-127.32,56.41,-121.52,100.000,5.000,5.060,0.06,2.00,5.000,5.060,0.5,1,0,5,5,1,3,5,5,1,3,99999,I,TR,GDA94,MSL,GRS80,B,DEG,m,m,m,um,m,m,um,m,m,m,m,um,m,m,um,99999,99999,ELN,W98,99999,ELN,DFA,AUSGEOID98,GRS80,99999,99999,31-DEC-99,31-DEC-99,Comment is null
196955,1969551929.00,5543899,132.787498,-29.306912,213.850,212.275,-1.575,9792096.07,213.850,212.275,0.16,2.67,49.30,-191.33,54.17,-185.13,100.000,5.000,5.060,0.06,2.00,5.000,5.060,0.5,1,0,5,5,1,3,5,5,1,3,99999,I,TR,GDA94,MSL,GRS80,B,DEG,m,m,m,um,m,m,um,m,m,m,m,um,m,m,um,99999,99999,ELN,W98,99999,ELN,DFA,AUSGEOID98,GRS80,99999,99999,31-DEC-99,31-DEC-99,Comment is null
196955,1969551930.00,5543808,132.795830,-29.243078,210.160,208.789,-1.371,9792080.16,210.160,208.789,0.05,2.67,71.81,-164.87,76.05,-159.12,100.000,5.000,5.060,0.06,2.00,5.000,5.060,0.5,1,1,5,5,1,3,5,5,1,3,99999,I,TR,GDA94,MSL,GRS80,B,DEG,m,m,m,um,m,m,um,m,m,m,m,um,m,m,um,99999,99999,ELN,W98,99999,ELN,DFA,AUSGEOID98,GRS80,99999,99999,31-DEC-99,31-DEC-99,Comment is null
196955,1969551931.00,5970800,132.715164,-29.240246,208.510,206.933,-1.577,9792091.87,208.510,206.933,0.09,2.67,79.97,-154.61,84.85,-148.48,100.000,5.000,5.060,0.06,2.00,5.000,5.060,0.5,1,1,5,5,1,3,5,5,1,3,99999,I,TR,GDA94,MSL,GRS80,B,DEG,m,m,m,um,m,m,um,m,m,m,m,um,m,m,um,99999,99999,ELN,W98,99999,ELN,DFA,AUSGEOID98,GRS80,99999,99999,31-DEC-99,31-DEC-99,Comment is null
196955,1969551932.00,5543719,132.648499,-29.243080,222.350,220.584,-1.766,9792057.55,222.350,220.584,0.11,2.67,85.59,-164.45,91.06,-157.75,100.000,5.000,5.060,0.06,2.00,5.000,5.060,0.5,1,1,5,5,1,3,5,5,1,3,99999,I,TR,GDA94,MSL,GRS80,B,DEG,m,m,m,um,m,m,um,m,m,m,m,um,m,m,um,99999,99999,ELN,W98,99999,ELN,DFA,AUSGEOID98,GRS80,99999,99999,31-DEC-99,31-DEC-99,Comment is null
196955,1969551933.00,5543720,132.592999,-29.243080,209.400,207.480,-1.920,9792057.95,209.400,207.480,0.15,2.67,45.56,-189.64,51.49,-182.82,100.000,5.000,5.060,0.06,2.00,5.000,5.060,0.5,1,1,5,5,1,3,5,5,1,3,99999,I,TR,GDA94,MSL,GRS80,B,DEG,m,m,m,um,m,m,um,m,m,m,m,um,m,m,um,99999,99999,ELN,W98,99999,ELN,DFA,AUSGEOID98,GRS80,99999,99999,31-DEC-99,31-DEC-99,Comment is null
196955,1969551934.00,5777770,132.517999,-29.231914,235.310,233.209,-2.101,9792021.63,235.310,233.209,0.09,2.67,97.22,-167.13,103.73,-159.58,100.000,5.000,5.060,0.06,2.00,5.000,5.060,0.5,1,1,5,5,1,3,5,5,1,3,99999,I,TR,GDA94,MSL,GRS80,B,DEG,m,m,m,um,m,m,um,m,m,m,m,um,m,m,um,99999,99999,ELN,W98,99999,ELN,DFA,AUSGEOID98,GRS80,99999,99999,31-DEC-99,31-DEC-99,Comment is null
196955,1969551935.00,5543721,132.520833,-29.309748,228.630,226.358,-2.272,9792071.46,228.630,226.358,0.07,2.67,65.95,-190.63,72.98,-182.85,100.000,5.000,5.060,0.06,2.00,5.000,5.060,0.5,1,1,5,5,1,3,5,5,1,3,99999,I,TR,GDA94,MSL,GRS80,B,DEG,m,m,m,um,m,m,um,m,m,m,m,um,m,m,um,99999,99999,ELN,W98,99999,ELN,DFA,AUSGEOID98,GRS80,99999,99999,31-DEC-99,31-DEC-99,Comment is null
196955,1969551936.00,5543722,132.529167,-29.362415,216.410,214.062,-2.348,9792162.11,216.410,214.062,0.08,2.67,78.03,-164.62,85.29,-156.87,100.000,5.000,5.060,0.06,2.00,5.000,5.060,0.5,1,1,5,5,1,3,5,5,1,3,99999,I,TR,GDA94,MSL,GRS80,B,DEG,m,m,m,um,m,m,um,m,m,m,m,um,m,m,um,99999,99999,ELN,W98,99999,ELN,DFA,AUSGEOID98,GRS80,99999,99999,31-DEC-99,31-DEC-99,Comment is null
196955,1969551937.00,5543837,132.604166,-29.304080,224.300,222.257,-2.043,9792105.48,224.300,222.257,0.14,2.67,91.69,-160.25,98.01,-152.98,100.000,5.000,5.060,0.06,2.00,5.000,5.060,0.5,1,1,5,5,1,3,5,5,1,3,99999,I,TR,GDA94,MSL,GRS80,B,DEG,m,m,m,um,m,m,um,m,m,m,m,um,m,m,um,99999,99999,ELN,W98,99999,ELN,DFA,AUSGEOID98,GRS80,99999,99999,31-DEC-99,31-DEC-99,Comment is null
196955,1969551938.00,5831446,132.656832,-29.304080,188.700,186.793,-1.907,9792143.00,188.700,186.793,0.11,2.67,19.79,-191.98,25.67,-185.49,100.000,5.000,5.060,0.06,2.00,5.000,5.060,0.5,1,1,5,5,1,3,5,5,1,3,99999,I,TR,GDA94,MSL,GRS80,B,DEG,m,m,m,um,m,m,um,m,m,m,m,um,m,m,um,99999,99999,ELN,W98,99999,ELN,DFA,AUSGEOID98,GRS80,99999,99999,31-DEC-99,31-DEC-99,Comment is null
196955,1969551939.00,5707368,132.709665,-29.298579,197.240,195.486,-1.754,9792148.20,197.240,195.486,0.11,2.67,56.05,-165.56,61.46,-159.25,100.000,5.000,5.060,0.06,2.00,5.000,5.060,0.5,1,1,5,5,1,3,5,5,1,3,99999,I,TR,GDA94,MSL,GRS80,B,DEG,m,m,m,um,m,m,um,m,m,m,m,um,m,m,um,99999,99999,ELN,W98,99999,ELN,DFA,AUSGEOID98,GRS80,99999,99999,31-DEC-99,31-DEC-99,Comment is null
196955,1969551940.00,5543723,132.715165,-29.362413,203.510,201.651,-1.859,9792137.09,203.510,201.651,0.26,2.67,14.73,-213.87,20.47,-207.25,100.000,5.000,5.060,0.06,2.00,5.000,5.060,0.5,1,0,5,5,1,3,5,5,1,3,99999,I,TR,GDA94,MSL,GRS80,B,DEG,m,m,m,um,m,m,um,m,m,m,m,um,m,m,um,99999,99999,ELN,W98,99999,ELN,DFA,AUSGEOID98,GRS80,99999,99999,31-DEC-99,31-DEC-99,Comment is null
196955,1969551941.00,5543724,132.648500,-29.365247,214.120,212.079,-2.041,9792124.29,214.120,212.079,0.08,2.67,31.91,-208.50,38.22,-201.38,100.000,5.000,5.060,0.06,2.00,5.000,5.060,0.5,1,0,5,5,1,3,5,5,1,3,99999,I,TR,GDA94,MSL,GRS80,B,DEG,m,m,m,um,m,m,um,m,m,m,m,um,m,m,um,99999,99999,ELN,W98,99999,ELN,DFA,AUSGEOID98,GRS80,99999,99999,31-DEC-99,31-DEC-99,Comment is null
196955,1969551942.00,5953351,132.593001,-29.365248,213.150,210.964,-2.186,9792177.41,213.150,210.964,0.10,2.67,81.60,-157.55,88.36,-150.16,100.000,5.000,5.060,0.06,2.00,5.000,5.060,0.5,1,1,5,5,1,3,5,5,1,3,99999,I,TR,GDA94,MSL,GRS80,B,DEG,m,m,m,um,m,m,um,m,m,m,m,um,m,m,um,99999,99999,ELN,W98,99999,ELN,DFA,AUSGEOID98,GRS80,99999,99999,31-DEC-99,31-DEC-99,Comment is null
196955,1969551943.00,5543725,132.593001,-29.415248,206.410,204.105,-2.305,9792193.02,206.410,204.105,0.14,2.67,37.43,-193.95,44.55,-186.42,100.000,5.000,5.060,0.06,2.00,5.000,5.060,0.5,1,0,5,5,1,3,5,5,1,3,99999,I,TR,GDA94,MSL,GRS80,B,DEG,m,m,m,um,m,m,um,m,m,m,m,um,m,m,um,99999,99999,ELN,W98,99999,ELN,DFA,AUSGEOID98,GRS80,99999,99999,31-DEC-99,31-DEC-99,Comment is null
196955,1969551944.00,5709808,132.531835,-29.420749,221.320,218.840,-2.480,9792162.11,221.320,218.840,0.12,2.67,47.72,-200.34,55.40,-192.26,100.000,5.000,5.060,0.06,2.00,5.000,5.060,0.5,1,0,5,5,1,3,5,5,1,3,99999,I,TR,GDA94,MSL,GRS80,B,DEG,m,m,m,um,m,m,um,m,m,m,m,um,m,m,um,99999,99999,ELN,W98,99999,ELN,DFA,AUSGEOID98,GRS80,99999,99999,31-DEC-99,31-DEC-99,Comment is null
196955,1969551945.00,5543726,132.540169,-29.493082,236.710,234.095,-2.615,9792189.82,236.710,234.095,0.23,2.67,66.56,-198.78,74.66,-190.21,100.000,5.000,5.060,0.06,2.00,5.000,5.060,0.5,1,0,5,5,1,3,5,5,1,3,99999,I,TR,GDA94,MSL,GRS80,B,DEG,m,m,m,um,m,m,um,m,m,m,m,um,m,m,um,99999,99999,ELN,W98,99999,ELN,DFA,AUSGEOID98,GRS80,99999,99999,31-DEC-99,31-DEC-99,Comment is null
196955,1969551946.00,5543727,132.593002,-29.487415,221.350,218.893,-2.457,9792215.43,221.350,218.893,0.20,2.67,49.66,-198.47,57.26,-190.43,100.000,5.000,5.060,0.06,2.00,5.000,5.060,0.5,1,0,5,5,1,3,5,5,1,3,99999,I,TR,GDA94,MSL,GRS80,B,DEG,m,m,m,um,m,m,um,m,m,m,m,um,m,m,um,99999,99999,ELN,W98,99999,ELN,DFA,AUSGEOID98,GRS80,99999,99999,31-DEC-99,31-DEC-99,Comment is null
196955,1969551947.00,5831460,132.654168,-29.479081,196.990,194.726,-2.264,9792294.18,196.990,194.726,0.08,2.67,60.29,-160.46,67.28,-153.15,100.000,5.000,5.060,0.06,2.00,5.000,5.060,0.5,1,0,5,5,1,3,5,5,1,3,99999,I,TR,GDA94,MSL,GRS80,B,DEG,m,m,m,um,m,m,um,m,m,m,m,um,m,m,um,99999,99999,ELN,W98,99999,ELN,DFA,AUSGEOID98,GRS80,99999,99999,31-DEC-99,31-DEC-99,Comment is null
196955,1969551948.00,5543967,132.659667,-29.434748,210.530,208.367,-2.163,9792187.92,210.530,208.367,0.11,2.67,30.41,-205.80,37.09,-198.49,100.000,5.000,5.060,0.06,2.00,5.000,5.060,0.5,1,0,5,5,1,3,5,5,1,3,99999,I,TR,GDA94,MSL,GRS80,B,DEG,m,m,m,um,m,m,um,m,m,m,m,um,m,m,um,99999,99999,ELN,W98,99999,ELN,DFA,AUSGEOID98,GRS80,99999,99999,31-DEC-99,31-DEC-99,Comment is null
196955,1969551949.00,5543968,132.723501,-29.487413,184.460,182.385,-2.075,9792406.14,184.460,182.385,0.13,2.67,127.72,-79.05,134.12,-72.29,100.000,5.000,5.060,0.06,2.00,5.000,5.060,0.5,1,0,5,5,1,3,5,5,1,3,99999,I,TR,GDA94,MSL,GRS80,B,DEG,m,m,m,um,m,m,um,m,m,m,m,um,m,m,um,99999,99999,ELN,W98,99999,ELN,DFA,AUSGEOID98,GRS80,99999,99999,31-DEC-99,31-DEC-99,Comment is null
196955,1969551950.00,5543803,132.720833,-29.418080,229.180,227.224,-1.956,9792192.22,229.180,227.224,0.22,2.67,105.77,-151.80,111.83,-144.62,100.000,5.000,5.060,0.06,2.00,5.000,5.060,0.5,1,0,5,5,1,3,5,5,1,3,99999,I,TR,GDA94,MSL,GRS80,B,DEG,m,m,m,um,m,m,um,m,m,m,m,um,m,m,um,99999,99999,ELN,W98,99999,ELN,DFA,AUSGEOID98,GRS80,99999,99999,31-DEC-99,31-DEC-99,Comment is null
196955,1969552001.00,5863917,132.795828,-29.056910,212.540,211.539,-1.001,9791917.88,212.540,211.539,0.11,2.67,61.05,-178.75,64.14,-173.69,100.000,5.000,5.060,0.06,2.00,5.000,5.060,0.5,1,1,5,5,1,3,5,5,1,3,99999,I,TR,GDA94,MSL,GRS80,B,DEG,m,m,m,um,m,m,um,m,m,m,m,um,m,m,um,99999,99999,ELN,W98,99999,ELN,DFA,AUSGEOID98,GRS80,99999,99999,31-DEC-99,31-DEC-99,Comment is null
196955,1969552002.00,5543969,132.854160,-29.009743,216.870,216.125,-0.745,9791872.85,216.870,216.125,0.05,2.67,66.32,-178.68,68.63,-174.05,100.000,5.000,5.060,0.06,2.00,5.000,5.060,0.5,1,1,5,5,1,3,5,5,1,3,99999,I,TR,GDA94,MSL,GRS80,B,DEG,m,m,m,um,m,m,um,m,m,m,m,um,m,m,um,99999,99999,ELN,W98,99999,ELN,DFA,AUSGEOID98,GRS80,99999,99999,31-DEC-99,31-DEC-99,Comment is null
196955,1969552003.00,5543791,132.920826,-29.006909,209.340,208.792,-0.548,9791900.47,209.340,208.792,0.09,2.67,73.48,-163.21,75.18,-159.07,100.000,5.000,5.060,0.06,2.00,5.000,5.060,0.5,1,1,5,5,1,3,5,5,1,3,99999,I,TR,GDA94,MSL,GRS80,B,DEG,m,m,m,um,m,m,um,m,m,m,m,um,m,m,um,99999,99999,ELN,W98,99999,ELN,DFA,AUSGEOID98,GRS80,99999,99999,31-DEC-99,31-DEC-99,Comment is null
196955,1969552004.00,5543907,132.976326,-29.009742,206.380,205.984,-0.396,9791920.28,206.380,205.984,0.05,2.67,82.45,-151.05,83.68,-147.26,100.000,5.000,5.060,0.06,2.00,5.000,5.060,0.5,1,1,5,5,1,3,5,5,1,3,99999,I,TR,GDA94,MSL,GRS80,B,DEG,m,m,m,um,m,m,um,m,m,m,m,um,m,m,um,99999,99999,ELN,W98,99999,ELN,DFA,AUSGEOID98,GRS80,99999,99999,31-DEC-99,31-DEC-99,Comment is null
196955,1969552006.00,5777774,133.095824,-28.998574,200.500,200.457,-0.043,9791893.86,200.500,200.457,0.03,2.67,47.54,-179.70,47.67,-176.68,100.000,5.000,5.060,0.06,2.00,5.000,5.060,0.5,1,1,5,5,1,3,5,5,1,3,99999,I,TR,GDA94,MSL,GRS80,B,DEG,m,m,m,um,m,m,um,m,m,m,m,um,m,m,um,99999,99999,ELN,W98,99999,ELN,DFA,AUSGEOID98,GRS80,99999,99999,31-DEC-99,31-DEC-99,Comment is null
196955,1969552007.00,5543970,133.184657,-29.001406,194.550,194.750,0.200,9791932.49,194.550,194.750,0.07,2.67,66.38,-154.39,65.76,-151.94,100.000,5.000,5.060,0.06,2.00,5.000,5.060,0.5,1,1,5,5,1,3,5,5,1,3,99999,I,TR,GDA94,MSL,GRS80,B,DEG,m,m,m,um,m,m,um,m,m,m,m,um,m,m,um,99999,99999,ELN,W98,99999,ELN,DFA,AUSGEOID98,GRS80,99999,99999,31-DEC-99,31-DEC-99,Comment is null
196955,1969552008.00,5543971,133.106825,-29.056907,201.080,200.951,-0.129,9791947.69,201.080,200.951,0.05,2.67,58.20,-169.61,58.60,-166.41,100.000,5.000,5.060,0.06,2.00,5.000,5.060,0.5,1,1,5,5,1,3,5,5,1,3,99999,I,TR,GDA94,MSL,GRS80,B,DEG,m,m,m,um,m,m,um,m,m,m,m,um,m,m,um,99999,99999,ELN,W98,99999,ELN,DFA,AUSGEOID98,GRS80,99999,99999,31-DEC-99,31-DEC-99,Comment is null
196955,1969552009.00,5543972,133.034659,-29.059742,205.160,204.818,-0.342,9791933.89,205.160,204.818,0.04,2.67,54.15,-178.04,55.21,-174.37,100.000,5.000,5.060,0.06,2.00,5.000,5.060,0.5,1,1,5,5,1,3,5,5,1,3,99999,I,TR,GDA94,MSL,GRS80,B,DEG,m,m,m,um,m,m,um,m,m,m,m,um,m,m,um,99999,99999,ELN,W98,99999,ELN,DFA,AUSGEOID98,GRS80,99999,99999,31-DEC-99,31-DEC-99,Comment is null
196955,1969552010.00,5543973,132.979159,-29.062409,202.910,202.407,-0.503,9791939.49,202.910,202.407,0.04,2.67,50.26,-179.19,51.82,-175.24,100.000,5.000,5.060,0.06,2.00,5.000,5.060,0.5,1,1,5,5,1,3,5,5,1,3,99999,I,TR,GDA94,MSL,GRS80,B,DEG,m,m,m,um,m,m,um,m,m,m,m,um,m,m,um,99999,99999,ELN,W98,99999,ELN,DFA,AUSGEOID98,GRS80,99999,99999,31-DEC-99,31-DEC-99,Comment is null
196955,1969552011.00,5543974,132.923494,-29.056909,214.760,214.113,-0.647,9791915.68,214.760,214.113,0.04,2.67,66.79,-175.93,68.79,-171.52,100.000,5.000,5.060,0.06,2.00,5.000,5.060,0.5,1,1,5,5,1,3,5,5,1,3,99999,I,TR,GDA94,MSL,GRS80,B,DEG,m,m,m,um,m,m,um,m,m,m,m,um,m,m,um,99999,99999,ELN,W98,99999,ELN,DFA,AUSGEOID98,GRS80,99999,99999,31-DEC-99,31-DEC-99,Comment is null
196955,1969552012.00,5947157,132.854160,-29.054077,224.760,223.925,-0.835,9791893.26,224.760,223.925,0.17,2.67,76.82,-177.01,79.41,-172.09,100.000,5.000,5.060,0.06,2.00,5.000,5.060,0.5,1,1,5,5,1,3,5,5,1,3,99999,I,TR,GDA94,MSL,GRS80,B,DEG,m,m,m,um,m,m,um,m,m,m,m,um,m,m,um,99999,99999,ELN,W98,99999,ELN,DFA,AUSGEOID98,GRS80,99999,99999,31-DEC-99,31-DEC-99,Comment is null
196955,1969552013.00,5837843,132.845828,-29.112410,205.470,204.504,-0.966,9791963.60,205.470,204.504,0.18,2.67,42.48,-189.35,45.47,-184.45,100.000,5.000,5.060,0.06,2.00,5.000,5.060,0.5,1,1,5,5,1,3,5,5,1,3,99999,I,TR,GDA94,MSL,GRS80,B,DEG,m,m,m,um,m,m,um,m,m,m,m,um,m,m,um,99999,99999,ELN,W98,99999,ELN,DFA,AUSGEOID98,GRS80,99999,99999,31-DEC-99,31-DEC-99,Comment is null
196955,1969552014.00,5900063,132.926327,-29.112409,204.220,203.476,-0.744,9791974.11,204.220,203.476,0.07,2.67,49.82,-180.85,52.12,-176.40,100.000,5.000,5.060,0.06,2.00,5.000,5.060,0.5,1,1,5,5,1,3,5,5,1,3,99999,I,TR,GDA94,MSL,GRS80,B,DEG,m,m,m,um,m,m,um,m,m,m,m,um,m,m,um,99999,99999,ELN,W98,99999,ELN,DFA,AUSGEOID98,GRS80,99999,99999,31-DEC-99,31-DEC-99,Comment is null
196955,1969552015.00,5543975,132.987494,-29.115243,209.030,208.449,-0.581,9791974.51,209.030,208.449,0.05,2.67,63.39,-172.91,65.19,-168.72,100.000,5.000,5.060,0.06,2.00,5.000,5.060,0.5,1,1,5,5,1,3,5,5,1,3,99999,I,TR,GDA94,MSL,GRS80,B,DEG,m,m,m,um,m,m,um,m,m,m,m,um,m,m,um,99999,99999,ELN,W98,99999,ELN,DFA,AUSGEOID98,GRS80,99999,99999,31-DEC-99,31-DEC-99,Comment is null
196955,1969552016.00,5543910,133.042993,-29.118075,205.220,204.790,-0.430,9792015.23,205.220,204.790,0.14,2.67,90.64,-141.51,91.98,-137.66,100.000,5.000,5.060,0.06,2.00,5.000,5.060,0.5,1,1,5,5,1,3,5,5,1,3,99999,I,TR,GDA94,MSL,GRS80,B,DEG,m,m,m,um,m,m,um,m,m,m,m,um,m,m,um,99999,99999,ELN,W98,99999,ELN,DFA,AUSGEOID98,GRS80,99999,99999,31-DEC-99,31-DEC-99,Comment is null
196955,1969552017.00,5543976,133.101326,-29.120742,189.800,189.539,-0.261,9792097.37,189.800,189.539,0.09,2.67,123.68,-91.19,124.48,-87.90,100.000,5.000,5.060,0.06,2.00,5.000,5.060,0.5,1,1,5,5,1,3,5,5,1,3,99999,I,TR,GDA94,MSL,GRS80,B,DEG,m,m,m,um,m,m,um,m,m,m,m,um,m,m,um,99999,99999,ELN,W98,99999,ELN,DFA,AUSGEOID98,GRS80,99999,99999,31-DEC-99,31-DEC-99,Comment is null
196955,1969552018.00,5543866,133.101327,-29.179075,184.950,184.554,-0.396,9792109.08,184.950,184.554,0.07,2.67,75.19,-134.03,76.41,-130.55,100.000,5.000,5.060,0.06,2.00,5.000,5.060,0.5,1,1,5,5,1,3,5,5,1,3,99999,I,TR,GDA94,MSL,GRS80,B,DEG,m,m,m,um,m,m,um,m,m,m,m,um,m,m,um,99999,99999,ELN,W98,99999,ELN,DFA,AUSGEOID98,GRS80,99999,99999,31-DEC-99,31-DEC-99,Comment is null
196955,1969552019.00,5543792,133.040160,-29.181909,190.930,190.346,-0.584,9792044.04,190.930,190.346,0.05,2.67,25.85,-189.94,27.65,-186.00,100.000,5.000,5.060,0.06,2.00,5.000,5.060,0.5,1,1,5,5,1,3,5,5,1,3,99999,I,TR,GDA94,MSL,GRS80,B,DEG,m,m,m,um,m,m,um,m,m,m,m,um,m,m,um,99999,99999,ELN,W98,99999,ELN,DFA,AUSGEOID98,GRS80,99999,99999,31-DEC-99,31-DEC-99,Comment is null
196955,1969552020.00,5543977,132.990161,-29.176409,194.040,193.330,-0.710,9792082.46,194.040,193.330,0.07,2.67,77.70,-141.46,79.89,-137.24,100.000,5.000,5.060,0.06,2.00,5.000,5.060,0.5,1,1,5,5,1,3,5,5,1,3,99999,I,TR,GDA94,MSL,GRS80,B,DEG,m,m,m,um,m,m,um,m,m,m,m,um,m,m,um,99999,99999,ELN,W98,99999,ELN,DFA,AUSGEOID98,GRS80,99999,99999,31-DEC-99,31-DEC-99,Comment is null
196955,1969552021.00,5543978,132.931828,-29.170744,211.290,210.436,-0.854,9792050.45,211.290,210.436,0.13,2.67,102.82,-135.73,105.47,-130.97,100.000,5.000,5.060,0.06,2.00,5.000,5.060,0.5,1,1,5,5,1,3,5,5,1,3,99999,I,TR,GDA94,MSL,GRS80,B,DEG,m,m,m,um,m,m,um,m,m,m,m,um,m,m,um,99999,99999,ELN,W98,99999,ELN,DFA,AUSGEOID98,GRS80,99999,99999,31-DEC-99,31-DEC-99,Comment is null
196955,1969552022.00,5543979,132.856829,-29.170744,208.330,207.275,-1.055,9792025.73,208.330,207.275,0.11,2.67,68.36,-166.61,71.62,-161.50,100.000,5.000,5.060,0.06,2.00,5.000,5.060,0.5,1,1,5,5,1,3,5,5,1,3,99999,I,TR,GDA94,MSL,GRS80,B,DEG,m,m,m,um,m,m,um,m,m,m,m,um,m,m,um,99999,99999,ELN,W98,99999,ELN,DFA,AUSGEOID98,GRS80,99999,99999,31-DEC-99,31-DEC-99,Comment is null
196955,1969552023.00,5543980,132.792995,-29.106911,223.480,222.382,-1.098,9791933.59,223.480,222.382,0.06,2.67,71.85,-180.23,75.25,-174.82,100.000,5.000,5.060,0.06,2.00,5.000,5.060,0.5,1,1,5,5,1,3,5,5,1,3,99999,I,TR,GDA94,MSL,GRS80,B,DEG,m,m,m,um,m,m,um,m,m,m,m,um,m,m,um,99999,99999,ELN,W98,99999,ELN,DFA,AUSGEOID98,GRS80,99999,99999,31-DEC-99,31-DEC-99,Comment is null
196955,1969552024.00,5968366,132.784662,-29.173578,225.700,224.450,-1.250,9791980.51,225.700,224.450,0.08,2.67,73.94,-180.48,77.82,-174.74,100.000,5.000,5.060,0.06,2.00,5.000,5.060,0.5,1,1,5,5,1,3,5,5,1,3,99999,I,TR,GDA94,MSL,GRS80,B,DEG,m,m,m,um,m,m,um,m,m,m,m,um,m,m,um,99999,99999,ELN,W98,99999,ELN,DFA,AUSGEOID98,GRS80,99999,99999,31-DEC-99,31-DEC-99,Comment is null
196955,1969552025.00,5543981,132.717997,-29.170746,221.960,220.539,-1.421,9792002.72,221.960,220.539,0.05,2.67,86.27,-163.73,90.67,-157.71,100.000,5.000,5.060,0.06,2.00,5.000,5.060,0.5,1,1,5,5,1,3,5,5,1,3,99999,I,TR,GDA94,MSL,GRS80,B,DEG,m,m,m,um,m,m,um,m,m,m,m,um,m,m,um,99999,99999,ELN,W98,99999,ELN,DFA,AUSGEOID98,GRS80,99999,99999,31-DEC-99,31-DEC-99,Comment is null
196955,1969552026.00,5543804,132.659663,-29.170746,230.670,229.088,-1.582,9791971.81,230.670,229.088,0.11,2.67,81.73,-177.95,86.63,-171.49,100.000,5.000,5.060,0.06,2.00,5.000,5.060,0.5,1,1,5,5,1,3,5,5,1,3,99999,I,TR,GDA94,MSL,GRS80,B,DEG,m,m,m,um,m,m,um,m,m,m,m,um,m,m,um,99999,99999,ELN,W98,99999,ELN,DFA,AUSGEOID98,GRS80,99999,99999,31-DEC-99,31-DEC-99,Comment is null
196955,1969552027.00,5543982,132.598498,-29.165247,236.710,234.967,-1.743,9791949.19,236.710,234.967,0.08,2.67,81.48,-184.86,86.88,-177.99,100.000,5.000,5.060,0.06,2.00,5.000,5.060,0.5,1,1,5,5,1,3,5,5,1,3,99999,I,TR,GDA94,MSL,GRS80,B,DEG,m,m,m,um,m,m,um,m,m,m,m,um,m,m,um,99999,99999,ELN,W98,99999,ELN,DFA,AUSGEOID98,GRS80,99999,99999,31-DEC-99,31-DEC-99,Comment is null
196955,1969552028.00,5759882,132.520832,-29.168081,219.210,217.241,-1.969,9791996.52,219.210,217.241,0.06,2.67,71.94,-174.32,78.03,-167.27,100.000,5.000,5.060,0.06,2.00,5.000,5.060,0.5,1,1,5,5,1,3,5,5,1,3,99999,I,TR,GDA94,MSL,GRS80,B,DEG,m,m,m,um,m,m,um,m,m,m,m,um,m,m,um,99999,99999,ELN,W98,99999,ELN,DFA,AUSGEOID98,GRS80,99999,99999,31-DEC-99,31-DEC-99,Comment is null
196955,1969552029.00,5543983,132.531831,-29.112413,218.240,216.407,-1.833,9791966.40,218.240,216.407,0.13,2.67,82.01,-163.31,87.68,-156.53,100.000,5.000,5.060,0.06,2.00,5.000,5.060,0.5,1,1,5,5,1,3,5,5,1,3,99999,I,TR,GDA94,MSL,GRS80,B,DEG,m,m,m,um,m,m,um,m,m,m,m,um,m,m,um,99999,99999,ELN,W98,99999,ELN,DFA,AUSGEOID98,GRS80,99999,99999,31-DEC-99,31-DEC-99,Comment is null
196955,1969552030.00,5777773,132.590163,-29.112413,231.530,229.864,-1.666,9791909.87,231.530,229.864,0.09,2.67,67.00,-193.56,72.16,-186.92,100.000,5.000,5.060,0.06,2.00,5.000,5.060,0.5,1,1,5,5,1,3,5,5,1,3,99999,I,TR,GDA94,MSL,GRS80,B,DEG,m,m,m,um,m,m,um,m,m,m,m,um,m,m,um,99999,99999,ELN,W98,99999,ELN,DFA,AUSGEOID98,GRS80,99999,99999,31-DEC-99,31-DEC-99,Comment is null
196955,1969552031.00,5543794,132.656830,-29.112412,248.380,246.903,-1.477,9791877.36,248.380,246.903,0.09,2.67,87.05,-192.80,91.64,-186.29,100.000,5.000,5.060,0.06,2.00,5.000,5.060,0.5,1,1,5,5,1,3,5,5,1,3,99999,I,TR,GDA94,MSL,GRS80,B,DEG,m,m,m,um,m,m,um,m,m,m,m,um,m,m,um,99999,99999,ELN,W98,99999,ELN,DFA,AUSGEOID98,GRS80,99999,99999,31-DEC-99,31-DEC-99,Comment is null
196955,1969552032.00,5543984,132.717996,-29.112411,228.360,227.051,-1.309,9791931.78,228.360,227.051,0.04,2.67,80.23,-177.14,84.29,-171.24,100.000,5.000,5.060,0.06,2.00,5.000,5.060,0.5,1,1,5,5,1,3,5,5,1,3,99999,I,TR,GDA94,MSL,GRS80,B,DEG,m,m,m,um,m,m,um,m,m,m,m,um,m,m,um,99999,99999,ELN,W98,99999,ELN,DFA,AUSGEOID98,GRS80,99999,99999,31-DEC-99,31-DEC-99,Comment is null
196955,1969552033.00,5543793,132.717996,-29.059745,233.750,232.527,-1.223,9791880.56,233.750,232.527,0.08,2.67,86.31,-177.27,90.10,-171.46,100.000,5.000,5.060,0.06,2.00,5.000,5.060,0.5,1,1,5,5,1,3,5,5,1,3,99999,I,TR,GDA94,MSL,GRS80,B,DEG,m,m,m,um,m,m,um,m,m,m,m,um,m,m,um,99999,99999,ELN,W98,99999,ELN,DFA,AUSGEOID98,GRS80,99999,99999,31-DEC-99,31-DEC-99,Comment is null
196955,1969552034.00,5543985,132.654162,-29.056912,238.840,237.449,-1.391,9791845.64,238.840,237.449,0.18,2.67,68.75,-200.40,73.07,-194.20,100.000,5.000,5.060,0.06,2.00,5.000,5.060,0.5,1,1,5,5,1,3,5,5,1,3,99999,I,TR,GDA94,MSL,GRS80,B,DEG,m,m,m,um,m,m,um,m,m,m,m,um,m,m,um,99999,99999,ELN,W98,99999,ELN,DFA,AUSGEOID98,GRS80,99999,99999,31-DEC-99,31-DEC-99,Comment is null
196955,1969552035.00,5543986,132.601330,-29.059746,227.440,225.899,-1.541,9791902.27,227.440,225.899,0.05,2.67,87.57,-168.50,92.34,-162.16,100.000,5.000,5.060,0.06,2.00,5.000,5.060,0.5,1,1,5,5,1,3,5,5,1,3,99999,I,TR,GDA94,MSL,GRS80,B,DEG,m,m,m,um,m,m,um,m,m,m,m,um,m,m,um,99999,99999,ELN,W98,99999,ELN,DFA,AUSGEOID98,GRS80,99999,99999,31-DEC-99,31-DEC-99,Comment is null
196955,1969552036.00,5863924,132.515163,-29.059747,217.170,215.385,-1.785,9791904.17,217.170,215.385,0.10,2.67,57.03,-187.13,62.55,-180.46,100.000,5.000,5.060,0.06,2.00,5.000,5.060,0.5,1,1,5,5,1,3,5,5,1,3,99999,I,TR,GDA94,MSL,GRS80,B,DEG,m,m,m,um,m,m,um,m,m,m,m,um,m,m,um,99999,99999,ELN,W98,99999,ELN,DFA,AUSGEOID98,GRS80,99999,99999,31-DEC-99,31-DEC-99,Comment is null
196955,1969552037.00,5543987,132.529162,-29.001413,221.040,219.406,-1.634,9791904.97,221.040,219.406,0.14,2.67,114.94,-133.77,119.99,-127.35,100.000,5.000,5.060,0.06,2.00,5.000,5.060,0.5,1,1,5,5,1,3,5,5,1,3,99999,I,TR,GDA94,MSL,GRS80,B,DEG,m,m,m,um,m,m,um,m,m,m,m,um,m,m,um,99999,99999,ELN,W98,99999,ELN,DFA,AUSGEOID98,GRS80,99999,99999,31-DEC-99,31-DEC-99,Comment is null
196955,1969552038.00,5831452,132.584662,-29.004079,242.160,240.675,-1.485,9791811.42,242.160,240.675,0.08,2.67,84.97,-187.83,89.58,-181.40,100.000,5.000,5.060,0.06,2.00,5.000,5.060,0.5,1,1,5,5,1,3,5,5,1,3,99999,I,TR,GDA94,MSL,GRS80,B,DEG,m,m,m,um,m,m,um,m,m,m,m,um,m,m,um,99999,99999,ELN,W98,99999,ELN,DFA,AUSGEOID98,GRS80,99999,99999,31-DEC-99,31-DEC-99,Comment is null
196955,1969552039.00,5863921,132.651328,-29.004078,222.380,221.073,-1.307,9791836.83,222.380,221.073,0.06,2.67,49.90,-200.69,53.95,-194.89,100.000,5.000,5.060,0.06,2.00,5.000,5.060,0.5,1,1,5,5,1,3,5,5,1,3,99999,I,TR,GDA94,MSL,GRS80,B,DEG,m,m,m,um,m,m,um,m,m,m,m,um,m,m,um,99999,99999,ELN,W98,99999,ELN,DFA,AUSGEOID98,GRS80,99999,99999,31-DEC-99,31-DEC-99,Comment is null
196955,1969552040.00,5725651,132.726328,-29.009745,234.540,233.432,-1.108,9791813.72,234.540,233.432,0.07,2.67,60.58,-204.01,64.03,-198.42,100.000,5.000,5.060,0.06,2.00,5.000,5.060,0.5,1,1,5,5,1,3,5,5,1,3,99999,I,TR,GDA94,MSL,GRS80,B,DEG,m,m,m,um,m,m,um,m,m,m,m,um,m,m,um,99999,99999,ELN,W98,99999,ELN,DFA,AUSGEOID98,GRS80,99999,99999,31-DEC-99,31-DEC-99,Comment is null
196955,1969552041.00,5685589,132.787494,-29.004077,224.330,223.405,-0.925,9791853.24,224.330,223.405,0.07,2.67,73.51,-179.73,76.38,-174.65,100.000,5.000,5.060,0.06,2.00,5.000,5.060,0.5,1,1,5,5,1,3,5,5,1,3,99999,I,TR,GDA94,MSL,GRS80,B,DEG,m,m,m,um,m,m,um,m,m,m,m,um,m,m,um,99999,99999,ELN,W98,99999,ELN,DFA,AUSGEOID98,GRS80,99999,99999,31-DEC-99,31-DEC-99,Comment is null
196955,1969552101.00,5543833,133.265159,-29.223573,161.670,161.605,-0.065,9792265.26,161.670,161.605,0.10,2.67,126.34,-56.88,126.52,-54.39,100.000,5.000,5.060,0.06,2.00,5.000,5.060,0.5,1,1,5,5,1,3,5,5,1,3,99999,I,TR,GDA94,MSL,GRS80,B,DEG,m,m,m,um,m,m,um,m,m,m,m,um,m,m,um,99999,99999,ELN,W98,99999,ELN,DFA,AUSGEOID98,GRS80,99999,99999,31-DEC-99,31-DEC-99,Comment is null
196955,1969552102.00,5702716,133.154159,-29.179074,182.820,182.582,-0.238,9792182.62,182.820,182.582,0.04,2.67,142.65,-64.34,143.37,-61.20,100.000,5.000,5.060,0.06,2.00,5.000,5.060,0.5,1,1,5,5,1,3,5,5,1,3,99999,I,TR,GDA94,MSL,GRS80,B,DEG,m,m,m,um,m,m,um,m,m,m,m,um,m,m,um,99999,99999,ELN,W98,99999,ELN,DFA,AUSGEOID98,GRS80,99999,99999,31-DEC-99,31-DEC-99,Comment is null
196955,1969552103.00,5543988,133.154159,-29.123574,195.100,194.992,-0.108,9792109.58,195.100,194.992,0.08,2.67,150.54,-70.51,150.87,-67.44,100.000,5.000,5.060,0.06,2.00,5.000,5.060,0.5,1,1,5,5,1,3,5,5,1,3,99999,I,TR,GDA94,MSL,GRS80,B,DEG,m,m,m,um,m,m,um,m,m,m,m,um,m,m,um,99999,99999,ELN,W98,99999,ELN,DFA,AUSGEOID98,GRS80,99999,99999,31-DEC-99,31-DEC-99,Comment is null
196955,1969552104.00,5543989,133.165158,-29.059741,188.120,188.159,0.039,9792004.32,188.120,188.159,0.05,2.67,73.18,-140.13,73.06,-137.45,100.000,5.000,5.060,0.06,2.00,5.000,5.060,0.5,1,1,5,5,1,3,5,5,1,3,99999,I,TR,GDA94,MSL,GRS80,B,DEG,m,m,m,um,m,m,um,m,m,m,m,um,m,m,um,99999,99999,ELN,W98,99999,ELN,DFA,AUSGEOID98,GRS80,99999,99999,31-DEC-99,31-DEC-99,Comment is null
196955,1969552105.00,5543990,133.209657,-29.012406,182.940,183.191,0.251,9791985.11,182.940,183.191,0.06,2.67,74.92,-132.76,74.14,-130.57,100.000,5.000,5.060,0.06,2.00,5.000,5.060,0.5,1,1,5,5,1,3,5,5,1,3,99999,I,TR,GDA94,MSL,GRS80,B,DEG,m,m,m,um,m,m,um,m,m,m,m,um,m,m,um,99999,99999,ELN,W98,99999,ELN,DFA,AUSGEOID98,GRS80,99999,99999,31-DEC-99,31-DEC-99,Comment is null
196955,1969552106.00,5543872,133.229157,-29.062406,180.530,180.754,0.224,9792081.56,180.530,180.754,0.09,2.67,125.53,-79.39,124.83,-77.18,100.000,5.000,5.060,0.06,2.00,5.000,5.060,0.5,1,1,5,5,1,3,5,5,1,3,99999,I,TR,GDA94,MSL,GRS80,B,DEG,m,m,m,um,m,m,um,m,m,m,m,um,m,m,um,99999,99999,ELN,W98,99999,ELN,DFA,AUSGEOID98,GRS80,99999,99999,31-DEC-99,31-DEC-99,Comment is null
196955,1969552107.00,5543991,133.234658,-29.120740,179.980,180.116,0.136,9792168.01,179.980,180.116,0.08,2.67,165.25,-38.95,164.82,-36.58,100.000,5.000,5.060,0.06,2.00,5.000,5.060,0.5,1,1,5,5,1,3,5,5,1,3,99999,I,TR,GDA94,MSL,GRS80,B,DEG,m,m,m,um,m,m,um,m,m,m,m,um,m,m,um,99999,99999,ELN,W98,99999,ELN,DFA,AUSGEOID98,GRS80,99999,99999,31-DEC-99,31-DEC-99,Comment is null
196955,1969552108.00,5979519,133.231826,-29.173574,185.530,185.527,-0.003,9792191.62,185.530,185.527,0.10,2.67,164.97,-45.36,164.97,-42.64,100.000,5.000,5.060,0.06,2.00,5.000,5.060,0.5,1,1,5,5,1,3,5,5,1,3,99999,I,TR,GDA94,MSL,GRS80,B,DEG,m,m,m,um,m,m,um,m,m,m,m,um,m,m,um,99999,99999,ELN,W98,99999,ELN,DFA,AUSGEOID98,GRS80,99999,99999,31-DEC-99,31-DEC-99,Comment is null
196955,1969552109.00,5968362,133.287492,-29.184740,156.730,156.846,0.116,9792272.47,156.730,156.846,0.14,2.67,148.73,-29.10,148.35,-27.03,100.000,5.000,5.060,0.06,2.00,5.000,5.060,0.5,1,1,5,5,1,3,5,5,1,3,99999,I,TR,GDA94,MSL,GRS80,B,DEG,m,m,m,um,m,m,um,m,m,m,m,um,m,m,um,99999,99999,ELN,W98,99999,ELN,DFA,AUSGEOID98,GRS80,99999,99999,31-DEC-99,31-DEC-99,Comment is null
196955,1969552110.00,5543898,133.290157,-29.120740,164.070,164.364,0.294,9792235.55,164.070,164.364,0.17,2.67,184.18,-2.16,183.25,-0.34,100.000,5.000,5.060,0.06,2.00,5.000,5.060,0.5,1,1,5,5,1,3,5,5,1,3,99999,I,TR,GDA94,MSL,GRS80,B,DEG,m,m,m,um,m,m,um,m,m,m,m,um,m,m,um,99999,99999,ELN,W98,99999,ELN,DFA,AUSGEOID98,GRS80,99999,99999,31-DEC-99,31-DEC-99,Comment is null
196955,1969552111.00,5777777,133.292991,-29.059739,161.120,161.536,0.416,9792159.01,161.120,161.536,0.33,2.67,145.72,-37.42,144.41,-35.88,100.000,5.000,5.060,0.06,2.00,5.000,5.060,0.5,1,1,5,5,1,3,5,5,1,3,99999,I,TR,GDA94,MSL,GRS80,B,DEG,m,m,m,um,m,m,um,m,m,m,m,um,m,m,um,99999,99999,ELN,W98,99999,ELN,DFA,AUSGEOID98,GRS80,99999,99999,31-DEC-99,31-DEC-99,Comment is null
196955,1969552113.00,5831461,133.348489,-29.015239,183.860,184.500,0.640,9792024.83,183.860,184.500,0.15,2.67,116.51,-92.65,114.53,-91.21,100.000,5.000,5.060,0.06,2.00,5.000,5.060,0.5,1,1,5,5,1,3,5,5,1,3,99999,I,TR,GDA94,MSL,GRS80,B,DEG,m,m,m,um,m,m,um,m,m,m,m,um,m,m,um,99999,99999,ELN,W98,99999,ELN,DFA,AUSGEOID98,GRS80,99999,99999,31-DEC-99,31-DEC-99,Comment is null
196955,1969552114.00,5685592,133.356823,-29.068072,190.040,190.626,0.586,9792114.38,190.040,190.626,0.04,2.67,184.46,-31.64,182.65,-30.00,100.000,5.000,5.060,0.06,2.00,5.000,5.060,0.5,1,1,5,5,1,3,5,5,1,3,99999,I,TR,GDA94,MSL,GRS80,B,DEG,m,m,m,um,m,m,um,m,m,m,m,um,m,m,um,99999,99999,ELN,W98,99999,ELN,DFA,AUSGEOID98,GRS80,99999,99999,31-DEC-99,31-DEC-99,Comment is null
196955,1969552115.00,5543860,133.351324,-29.123572,157.830,158.285,0.455,9792245.15,157.830,158.285,0.21,2.67,172.86,-6.60,171.43,-5.18,100.000,5.000,5.060,0.06,2.00,5.000,5.060,0.5,1,1,5,5,1,3,5,5,1,3,99999,I,TR,GDA94,MSL,GRS80,B,DEG,m,m,m,um,m,m,um,m,m,m,m,um,m,m,um,99999,99999,ELN,W98,99999,ELN,DFA,AUSGEOID98,GRS80,99999,99999,31-DEC-99,31-DEC-99,Comment is null
196955,1969552116.00,5730200,133.340158,-29.173572,164.320,164.607,0.287,9792246.65,164.320,164.607,0.12,2.67,155.45,-31.17,154.54,-29.33,100.000,5.000,5.060,0.06,2.00,5.000,5.060,0.5,1,1,5,5,1,3,5,5,1,3,99999,I,TR,GDA94,MSL,GRS80,B,DEG,m,m,m,um,m,m,um,m,m,m,m,um,m,m,um,99999,99999,ELN,W98,99999,ELN,DFA,AUSGEOID98,GRS80,99999,99999,31-DEC-99,31-DEC-99,Comment is null
196955,1969552117.00,5543880,133.354158,-29.234740,197.820,197.940,0.120,9792157.80,197.820,197.940,0.09,2.67,122.40,-101.99,122.03,-99.33,100.000,5.000,5.060,0.06,2.00,5.000,5.060,0.5,1,1,5,5,1,3,5,5,1,3,99999,I,TR,GDA94,MSL,GRS80,B,DEG,m,m,m,um,m,m,um,m,m,m,m,um,m,m,um,99999,99999,ELN,W98,99999,ELN,DFA,AUSGEOID98,GRS80,99999,99999,31-DEC-99,31-DEC-99,Comment is null
196955,1969552118.00,5543992,133.359659,-29.298573,205.620,205.514,-0.106,9792114.38,205.620,205.514,0.08,2.67,53.18,-179.80,53.51,-176.58,100.000,5.000,5.060,0.06,2.00,5.000,5.060,0.5,1,1,5,5,1,3,5,5,1,3,99999,I,TR,GDA94,MSL,GRS80,B,DEG,m,m,m,um,m,m,um,m,m,m,m,um,m,m,um,99999,99999,ELN,W98,99999,ELN,DFA,AUSGEOID98,GRS80,99999,99999,31-DEC-99,31-DEC-99,Comment is null
196955,1969552119.00,5543993,133.359660,-29.370740,203.150,202.768,-0.382,9792163.71,203.150,202.768,0.13,2.67,38.36,-191.50,39.55,-187.78,100.000,5.000,5.060,0.06,2.00,5.000,5.060,0.5,1,0,5,5,1,3,5,5,1,3,99999,I,TR,GDA94,MSL,GRS80,B,DEG,m,m,m,um,m,m,um,m,m,m,m,um,m,m,um,99999,99999,ELN,W98,99999,ELN,DFA,AUSGEOID98,GRS80,99999,99999,31-DEC-99,31-DEC-99,Comment is null
196955,1969552120.00,5543994,133.359661,-29.426407,213.790,213.167,-0.623,9792075.36,213.790,213.167,0.07,2.67,-60.90,-302.54,-58.96,-298.19,100.000,5.000,5.060,0.06,2.00,5.000,5.060,0.5,1,0,5,5,1,3,5,5,1,3,99999,I,TR,GDA94,MSL,GRS80,B,DEG,m,m,m,um,m,m,um,m,m,m,m,um,m,m,um,99999,99999,ELN,W98,99999,ELN,DFA,AUSGEOID98,GRS80,99999,99999,31-DEC-99,31-DEC-99,Comment is null
196955,1969552121.00,5831454,133.359661,-29.476407,204.670,203.846,-0.824,9792024.33,204.670,203.846,0.14,2.67,-179.35,-410.43,-176.80,-405.82,100.000,5.000,5.060,0.06,2.00,5.000,5.060,0.5,1,0,5,5,1,3,5,5,1,3,99999,I,TR,GDA94,MSL,GRS80,B,DEG,m,m,m,um,m,m,um,m,m,m,m,um,m,m,um,99999,99999,ELN,W98,99999,ELN,DFA,AUSGEOID98,GRS80,99999,99999,31-DEC-99,31-DEC-99,Comment is null
196955,1969552122.00,5991744,133.301329,-29.487407,222.080,221.078,-1.002,9791998.22,222.080,221.078,0.22,2.67,-160.81,-411.41,-157.69,-406.20,100.000,5.000,5.060,0.06,2.00,5.000,5.060,0.5,1,0,5,5,1,3,5,5,1,3,99999,I,TR,GDA94,MSL,GRS80,B,DEG,m,m,m,um,m,m,um,m,m,m,m,um,m,m,um,99999,99999,ELN,W98,99999,ELN,DFA,AUSGEOID98,GRS80,99999,99999,31-DEC-99,31-DEC-99,Comment is null
196955,1969552123.00,5543938,133.295828,-29.423574,203.970,203.216,-0.754,9792154.30,203.970,203.216,0.08,2.67,-10.47,-240.84,-8.13,-236.38,100.000,5.000,5.060,0.06,2.00,5.000,5.060,0.5,1,0,5,5,1,3,5,5,1,3,99999,I,TR,GDA94,MSL,GRS80,B,DEG,m,m,m,um,m,m,um,m,m,m,m,um,m,m,um,99999,99999,ELN,W98,99999,ELN,DFA,AUSGEOID98,GRS80,99999,99999,31-DEC-99,31-DEC-99,Comment is null
196955,1969552124.00,5543859,133.290160,-29.362407,199.190,198.678,-0.512,9792175.91,199.190,198.678,0.11,2.67,44.38,-180.85,45.97,-176.93,100.000,5.000,5.060,0.06,2.00,5.000,5.060,0.5,1,0,5,5,1,3,5,5,1,3,99999,I,TR,GDA94,MSL,GRS80,B,DEG,m,m,m,um,m,m,um,m,m,m,m,um,m,m,um,99999,99999,ELN,W98,99999,ELN,DFA,AUSGEOID98,GRS80,99999,99999,31-DEC-99,31-DEC-99,Comment is null
196955,1969552125.00,5543939,133.281827,-29.295741,217.810,217.521,-0.289,9792123.99,217.810,217.521,0.18,2.67,102.01,-144.56,102.92,-140.81,100.000,5.000,5.060,0.06,2.00,5.000,5.060,0.5,1,1,5,5,1,3,5,5,1,3,99999,I,TR,GDA94,MSL,GRS80,B,DEG,m,m,m,um,m,m,um,m,m,m,m,um,m,m,um,99999,99999,ELN,W98,99999,ELN,DFA,AUSGEOID98,GRS80,99999,99999,31-DEC-99,31-DEC-99,Comment is null
196955,1969552126.00,5543940,133.231827,-29.301407,183.120,182.688,-0.432,9792199.83,183.120,182.688,0.13,2.67,66.01,-141.10,67.34,-137.57,100.000,5.000,5.060,0.06,2.00,5.000,5.060,0.5,1,0,5,5,1,3,5,5,1,3,99999,I,TR,GDA94,MSL,GRS80,B,DEG,m,m,m,um,m,m,um,m,m,m,m,um,m,m,um,99999,99999,ELN,W98,99999,ELN,DFA,AUSGEOID98,GRS80,99999,99999,31-DEC-99,31-DEC-99,Comment is null
196955,1969552127.00,5543941,133.229161,-29.368075,186.080,185.406,-0.674,9792216.04,186.080,185.406,0.09,2.67,39.18,-171.01,41.26,-166.97,100.000,5.000,5.060,0.06,2.00,5.000,5.060,0.5,1,0,5,5,1,3,5,5,1,3,99999,I,TR,GDA94,MSL,GRS80,B,DEG,m,m,m,um,m,m,um,m,m,m,m,um,m,m,um,99999,99999,ELN,W98,99999,ELN,DFA,AUSGEOID98,GRS80,99999,99999,31-DEC-99,31-DEC-99,Comment is null
196955,1969552128.00,5543800,133.226329,-29.423575,209.490,208.592,-0.898,9792151.60,209.490,208.592,0.16,2.67,3.42,-233.04,6.20,-228.22,100.000,5.000,5.060,0.06,2.00,5.000,5.060,0.5,1,0,5,5,1,3,5,5,1,3,99999,I,TR,GDA94,MSL,GRS80,B,DEG,m,m,m,um,m,m,um,m,m,m,m,um,m,m,um,99999,99999,ELN,W98,99999,ELN,DFA,AUSGEOID98,GRS80,99999,99999,31-DEC-99,31-DEC-99,Comment is null
196955,1969552129.00,5543906,133.234663,-29.490242,214.240,213.088,-1.152,9791985.31,214.240,213.088,0.15,2.67,-200.56,-442.11,-196.99,-436.72,100.000,5.000,5.060,0.06,2.00,5.000,5.060,0.5,1,0,5,5,1,3,5,5,1,3,99999,I,TR,GDA94,MSL,GRS80,B,DEG,m,m,m,um,m,m,um,m,m,m,m,um,m,m,um,99999,99999,ELN,W98,99999,ELN,DFA,AUSGEOID98,GRS80,99999,99999,31-DEC-99,31-DEC-99,Comment is null
196955,1969552130.00,5831459,133.165163,-29.484743,193.790,192.547,-1.243,9792170.91,193.790,192.547,0.12,2.67,-74.08,-292.36,-70.24,-287.09,100.000,5.000,5.060,0.06,2.00,5.000,5.060,0.5,1,0,5,5,1,3,5,5,1,3,99999,I,TR,GDA94,MSL,GRS80,B,DEG,m,m,m,um,m,m,um,m,m,m,m,um,m,m,um,99999,99999,ELN,W98,99999,ELN,DFA,AUSGEOID98,GRS80,99999,99999,31-DEC-99,31-DEC-99,Comment is null
196955,1969552131.00,5543789,133.173496,-29.434742,185.010,183.972,-1.038,9792246.35,185.010,183.972,0.13,2.67,13.57,-194.99,16.77,-190.25,100.000,5.000,5.060,0.06,2.00,5.000,5.060,0.5,1,0,5,5,1,3,5,5,1,3,99999,I,TR,GDA94,MSL,GRS80,B,DEG,m,m,m,um,m,m,um,m,m,m,m,um,m,m,um,99999,99999,ELN,W98,99999,ELN,DFA,AUSGEOID98,GRS80,99999,99999,31-DEC-99,31-DEC-99,Comment is null
196955,1969552132.00,5689974,133.167996,-29.365242,178.520,177.717,-0.803,9792212.43,178.520,177.717,0.10,2.67,14.04,-187.44,16.51,-183.25,100.000,5.000,5.060,0.06,2.00,5.000,5.060,0.5,1,0,5,5,1,3,5,5,1,3,99999,I,TR,GDA94,MSL,GRS80,B,DEG,m,m,m,um,m,m,um,m,m,m,m,um,m,m,um,99999,99999,ELN,W98,99999,ELN,DFA,AUSGEOID98,GRS80,99999,99999,31-DEC-99,31-DEC-99,Comment is null
196955,1969552133.00,5782526,133.173495,-29.293075,186.960,186.409,-0.551,9792169.11,186.960,186.409,0.08,2.67,53.20,-158.13,54.89,-154.31,100.000,5.000,5.060,0.06,2.00,5.000,5.060,0.5,1,0,5,5,1,3,5,5,1,3,99999,I,TR,GDA94,MSL,GRS80,B,DEG,m,m,m,um,m,m,um,m,m,m,m,um,m,m,um,99999,99999,ELN,W98,99999,ELN,DFA,AUSGEOID98,GRS80,99999,99999,31-DEC-99,31-DEC-99,Comment is null
196955,1969552134.00,5725650,133.167994,-29.234742,185.290,184.930,-0.360,9792215.84,185.290,184.930,0.07,2.67,140.29,-69.37,141.39,-65.95,100.000,5.000,5.060,0.06,2.00,5.000,5.060,0.5,1,0,5,5,1,3,5,5,1,3,99999,I,TR,GDA94,MSL,GRS80,B,DEG,m,m,m,um,m,m,um,m,m,m,m,um,m,m,um,99999,99999,ELN,W98,99999,ELN,DFA,AUSGEOID98,GRS80,99999,99999,31-DEC-99,31-DEC-99,Comment is null
196955,1969552135.00,5543942,133.226326,-29.234741,161.090,160.887,-0.203,9792289.07,161.090,160.887,0.15,2.67,139.34,-43.06,139.95,-40.31,100.000,5.000,5.060,0.06,2.00,5.000,5.060,0.5,1,1,5,5,1,3,5,5,1,3,99999,I,TR,GDA94,MSL,GRS80,B,DEG,m,m,m,um,m,m,um,m,m,m,m,um,m,m,um,99999,99999,ELN,W98,99999,ELN,DFA,AUSGEOID98,GRS80,99999,99999,31-DEC-99,31-DEC-99,Comment is null
196955,1969552201.00,5543943,133.437492,-29.240239,184.070,184.372,0.302,9792146.80,184.070,184.372,0.08,2.67,65.30,-143.72,64.36,-141.62,100.000,5.000,5.060,0.06,2.00,5.000,5.060,0.5,1,1,5,5,1,3,5,5,1,3,99999,I,TR,GDA94,MSL,GRS80,B,DEG,m,m,m,um,m,m,um,m,m,m,m,um,m,m,um,99999,99999,ELN,W98,99999,ELN,DFA,AUSGEOID98,GRS80,99999,99999,31-DEC-99,31-DEC-99,Comment is null
196955,1969552202.00,5543944,133.437491,-29.173572,186.140,186.671,0.531,9792159.71,186.140,186.671,0.04,2.67,136.58,-75.04,134.94,-73.35,100.000,5.000,5.060,0.06,2.00,5.000,5.060,0.5,1,1,5,5,1,3,5,5,1,3,99999,I,TR,GDA94,MSL,GRS80,B,DEG,m,m,m,um,m,m,um,m,m,m,m,um,m,m,um,99999,99999,ELN,W98,99999,ELN,DFA,AUSGEOID98,GRS80,99999,99999,31-DEC-99,31-DEC-99,Comment is null
196955,1969552203.00,5543945,133.437490,-29.120738,177.330,178.023,0.693,9792183.12,177.330,178.023,0.03,2.67,173.90,-27.92,171.75,-26.68,100.000,5.000,5.060,0.06,2.00,5.000,5.060,0.5,1,1,5,5,1,3,5,5,1,3,99999,I,TR,GDA94,MSL,GRS80,B,DEG,m,m,m,um,m,m,um,m,m,m,m,um,m,m,um,99999,99999,ELN,W98,99999,ELN,DFA,AUSGEOID98,GRS80,99999,99999,31-DEC-99,31-DEC-99,Comment is null
196955,1969552204.00,5543946,133.426322,-29.062404,181.870,182.664,0.794,9792169.21,181.870,182.664,0.03,2.67,219.07,11.99,216.61,13.10,100.000,5.000,5.060,0.06,2.00,5.000,5.060,0.5,1,1,5,5,1,3,5,5,1,3,99999,I,TR,GDA94,MSL,GRS80,B,DEG,m,m,m,um,m,m,um,m,m,m,m,um,m,m,um,99999,99999,ELN,W98,99999,ELN,DFA,AUSGEOID98,GRS80,99999,99999,31-DEC-99,31-DEC-99,Comment is null
196955,1969552205.00,5543801,133.412489,-29.012404,184.400,185.234,0.834,9792023.83,184.400,185.234,0.04,2.67,119.95,-90.05,117.37,-88.98,100.000,5.000,5.060,0.06,2.00,5.000,5.060,0.5,1,1,5,5,1,3,5,5,1,3,99999,I,TR,GDA94,MSL,GRS80,B,DEG,m,m,m,um,m,m,um,m,m,m,m,um,m,m,um,99999,99999,ELN,W98,99999,ELN,DFA,AUSGEOID98,GRS80,99999,99999,31-DEC-99,31-DEC-99,Comment is null
196955,1969552206.00,5543909,133.454155,-29.023571,186.390,187.334,0.944,9792079.26,186.390,187.334,0.03,2.67,173.30,-39.07,170.38,-38.19,100.000,5.000,5.060,0.06,2.00,5.000,5.060,0.5,1,1,5,5,1,3,5,5,1,3,99999,I,TR,GDA94,MSL,GRS80,B,DEG,m,m,m,um,m,m,um,m,m,m,m,um,m,m,um,99999,99999,ELN,W98,99999,ELN,DFA,AUSGEOID98,GRS80,99999,99999,31-DEC-99,31-DEC-99,Comment is null
196955,1969552207.00,5837845,133.490155,-29.073571,182.580,183.531,0.951,9792163.61,182.580,183.531,0.02,2.67,207.58,-0.48,204.64,0.33,100.000,5.000,5.060,0.06,2.00,5.000,5.060,0.5,1,1,5,5,1,3,5,5,1,3,99999,I,TR,GDA94,MSL,GRS80,B,DEG,m,m,m,um,m,m,um,m,m,m,m,um,m,m,um,99999,99999,ELN,W98,99999,ELN,DFA,AUSGEOID98,GRS80,99999,99999,31-DEC-99,31-DEC-99,Comment is null
196955,1969552208.00,5543947,133.495822,-29.120738,182.790,183.634,0.844,9792160.91,182.790,183.634,0.02,2.67,169.00,-39.18,166.39,-38.15,100.000,5.000,5.060,0.06,2.00,5.000,5.060,0.5,1,1,5,5,1,3,5,5,1,3,99999,I,TR,GDA94,MSL,GRS80,B,DEG,m,m,m,um,m,m,um,m,m,m,m,um,m,m,um,99999,99999,ELN,W98,99999,ELN,DFA,AUSGEOID98,GRS80,99999,99999,31-DEC-99,31-DEC-99,Comment is null
196955,1969552209.00,5543796,133.487490,-29.187404,181.750,182.361,0.611,9792147.80,181.750,182.361,0.03,2.67,100.74,-106.00,98.85,-104.53,100.000,5.000,5.060,0.06,2.00,5.000,5.060,0.5,1,1,5,5,1,3,5,5,1,3,99999,I,TR,GDA94,MSL,GRS80,B,DEG,m,m,m,um,m,m,um,m,m,m,m,um,m,m,um,99999,99999,ELN,W98,99999,ELN,DFA,AUSGEOID98,GRS80,99999,99999,31-DEC-99,31-DEC-99,Comment is null
196955,1969552211.00,5916414,133.498491,-29.254071,180.990,181.406,0.416,9792119.48,180.990,181.406,0.06,2.67,18.18,-187.48,16.89,-185.64,100.000,5.000,5.060,0.06,2.00,5.000,5.060,0.5,1,1,5,5,1,3,5,5,1,3,99999,I,TR,GDA94,MSL,GRS80,B,DEG,m,m,m,um,m,m,um,m,m,m,m,um,m,m,um,99999,99999,ELN,W98,99999,ELN,DFA,AUSGEOID98,GRS80,99999,99999,31-DEC-99,31-DEC-99,Comment is null
196955,1969552212.00,5543948,133.501325,-29.304072,196.410,196.625,0.215,9792178.42,196.410,196.625,0.07,2.67,85.55,-137.36,84.88,-134.90,100.000,5.000,5.060,0.06,2.00,5.000,5.060,0.5,1,0,5,5,1,3,5,5,1,3,99999,I,TR,GDA94,MSL,GRS80,B,DEG,m,m,m,um,m,m,um,m,m,m,m,um,m,m,um,99999,99999,ELN,W98,99999,ELN,DFA,AUSGEOID98,GRS80,99999,99999,31-DEC-99,31-DEC-99,Comment is null
196955,1969552213.00,5947156,133.492993,-29.368072,209.850,209.796,-0.054,9792109.78,209.850,209.796,0.09,2.67,8.18,-229.65,8.36,-226.47,100.000,5.000,5.060,0.06,2.00,5.000,5.060,0.5,1,0,5,5,1,3,5,5,1,3,99999,I,TR,GDA94,MSL,GRS80,B,DEG,m,m,m,um,m,m,um,m,m,m,m,um,m,m,um,99999,99999,ELN,W98,99999,ELN,DFA,AUSGEOID98,GRS80,99999,99999,31-DEC-99,31-DEC-99,Comment is null
196955,1969552214.00,5543865,133.498493,-29.429072,186.260,185.950,-0.310,9792079.96,186.260,185.950,0.11,2.67,-142.33,-353.14,-141.38,-349.80,100.000,5.000,5.060,0.06,2.00,5.000,5.060,0.5,1,0,5,5,1,3,5,5,1,3,99999,I,TR,GDA94,MSL,GRS80,B,DEG,m,m,m,um,m,m,um,m,m,m,m,um,m,m,um,99999,99999,ELN,W98,99999,ELN,DFA,AUSGEOID98,GRS80,99999,99999,31-DEC-99,31-DEC-99,Comment is null
196955,1969552215.00,5543949,133.492994,-29.476406,184.920,184.429,-0.491,9792094.37,184.920,184.429,0.05,2.67,-169.22,-378.30,-167.71,-374.63,100.000,5.000,5.060,0.06,2.00,5.000,5.060,0.5,1,0,5,5,1,3,5,5,1,3,99999,I,TR,GDA94,MSL,GRS80,B,DEG,m,m,m,um,m,m,um,m,m,m,m,um,m,m,um,99999,99999,ELN,W98,99999,ELN,DFA,AUSGEOID98,GRS80,99999,99999,31-DEC-99,31-DEC-99,Comment is null
196955,1969552216.00,5543950,133.434661,-29.490240,190.200,189.510,-0.690,9792077.96,190.200,189.510,0.06,2.67,-180.66,-395.50,-178.53,-391.36,100.000,5.000,5.060,0.06,2.00,5.000,5.060,0.5,1,0,5,5,1,3,5,5,1,3,99999,I,TR,GDA94,MSL,GRS80,B,DEG,m,m,m,um,m,m,um,m,m,m,m,um,m,m,um,99999,99999,ELN,W98,99999,ELN,DFA,AUSGEOID98,GRS80,99999,99999,31-DEC-99,31-DEC-99,Comment is null
196955,1969552217.00,5543951,133.426327,-29.426406,231.160,230.690,-0.470,9791963.90,231.160,230.690,0.20,2.67,-118.29,-379.78,-116.81,-375.48,100.000,5.000,5.060,0.06,2.00,5.000,5.060,0.5,1,0,5,5,1,3,5,5,1,3,99999,I,TR,GDA94,MSL,GRS80,B,DEG,m,m,m,um,m,m,um,m,m,m,m,um,m,m,um,99999,99999,ELN,W98,99999,ELN,DFA,AUSGEOID98,GRS80,99999,99999,31-DEC-99,31-DEC-99,Comment is null
196955,1969552218.00,5543952,133.417993,-29.376406,223.940,223.671,-0.269,9792118.28,223.940,223.671,0.14,2.67,53.06,-200.48,53.91,-196.68,100.000,5.000,5.060,0.06,2.00,5.000,5.060,0.5,1,0,5,5,1,3,5,5,1,3,99999,I,TR,GDA94,MSL,GRS80,B,DEG,m,m,m,um,m,m,um,m,m,m,m,um,m,m,um,99999,99999,ELN,W98,99999,ELN,DFA,AUSGEOID98,GRS80,99999,99999,31-DEC-99,31-DEC-99,Comment is null
196955,1969552219.00,5777772,133.429158,-29.304072,203.610,203.651,0.041,9792119.78,203.610,203.651,0.06,2.67,48.59,-182.27,48.47,-179.37,100.000,5.000,5.060,0.06,2.00,5.000,5.060,0.5,1,1,5,5,1,3,5,5,1,3,99999,I,TR,GDA94,MSL,GRS80,B,DEG,m,m,m,um,m,m,um,m,m,m,m,um,m,m,um,99999,99999,ELN,W98,99999,ELN,DFA,AUSGEOID98,GRS80,99999,99999,31-DEC-99,31-DEC-99,Comment is null
196955,1969553002.00,4643335,135.148498,-30.690232,121.160,120.719,-0.441,9793355.04,121.160,120.719,0.06,2.67,-56.02,-192.91,-54.70,-190.28,100.000,5.000,5.060,0.06,2.00,5.000,5.060,0.5,1,0,5,5,1,3,5,5,1,3,99999,?,TR,GDA94,MSL,GRS80,B,DEG,m,m,m,um,m,m,um,m,m,m,m,um,m,m,um,99999,99999,ELN,W98,99999,ELN,DFA,AUSGEOID98,GRS80,99999,99999,31-DEC-99,31-DEC-99,Comment is null
196955,1969553004.00,4643336,135.076327,-30.576392,143.500,142.976,-0.524,9793108.31,143.500,142.976,0.06,2.67,-143.92,-306.03,-142.33,-302.90,100.000,5.000,5.060,0.06,2.00,5.000,5.060,0.5,1,1,5,5,1,3,5,5,1,3,99999,?,TR,GDA94,MSL,GRS80,B,DEG,m,m,m,um,m,m,um,m,m,m,m,um,m,m,um,99999,99999,ELN,W98,99999,ELN,DFA,AUSGEOID98,GRS80,99999,99999,31-DEC-99,31-DEC-99,Comment is null
196955,1969553006.00,5746228,135.001328,-30.634733,130.120,129.216,-0.904,9793206.36,130.120,129.216,0.08,2.67,-134.51,-281.02,-131.75,-277.35,100.000,5.000,5.060,0.06,2.00,5.000,5.060,0.5,1,1,5,5,1,3,5,5,1,3,99999,?,TR,GDA94,MSL,GRS80,B,DEG,m,m,m,um,m,m,um,m,m,m,m,um,m,m,um,99999,99999,ELN,W98,99999,ELN,DFA,AUSGEOID98,GRS80,99999,99999,31-DEC-99,31-DEC-99,Comment is null
196955,1969553010.00,5563880,135.079159,-30.751393,131.890,131.003,-0.887,9793264.59,131.890,131.003,0.04,2.67,-163.26,-311.80,-160.55,-308.14,100.000,5.000,5.060,0.06,2.00,5.000,5.060,0.5,1,0,5,5,1,3,5,5,1,3,99999,?,TR,GDA94,MSL,GRS80,B,DEG,m,m,m,um,m,m,um,m,m,m,m,um,m,m,um,99999,99999,ELN,W98,99999,ELN,DFA,AUSGEOID98,GRS80,99999,99999,31-DEC-99,31-DEC-99,Comment is null
196955,1969553012.00,4643338,134.998501,-30.798564,117.010,115.666,-1.344,9793250.18,117.010,115.666,0.08,2.67,-262.45,-393.61,-258.34,-389.28,100.000,5.000,5.060,0.06,2.00,5.000,5.060,0.5,1,0,5,5,1,3,5,5,1,3,99999,?,TR,GDA94,MSL,GRS80,B,DEG,m,m,m,um,m,m,um,m,m,m,m,um,m,m,um,99999,99999,ELN,W98,99999,ELN,DFA,AUSGEOID98,GRS80,99999,99999,31-DEC-99,31-DEC-99,Comment is null
196955,1969553014.00,4643339,135.006832,-30.904065,115.240,113.679,-1.561,9793365.14,115.240,113.679,0.21,2.67,-237.52,-366.43,-232.75,-361.70,100.000,5.000,5.060,0.06,2.00,5.000,5.060,0.5,1,0,5,5,1,3,5,5,1,3,99999,?,TR,GDA94,MSL,GRS80,B,DEG,m,m,m,um,m,m,um,m,m,m,m,um,m,m,um,99999,99999,ELN,W98,99999,ELN,DFA,AUSGEOID98,GRS80,99999,99999,31-DEC-99,31-DEC-99,Comment is null
196955,1969553016.00,4643340,135.051333,-30.973564,116.560,115.019,-1.541,9793459.39,116.560,115.019,0.10,2.67,-194.50,-324.93,-189.79,-320.22,100.000,5.000,5.060,0.06,2.00,5.000,5.060,0.5,1,0,5,5,1,3,5,5,1,3,99999,?,TR,GDA94,MSL,GRS80,B,DEG,m,m,m,um,m,m,um,m,m,m,m,um,m,m,um,99999,99999,ELN,W98,99999,ELN,DFA,AUSGEOID98,GRS80,99999,99999,31-DEC-99,31-DEC-99,Comment is null
196955,1969553017.00,4643341,135.129161,-30.923563,130.360,129.230,-1.130,9793443.99,130.360,129.230,0.04,2.67,-126.23,-272.76,-122.77,-268.64,100.000,5.000,5.060,0.06,2.00,5.000,5.060,0.5,1,0,5,5,1,3,5,5,1,3,99999,?,TR,GDA94,MSL,GRS80,B,DEG,m,m,m,um,m,m,um,m,m,m,m,um,m,m,um,99999,99999,ELN,W98,99999,ELN,DFA,AUSGEOID98,GRS80,99999,99999,31-DEC-99,31-DEC-99,Comment is null
196955,1969553018.00,5593284,135.081832,-30.918064,124.910,123.610,-1.300,9793408.47,124.910,123.610,0.04,2.67,-174.71,-314.87,-170.73,-310.50,100.000,5.000,5.060,0.06,2.00,5.000,5.060,0.5,1,0,5,5,1,3,5,5,1,3,99999,?,TR,GDA94,MSL,GRS80,B,DEG,m,m,m,um,m,m,um,m,m,m,m,um,m,m,um,99999,99999,ELN,W98,99999,ELN,DFA,AUSGEOID98,GRS80,99999,99999,31-DEC-99,31-DEC-99,Comment is null
196955,1969553101.00,5543953,132.131843,-29.768088,178.700,174.281,-4.419,9792526.70,178.700,174.281,0.28,2.67,5.43,-192.15,19.06,-180.90,100.000,5.000,5.060,0.06,2.00,5.000,5.060,0.5,1,1,5,5,1,3,5,5,1,3,99999,I,TR,GDA94,MSL,GRS80,B,DEG,m,m,m,um,m,m,um,m,m,m,m,um,m,m,um,99999,99999,ELN,W98,99999,ELN,DFA,AUSGEOID98,GRS80,99999,99999,31-DEC-99,31-DEC-99,Comment is null
196955,1969553102.00,5543954,132.087510,-29.718088,171.020,166.543,-4.477,9792501.09,171.020,166.543,0.15,2.67,-5.15,-193.97,8.65,-182.72,100.000,5.000,5.060,0.06,2.00,5.000,5.060,0.5,1,1,5,5,1,3,5,5,1,3,99999,I,TR,GDA94,MSL,GRS80,B,DEG,m,m,m,um,m,m,um,m,m,m,m,um,m,m,um,99999,99999,ELN,W98,99999,ELN,DFA,AUSGEOID98,GRS80,99999,99999,31-DEC-99,31-DEC-99,Comment is null
196955,1969553103.00,5900062,132.015176,-29.709756,197.450,192.743,-4.707,9792490.88,197.450,192.743,0.11,2.67,71.96,-146.55,86.49,-134.46,100.000,5.000,5.060,0.06,2.00,5.000,5.060,0.5,1,1,5,5,1,3,5,5,1,3,99999,I,TR,GDA94,MSL,GRS80,B,DEG,m,m,m,um,m,m,um,m,m,m,m,um,m,m,um,99999,99999,ELN,W98,99999,ELN,DFA,AUSGEOID98,GRS80,99999,99999,31-DEC-99,31-DEC-99,Comment is null
196955,1969553104.00,5543955,132.018009,-29.651421,215.250,210.691,-4.559,9792417.64,215.250,210.691,0.11,2.67,99.42,-139.42,113.51,-127.36,100.000,5.000,5.060,0.06,2.00,5.000,5.060,0.5,1,1,5,5,1,3,5,5,1,3,99999,I,TR,GDA94,MSL,GRS80,B,DEG,m,m,m,um,m,m,um,m,m,m,m,um,m,m,um,99999,99999,ELN,W98,99999,ELN,DFA,AUSGEOID98,GRS80,99999,99999,31-DEC-99,31-DEC-99,Comment is null
196955,1969553105.00,5543790,132.090175,-29.651421,215.070,210.761,-4.309,9792408.24,215.070,210.761,0.26,2.67,90.23,-148.68,103.55,-137.12,100.000,5.000,5.060,0.06,2.00,5.000,5.060,0.5,1,1,5,5,1,3,5,5,1,3,99999,I,TR,GDA94,MSL,GRS80,B,DEG,m,m,m,um,m,m,um,m,m,m,m,um,m,m,um,99999,99999,ELN,W98,99999,ELN,DFA,AUSGEOID98,GRS80,99999,99999,31-DEC-99,31-DEC-99,Comment is null
196955,1969553106.00,5543956,132.020842,-29.598588,231.800,227.367,-4.433,9792337.00,231.800,227.367,0.17,2.67,111.23,-146.49,124.94,-134.44,100.000,5.000,5.060,0.06,2.00,5.000,5.060,0.5,1,1,5,5,1,3,5,5,1,3,99999,I,TR,GDA94,MSL,GRS80,B,DEG,m,m,m,um,m,m,um,m,m,m,m,um,m,m,um,99999,99999,ELN,W98,99999,ELN,DFA,AUSGEOID98,GRS80,99999,99999,31-DEC-99,31-DEC-99,Comment is null
196955,1969553107.00,5543829,132.018008,-29.531921,230.830,226.503,-4.327,9792266.06,230.830,226.503,0.13,2.67,89.31,-167.44,102.69,-155.61,100.000,5.000,5.060,0.06,2.00,5.000,5.060,0.5,1,1,5,5,1,3,5,5,1,3,99999,I,TR,GDA94,MSL,GRS80,B,DEG,m,m,m,um,m,m,um,m,m,m,m,um,m,m,um,99999,99999,ELN,W98,99999,ELN,DFA,AUSGEOID98,GRS80,99999,99999,31-DEC-99,31-DEC-99,Comment is null
196955,1969553109.00,5737543,132.098508,-29.595754,212.380,208.224,-4.156,9792401.33,212.380,208.224,0.21,2.67,118.70,-117.34,131.54,-106.11,100.000,5.000,5.060,0.06,2.00,5.000,5.060,0.5,1,1,5,5,1,3,5,5,1,3,99999,I,TR,GDA94,MSL,GRS80,B,DEG,m,m,m,um,m,m,um,m,m,m,m,um,m,m,um,99999,99999,ELN,W98,99999,ELN,DFA,AUSGEOID98,GRS80,99999,99999,31-DEC-99,31-DEC-99,Comment is null
196955,1969553110.00,5692117,132.151340,-29.593087,210.680,206.700,-3.980,9792385.22,210.680,206.700,0.13,2.67,99.96,-134.35,112.26,-123.49,100.000,5.000,5.060,0.06,2.00,5.000,5.060,0.5,1,1,5,5,1,3,5,5,1,3,99999,I,TR,GDA94,MSL,GRS80,B,DEG,m,m,m,um,m,m,um,m,m,m,m,um,m,m,um,99999,99999,ELN,W98,99999,ELN,DFA,AUSGEOID98,GRS80,99999,99999,31-DEC-99,31-DEC-99,Comment is null
196955,1969553111.00,5916677,132.137508,-29.656920,224.330,220.166,-4.164,9792343.10,224.330,220.166,0.23,2.67,49.85,-199.73,62.72,-188.31,100.000,5.000,5.060,0.06,2.00,5.000,5.060,0.5,1,1,5,5,1,3,5,5,1,3,99999,I,TR,GDA94,MSL,GRS80,B,DEG,m,m,m,um,m,m,um,m,m,m,m,um,m,m,um,99999,99999,ELN,W98,99999,ELN,DFA,AUSGEOID98,GRS80,99999,99999,31-DEC-99,31-DEC-99,Comment is null
196955,1969553112.00,5968365,132.137509,-29.715254,186.660,182.365,-4.295,9792470.07,186.660,182.365,0.22,2.67,14.85,-191.89,28.10,-180.77,100.000,5.000,5.060,0.06,2.00,5.000,5.060,0.5,1,1,5,5,1,3,5,5,1,3,99999,I,TR,GDA94,MSL,GRS80,B,DEG,m,m,m,um,m,m,um,m,m,m,m,um,m,m,um,99999,99999,ELN,W98,99999,ELN,DFA,AUSGEOID98,GRS80,99999,99999,31-DEC-99,31-DEC-99,Comment is null
196955,1969553113.00,5543894,132.206842,-29.726420,256.150,252.086,-4.064,9792370.12,256.150,252.086,0.65,2.67,121.33,-164.40,133.91,-152.72,100.000,5.000,5.060,0.06,2.00,5.000,5.060,0.5,1,1,5,5,1,3,5,5,1,3,99999,I,TR,GDA94,MSL,GRS80,B,DEG,m,m,m,um,m,m,um,m,m,m,m,um,m,m,um,99999,99999,ELN,W98,99999,ELN,DFA,AUSGEOID98,GRS80,99999,99999,31-DEC-99,31-DEC-99,Comment is null
196955,1969553114.00,5831451,132.223507,-29.643086,199.000,195.148,-3.852,9792406.64,199.000,195.148,0.27,2.67,46.93,-174.30,58.83,-163.85,100.000,5.000,5.060,0.06,2.00,5.000,5.060,0.5,1,0,5,5,1,3,5,5,1,3,99999,I,TR,GDA94,MSL,GRS80,B,DEG,m,m,m,um,m,m,um,m,m,m,m,um,m,m,um,99999,99999,ELN,W98,99999,ELN,DFA,AUSGEOID98,GRS80,99999,99999,31-DEC-99,31-DEC-99,Comment is null
196955,1969553115.00,5759881,132.209673,-29.590253,207.320,203.529,-3.791,9792335.20,207.320,203.529,0.09,2.67,42.35,-188.37,54.06,-177.93,100.000,5.000,5.060,0.06,2.00,5.000,5.060,0.5,1,1,5,5,1,3,5,5,1,3,99999,I,TR,GDA94,MSL,GRS80,B,DEG,m,m,m,um,m,m,um,m,m,m,m,um,m,m,um,99999,99999,ELN,W98,99999,ELN,DFA,AUSGEOID98,GRS80,99999,99999,31-DEC-99,31-DEC-99,Comment is null
196955,1969553116.00,5543957,132.151340,-29.537419,184.650,180.773,-3.877,9792411.24,184.650,180.773,0.13,2.67,89.13,-115.81,101.09,-105.53,100.000,5.000,5.060,0.06,2.00,5.000,5.060,0.5,1,1,5,5,1,3,5,5,1,3,99999,I,TR,GDA94,MSL,GRS80,B,DEG,m,m,m,um,m,m,um,m,m,m,m,um,m,m,um,99999,99999,ELN,W98,99999,ELN,DFA,AUSGEOID98,GRS80,99999,99999,31-DEC-99,31-DEC-99,Comment is null
196955,1969553117.00,5947153,132.229172,-29.529085,212.170,208.562,-3.608,9792300.48,212.170,208.562,0.09,2.67,70.57,-165.86,81.72,-155.70,100.000,5.000,5.060,0.06,2.00,5.000,5.060,0.5,1,1,5,5,1,3,5,5,1,3,99999,I,TR,GDA94,MSL,GRS80,B,DEG,m,m,m,um,m,m,um,m,m,m,m,um,m,m,um,99999,99999,ELN,W98,99999,ELN,DFA,AUSGEOID98,GRS80,99999,99999,31-DEC-99,31-DEC-99,Comment is null
196955,1969553118.00,5543958,132.279172,-29.543085,201.810,198.333,-3.477,9792304.78,201.810,198.333,0.14,2.67,32.47,-192.37,43.20,-182.62,100.000,5.000,5.060,0.06,2.00,5.000,5.060,0.5,1,1,5,5,1,3,5,5,1,3,99999,I,TR,GDA94,MSL,GRS80,B,DEG,m,m,m,um,m,m,um,m,m,m,m,um,m,m,um,99999,99999,ELN,W98,99999,ELN,DFA,AUSGEOID98,GRS80,99999,99999,31-DEC-99,31-DEC-99,Comment is null
196955,1969553119.00,5543959,132.273506,-29.593085,208.240,204.646,-3.594,9792359.21,208.240,204.646,0.09,2.67,67.61,-164.38,78.72,-154.30,100.000,5.000,5.060,0.06,2.00,5.000,5.060,0.5,1,0,5,5,1,3,5,5,1,3,99999,I,TR,GDA94,MSL,GRS80,B,DEG,m,m,m,um,m,m,um,m,m,m,m,um,m,m,um,99999,99999,ELN,W98,99999,ELN,DFA,AUSGEOID98,GRS80,99999,99999,31-DEC-99,31-DEC-99,Comment is null
196955,1969553120.00,5543960,132.268007,-29.643086,189.340,185.631,-3.709,9792455.66,189.340,185.631,0.27,2.67,66.60,-143.85,78.04,-133.83,100.000,5.000,5.060,0.06,2.00,5.000,5.060,0.5,1,0,5,5,1,3,5,5,1,3,99999,I,TR,GDA94,MSL,GRS80,B,DEG,m,m,m,um,m,m,um,m,m,m,m,um,m,m,um,99999,99999,ELN,W98,99999,ELN,DFA,AUSGEOID98,GRS80,99999,99999,31-DEC-99,31-DEC-99,Comment is null
196955,1969553121.00,5543832,132.273508,-29.709753,250.300,246.488,-3.812,9792362.11,250.300,246.488,0.28,2.67,109.01,-170.37,120.81,-159.27,100.000,5.000,5.060,0.06,2.00,5.000,5.060,0.5,1,0,5,5,1,3,5,5,1,3,99999,I,TR,GDA94,MSL,GRS80,B,DEG,m,m,m,um,m,m,um,m,m,m,m,um,m,m,um,99999,99999,ELN,W98,99999,ELN,DFA,AUSGEOID98,GRS80,99999,99999,31-DEC-99,31-DEC-99,Comment is null
196955,1969553122.00,5543961,132.270842,-29.779086,235.640,231.707,-3.933,9792498.89,235.640,231.707,0.38,2.67,146.24,-116.41,158.40,-105.28,100.000,5.000,5.060,0.06,2.00,5.000,5.060,0.5,1,0,5,5,1,3,5,5,1,3,99999,I,TR,GDA94,MSL,GRS80,B,DEG,m,m,m,um,m,m,um,m,m,m,m,um,m,m,um,99999,99999,ELN,W98,99999,ELN,DFA,AUSGEOID98,GRS80,99999,99999,31-DEC-99,31-DEC-99,Comment is null
196955,1969553123.00,5543897,132.220842,-29.773587,197.390,193.293,-4.097,9792576.43,197.390,193.293,0.32,2.67,109.54,-109.59,122.19,-98.69,100.000,5.000,5.060,0.06,2.00,5.000,5.060,0.5,1,0,5,5,1,3,5,5,1,3,99999,I,TR,GDA94,MSL,GRS80,B,DEG,m,m,m,um,m,m,um,m,m,m,m,um,m,m,um,99999,99999,ELN,W98,99999,ELN,DFA,AUSGEOID98,GRS80,99999,99999,31-DEC-99,31-DEC-99,Comment is null
196955,1969553124.00,5968359,132.143011,-29.826421,180.470,175.999,-4.471,9792642.96,180.470,175.999,0.34,2.67,81.56,-117.97,95.35,-106.59,100.000,5.000,5.060,0.06,2.00,5.000,5.060,0.5,1,0,5,5,1,3,5,5,1,3,99999,I,TR,GDA94,MSL,GRS80,B,DEG,m,m,m,um,m,m,um,m,m,m,m,um,m,m,um,99999,99999,ELN,W98,99999,ELN,DFA,AUSGEOID98,GRS80,99999,99999,31-DEC-99,31-DEC-99,Comment is null
196955,1969553125.00,5543962,132.084676,-29.765255,185.040,180.451,-4.589,9792485.98,185.040,180.451,0.12,2.67,-14.04,-218.62,0.11,-206.95,100.000,5.000,5.060,0.06,2.00,5.000,5.060,0.5,1,1,5,5,1,3,5,5,1,3,99999,I,TR,GDA94,MSL,GRS80,B,DEG,m,m,m,um,m,m,um,m,m,m,m,um,m,m,um,99999,99999,ELN,W98,99999,ELN,DFA,AUSGEOID98,GRS80,99999,99999,31-DEC-99,31-DEC-99,Comment is null
196955,1969553126.00,5543963,132.015177,-29.779089,199.030,194.159,-4.871,9792473.57,199.030,194.159,0.08,2.67,5.07,-215.04,20.11,-202.60,100.000,5.000,5.060,0.06,2.00,5.000,5.060,0.5,1,1,5,5,1,3,5,5,1,3,99999,I,TR,GDA94,MSL,GRS80,B,DEG,m,m,m,um,m,m,um,m,m,m,m,um,m,m,um,99999,99999,ELN,W98,99999,ELN,DFA,AUSGEOID98,GRS80,99999,99999,31-DEC-99,31-DEC-99,Comment is null
196955,1969553127.00,5543871,132.009678,-29.826422,200.100,195.118,-4.982,9792478.47,200.100,195.118,0.07,2.67,-23.94,-245.13,-8.56,-232.47,100.000,5.000,5.060,0.06,2.00,5.000,5.060,0.5,1,1,5,5,1,3,5,5,1,3,99999,I,TR,GDA94,MSL,GRS80,B,DEG,m,m,m,um,m,m,um,m,m,m,m,um,m,m,um,99999,99999,ELN,W98,99999,ELN,DFA,AUSGEOID98,GRS80,99999,99999,31-DEC-99,31-DEC-99,Comment is null
196955,1969553128.00,5543802,132.012512,-29.890257,214.460,209.382,-5.078,9792523.50,214.460,209.382,0.22,2.67,15.31,-222.04,31.00,-208.98,100.000,5.000,5.060,0.06,2.00,5.000,5.060,0.5,1,0,5,5,1,3,5,5,1,3,99999,I,TR,GDA94,MSL,GRS80,B,DEG,m,m,m,um,m,m,um,m,m,m,m,um,m,m,um,99999,99999,ELN,W98,99999,ELN,DFA,AUSGEOID98,GRS80,99999,99999,31-DEC-99,31-DEC-99,Comment is null
196955,1969553129.00,5543964,132.018013,-29.940257,228.570,223.442,-5.128,9792617.85,228.570,223.442,0.29,2.67,114.00,-139.28,129.85,-125.91,100.000,5.000,5.060,0.06,2.00,5.000,5.060,0.5,1,0,5,5,1,3,5,5,1,3,99999,I,TR,GDA94,MSL,GRS80,B,DEG,m,m,m,um,m,m,um,m,m,m,m,um,m,m,um,99999,99999,ELN,W98,99999,ELN,DFA,AUSGEOID98,GRS80,99999,99999,31-DEC-99,31-DEC-99,Comment is null
196955,1969553130.00,5543875,132.029180,-29.993090,202.170,197.000,-5.170,9792773.03,202.170,197.000,0.27,2.67,146.31,-77.02,162.27,-63.95,100.000,5.000,5.060,0.06,2.00,5.000,5.060,0.5,1,0,5,5,1,3,5,5,1,3,99999,I,TR,GDA94,MSL,GRS80,B,DEG,m,m,m,um,m,m,um,m,m,m,m,um,m,m,um,99999,99999,ELN,W98,99999,ELN,DFA,AUSGEOID98,GRS80,99999,99999,31-DEC-99,31-DEC-99,Comment is null
196955,1969553131.00,5863923,132.079179,-29.993090,194.370,189.375,-4.995,9792797.04,194.370,189.375,0.24,2.67,146.79,-67.89,162.22,-55.28,100.000,5.000,5.060,0.06,2.00,5.000,5.060,0.5,1,0,5,5,1,3,5,5,1,3,99999,I,TR,GDA94,MSL,GRS80,B,DEG,m,m,m,um,m,m,um,m,m,m,m,um,m,m,um,99999,99999,ELN,W98,99999,ELN,DFA,AUSGEOID98,GRS80,99999,99999,31-DEC-99,31-DEC-99,Comment is null
196955,1969553132.00,5831455,132.148513,-29.990256,179.800,175.034,-4.766,9792838.97,179.800,175.034,0.16,2.67,146.69,-51.75,161.39,-39.81,100.000,5.000,5.060,0.06,2.00,5.000,5.060,0.5,1,0,5,5,1,3,5,5,1,3,99999,I,TR,GDA94,MSL,GRS80,B,DEG,m,m,m,um,m,m,um,m,m,m,m,um,m,m,um,99999,99999,ELN,W98,99999,ELN,DFA,AUSGEOID98,GRS80,99999,99999,31-DEC-99,31-DEC-99,Comment is null
196955,1969553133.00,5543965,132.073513,-29.940256,196.810,191.895,-4.915,9792726.61,196.810,191.895,0.12,2.67,125.43,-92.12,140.60,-79.63,100.000,5.000,5.060,0.06,2.00,5.000,5.060,0.5,1,0,5,5,1,3,5,5,1,3,99999,I,TR,GDA94,MSL,GRS80,B,DEG,m,m,m,um,m,m,um,m,m,m,m,um,m,m,um,99999,99999,ELN,W98,99999,ELN,DFA,AUSGEOID98,GRS80,99999,99999,31-DEC-99,31-DEC-99,Comment is null
196955,1969553134.00,5543966,132.070845,-29.887422,187.760,182.918,-4.842,9792651.57,187.760,182.918,0.20,2.67,63.94,-143.43,78.88,-131.22,100.000,5.000,5.060,0.06,2.00,5.000,5.060,0.5,1,0,5,5,1,3,5,5,1,3,99999,I,TR,GDA94,MSL,GRS80,B,DEG,m,m,m,um,m,m,um,m,m,m,m,um,m,m,um,99999,99999,ELN,W98,99999,ELN,DFA,AUSGEOID98,GRS80,99999,99999,31-DEC-99,31-DEC-99,Comment is null
196955,1969553135.00,5543879,132.084677,-29.820756,190.320,185.636,-4.684,9792531.40,190.320,185.636,0.22,2.67,4.15,-206.30,18.61,-194.36,100.000,5.000,5.060,0.06,2.00,5.000,5.060,0.5,1,1,5,5,1,3,5,5,1,3,99999,I,TR,GDA94,MSL,GRS80,B,DEG,m,m,m,um,m,m,um,m,m,m,m,um,m,m,um,99999,99999,ELN,W98,99999,ELN,DFA,AUSGEOID98,GRS80,99999,99999,31-DEC-99,31-DEC-99,Comment is null
196955,1969553136.00,5723432,132.148511,-29.884755,185.960,181.413,-4.547,9792723.70,185.960,181.413,0.14,2.67,133.52,-72.15,147.55,-60.54,100.000,5.000,5.060,0.06,2.00,5.000,5.060,0.5,1,0,5,5,1,3,5,5,1,3,99999,I,TR,GDA94,MSL,GRS80,B,DEG,m,m,m,um,m,m,um,m,m,m,m,um,m,m,um,99999,99999,ELN,W98,99999,ELN,DFA,AUSGEOID98,GRS80,99999,99999,31-DEC-99,31-DEC-99,Comment is null
196955,1969553137.00,5782525,132.151345,-29.934756,180.010,175.379,-4.631,9792775.43,180.010,175.379,0.11,2.67,127.59,-71.24,141.88,-59.55,100.000,5.000,5.060,0.06,2.00,5.000,5.060,0.5,1,0,5,5,1,3,5,5,1,3,99999,I,TR,GDA94,MSL,GRS80,B,DEG,m,m,m,um,m,m,um,m,m,m,m,um,m,m,um,99999,99999,ELN,W98,99999,ELN,DFA,AUSGEOID98,GRS80,99999,99999,31-DEC-99,31-DEC-99,Comment is null
196955,1969553138.00,5831457,132.218011,-29.943088,166.730,162.289,-4.441,9792837.46,166.730,162.289,0.18,2.67,142.73,-41.27,156.42,-30.15,100.000,5.000,5.060,0.06,2.00,5.000,5.060,0.5,1,0,5,5,1,3,5,5,1,3,99999,I,TR,GDA94,MSL,GRS80,B,DEG,m,m,m,um,m,m,um,m,m,m,m,um,m,m,um,99999,99999,ELN,W98,99999,ELN,DFA,AUSGEOID98,GRS80,99999,99999,31-DEC-99,31-DEC-99,Comment is null
196955,1969553139.00,5543911,132.215178,-29.993088,141.820,137.243,-4.577,9792911.70,141.820,137.243,0.34,2.67,100.61,-55.00,114.70,-43.99,100.000,5.000,5.060,0.06,2.00,5.000,5.060,0.5,1,0,5,5,1,3,5,5,1,3,99999,I,TR,GDA94,MSL,GRS80,B,DEG,m,m,m,um,m,m,um,m,m,m,m,um,m,m,um,99999,99999,ELN,W98,99999,ELN,DFA,AUSGEOID98,GRS80,99999,99999,31-DEC-99,31-DEC-99,Comment is null
196955,1969553140.00,5543849,132.287512,-29.993087,160.360,155.975,-4.385,9792889.49,160.360,155.975,0.14,2.67,136.19,-40.65,149.71,-29.73,100.000,5.000,5.060,0.06,2.00,5.000,5.060,0.5,1,0,5,5,1,3,5,5,1,3,99999,I,TR,GDA94,MSL,GRS80,B,DEG,m,m,m,um,m,m,um,m,m,m,m,um,m,m,um,99999,99999,ELN,W98,99999,ELN,DFA,AUSGEOID98,GRS80,99999,99999,31-DEC-99,31-DEC-99,Comment is null
196955,1969553141.00,5543912,132.279177,-29.940254,143.800,139.543,-4.257,9792886.29,143.800,139.543,0.31,2.67,123.59,-34.63,136.69,-24.22,100.000,5.000,5.060,0.06,2.00,5.000,5.060,0.5,1,0,5,5,1,3,5,5,1,3,99999,I,TR,GDA94,MSL,GRS80,B,DEG,m,m,m,um,m,m,um,m,m,m,m,um,m,m,um,99999,99999,ELN,W98,99999,ELN,DFA,AUSGEOID98,GRS80,99999,99999,31-DEC-99,31-DEC-99,Comment is null
196955,1969553142.00,5543913,132.223510,-29.870754,158.250,153.985,-4.265,9792800.34,158.250,153.985,0.22,2.67,136.46,-38.13,149.60,-27.48,100.000,5.000,5.060,0.06,2.00,5.000,5.060,0.5,1,0,5,5,1,3,5,5,1,3,99999,I,TR,GDA94,MSL,GRS80,B,DEG,m,m,m,um,m,m,um,m,m,m,m,um,m,m,um,99999,99999,ELN,W98,99999,ELN,DFA,AUSGEOID98,GRS80,99999,99999,31-DEC-99,31-DEC-99,Comment is null
196955,1969553143.00,5543822,132.270843,-29.879087,182.820,178.688,-4.132,9792742.81,182.820,178.688,0.27,2.67,148.64,-53.94,161.39,-43.18,100.000,5.000,5.060,0.06,2.00,5.000,5.060,0.5,1,0,5,5,1,3,5,5,1,3,99999,I,TR,GDA94,MSL,GRS80,B,DEG,m,m,m,um,m,m,um,m,m,m,m,um,m,m,um,99999,99999,ELN,W98,99999,ELN,DFA,AUSGEOID98,GRS80,99999,99999,31-DEC-99,31-DEC-99,Comment is null
196955,1969553144.00,5543904,132.276342,-29.823587,202.230,198.236,-3.994,9792631.46,202.230,198.236,0.41,2.67,140.87,-83.85,153.21,-73.09,100.000,5.000,5.060,0.06,2.00,5.000,5.060,0.5,1,0,5,5,1,3,5,5,1,3,99999,I,TR,GDA94,MSL,GRS80,B,DEG,m,m,m,um,m,m,um,m,m,m,m,um,m,m,um,99999,99999,ELN,W98,99999,ELN,DFA,AUSGEOID98,GRS80,99999,99999,31-DEC-99,31-DEC-99,Comment is null
196955,1969553145.00,5900061,132.187510,-29.826421,152.980,148.673,-4.307,9792758.92,152.980,148.673,0.19,2.67,113.21,-55.36,126.48,-44.71,100.000,5.000,5.060,0.06,2.00,5.000,5.060,0.5,1,0,5,5,1,3,5,5,1,3,99999,I,TR,GDA94,MSL,GRS80,B,DEG,m,m,m,um,m,m,um,m,m,m,m,um,m,m,um,99999,99999,ELN,W98,99999,ELN,DFA,AUSGEOID98,GRS80,99999,99999,31-DEC-99,31-DEC-99,Comment is null
196955,1969553201.00,5702715,132.056837,-29.245753,229.330,225.623,-3.707,9791979.01,229.330,225.623,0.11,2.67,20.54,-235.21,32.00,-224.62,100.000,5.000,5.060,0.06,2.00,5.000,5.060,0.5,1,1,5,5,1,3,5,5,1,3,99999,I,TR,GDA94,MSL,GRS80,B,DEG,m,m,m,um,m,m,um,m,m,m,m,um,m,m,um,99999,99999,ELN,W98,99999,ELN,DFA,AUSGEOID98,GRS80,99999,99999,31-DEC-99,31-DEC-99,Comment is null
196955,1969553205.00,5543914,132.004168,-29.059752,209.150,205.565,-3.585,9791906.47,209.150,205.565,0.46,2.67,29.03,-204.00,40.10,-193.94,100.000,5.000,5.060,0.06,2.00,5.000,5.060,0.5,1,1,5,5,1,3,5,5,1,3,99999,I,TR,GDA94,MSL,GRS80,B,DEG,m,m,m,um,m,m,um,m,m,m,m,um,m,m,um,99999,99999,ELN,W98,99999,ELN,DFA,AUSGEOID98,GRS80,99999,99999,31-DEC-99,31-DEC-99,Comment is null
196955,1969553206.00,5543795,132.001334,-29.006918,242.470,238.946,-3.524,9791818.32,242.470,238.946,0.06,2.67,84.36,-186.48,95.26,-176.06,100.000,5.000,5.060,0.06,2.00,5.000,5.060,0.5,1,1,5,5,1,3,5,5,1,3,99999,I,TR,GDA94,MSL,GRS80,B,DEG,m,m,m,um,m,m,um,m,m,m,m,um,m,m,um,99999,99999,ELN,W98,99999,ELN,DFA,AUSGEOID98,GRS80,99999,99999,31-DEC-99,31-DEC-99,Comment is null
196955,1969553207.00,5543915,132.054167,-29.012417,239.630,236.299,-3.331,9791788.71,239.630,236.299,0.05,2.67,42.37,-225.48,52.67,-215.47,100.000,5.000,5.060,0.06,2.00,5.000,5.060,0.5,1,1,5,5,1,3,5,5,1,3,99999,I,TR,GDA94,MSL,GRS80,B,DEG,m,m,m,um,m,m,um,m,m,m,m,um,m,m,um,99999,99999,ELN,W98,99999,ELN,DFA,AUSGEOID98,GRS80,99999,99999,31-DEC-99,31-DEC-99,Comment is null
196955,1969553208.00,5543916,132.059667,-29.054085,237.680,234.313,-3.367,9791850.44,237.680,234.313,0.08,2.67,66.04,-199.55,76.46,-189.51,100.000,5.000,5.060,0.06,2.00,5.000,5.060,0.5,1,1,5,5,1,3,5,5,1,3,99999,I,TR,GDA94,MSL,GRS80,B,DEG,m,m,m,um,m,m,um,m,m,m,m,um,m,m,um,99999,99999,ELN,W98,99999,ELN,DFA,AUSGEOID98,GRS80,99999,99999,31-DEC-99,31-DEC-99,Comment is null
196955,1969553209.00,5543917,132.065168,-29.115252,251.830,248.407,-3.423,9791895.87,251.830,248.407,0.10,2.67,108.02,-173.54,118.62,-163.18,100.000,5.000,5.060,0.06,2.00,5.000,5.060,0.5,1,1,5,5,1,3,5,5,1,3,99999,I,TR,GDA94,MSL,GRS80,B,DEG,m,m,m,um,m,m,um,m,m,m,m,um,m,m,um,99999,99999,ELN,W98,99999,ELN,DFA,AUSGEOID98,GRS80,99999,99999,31-DEC-99,31-DEC-99,Comment is null
196955,1969553210.00,5543918,132.059669,-29.179085,229.390,225.834,-3.556,9791974.21,229.390,225.834,0.13,2.67,67.68,-188.31,78.67,-178.02,100.000,5.000,5.060,0.06,2.00,5.000,5.060,0.5,1,1,5,5,1,3,5,5,1,3,99999,I,TR,GDA94,MSL,GRS80,B,DEG,m,m,m,um,m,m,um,m,m,m,m,um,m,m,um,99999,99999,ELN,W98,99999,ELN,DFA,AUSGEOID98,GRS80,99999,99999,31-DEC-99,31-DEC-99,Comment is null
196955,1969553211.00,5543850,132.123502,-29.181918,263.130,259.794,-3.336,9791869.65,263.130,259.794,0.20,2.67,65.72,-228.73,76.06,-218.39,100.000,5.000,5.060,0.06,2.00,5.000,5.060,0.5,1,1,5,5,1,3,5,5,1,3,99999,I,TR,GDA94,MSL,GRS80,B,DEG,m,m,m,um,m,m,um,m,m,m,m,um,m,m,um,99999,99999,ELN,W98,99999,ELN,DFA,AUSGEOID98,GRS80,99999,99999,31-DEC-99,31-DEC-99,Comment is null
196955,1969553212.00,5685591,132.126334,-29.118084,249.690,246.488,-3.202,9791888.56,249.690,246.488,0.11,2.67,92.62,-186.76,102.54,-176.87,100.000,5.000,5.060,0.06,2.00,5.000,5.060,0.5,1,1,5,5,1,3,5,5,1,3,99999,I,TR,GDA94,MSL,GRS80,B,DEG,m,m,m,um,m,m,um,m,m,m,m,um,m,m,um,99999,99999,ELN,W98,99999,ELN,DFA,AUSGEOID98,GRS80,99999,99999,31-DEC-99,31-DEC-99,Comment is null
196955,1969553213.00,5863919,132.126334,-29.056917,259.170,256.056,-3.114,9791832.43,259.170,256.056,0.08,2.67,112.94,-177.28,122.59,-167.42,100.000,5.000,5.060,0.06,2.00,5.000,5.060,0.5,1,1,5,5,1,3,5,5,1,3,99999,I,TR,GDA94,MSL,GRS80,B,DEG,m,m,m,um,m,m,um,m,m,m,m,um,m,m,um,99999,99999,ELN,W98,99999,ELN,DFA,AUSGEOID98,GRS80,99999,99999,31-DEC-99,31-DEC-99,Comment is null
196955,1969553214.00,5947155,132.129166,-29.006917,254.020,250.991,-3.029,9791757.49,254.020,250.991,0.09,2.67,60.69,-223.79,70.08,-214.17,100.000,5.000,5.060,0.06,2.00,5.000,5.060,0.5,1,1,5,5,1,3,5,5,1,3,99999,I,TR,GDA94,MSL,GRS80,B,DEG,m,m,m,um,m,m,um,m,m,m,m,um,m,m,um,99999,99999,ELN,W98,99999,ELN,DFA,AUSGEOID98,GRS80,99999,99999,31-DEC-99,31-DEC-99,Comment is null
196955,1969553215.00,5543919,132.192999,-29.006916,269.020,266.246,-2.774,9791725.88,269.020,266.246,0.18,2.67,76.15,-225.62,84.75,-216.28,100.000,5.000,5.060,0.06,2.00,5.000,5.060,0.5,1,1,5,5,1,3,5,5,1,3,99999,I,TR,GDA94,MSL,GRS80,B,DEG,m,m,m,um,m,m,um,m,m,m,m,um,m,m,um,99999,99999,ELN,W98,99999,ELN,DFA,AUSGEOID98,GRS80,99999,99999,31-DEC-99,31-DEC-99,Comment is null
196955,1969553216.00,5543823,132.198500,-29.054083,261.820,258.990,-2.830,9791798.11,261.820,258.990,0.08,2.67,89.85,-203.69,98.62,-194.35,100.000,5.000,5.060,0.06,2.00,5.000,5.060,0.5,1,1,5,5,1,3,5,5,1,3,99999,I,TR,GDA94,MSL,GRS80,B,DEG,m,m,m,um,m,m,um,m,m,m,m,um,m,m,um,99999,99999,ELN,W98,99999,ELN,DFA,AUSGEOID98,GRS80,99999,99999,31-DEC-99,31-DEC-99,Comment is null
196955,1969553217.00,5543920,132.195834,-29.115251,253.870,250.930,-2.940,9791859.35,253.870,250.930,0.17,2.67,79.29,-205.13,88.39,-195.69,100.000,5.000,5.060,0.06,2.00,5.000,5.060,0.5,1,1,5,5,1,3,5,5,1,3,99999,I,TR,GDA94,MSL,GRS80,B,DEG,m,m,m,um,m,m,um,m,m,m,m,um,m,m,um,99999,99999,ELN,W98,99999,ELN,DFA,AUSGEOID98,GRS80,99999,99999,31-DEC-99,31-DEC-99,Comment is null
196955,1969553218.00,5543864,132.193002,-29.176417,256.950,253.881,-3.069,9791866.45,256.950,253.881,0.08,2.67,48.51,-239.25,58.01,-229.51,100.000,5.000,5.060,0.06,2.00,5.000,5.060,0.5,1,1,5,5,1,3,5,5,1,3,99999,I,TR,GDA94,MSL,GRS80,B,DEG,m,m,m,um,m,m,um,m,m,m,m,um,m,m,um,99999,99999,ELN,W98,99999,ELN,DFA,AUSGEOID98,GRS80,99999,99999,31-DEC-99,31-DEC-99,Comment is null
196955,1969553219.00,5543921,132.198502,-29.243084,222.500,219.313,-3.187,9791996.92,222.500,219.313,0.19,2.67,21.03,-227.57,30.89,-218.09,100.000,5.000,5.060,0.06,2.00,5.000,5.060,0.5,1,1,5,5,1,3,5,5,1,3,99999,I,TR,GDA94,MSL,GRS80,B,DEG,m,m,m,um,m,m,um,m,m,m,m,um,m,m,um,99999,99999,ELN,W98,99999,ELN,DFA,AUSGEOID98,GRS80,99999,99999,31-DEC-99,31-DEC-99,Comment is null
196955,1969553220.00,5543922,132.131836,-29.240252,238.690,235.259,-3.431,9791949.69,238.690,235.259,0.11,2.67,25.19,-241.48,35.80,-231.29,100.000,5.000,5.060,0.06,2.00,5.000,5.060,0.5,1,1,5,5,1,3,5,5,1,3,99999,I,TR,GDA94,MSL,GRS80,B,DEG,m,m,m,um,m,m,um,m,m,m,m,um,m,m,um,99999,99999,ELN,W98,99999,ELN,DFA,AUSGEOID98,GRS80,99999,99999,31-DEC-99,31-DEC-99,Comment is null
196955,1969553221.00,5543923,132.137504,-29.295752,214.820,211.310,-3.510,9792059.65,214.820,211.310,0.18,2.67,18.50,-221.03,29.35,-211.03,100.000,5.000,5.060,0.06,2.00,5.000,5.060,0.5,1,1,5,5,1,3,5,5,1,3,99999,I,TR,GDA94,MSL,GRS80,B,DEG,m,m,m,um,m,m,um,m,m,m,m,um,m,m,um,99999,99999,ELN,W98,99999,ELN,DFA,AUSGEOID98,GRS80,99999,99999,31-DEC-99,31-DEC-99,Comment is null
196955,1969553222.00,5543924,132.154170,-29.368085,185.320,181.757,-3.563,9792218.04,185.320,181.757,0.14,2.67,29.91,-176.14,40.90,-166.47,100.000,5.000,5.060,0.06,2.00,5.000,5.060,0.5,1,1,5,5,1,3,5,5,1,3,99999,I,TR,GDA94,MSL,GRS80,B,DEG,m,m,m,um,m,m,um,m,m,m,m,um,m,m,um,99999,99999,ELN,W98,99999,ELN,DFA,AUSGEOID98,GRS80,99999,99999,31-DEC-99,31-DEC-99,Comment is null
196955,1969553223.00,5543851,132.145838,-29.426419,190.930,187.242,-3.688,9792275.87,190.930,187.242,0.07,2.67,59.61,-152.66,70.99,-142.66,100.000,5.000,5.060,0.06,2.00,5.000,5.060,0.5,1,1,5,5,1,3,5,5,1,3,99999,I,TR,GDA94,MSL,GRS80,B,DEG,m,m,m,um,m,m,um,m,m,m,m,um,m,m,um,99999,99999,ELN,W98,99999,ELN,DFA,AUSGEOID98,GRS80,99999,99999,31-DEC-99,31-DEC-99,Comment is null
196955,1969553224.00,5968364,132.143006,-29.470753,190.160,186.390,-3.770,9792342.50,190.160,186.390,0.08,2.67,89.34,-121.97,100.97,-111.82,100.000,5.000,5.060,0.06,2.00,5.000,5.060,0.5,1,1,5,5,1,3,5,5,1,3,99999,I,TR,GDA94,MSL,GRS80,B,DEG,m,m,m,um,m,m,um,m,m,m,m,um,m,m,um,99999,99999,ELN,W98,99999,ELN,DFA,AUSGEOID98,GRS80,99999,99999,31-DEC-99,31-DEC-99,Comment is null
196955,1969553225.00,5543925,132.215171,-29.476418,206.500,202.967,-3.533,9792316.39,206.500,202.967,0.08,2.67,109.99,-120.10,120.90,-110.17,100.000,5.000,5.060,0.06,2.00,5.000,5.060,0.5,1,1,5,5,1,3,5,5,1,3,99999,I,TR,GDA94,MSL,GRS80,B,DEG,m,m,m,um,m,m,um,m,m,m,m,um,m,m,um,99999,99999,ELN,W98,99999,ELN,DFA,AUSGEOID98,GRS80,99999,99999,31-DEC-99,31-DEC-99,Comment is null
196955,1969553226.00,5709809,132.209671,-29.418085,185.590,182.150,-3.440,9792291.68,185.590,182.150,0.12,2.67,66.15,-140.35,76.76,-130.92,100.000,5.000,5.060,0.06,2.00,5.000,5.060,0.5,1,1,5,5,1,3,5,5,1,3,99999,I,TR,GDA94,MSL,GRS80,B,DEG,m,m,m,um,m,m,um,m,m,m,m,um,m,m,um,99999,99999,ELN,W98,99999,ELN,DFA,AUSGEOID98,GRS80,99999,99999,31-DEC-99,31-DEC-99,Comment is null
196955,1969553227.00,5759880,132.206837,-29.365252,196.080,192.719,-3.361,9792219.54,196.080,192.719,0.14,2.67,67.42,-151.05,77.80,-141.62,100.000,5.000,5.060,0.06,2.00,5.000,5.060,0.5,1,1,5,5,1,3,5,5,1,3,99999,I,TR,GDA94,MSL,GRS80,B,DEG,m,m,m,um,m,m,um,m,m,m,m,um,m,m,um,99999,99999,ELN,W98,99999,ELN,DFA,AUSGEOID98,GRS80,99999,99999,31-DEC-99,31-DEC-99,Comment is null
196955,1969553228.00,5543926,132.198503,-29.304085,204.430,201.132,-3.298,9792090.87,204.430,201.132,0.11,2.67,11.90,-216.11,22.08,-206.68,100.000,5.000,5.060,0.06,2.00,5.000,5.060,0.5,1,1,5,5,1,3,5,5,1,3,99999,I,TR,GDA94,MSL,GRS80,B,DEG,m,m,m,um,m,m,um,m,m,m,m,um,m,m,um,99999,99999,ELN,W98,99999,ELN,DFA,AUSGEOID98,GRS80,99999,99999,31-DEC-99,31-DEC-99,Comment is null
196955,1969553229.00,5543824,132.015171,-29.306919,207.970,203.997,-3.973,9792068.16,207.970,203.997,0.10,2.67,-4.16,-235.42,8.11,-224.61,100.000,5.000,5.060,0.06,2.00,5.000,5.060,0.5,1,1,5,5,1,3,5,5,1,3,99999,I,TR,GDA94,MSL,GRS80,B,DEG,m,m,m,um,m,m,um,m,m,m,m,um,m,m,um,99999,99999,ELN,W98,99999,ELN,DFA,AUSGEOID98,GRS80,99999,99999,31-DEC-99,31-DEC-99,Comment is null
196955,1969553230.00,5543927,132.015171,-29.362420,204.370,200.306,-4.064,9792129.99,204.370,200.306,0.10,2.67,3.47,-223.60,16.02,-212.67,100.000,5.000,5.060,0.06,2.00,5.000,5.060,0.5,1,1,5,5,1,3,5,5,1,3,99999,I,TR,GDA94,MSL,GRS80,B,DEG,m,m,m,um,m,m,um,m,m,m,m,um,m,m,um,99999,99999,ELN,W98,99999,ELN,DFA,AUSGEOID98,GRS80,99999,99999,31-DEC-99,31-DEC-99,Comment is null
196955,1969553231.00,5543828,132.020839,-29.423587,199.100,194.963,-4.137,9792218.94,199.100,194.963,0.06,2.67,28.69,-192.33,41.46,-181.33,100.000,5.000,5.060,0.06,2.00,5.000,5.060,0.5,1,1,5,5,1,3,5,5,1,3,99999,I,TR,GDA94,MSL,GRS80,B,DEG,m,m,m,um,m,m,um,m,m,m,m,um,m,m,um,99999,99999,ELN,W98,99999,ELN,DFA,AUSGEOID98,GRS80,99999,99999,31-DEC-99,31-DEC-99,Comment is null
196955,1969553232.00,5863922,132.012507,-29.476420,201.720,197.473,-4.247,9792284.57,201.720,197.473,0.13,2.67,61.22,-162.65,74.33,-151.40,100.000,5.000,5.060,0.06,2.00,5.000,5.060,0.5,1,1,5,5,1,3,5,5,1,3,99999,I,TR,GDA94,MSL,GRS80,B,DEG,m,m,m,um,m,m,um,m,m,m,m,um,m,m,um,99999,99999,ELN,W98,99999,ELN,DFA,AUSGEOID98,GRS80,99999,99999,31-DEC-99,31-DEC-99,Comment is null
196955,1969553233.00,5543928,132.090172,-29.473587,199.000,195.037,-3.963,9792305.98,199.000,195.037,0.06,2.67,77.30,-143.80,89.54,-133.14,100.000,5.000,5.060,0.06,2.00,5.000,5.060,0.5,1,1,5,5,1,3,5,5,1,3,99999,I,TR,GDA94,MSL,GRS80,B,DEG,m,m,m,um,m,m,um,m,m,m,m,um,m,m,um,99999,99999,ELN,W98,99999,ELN,DFA,AUSGEOID98,GRS80,99999,99999,31-DEC-99,31-DEC-99,Comment is null
196955,1969553234.00,5543929,132.081839,-29.429086,202.840,198.916,-3.924,9792234.65,202.840,198.916,0.07,2.67,52.35,-173.15,64.46,-162.52,100.000,5.000,5.060,0.06,2.00,5.000,5.060,0.5,1,1,5,5,1,3,5,5,1,3,99999,I,TR,GDA94,MSL,GRS80,B,DEG,m,m,m,um,m,m,um,m,m,m,m,um,m,m,um,99999,99999,ELN,W98,99999,ELN,DFA,AUSGEOID98,GRS80,99999,99999,31-DEC-99,31-DEC-99,Comment is null
196955,1969553235.00,5543905,132.087505,-29.373586,209.820,206.001,-3.819,9792129.99,209.820,206.001,0.08,2.67,12.42,-221.10,24.22,-210.57,100.000,5.000,5.060,0.06,2.00,5.000,5.060,0.5,1,1,5,5,1,3,5,5,1,3,99999,I,TR,GDA94,MSL,GRS80,B,DEG,m,m,m,um,m,m,um,m,m,m,m,um,m,m,um,99999,99999,ELN,W98,99999,ELN,DFA,AUSGEOID98,GRS80,99999,99999,31-DEC-99,31-DEC-99,Comment is null
196955,1969553236.00,5543852,132.087504,-29.298586,224.850,221.152,-3.698,9792027.04,224.850,221.152,0.10,2.67,14.07,-236.62,25.50,-226.11,100.000,5.000,5.060,0.06,2.00,5.000,5.060,0.5,1,1,5,5,1,3,5,5,1,3,99999,I,TR,GDA94,MSL,GRS80,B,DEG,m,m,m,um,m,m,um,m,m,m,m,um,m,m,um,99999,99999,ELN,W98,99999,ELN,DFA,AUSGEOID98,GRS80,99999,99999,31-DEC-99,31-DEC-99,Comment is null
196955,1969553301.00,5725649,132.331834,-29.231916,240.970,238.298,-2.672,9792015.03,240.970,238.298,0.06,2.67,106.31,-163.79,114.59,-155.06,100.000,5.000,5.060,0.06,2.00,5.000,5.060,0.5,1,1,5,5,1,3,5,5,1,3,99999,I,TR,GDA94,MSL,GRS80,B,DEG,m,m,m,um,m,m,um,m,m,m,m,um,m,m,um,99999,99999,ELN,W98,99999,ELN,DFA,AUSGEOID98,GRS80,99999,99999,31-DEC-99,31-DEC-99,Comment is null
196955,1969553302.00,5759877,132.281834,-29.231916,241.830,238.978,-2.852,9791988.71,241.830,238.978,0.07,2.67,82.10,-188.78,90.93,-179.68,100.000,5.000,5.060,0.06,2.00,5.000,5.060,0.5,1,1,5,5,1,3,5,5,1,3,99999,I,TR,GDA94,MSL,GRS80,B,DEG,m,m,m,um,m,m,um,m,m,m,m,um,m,m,um,99999,99999,ELN,W98,99999,ELN,DFA,AUSGEOID98,GRS80,99999,99999,31-DEC-99,31-DEC-99,Comment is null
196955,1969553303.00,5543867,132.265167,-29.173583,249.270,246.476,-2.794,9791924.08,249.270,246.476,0.06,2.67,85.47,-193.90,94.12,-184.81,100.000,5.000,5.060,0.06,2.00,5.000,5.060,0.5,1,1,5,5,1,3,5,5,1,3,99999,I,TR,GDA94,MSL,GRS80,B,DEG,m,m,m,um,m,m,um,m,m,m,m,um,m,m,um,99999,99999,ELN,W98,99999,ELN,DFA,AUSGEOID98,GRS80,99999,99999,31-DEC-99,31-DEC-99,Comment is null
196955,1969553304.00,5543930,132.268000,-29.118083,259.870,257.194,-2.676,9791881.46,259.870,257.194,0.08,2.67,118.55,-172.96,126.85,-163.95,100.000,5.000,5.060,0.06,2.00,5.000,5.060,0.5,1,1,5,5,1,3,5,5,1,3,99999,I,TR,GDA94,MSL,GRS80,B,DEG,m,m,m,um,m,m,um,m,m,m,m,um,m,m,um,99999,99999,ELN,W98,99999,ELN,DFA,AUSGEOID98,GRS80,99999,99999,31-DEC-99,31-DEC-99,Comment is null
196955,1969553305.00,5543931,132.267999,-29.051415,259.570,257.013,-2.557,9791834.43,259.570,257.013,0.06,2.67,122.12,-169.19,130.05,-160.41,100.000,5.000,5.060,0.06,2.00,5.000,5.060,0.5,1,1,5,5,1,3,5,5,1,3,99999,I,TR,GDA94,MSL,GRS80,B,DEG,m,m,m,um,m,m,um,m,m,m,m,um,m,m,um,99999,99999,ELN,W98,99999,ELN,DFA,AUSGEOID98,GRS80,99999,99999,31-DEC-99,31-DEC-99,Comment is null
196955,1969553306.00,5543831,132.265165,-29.004082,263.470,260.987,-2.483,9791808.82,263.470,260.987,0.08,2.67,145.03,-150.77,152.74,-142.09,100.000,5.000,5.060,0.06,2.00,5.000,5.060,0.5,1,1,5,5,1,3,5,5,1,3,99999,I,TR,GDA94,MSL,GRS80,B,DEG,m,m,m,um,m,m,um,m,m,m,m,um,m,m,um,99999,99999,ELN,W98,99999,ELN,DFA,AUSGEOID98,GRS80,99999,99999,31-DEC-99,31-DEC-99,Comment is null
196955,1969553308.00,5543932,132.329165,-29.043082,252.340,250.022,-2.318,9791870.55,252.340,250.022,0.08,2.67,143.05,-140.33,150.24,-132.13,100.000,5.000,5.060,0.06,2.00,5.000,5.060,0.5,1,1,5,5,1,3,5,5,1,3,99999,I,TR,GDA94,MSL,GRS80,B,DEG,m,m,m,um,m,m,um,m,m,m,m,um,m,m,um,99999,99999,ELN,W98,99999,ELN,DFA,AUSGEOID98,GRS80,99999,99999,31-DEC-99,31-DEC-99,Comment is null
196955,1969553309.00,5543933,132.337500,-29.120749,241.550,239.116,-2.434,9791927.18,241.550,239.116,0.07,2.67,106.45,-164.58,113.99,-156.30,100.000,5.000,5.060,0.06,2.00,5.000,5.060,0.5,1,1,5,5,1,3,5,5,1,3,99999,I,TR,GDA94,MSL,GRS80,B,DEG,m,m,m,um,m,m,um,m,m,m,m,um,m,m,um,99999,99999,ELN,W98,99999,ELN,DFA,AUSGEOID98,GRS80,99999,99999,31-DEC-99,31-DEC-99,Comment is null
196955,1969553310.00,5543788,132.326333,-29.179083,245.850,243.265,-2.585,9791957.70,245.850,243.265,0.05,2.67,104.95,-170.78,112.96,-162.15,100.000,5.000,5.060,0.06,2.00,5.000,5.060,0.5,1,1,5,5,1,3,5,5,1,3,99999,I,TR,GDA94,MSL,GRS80,B,DEG,m,m,m,um,m,m,um,m,m,m,m,um,m,m,um,99999,99999,ELN,W98,99999,ELN,DFA,AUSGEOID98,GRS80,99999,99999,31-DEC-99,31-DEC-99,Comment is null
196955,1969553311.00,5543934,132.415166,-29.176415,241.680,239.391,-2.289,9791985.01,241.680,239.391,0.08,2.67,122.36,-148.98,129.46,-140.98,100.000,5.000,5.060,0.06,2.00,5.000,5.060,0.5,1,1,5,5,1,3,5,5,1,3,99999,I,TR,GDA94,MSL,GRS80,B,DEG,m,m,m,um,m,m,um,m,m,m,m,um,m,m,um,99999,99999,ELN,W98,99999,ELN,DFA,AUSGEOID98,GRS80,99999,99999,31-DEC-99,31-DEC-99,Comment is null
196955,1969553312.00,5777776,132.392999,-29.120749,239.570,237.315,-2.255,9791928.18,239.570,237.315,0.08,2.67,101.90,-167.10,108.88,-159.20,100.000,5.000,5.060,0.06,2.00,5.000,5.060,0.5,1,1,5,5,1,3,5,5,1,3,99999,I,TR,GDA94,MSL,GRS80,B,DEG,m,m,m,um,m,m,um,m,m,m,m,um,m,m,um,99999,99999,ELN,W98,99999,ELN,DFA,AUSGEOID98,GRS80,99999,99999,31-DEC-99,31-DEC-99,Comment is null
196955,1969553313.00,5543870,132.392998,-29.056914,243.780,241.640,-2.140,9791887.56,243.780,241.640,0.07,2.67,123.60,-150.30,130.23,-142.56,100.000,5.000,5.060,0.06,2.00,5.000,5.060,0.5,1,1,5,5,1,3,5,5,1,3,99999,I,TR,GDA94,MSL,GRS80,B,DEG,m,m,m,um,m,m,um,m,m,m,m,um,m,m,um,99999,99999,ELN,W98,99999,ELN,DFA,AUSGEOID98,GRS80,99999,99999,31-DEC-99,31-DEC-99,Comment is null
196955,1969553314.00,5543896,132.390164,-29.001414,256.060,254.021,-2.039,9791839.84,256.060,254.021,0.09,2.67,156.60,-131.32,162.93,-123.60,100.000,5.000,5.060,0.06,2.00,5.000,5.060,0.5,1,1,5,5,1,3,5,5,1,3,99999,I,TR,GDA94,MSL,GRS80,B,DEG,m,m,m,um,m,m,um,m,m,m,m,um,m,m,um,99999,99999,ELN,W98,99999,ELN,DFA,AUSGEOID98,GRS80,99999,99999,31-DEC-99,31-DEC-99,Comment is null
196955,1969553315.00,5831458,132.459663,-29.001413,231.010,229.177,-1.833,9791845.54,231.010,229.177,0.13,2.67,85.65,-174.12,91.33,-167.17,100.000,5.000,5.060,0.06,2.00,5.000,5.060,0.5,1,1,5,5,1,3,5,5,1,3,99999,I,TR,GDA94,MSL,GRS80,B,DEG,m,m,m,um,m,m,um,m,m,m,m,um,m,m,um,99999,99999,ELN,W98,99999,ELN,DFA,AUSGEOID98,GRS80,99999,99999,31-DEC-99,31-DEC-99,Comment is null
196955,1969553316.00,5543853,132.454164,-29.059748,236.070,234.108,-1.962,9791869.25,236.070,234.108,0.12,2.67,79.88,-185.49,85.96,-178.21,100.000,5.000,5.060,0.06,2.00,5.000,5.060,0.5,1,1,5,5,1,3,5,5,1,3,99999,I,TR,GDA94,MSL,GRS80,B,DEG,m,m,m,um,m,m,um,m,m,m,m,um,m,m,um,99999,99999,ELN,W98,99999,ELN,DFA,AUSGEOID98,GRS80,99999,99999,31-DEC-99,31-DEC-99,Comment is null
196955,1969553317.00,5543874,132.459664,-29.115248,233.390,231.345,-2.045,9791935.39,233.390,231.345,0.07,2.67,94.90,-167.33,101.24,-159.93,100.000,5.000,5.060,0.06,2.00,5.000,5.060,0.5,1,1,5,5,1,3,5,5,1,3,99999,I,TR,GDA94,MSL,GRS80,B,DEG,m,m,m,um,m,m,um,m,m,m,m,um,m,m,um,99999,99999,ELN,W98,99999,ELN,DFA,AUSGEOID98,GRS80,99999,99999,31-DEC-99,31-DEC-99,Comment is null
196955,1969553318.00,5543935,132.454165,-29.173581,230.830,228.662,-2.168,9791988.11,230.830,228.662,0.08,2.67,94.54,-164.65,101.25,-157.04,100.000,5.000,5.060,0.06,2.00,5.000,5.060,0.5,1,1,5,5,1,3,5,5,1,3,99999,I,TR,GDA94,MSL,GRS80,B,DEG,m,m,m,um,m,m,um,m,m,m,m,um,m,m,um,99999,99999,ELN,W98,99999,ELN,DFA,AUSGEOID98,GRS80,99999,99999,31-DEC-99,31-DEC-99,Comment is null
196955,1969553319.00,5543858,132.462500,-29.243082,229.700,227.426,-2.274,9792058.85,229.700,227.426,0.08,2.67,108.00,-149.80,115.04,-142.00,100.000,5.000,5.060,0.06,2.00,5.000,5.060,0.5,1,1,5,5,1,3,5,5,1,3,99999,I,TR,GDA94,MSL,GRS80,B,DEG,m,m,m,um,m,m,um,m,m,m,m,um,m,m,um,99999,99999,ELN,W98,99999,ELN,DFA,AUSGEOID98,GRS80,99999,99999,31-DEC-99,31-DEC-99,Comment is null
196955,1969553320.00,5543936,132.393001,-29.243082,236.190,233.709,-2.481,9792049.65,236.190,233.709,0.06,2.67,118.18,-146.73,125.86,-138.43,100.000,5.000,5.060,0.06,2.00,5.000,5.060,0.5,1,1,5,5,1,3,5,5,1,3,99999,I,TR,GDA94,MSL,GRS80,B,DEG,m,m,m,um,m,m,um,m,m,m,m,um,m,m,um,99999,99999,ELN,W98,99999,ELN,DFA,AUSGEOID98,GRS80,99999,99999,31-DEC-99,31-DEC-99,Comment is null
196955,1969553321.00,5543937,132.468002,-29.362415,236.560,234.048,-2.512,9792126.09,236.560,234.048,0.09,2.67,103.68,-161.62,111.46,-153.25,100.000,5.000,5.060,0.06,2.00,5.000,5.060,0.5,1,1,5,5,1,3,5,5,1,3,99999,I,TR,GDA94,MSL,GRS80,B,DEG,m,m,m,um,m,m,um,m,m,m,m,um,m,m,um,99999,99999,ELN,W98,99999,ELN,DFA,AUSGEOID98,GRS80,99999,99999,31-DEC-99,31-DEC-99,Comment is null
196955,1969553322.00,5801126,132.395835,-29.365250,225.670,222.951,-2.719,9792190.82,225.670,222.951,0.05,2.67,131.99,-120.74,140.40,-112.13,100.000,5.000,5.060,0.06,2.00,5.000,5.060,0.5,1,1,5,5,1,3,5,5,1,3,99999,I,TR,GDA94,MSL,GRS80,B,DEG,m,m,m,um,m,m,um,m,m,m,m,um,m,m,um,99999,99999,ELN,W98,99999,ELN,DFA,AUSGEOID98,GRS80,99999,99999,31-DEC-99,31-DEC-99,Comment is null
196955,1969553323.00,5543878,132.398503,-29.423583,229.180,226.326,-2.854,9792154.70,229.180,226.326,0.09,2.67,61.23,-195.32,70.06,-186.39,100.000,5.000,5.060,0.06,2.00,5.000,5.060,0.5,1,1,5,5,1,3,5,5,1,3,99999,I,TR,GDA94,MSL,GRS80,B,DEG,m,m,m,um,m,m,um,m,m,m,m,um,m,m,um,99999,99999,ELN,W98,99999,ELN,DFA,AUSGEOID98,GRS80,99999,99999,31-DEC-99,31-DEC-99,Comment is null
196955,1969553324.00,5543882,132.393004,-29.476417,215.890,212.900,-2.990,9792201.43,215.890,212.900,0.16,2.67,25.67,-215.67,34.92,-206.66,100.000,5.000,5.060,0.06,2.00,5.000,5.060,0.5,1,1,5,5,1,3,5,5,1,3,99999,I,TR,GDA94,MSL,GRS80,B,DEG,m,m,m,um,m,m,um,m,m,m,m,um,m,m,um,99999,99999,ELN,W98,99999,ELN,DFA,AUSGEOID98,GRS80,99999,99999,31-DEC-99,31-DEC-99,Comment is null
196955,1969553325.00,5543883,132.476336,-29.479083,220.950,218.190,-2.760,9792213.43,220.950,218.190,0.11,2.67,51.94,-195.39,60.47,-186.77,100.000,5.000,5.060,0.06,2.00,5.000,5.060,0.5,1,0,5,5,1,3,5,5,1,3,99999,I,TR,GDA94,MSL,GRS80,B,DEG,m,m,m,um,m,m,um,m,m,m,m,um,m,m,um,99999,99999,ELN,W98,99999,ELN,DFA,AUSGEOID98,GRS80,99999,99999,31-DEC-99,31-DEC-99,Comment is null
196955,1969553326.00,5759878,132.470835,-29.423582,229.480,226.828,-2.652,9792143.00,229.480,226.828,0.14,2.67,51.07,-206.05,59.28,-197.51,100.000,5.000,5.060,0.06,2.00,5.000,5.060,0.5,1,1,5,5,1,3,5,5,1,3,99999,I,TR,GDA94,MSL,GRS80,B,DEG,m,m,m,um,m,m,um,m,m,m,m,um,m,m,um,99999,99999,ELN,W98,99999,ELN,DFA,AUSGEOID98,GRS80,99999,99999,31-DEC-99,31-DEC-99,Comment is null
196955,1969553327.00,5863920,132.470835,-29.362415,221.530,219.026,-2.504,9792146.20,221.530,219.026,0.09,2.67,77.44,-170.84,85.19,-162.70,100.000,5.000,5.060,0.06,2.00,5.000,5.060,0.5,1,1,5,5,1,3,5,5,1,3,99999,I,TR,GDA94,MSL,GRS80,B,DEG,m,m,m,um,m,m,um,m,m,m,m,um,m,m,um,99999,99999,ELN,W98,99999,ELN,DFA,AUSGEOID98,GRS80,99999,99999,31-DEC-99,31-DEC-99,Comment is null
196955,1969553328.00,5689975,132.459667,-29.298582,222.260,219.851,-2.409,9792120.48,222.260,219.851,0.08,2.67,103.51,-145.71,110.96,-137.75,100.000,5.000,5.060,0.06,2.00,5.000,5.060,0.5,1,1,5,5,1,3,5,5,1,3,99999,I,TR,GDA94,MSL,GRS80,B,DEG,m,m,m,um,m,m,um,m,m,m,m,um,m,m,um,99999,99999,ELN,W98,99999,ELN,DFA,AUSGEOID98,GRS80,99999,99999,31-DEC-99,31-DEC-99,Comment is null
196955,1969553329.00,5543884,132.270836,-29.304084,216.500,213.470,-3.030,9792129.09,216.500,213.470,0.17,2.67,88.18,-153.80,97.55,-144.71,100.000,5.000,5.060,0.06,2.00,5.000,5.060,0.5,1,1,5,5,1,3,5,5,1,3,99999,I,TR,GDA94,MSL,GRS80,B,DEG,m,m,m,um,m,m,um,m,m,m,m,um,m,m,um,99999,99999,ELN,W98,99999,ELN,DFA,AUSGEOID98,GRS80,99999,99999,31-DEC-99,31-DEC-99,Comment is null
196955,1969553330.00,5543885,132.268003,-29.365251,211.130,207.997,-3.133,9792222.64,211.130,207.997,0.13,2.67,117.66,-118.12,127.34,-108.91,100.000,5.000,5.060,0.06,2.00,5.000,5.060,0.5,1,1,5,5,1,3,5,5,1,3,99999,I,TR,GDA94,MSL,GRS80,B,DEG,m,m,m,um,m,m,um,m,m,m,m,um,m,m,um,99999,99999,ELN,W98,99999,ELN,DFA,AUSGEOID98,GRS80,99999,99999,31-DEC-99,31-DEC-99,Comment is null
196955,1969553331.00,5543820,132.270837,-29.423584,195.530,192.292,-3.238,9792359.81,195.530,192.292,0.15,2.67,161.33,-56.66,171.32,-47.48,100.000,5.000,5.060,0.06,2.00,5.000,5.060,0.5,1,1,5,5,1,3,5,5,1,3,99999,I,TR,GDA94,MSL,GRS80,B,DEG,m,m,m,um,m,m,um,m,m,m,m,um,m,m,um,99999,99999,ELN,W98,99999,ELN,DFA,AUSGEOID98,GRS80,99999,99999,31-DEC-99,31-DEC-99,Comment is null
196955,1969553332.00,5831456,132.273505,-29.476418,203.330,199.987,-3.343,9792308.58,203.330,199.987,0.14,2.67,92.99,-133.72,103.31,-124.21,100.000,5.000,5.060,0.06,2.00,5.000,5.060,0.5,1,1,5,5,1,3,5,5,1,3,99999,I,TR,GDA94,MSL,GRS80,B,DEG,m,m,m,um,m,m,um,m,m,m,m,um,m,m,um,99999,99999,ELN,W98,99999,ELN,DFA,AUSGEOID98,GRS80,99999,99999,31-DEC-99,31-DEC-99,Comment is null
196955,1969553333.00,5543886,132.331837,-29.479084,218.750,215.577,-3.173,9792232.34,218.750,215.577,0.12,2.67,62.79,-181.59,72.59,-172.19,100.000,5.000,5.060,0.06,2.00,5.000,5.060,0.5,1,1,5,5,1,3,5,5,1,3,99999,I,TR,GDA94,MSL,GRS80,B,DEG,m,m,m,um,m,m,um,m,m,m,m,um,m,m,um,99999,99999,ELN,W98,99999,ELN,DFA,AUSGEOID98,GRS80,99999,99999,31-DEC-99,31-DEC-99,Comment is null
196955,1969553334.00,5543887,132.329170,-29.423584,220.000,216.945,-3.055,9792230.04,220.000,216.945,0.08,2.67,107.62,-138.30,117.07,-129.11,100.000,5.000,5.060,0.06,2.00,5.000,5.060,0.5,1,1,5,5,1,3,5,5,1,3,99999,I,TR,GDA94,MSL,GRS80,B,DEG,m,m,m,um,m,m,um,m,m,m,m,um,m,m,um,99999,99999,ELN,W98,99999,ELN,DFA,AUSGEOID98,GRS80,99999,99999,31-DEC-99,31-DEC-99,Comment is null
196955,1969553335.00,5543888,132.329169,-29.362417,215.770,212.852,-2.918,9792217.94,215.770,212.852,0.13,2.67,130.13,-111.16,139.15,-102.30,100.000,5.000,5.060,0.06,2.00,5.000,5.060,0.5,1,1,5,5,1,3,5,5,1,3,99999,I,TR,GDA94,MSL,GRS80,B,DEG,m,m,m,um,m,m,um,m,m,m,m,um,m,m,um,99999,99999,ELN,W98,99999,ELN,DFA,AUSGEOID98,GRS80,99999,99999,31-DEC-99,31-DEC-99,Comment is null
196955,1969553336.00,5543846,132.326335,-29.304083,243.660,240.833,-2.827,9792105.58,243.660,240.833,0.09,2.67,149.10,-123.88,157.85,-114.80,100.000,5.000,5.060,0.06,2.00,5.000,5.060,0.5,1,1,5,5,1,3,5,5,1,3,99999,I,TR,GDA94,MSL,GRS80,B,DEG,m,m,m,um,m,m,um,m,m,m,m,um,m,m,um,99999,99999,ELN,W98,99999,ELN,DFA,AUSGEOID98,GRS80,99999,99999,31-DEC-99,31-DEC-99,Comment is null
196955,1969558501.00,5543889,133.498488,-29.023570,187.880,188.962,1.082,9792099.47,187.880,188.962,0.02,2.67,198.54,-15.68,195.19,-15.05,100.000,5.000,5.060,0.06,2.00,5.000,5.060,0.5,1,1,5,5,1,3,5,5,1,3,99999,I,TR,GDA94,MSL,GRS80,B,DEG,m,m,m,um,m,m,um,m,m,m,m,um,m,m,um,99999,99999,ELN,W98,99999,ELN,DFA,AUSGEOID98,GRS80,99999,99999,31-DEC-99,31-DEC-99,Comment is null
196953,1969533522.00,5408344,138.002495,-30.445132,76.690,84.858,8.168,9793250.68,76.690,84.858,0.35,2.67,-77.16,-173.39,-102.43,-188.25,100.000,5.000,5.060,0.06,2.00,5.000,5.060,0.5,1,0,5,5,1,3,5,5,1,3,69E3,?,TR,GDA94,MSL,GRS80,B,DEG,m,m,m,um,m,m,um,m,m,m,m,um,m,m,um,99999,99999,ELN,W98,99999,ELN,DFA,AUSGEOID98,GRS80,99999,99999,31-DEC-99,31-DEC-99,Comment is null
196953,1969533926.00,5673103,138.045901,-30.965834,30.140,37.625,7.485,9793830.99,30.140,37.625,0.61,2.67,-55.54,-98.21,-78.75,-112.47,100.000,5.000,5.060,0.06,2.00,5.000,5.060,0.5,1,0,5,5,1,3,5,5,1,3,69E3,?,TR,GDA94,MSL,GRS80,B,DEG,m,m,m,um,m,m,um,m,m,m,m,um,m,m,um,99999,99999,ELN,W98,99999,ELN,DFA,AUSGEOID98,GRS80,99999,99999,31-DEC-99,31-DEC-99,Comment is null
196953,1969534703.00,4642529,138.004085,-29.651329,55.960,65.133,9.173,9792706.40,55.960,65.133,0.18,2.67,-60.86,-134.73,-89.27,-151.89,100.000,5.000,5.060,0.06,2.00,5.000,5.060,0.5,1,1,5,5,1,3,5,5,1,3,69E3,?,TR,GDA94,MSL,GRS80,B,DEG,m,m,m,um,m,m,um,m,m,m,m,um,m,m,um,99999,99999,ELN,W98,99999,ELN,DFA,AUSGEOID98,GRS80,99999,99999,31-DEC-99,31-DEC-99,Comment is null
196953,1969534704.00,4642530,138.006784,-29.595729,55.500,64.836,9.336,9792758.22,55.500,64.836,0.15,2.67,33.20,-40.33,4.29,-57.82,100.000,5.000,5.060,0.06,2.00,5.000,5.060,0.5,1,1,5,5,1,3,5,5,1,3,69E3,?,TR,GDA94,MSL,GRS80,B,DEG,m,m,m,um,m,m,um,m,m,m,m,um,m,m,um,99999,99999,ELN,W98,99999,ELN,DFA,AUSGEOID98,GRS80,99999,99999,31-DEC-99,31-DEC-99,Comment is null
196953,1969534705.00,5908267,138.009583,-29.537328,28.770,38.277,9.507,9792825.86,28.770,38.277,0.13,2.67,64.15,20.74,34.69,2.50,100.000,5.000,5.060,0.06,2.00,5.000,5.060,0.5,1,1,5,5,1,3,5,5,1,3,69E3,?,TR,GDA94,MSL,GRS80,B,DEG,m,m,m,um,m,m,um,m,m,m,m,um,m,m,um,99999,99999,ELN,W98,99999,ELN,DFA,AUSGEOID98,GRS80,99999,99999,31-DEC-99,31-DEC-99,Comment is null
196953,1969534706.00,5765305,138.006782,-29.476328,22.430,32.069,9.639,9792829.06,22.430,32.069,0.08,2.67,95.43,59.05,65.55,40.45,100.000,5.000,5.060,0.06,2.00,5.000,5.060,0.5,1,1,5,5,1,3,5,5,1,3,69E3,?,TR,GDA94,MSL,GRS80,B,DEG,m,m,m,um,m,m,um,m,m,m,m,um,m,m,um,99999,99999,ELN,W98,99999,ELN,DFA,AUSGEOID98,GRS80,99999,99999,31-DEC-99,31-DEC-99,Comment is null
196953,1969534712.00,5809391,138.006785,-29.715229,81.290,90.307,9.017,9792674.18,81.290,90.307,0.28,2.67,-65.06,-167.47,-92.96,-183.93,100.000,5.000,5.060,0.06,2.00,5.000,5.060,0.5,1,1,5,5,1,3,5,5,1,3,69E3,?,TR,GDA94,MSL,GRS80,B,DEG,m,m,m,um,m,m,um,m,m,m,m,um,m,m,um,99999,99999,ELN,W98,99999,ELN,DFA,AUSGEOID98,GRS80,99999,99999,31-DEC-99,31-DEC-99,Comment is null
196953,1969534714.00,4642535,138.012486,-29.779029,111.010,119.907,8.897,9792579.03,111.010,119.907,0.54,2.67,-118.52,-254.49,-146.03,-270.25,100.000,5.000,5.060,0.06,2.00,5.000,5.060,0.5,1,1,5,5,1,3,5,5,1,3,69E3,?,TR,GDA94,MSL,GRS80,B,DEG,m,m,m,um,m,m,um,m,m,m,m,um,m,m,um,99999,99999,ELN,W98,99999,ELN,DFA,AUSGEOID98,GRS80,99999,99999,31-DEC-99,31-DEC-99,Comment is null
196953,1969534715.00,5973656,138.012487,-29.823530,121.310,130.131,8.821,9792561.72,121.310,130.131,0.95,2.67,-138.95,-286.50,-166.21,-301.96,100.000,5.000,5.060,0.06,2.00,5.000,5.060,0.5,1,1,5,5,1,3,5,5,1,3,69E3,?,TR,GDA94,MSL,GRS80,B,DEG,m,m,m,um,m,m,um,m,m,m,m,um,m,m,um,99999,99999,ELN,W98,99999,ELN,DFA,AUSGEOID98,GRS80,99999,99999,31-DEC-99,31-DEC-99,Comment is null
196953,1969534718.00,5409480,138.009587,-29.876330,159.350,168.077,8.727,9792505.09,159.350,168.077,1.01,2.67,-119.67,-310.23,-146.61,-324.93,100.000,5.000,5.060,0.06,2.00,5.000,5.060,0.5,1,1,5,5,1,3,5,5,1,3,69E3,?,TR,GDA94,MSL,GRS80,B,DEG,m,m,m,um,m,m,um,m,m,m,m,um,m,m,um,99999,99999,ELN,W98,99999,ELN,DFA,AUSGEOID98,GRS80,99999,99999,31-DEC-99,31-DEC-99,Comment is null
196953,1969534719.00,5924047,138.006788,-29.943030,179.500,188.119,8.619,9792530.80,179.500,188.119,1.31,2.67,-84.19,-297.46,-110.79,-311.65,100.000,5.000,5.060,0.06,2.00,5.000,5.060,0.5,1,1,5,5,1,3,5,5,1,3,69E3,?,TR,GDA94,MSL,GRS80,B,DEG,m,m,m,um,m,m,um,m,m,m,m,um,m,m,um,99999,99999,ELN,W98,99999,ELN,DFA,AUSGEOID98,GRS80,99999,99999,31-DEC-99,31-DEC-99,Comment is null
196953,1969534803.00,5408507,138.026278,-29.165227,17.220,27.413,10.193,9792591.33,17.220,27.413,0.04,2.67,83.23,52.14,51.63,32.36,100.000,5.000,5.060,0.06,2.00,5.000,5.060,0.5,1,1,5,5,1,3,5,5,1,3,69E3,?,TR,GDA94,MSL,GRS80,B,DEG,m,m,m,um,m,m,um,m,m,m,m,um,m,m,um,99999,99999,ELN,W98,99999,ELN,DFA,AUSGEOID98,GRS80,99999,99999,31-DEC-99,31-DEC-99,Comment is null
196953,1969534807.00,4642543,138.004077,-29.059727,-7.150,3.114,10.264,9792566.82,-7.150,3.114,0.07,2.67,64.73,61.20,32.89,40.89,100.000,5.000,5.060,0.06,2.00,5.000,5.060,0.5,1,1,5,5,1,3,5,5,1,3,69E3,?,TR,GDA94,MSL,GRS80,B,DEG,m,m,m,um,m,m,um,m,m,m,m,um,m,m,um,99999,99999,ELN,W98,99999,ELN,DFA,AUSGEOID98,GRS80,99999,99999,31-DEC-99,31-DEC-99,Comment is null
196953,1969534816.00,4642550,138.015079,-29.245727,23.200,33.268,10.068,9792632.76,23.200,33.268,0.04,2.67,80.80,43.06,49.59,23.63,100.000,5.000,5.060,0.06,2.00,5.000,5.060,0.5,1,1,5,5,1,3,5,5,1,3,69E3,?,TR,GDA94,MSL,GRS80,B,DEG,m,m,m,um,m,m,um,m,m,m,m,um,m,m,um,99999,99999,ELN,W98,99999,ELN,DFA,AUSGEOID98,GRS80,99999,99999,31-DEC-99,31-DEC-99,Comment is null
196953,1969534817.00,5263258,138.004080,-29.284728,27.460,37.449,9.989,9792682.48,27.460,37.449,0.05,2.67,113.39,70.91,82.43,51.70,100.000,5.000,5.060,0.06,2.00,5.000,5.060,0.5,1,1,5,5,1,3,5,5,1,3,69E3,?,TR,GDA94,MSL,GRS80,B,DEG,m,m,m,um,m,m,um,m,m,m,m,um,m,m,um,99999,99999,ELN,W98,99999,ELN,DFA,AUSGEOID98,GRS80,99999,99999,31-DEC-99,31-DEC-99,Comment is null
196953,1969534820.00,5981402,138.009581,-29.356828,16.430,26.322,9.892,9792766.53,16.430,26.322,0.07,2.67,107.50,77.64,76.83,58.45,100.000,5.000,5.060,0.06,2.00,5.000,5.060,0.5,1,1,5,5,1,3,5,5,1,3,69E3,?,TR,GDA94,MSL,GRS80,B,DEG,m,m,m,um,m,m,um,m,m,m,m,um,m,m,um,99999,99999,ELN,W98,99999,ELN,DFA,AUSGEOID98,GRS80,99999,99999,31-DEC-99,31-DEC-99,Comment is null
196953,1969534821.00,4642551,138.012481,-29.406828,22.040,31.851,9.811,9792790.54,22.040,31.851,0.07,2.67,109.96,73.84,79.55,54.89,100.000,5.000,5.060,0.06,2.00,5.000,5.060,0.5,1,1,5,5,1,3,5,5,1,3,69E3,?,TR,GDA94,MSL,GRS80,B,DEG,m,m,m,um,m,m,um,m,m,m,m,um,m,m,um,99999,99999,ELN,W98,99999,ELN,DFA,AUSGEOID98,GRS80,99999,99999,31-DEC-99,31-DEC-99,Comment is null
